pair,label,interface,mode,sign,atom_id,element,response_group,DFT_fx_eV_A,DFT_fy_eV_A,DFT_fz_eV_A,V16_fx_eV_A,V16_fy_eV_A,V16_fz_eV_A,V16_minus_DFT_fx_eV_A,V16_minus_DFT_fy_eV_A,V16_minus_DFT_fz_eV_A,DFT_delta_force_from_parent_norm_eV_A,V16_delta_force_from_parent_norm_eV_A,V16_DFT_force_error_norm_eV_A
AgC_framework_neighbor,AgC_framework_neighbor_p_acq_v17_01,AgC,framework_neighbor,plus,113766,Ti,framework_outside_shell,-0.72505904,-0.04839807,-1.97901445,-0.7166811072103344,-0.046721911808646446,-1.9909983566410379,0.008377932789665588,0.001676158191353555,-0.011983906641037878,0.0007345699025280037,0.0004508501891863316,0.014717787961908787
AgC_framework_neighbor,AgC_framework_neighbor_p_acq_v17_01,AgC,framework_neighbor,plus,600768,Ti,framework_outside_shell,-1.3540277,-0.6639495,1.82187621,-1.3588060152324217,-0.6550626917271203,1.8186361127837145,-0.0047783152324216704,0.008886808272879687,-0.003240097216285598,0.00044905587558807146,0.002351085231054681,0.010597447226115235
AgC_framework_neighbor,AgC_framework_neighbor_p_acq_v17_01,AgC,framework_neighbor,plus,602398,Ti,framework_outside_shell,-1.16991156,-1.42398084,1.86191815,-1.2048561477650317,-1.4078022136033967,1.9061677177625107,-0.03494458776503162,0.01617862639660328,0.044249567762510766,0.005195303341653761,0.0025720694523969235,0.05865915455679444
AgC_framework_neighbor,AgC_framework_neighbor_p_acq_v17_01,AgC,framework_neighbor,plus,602560,Ti,framework_outside_shell,0.91249117,1.33172608,-1.11526263,0.8769913048294569,1.3285396546696562,-1.119939187455095,-0.035499865170543154,-0.003186425330343745,-0.004676557455095098,0.010060288522785938,0.002328353895494163,0.03594807259288604
AgC_framework_neighbor,AgC_framework_neighbor_p_acq_v17_01,AgC,framework_neighbor,plus,602563,C,framework_outside_shell,0.25650874,-0.5777503,0.74072292,0.3046968049297459,-0.5414235941594033,0.7257606214973448,0.048188064929745866,0.03632670584059672,-0.01496229850265518,0.00330283548554871,0.0025806117664305952,0.06217386537272075
AgC_framework_neighbor,AgC_framework_neighbor_p_acq_v17_01,AgC,framework_neighbor,plus,602564,C,framework_neighbor_shell_nonAg_within_3p5A,5.06311645,-2.52187762,-0.17229909,5.063846244939393,-2.508227209118406,-0.1926166424470316,0.0007297949393931802,0.013650410881594244,-0.020317552447031623,0.04408382933252708,0.04214108409410496,0.02448814519982661
AgC_framework_neighbor,AgC_framework_neighbor_p_acq_v17_01,AgC,framework_neighbor,plus,602568,C,framework_outside_shell,0.53429671,0.98469898,1.63591063,0.5384132566634886,0.9401260957126343,1.62814241881871,0.004116546663488596,-0.04457288428736572,-0.007768211181290008,0.002500952198403485,0.004287258158075945,0.045431630777297574
AgC_framework_neighbor,AgC_framework_neighbor_p_acq_v17_01,AgC,framework_neighbor,plus,602569,Ti,framework_outside_shell,-0.67001258,0.8020544,0.35133041,-0.6745245958208052,0.8555097881365448,0.3389331987442939,-0.004512015820805182,0.053455388136544824,-0.012397211255706087,0.009949568504156361,0.003030986801757877,0.05505931033453342
AgC_framework_neighbor,AgC_framework_neighbor_p_acq_v17_01,AgC,framework_neighbor,plus,602577,C,framework_outside_shell,-1.66833184,-4.40759577,-2.03704887,-1.6597245166858374,-4.4105847372574924,-2.035259425611026,0.008607323314162585,-0.0029889672574920922,0.001789444388974104,0.0038070357004369964,0.0018681491405698966,0.009285582971581132
AgC_framework_neighbor,AgC_framework_neighbor_p_acq_v17_01,AgC,framework_neighbor,plus,602709,Ti,framework_neighbor_shell_nonAg_within_3p5A,-0.43989643,0.13270068,-0.10768627,-0.39768498565647037,0.1056868657008335,-0.15443689192939886,0.042211444343529636,-0.027013814299166494,-0.046750621929398856,0.01620680567269194,0.01911363952501284,0.06853592377244463
AgC_framework_neighbor,AgC_framework_neighbor_p_acq_v17_01,AgC,framework_neighbor,plus,602714,Ti,framework_outside_shell,-0.79361029,1.78065925,-1.41107253,-0.7983597894762668,1.7878679169050424,-1.4016225762661674,-0.004749499476266794,0.007208666905042405,0.009449953733832617,0.008895496809453724,0.010844922788213899,0.01279938472718471
AgC_framework_neighbor,AgC_framework_neighbor_p_acq_v17_01,AgC,framework_neighbor,plus,602717,Si,framework_outside_shell,-0.58120725,-0.03412154,0.12859799,-0.587675329568835,-0.038263110382447396,0.13300773859543968,-0.006468079568834995,-0.004141570382447397,0.004409748595439689,0.006433323909869581,0.0048793410477830715,0.008856327750062577
AgC_framework_neighbor,AgC_framework_neighbor_p_acq_v17_01,AgC,framework_neighbor,plus,602720,Ti,framework_outside_shell,-1.59320092,0.73780985,-1.11824837,-1.6014365559620825,0.7387264152206654,-1.1218003496186035,-0.008235635962082544,0.0009165652206654107,-0.003551979618603429,0.0035162878403368655,0.0022907710834588328,0.009015672504847038
AgC_framework_neighbor,AgC_framework_neighbor_p_acq_v17_01,AgC,framework_neighbor,plus,602722,Si,framework_outside_shell,1.04745869,0.55021398,-0.04122362,1.0345277308446943,0.5617830767071863,-0.0043286255848098976,-0.012930959155305732,0.01156909670718631,0.036894994415190105,0.003989877807815691,0.003087872623918585,0.040771243741064896
AgC_framework_neighbor,AgC_framework_neighbor_p_acq_v17_01,AgC,framework_neighbor,plus,602726,Si,framework_outside_shell,-0.01358771,0.35052075,-1.43164189,-0.009628377432848015,0.34350631663501124,-1.4482697278480208,0.0039593325671519845,-0.007014433364988748,-0.016627837848020688,0.0019163625917346595,0.003122164127054782,0.018476027205794186
AgC_framework_neighbor,AgC_framework_neighbor_p_acq_v17_01,AgC,framework_neighbor,plus,602728,Si,framework_outside_shell,-0.55020856,-1.74321199,0.84733166,-0.5601984284441404,-1.756641754357061,0.832872891523819,-0.009989868444140404,-0.013429764357060892,-0.014458768476180994,0.0013605312745394393,0.0006376297327297096,0.022118137988203723
AgC_framework_neighbor,AgC_framework_neighbor_p_acq_v17_01,AgC,framework_neighbor,plus,604584,Ti,framework_outside_shell,1.25073236,-3.26067959,-1.40071743,1.211770543923881,-3.1989344138254396,-1.3750494357201961,-0.03896181607611893,0.061745176174560434,0.02566799427980393,0.009811688452524427,0.005024401053079362,0.07739079934413956
AgC_framework_neighbor,AgC_framework_neighbor_p_acq_v17_01,AgC,framework_neighbor,plus,604585,C,framework_outside_shell,1.13602275,0.34035394,0.71124352,1.125511983740138,0.37040532668087,0.7524191588291422,-0.010510766259862026,0.030051386680869985,0.041175638829142214,0.007799996649832623,0.0039148450048594905,0.05204800939325718
AgC_framework_neighbor,AgC_framework_neighbor_p_acq_v17_01,AgC,framework_neighbor,plus,604586,Ti,framework_outside_shell,1.03581445,-1.94025093,0.04690467,1.0225497509844628,-1.9202423487288907,0.03290468104449851,-0.013264699015537174,0.02000858127110927,-0.013999988955501495,0.005881170750335484,0.0036873884046083136,0.02779020070473658
AgC_framework_neighbor,AgC_framework_neighbor_p_acq_v17_01,AgC,framework_neighbor,plus,604587,C,framework_outside_shell,-3.57747752,-3.16094646,1.41845981,-3.5732127767806885,-3.1633436872708156,1.4157950848178815,0.004264743219311473,-0.002397227270815705,-0.002664725182118577,0.030946669896636764,0.021134829258987384,0.005570950871334497
AgC_framework_neighbor,AgC_framework_neighbor_p_acq_v17_01,AgC,framework_neighbor,plus,604588,Ti,framework_outside_shell,-3.47075339,0.73019086,-0.5529328,-3.458100720265609,0.7174621664937977,-0.5361794894482694,0.012652669734391164,-0.012728693506202315,0.01675331055173057,0.011275208169457622,0.008689221217004463,0.024551641579029743
AgC_framework_neighbor,AgC_framework_neighbor_p_acq_v17_01,AgC,framework_neighbor,plus,604589,Ti,framework_neighbor_shell_nonAg_within_3p5A,-0.70630101,3.57651995,0.50187183,-0.7117894600350873,3.6760280550918725,0.4611955079110417,-0.0054884500350872445,0.09950810509187269,-0.04067632208895833,0.24240950324677144,0.2352089667055647,0.10764083445164993
AgC_framework_neighbor,AgC_framework_neighbor_p_acq_v17_01,AgC,framework_neighbor,plus,604590,Ti,framework_neighbor_shell_nonAg_within_3p5A,3.94476532,4.77138173,-0.70552343,3.906516754538706,4.739479675247419,-0.6547684417469541,-0.03824856546129407,-0.03190205475258079,0.05075498825304581,0.012921586050350039,0.015641377931569785,0.07111091821830441
AgC_framework_neighbor,AgC_framework_neighbor_p_acq_v17_01,AgC,framework_neighbor,plus,604592,C,framework_neighbor_shell_nonAg_within_3p5A,-2.31741467,-2.32501556,3.01488164,-2.3218200858901645,-2.334967796280998,3.014673572118425,-0.004405415890164743,-0.009952236280997617,-0.0002080678815752357,0.045386332598949926,0.03357432174459461,0.010885678132365687
AgC_framework_neighbor,AgC_framework_neighbor_p_acq_v17_01,AgC,framework_neighbor,plus,604593,Si,framework_outside_shell,0.25822053,-0.16368946,1.36751249,0.24615592965805302,-0.19684467972163736,1.3441869962362212,-0.01206460034194698,-0.03315521972163735,-0.023325493763778793,0.003838891998298446,0.0033180069121720823,0.042295411518568304
AgC_framework_neighbor,AgC_framework_neighbor_p_acq_v17_01,AgC,framework_neighbor,plus,604594,Si,framework_outside_shell,0.33624145,0.98546997,-0.51482999,0.3596753585334209,1.0114869516599025,-0.5359214368693608,0.023433908533420922,0.026016981659902516,-0.02109144686936082,0.015520348849227,0.013925772390971168,0.040876405601367544
AgC_framework_neighbor,AgC_framework_neighbor_p_acq_v17_01,AgC,framework_neighbor,plus,604596,C,framework_outside_shell,1.10993617,0.5427197,-2.58814849,1.124299072811818,0.5800792945309886,-2.657759951747122,0.014362902811817957,0.03735959453098858,-0.06961146174712196,0.005650627429993856,0.002835668119134678,0.08029811882773234
AgC_framework_neighbor,AgC_framework_neighbor_p_acq_v17_01,AgC,framework_neighbor,plus,604598,C,framework_outside_shell,-0.75983244,-0.57912483,1.14094004,-0.7615664702509417,-0.6135784376946034,1.1408616717645463,-0.0017340302509416539,-0.03445360769460337,-7.836823545370741e-05,0.009895702712531368,0.0011650598817217225,0.03449730548412646
AgC_framework_neighbor,AgC_framework_neighbor_p_acq_v17_01,AgC,framework_neighbor,plus,604599,Ti,framework_outside_shell,-0.63776684,2.52872069,-0.0990534,-0.6516048049611416,2.4788713303194143,-0.04032815108364629,-0.013837964961141647,-0.04984935968058579,0.05872524891635371,0.015075967539753708,0.009324093851268278,0.07826303594365541
AgC_framework_neighbor,AgC_framework_neighbor_p_acq_v17_01,AgC,framework_neighbor,plus,604600,Ti,framework_outside_shell,-3.01623084,3.6535901,-3.55217941,-2.9765661812205852,3.6049094109934776,-3.5687409898718734,0.03966465877941472,-0.04868068900652256,-0.016561579871873455,0.020619617973990305,0.0238092805002591,0.06494136252104364
AgC_framework_neighbor,AgC_framework_neighbor_p_acq_v17_01,AgC,framework_neighbor,plus,604601,Ti,framework_outside_shell,2.09981515,-0.89828684,0.2517554,2.1252269644558517,-0.8819836243284881,0.25348085395517916,0.025411814455851722,0.01630321567151194,0.001725453955179146,0.007146448960329842,0.000810014074028464,0.030241235863005176
AgC_framework_neighbor,AgC_framework_neighbor_p_acq_v17_01,AgC,framework_neighbor,plus,604602,C,framework_neighbor_shell_nonAg_within_3p5A,0.04302,0.28134345,0.21033559,0.03597315846835025,0.26462605982019327,0.14391600923990006,-0.00704684153164975,-0.016717390179806724,-0.06641958076009993,0.08671210794141612,0.07205565762117143,0.06885266747442338
AgC_framework_neighbor,AgC_framework_neighbor_p_acq_v17_01,AgC,framework_neighbor,plus,604603,C,framework_outside_shell,-1.14682338,1.39590959,0.69039262,-1.1770488757426656,1.3362203597916822,0.7178309805399989,-0.03022549574266553,-0.059689230208317845,0.02743836053999893,0.0046394501165978935,0.0055021342510996,0.07231354247217063
AgC_framework_neighbor,AgC_framework_neighbor_p_acq_v17_01,AgC,framework_neighbor,plus,604605,Si,framework_outside_shell,-1.17204605,-0.16734321,1.56002748,-1.1716943669436874,-0.15973669285421163,1.5663279826419387,0.00035168305631261276,0.007606517145788361,0.00630050264193871,0.005766623151437838,0.003962275772660307,0.009883274639629638
AgC_framework_neighbor,AgC_framework_neighbor_p_acq_v17_01,AgC,framework_neighbor,plus,604608,Ti,framework_outside_shell,1.81761875,-1.43486389,0.27679662,1.832700389630766,-1.3895058899755983,0.2775247556255667,0.01508163963076603,0.0453580000244016,0.0007281356255667282,0.003248339035799694,0.0015537003876790138,0.047805169193876174
AgC_framework_neighbor,AgC_framework_neighbor_p_acq_v17_01,AgC,framework_neighbor,plus,604611,Ti,framework_outside_shell,0.6617702,-1.08360961,1.05270086,0.6824846236940684,-1.079794799321503,1.0366229940283371,0.020714423694068396,0.0038148106784969826,-0.01607786597166294,0.004687640445949376,0.001053672130288426,0.026497884890928823
AgC_framework_neighbor,AgC_framework_neighbor_p_acq_v17_01,AgC,framework_neighbor,plus,604794,Ti,framework_outside_shell,0.47561046,1.12479794,-0.89278246,0.46326627166203216,1.1209640361210995,-0.8888046154209212,-0.012344188337967854,-0.003833903878900591,0.003977844579078904,0.02420789400037526,0.012214058210118369,0.013524091546983035
AgC_framework_neighbor,AgC_framework_neighbor_p_acq_v17_01,AgC,framework_neighbor,plus,604795,Ti,framework_outside_shell,1.54654525,2.73950762,-1.06421378,1.5535813624427308,2.7171346282948052,-1.0529102261914989,0.007036112442730724,-0.02237299170519469,0.011303553808501121,0.010854509017776811,0.008622799261474252,0.026035129437917928
AgC_framework_neighbor,AgC_framework_neighbor_p_acq_v17_01,AgC,framework_neighbor,plus,604796,Ti,framework_neighbor_shell_nonAg_within_3p5A,-0.29783156,0.34629905,0.45863095,-0.29293655801959195,0.29781393491507324,0.45117597375292007,0.0048950019804080425,-0.048485115084926755,-0.007454976247079914,0.08644320952237487,0.08112152016370715,0.04929852026208612
AgC_framework_neighbor,AgC_framework_neighbor_p_acq_v17_01,AgC,framework_neighbor,plus,604803,Si,framework_outside_shell,0.27493819,0.93608,-0.47605052,0.2662304715565485,0.93031219760411,-0.46746557455781135,-0.008707718443451529,-0.0057678023958900315,0.00858494544218863,0.01837642182813072,0.013723437003875459,0.013520103298932891
AgC_framework_neighbor,AgC_framework_neighbor_p_acq_v17_01,AgC,framework_neighbor,plus,604804,C,moved_atoms,-0.19251712,0.48145155,1.15570606,-0.22201703191967095,0.45905324650576423,1.192398091829441,-0.02949991191967094,-0.02239830349423577,0.03669203182944103,0.3645759444570798,0.3645868318704331,0.052136685764065896
AgC_framework_neighbor,AgC_framework_neighbor_p_acq_v17_01,AgC,framework_neighbor,plus,604805,Ti,framework_outside_shell,0.26133942,1.62515679,-1.17582924,0.24394274300988733,1.6427414549998756,-1.1832151562787092,-0.01739667699011266,0.017584664999875654,-0.007385916278709104,0.005593361035522462,0.008997225505413903,0.025815045472209946
AgC_framework_neighbor,AgC_framework_neighbor_p_acq_v17_01,AgC,framework_neighbor,plus,604806,Ti,framework_outside_shell,1.10458225,0.3048817,-1.78302548,1.1463389943657982,0.3150140623916796,-1.8227968735521072,0.04175674436579824,0.010132362391679639,-0.039771393552107126,0.025691582318677773,0.015516496048351381,0.0585495876393979
AgC_framework_neighbor,AgC_framework_neighbor_p_acq_v17_01,AgC,framework_neighbor,plus,604810,C,framework_neighbor_shell_nonAg_within_3p5A,-1.37667652,-1.28711603,0.11393332,-1.4083109619867327,-1.2806092991190796,0.18079550294513286,-0.03163444198673271,0.006506730880920353,0.06686218294513285,0.02947187651740216,0.004659478437519309,0.07425380107952113
AgC_framework_neighbor,AgC_framework_neighbor_p_acq_v17_01,AgC,framework_neighbor,plus,604813,Si,framework_outside_shell,0.69440491,-1.68845446,0.19689063,0.7088470339919788,-1.6941977294214416,0.19082749152351647,0.01444212399197875,-0.005743269421441655,-0.006063138476483543,0.0034678288320214713,0.0038386147249418207,0.01668297746902423
AgC_framework_neighbor,AgC_framework_neighbor_p_acq_v17_01,AgC,framework_neighbor,plus,606503,Si,framework_outside_shell,0.53353497,-0.83753019,-1.04018307,0.5408352346671502,-0.8414953958859344,-1.0379790372912507,0.007300264667150169,-0.003965205885934409,0.0022040327087493594,0.0016545635321437758,0.0008469387309061883,0.008595026591554391
AgC_framework_neighbor,AgC_framework_neighbor_p_acq_v17_01,AgC,framework_neighbor,plus,688433,Ag,marked_pair_other_member,0.28426012,-1.67853494,3.62576696,0.27681523986905454,-1.7049496046413515,3.6301381748432258,-0.007444880130945464,-0.02641466464135145,0.004371214843225779,0.12131796294159934,0.11598318742166674,0.02778971513860562
AgC_framework_neighbor,AgC_framework_neighbor_p_acq_v17_01,AgC,framework_neighbor,plus,751743,Ag,other_Ag,1.56758757,-1.10552979,0.08314123,1.6050469190601633,-1.0994366996656346,0.10459497980816526,0.03745934906016335,0.0060930903343654474,0.021453749808165265,0.005439778900414948,0.005007316394839264,0.0435957791840592
AgC_framework_neighbor,AgC_framework_neighbor_m_acq_v17_01,AgC,framework_neighbor,minus,113766,Ti,framework_outside_shell,-0.72439121,-0.04727592,-1.97843373,-0.7163911210083518,-0.04595579459104625,-1.9898845989527167,0.008000088991648169,0.0013201254089537512,-0.011450868952716853,0.0007128456648532618,0.0009400716518650174,0.014030914251820879
AgC_framework_neighbor,AgC_framework_neighbor_m_acq_v17_01,AgC,framework_neighbor,minus,600768,Ti,framework_outside_shell,-1.35349539,-0.66338384,1.82147703,-1.3620185446008994,-0.6572155609761343,1.8214712659639138,-0.008523154600899474,0.00616827902386563,-5.76403608620879e-06,0.00046564753741425716,0.0024443559991590372,0.010521020087957566
AgC_framework_neighbor,AgC_framework_neighbor_m_acq_v17_01,AgC,framework_neighbor,minus,602398,Ti,framework_outside_shell,-1.18044232,-1.42621043,1.86444448,-1.2066516517816817,-1.4107981724623557,1.909716945707557,-0.02620933178168161,0.015412257537644303,0.04527246570755694,0.005867063749236181,0.0024078159580353327,0.05453496957082546
AgC_framework_neighbor,AgC_framework_neighbor_m_acq_v17_01,AgC,framework_neighbor,minus,602560,Ti,framework_outside_shell,0.91410182,1.31469482,-1.10537649,0.8819026093348333,1.3291083813782154,-1.121790057945188,-0.03219921066516662,0.014413561378215478,-0.016413567945188,0.009753695166048607,0.0029551104144031294,0.038909447846951876
AgC_framework_neighbor,AgC_framework_neighbor_m_acq_v17_01,AgC,framework_neighbor,minus,602563,C,framework_outside_shell,0.26189866,-0.58132828,0.7419196,0.3050552174347252,-0.5465515717920318,0.7256025963432332,0.043156557434725185,0.03477670820796819,-0.016317003656766804,0.0032800176990071543,0.002571323983937976,0.05777674698123664
AgC_framework_neighbor,AgC_framework_neighbor_m_acq_v17_01,AgC,framework_neighbor,minus,602564,C,framework_neighbor_shell_nonAg_within_3p5A,5.12903537,-2.58263433,-0.17509754,5.135770775687144,-2.551029881755201,-0.18021780856141906,0.00673540568714337,0.0316044482447988,-0.005120268561419061,0.045613100032502116,0.04247132192209748,0.03271733468315574
AgC_framework_neighbor,AgC_framework_neighbor_m_acq_v17_01,AgC,framework_neighbor,minus,602568,C,framework_outside_shell,0.53325209,0.98099726,1.6324103,0.5425633865802617,0.9436050609350756,1.6346138303755753,0.009311296580261752,-0.037392199064924414,0.002203530375575191,0.0027036383950891727,0.004155253549687775,0.03859705093699013
AgC_framework_neighbor,AgC_framework_neighbor_m_acq_v17_01,AgC,framework_neighbor,minus,602569,Ti,framework_outside_shell,-0.65800422,0.81667649,0.35809012,-0.6687032827650367,0.855911384549628,0.33914030171321013,-0.010699062765036627,0.03923489454962803,-0.018949818286789877,0.010146779852273313,0.0028149266799005657,0.044865827836706416
AgC_framework_neighbor,AgC_framework_neighbor_m_acq_v17_01,AgC,framework_neighbor,minus,602577,C,framework_outside_shell,-1.67008507,-4.40558134,-2.04401764,-1.657846152715011,-4.407144218278425,-2.0352322213002485,0.012238917284989048,-0.0015628782784249395,0.008785418699751357,0.0036696871024512784,0.002058209647768567,0.01514652655072829
AgC_framework_neighbor,AgC_framework_neighbor_m_acq_v17_01,AgC,framework_neighbor,minus,602709,Ti,framework_neighbor_shell_nonAg_within_3p5A,-0.40787815,0.13230041,-0.1005369,-0.3586570024793122,0.10088683858623992,-0.1492216609330696,0.04922114752068779,-0.03141357141376008,-0.0486847609330696,0.01661616892635004,0.020571515316017905,0.0760245998301264
AgC_framework_neighbor,AgC_framework_neighbor_m_acq_v17_01,AgC,framework_neighbor,minus,602714,Ti,framework_outside_shell,-0.80746808,1.78762257,-1.41951049,-0.8164426168317305,1.7803381166301748,-1.4109866741623813,-0.00897453683173044,-0.0072844533698250835,0.008523815837618631,0.008766189601423035,0.010866780297827991,0.014361789884094547
AgC_framework_neighbor,AgC_framework_neighbor_m_acq_v17_01,AgC,framework_neighbor,minus,602717,Si,framework_outside_shell,-0.57220762,-0.03306522,0.13765448,-0.5826671951387741,-0.03197862045806238,0.1389343723800207,-0.010459575138774047,0.0010865995419376204,0.001279892380020714,0.006378645474683454,0.005108388558084635,0.010593466625832841
AgC_framework_neighbor,AgC_framework_neighbor_m_acq_v17_01,AgC,framework_neighbor,minus,602720,Ti,framework_outside_shell,-1.59987812,0.73665819,-1.11988749,-1.5976229084224198,0.7385487639050725,-1.1241348335011343,0.0022552115775802406,0.0018905739050725234,-0.004247343501134315,0.00345878126647234,0.0021845694470094988,0.00516722128100017
AgC_framework_neighbor,AgC_framework_neighbor_m_acq_v17_01,AgC,framework_neighbor,minus,602722,Si,framework_outside_shell,1.04111219,0.54569145,-0.04050386,1.028683351394565,0.5602529641720463,-0.0036846910867698313,-0.012428838605434978,0.01456151417204632,0.03681916891323017,0.0038408300378954766,0.002987860065912449,0.04149897496955354
AgC_framework_neighbor,AgC_framework_neighbor_m_acq_v17_01,AgC,framework_neighbor,minus,602726,Si,framework_outside_shell,-0.01596654,0.35321487,-1.43319996,-0.005612249453709153,0.3478190870870692,-1.44579979973193,0.010354290546290848,-0.005395782912930802,-0.012599839731930018,0.002009761196709711,0.0032680599199340524,0.017177944208513613
AgC_framework_neighbor,AgC_framework_neighbor_m_acq_v17_01,AgC,framework_neighbor,minus,602728,Si,framework_outside_shell,-0.55071512,-1.7441663,0.84996157,-0.5601506494283718,-1.7552619365323674,0.832661859955857,-0.00943552942837178,-0.011095636532367337,-0.017299710044143102,0.0014830906190115862,0.0007803554469666425,0.022614648643379368
AgC_framework_neighbor,AgC_framework_neighbor_m_acq_v17_01,AgC,framework_neighbor,minus,604584,Ti,framework_outside_shell,1.23405811,-3.24937159,-1.39492412,1.206095394659291,-3.204739601130409,-1.3798901165898156,-0.027962715340709154,0.044631988869590966,0.015034003410184349,0.0111656724889367,0.0045033784610182806,0.05477179144612907
AgC_framework_neighbor,AgC_framework_neighbor_m_acq_v17_01,AgC,framework_neighbor,minus,604585,C,framework_outside_shell,1.13626402,0.35568355,0.71472806,1.1281343167519173,0.36715745747960027,0.7460175039011048,-0.00812970324808271,0.011473907479600254,0.031289443901104774,0.007929178545763723,0.0037276894302373997,0.03430410948257797
AgC_framework_neighbor,AgC_framework_neighbor_m_acq_v17_01,AgC,framework_neighbor,minus,604586,Ti,framework_outside_shell,1.04321804,-1.9498523,0.04959907,1.0186471142554787,-1.9144012426688763,0.031862980514678285,-0.024570925744521244,0.03545105733112375,-0.017736089485321717,0.006569869636956255,0.0037886666025987036,0.04663771786943202
AgC_framework_neighbor,AgC_framework_neighbor_m_acq_v17_01,AgC,framework_neighbor,minus,604587,C,framework_outside_shell,-3.59726064,-3.16984174,1.35898661,-3.584437013970365,-3.173487844857884,1.3764746991929684,0.012823626029634827,-0.0036461048578839694,0.017488089192968292,0.03237031188177519,0.020996140711821713,0.02199028714691619
AgC_framework_neighbor,AgC_framework_neighbor_m_acq_v17_01,AgC,framework_neighbor,minus,604588,Ti,framework_outside_shell,-3.45905934,0.71287794,-0.54376963,-3.455470608362691,0.7300479953227547,-0.5241624057532761,0.003588731637309106,0.017170055322754618,0.019607224246723898,0.011544274826986544,0.008914730799236149,0.026308421412399394
AgC_framework_neighbor,AgC_framework_neighbor_m_acq_v17_01,AgC,framework_neighbor,minus,604589,Ti,framework_neighbor_shell_nonAg_within_3p5A,-0.50384333,3.30490724,0.1267651,-0.5563168098160186,3.3689162694014336,0.13082108024194622,-0.052473479816018576,0.06400902940143371,0.004055980241946228,0.26303631580413167,0.24204698707052635,0.08286780378795358
AgC_framework_neighbor,AgC_framework_neighbor_m_acq_v17_01,AgC,framework_neighbor,minus,604590,Ti,framework_neighbor_shell_nonAg_within_3p5A,3.92481536,4.78833494,-0.70811484,3.887819541014795,4.757596503775104,-0.6734753936287143,-0.0369958189852051,-0.03073843622489658,0.03463944637128569,0.013449689591987134,0.01646843998915402,0.05927422145289867
AgC_framework_neighbor,AgC_framework_neighbor_m_acq_v17_01,AgC,framework_neighbor,minus,604592,C,framework_neighbor_shell_nonAg_within_3p5A,-2.36960759,-2.39979588,3.0285564,-2.3503540501871796,-2.398966208693057,3.014830869121082,0.01925353981282063,0.0008296713069428918,-0.013725530878917702,0.046833933101606,0.03657512177238212,0.023659614276432248
AgC_framework_neighbor,AgC_framework_neighbor_m_acq_v17_01,AgC,framework_neighbor,minus,604593,Si,framework_outside_shell,0.25997628,-0.15811327,1.37237994,0.2404409855129055,-0.193442600428547,1.3446844284894284,-0.019535294487094512,-0.035329330428546996,-0.027695511510571702,0.0037883937051078477,0.0033535772234625253,0.048957437402903065
AgC_framework_neighbor,AgC_framework_neighbor_m_acq_v17_01,AgC,framework_neighbor,minus,604594,Si,framework_outside_shell,0.31682353,0.99053636,-0.5397054,0.3372984531605032,1.0173271106394977,-0.5506329892778882,0.0204749231605032,0.02679075063949765,-0.010927589277888172,0.01645811746251371,0.0134879085581904,0.035445437022026835
AgC_framework_neighbor,AgC_framework_neighbor_m_acq_v17_01,AgC,framework_neighbor,minus,604596,C,framework_outside_shell,1.11448434,0.54921677,-2.59803531,1.1279943188403578,0.5774596667928913,-2.66111165302781,0.013509978840357872,0.02824289679289127,-0.06307634302780984,0.007031724925521648,0.0028046281186739513,0.07041878866668157
AgC_framework_neighbor,AgC_framework_neighbor_m_acq_v17_01,AgC,framework_neighbor,minus,604598,C,framework_outside_shell,-0.76465263,-0.55892948,1.14478828,-0.762026033865682,-0.6110325719926815,1.141009475239494,0.0026265961343180377,-0.05210309199268148,-0.0037788047605060715,0.011264606078820506,0.0014346980198814887,0.05230593243475034
AgC_framework_neighbor,AgC_framework_neighbor_m_acq_v17_01,AgC,framework_neighbor,minus,604599,Ti,framework_outside_shell,-0.64123159,2.50150339,-0.08535509,-0.635011032973931,2.472196047155057,-0.034007764947388164,0.00622055702606894,-0.029307342844942852,0.05134732505261183,0.015811372454745936,0.009647121650008703,0.059448830639501876
AgC_framework_neighbor,AgC_framework_neighbor_m_acq_v17_01,AgC,framework_neighbor,minus,604600,Ti,framework_outside_shell,-3.03240959,3.61531473,-3.54068162,-2.99174861905075,3.575175476620611,-3.5355574859035883,0.04066097094924981,-0.04013925337938895,0.005124134096411659,0.022507673211600406,0.023288600470625424,0.05736489318937614
AgC_framework_neighbor,AgC_framework_neighbor_m_acq_v17_01,AgC,framework_neighbor,minus,604601,Ti,framework_outside_shell,2.10607242,-0.9027975,0.23949982,2.123506309683934,-0.8817376929132635,0.2534820021516905,0.017433889683934112,0.021059807086736493,0.013982182151690475,0.0073503651939410474,0.0009298053247013932,0.030707611463042718
AgC_framework_neighbor,AgC_framework_neighbor_m_acq_v17_01,AgC,framework_neighbor,minus,604602,C,framework_neighbor_shell_nonAg_within_3p5A,0.06826297,0.36436399,0.05717873,0.04746282192146578,0.3531223805187985,0.027736975674525877,-0.020800148078534225,-0.011241609481201509,-0.02944175432547412,0.08932944921488603,0.07444851875222669,0.037760254786989515
AgC_framework_neighbor,AgC_framework_neighbor_m_acq_v17_01,AgC,framework_neighbor,minus,604603,C,framework_outside_shell,-1.15576536,1.39924366,0.68857723,-1.182968957221775,1.3451155493663438,0.7175073236681674,-0.02720359722177501,-0.05412811063365619,0.028930093668167345,0.005076063373619238,0.005188685661131546,0.06713299026725106
AgC_framework_neighbor,AgC_framework_neighbor_m_acq_v17_01,AgC,framework_neighbor,minus,604605,Si,framework_outside_shell,-1.17142123,-0.15801584,1.56779371,-1.1788570716894593,-0.1561598543037133,1.565802785867747,-0.0074358416894593216,0.0018559856962866994,-0.0019909241322528803,0.006401205846002786,0.004061095745858219,0.007918346003800855
AgC_framework_neighbor,AgC_framework_neighbor_m_acq_v17_01,AgC,framework_neighbor,minus,604608,Ti,framework_outside_shell,1.82105731,-1.43311588,0.28153324,1.8349164821527844,-1.3908494096341035,0.2763636378346062,0.013859172152784316,0.04226647036589637,-0.005169602165393805,0.002883738510094144,0.0013030756351681133,0.0447800843735265
AgC_framework_neighbor,AgC_framework_neighbor_m_acq_v17_01,AgC,framework_neighbor,minus,604611,Ti,framework_outside_shell,0.66840611,-1.08980311,1.05407221,0.6806771740890619,-1.079494645558981,1.0373870721397285,0.012271064089061867,0.010308464441019183,-0.01668513786027148,0.004527209694734819,0.0009345469919402282,0.023135195664309507
AgC_framework_neighbor,AgC_framework_neighbor_m_acq_v17_01,AgC,framework_neighbor,minus,604794,Ti,framework_outside_shell,0.47468928,1.10520527,-0.84701326,0.4656332768189764,1.1066238125254149,-0.8688011569175612,-0.009056003181023564,0.0014185425254149564,-0.021787896917561222,0.02558717810432605,0.01251336673534216,0.023637595237278125
AgC_framework_neighbor,AgC_framework_neighbor_m_acq_v17_01,AgC,framework_neighbor,minus,604795,Ti,framework_outside_shell,1.55742215,2.72812508,-1.07999618,1.5633142500935964,2.7071816127030672,-1.0637160798838856,0.005892100093596309,-0.02094346729693264,0.01628010011611436,0.011441242155719004,0.009130744463233358,0.02717328330771516
AgC_framework_neighbor,AgC_framework_neighbor_m_acq_v17_01,AgC,framework_neighbor,minus,604796,Ti,framework_neighbor_shell_nonAg_within_3p5A,-0.42380169,0.20442654,0.52979577,-0.3991913627618518,0.18738874443947334,0.5570104853195662,0.02461032723814821,-0.017037795560526647,0.027214715319566207,0.11621270321770251,0.10519451840866666,0.04045485649778124
AgC_framework_neighbor,AgC_framework_neighbor_m_acq_v17_01,AgC,framework_neighbor,minus,604803,Si,framework_outside_shell,0.24695315,0.95098215,-0.45723115,0.2552628903682183,0.9558682661449034,-0.4651755239451648,0.008309740368218299,0.0048861161449034185,-0.00794437394516484,0.018499556696294116,0.014196878398706628,0.012491556882522554
AgC_framework_neighbor,AgC_framework_neighbor_m_acq_v17_01,AgC,framework_neighbor,minus,604804,C,moved_atoms,-0.1699075,1.11606791,1.53646103,-0.20247365304330794,1.0748431460332348,1.5506811428643856,-0.032566153043307955,-0.04122476396676511,0.014220112864385737,0.37587211756959904,0.3483329629757736,0.054426529358682425
AgC_framework_neighbor,AgC_framework_neighbor_m_acq_v17_01,AgC,framework_neighbor,minus,604805,Ti,framework_outside_shell,0.26502111,1.62309247,-1.16452854,0.24528756668166607,1.6258466282357804,-1.1792647185865888,-0.019733543318333935,0.0027541582357804018,-0.01473617858658871,0.00652551496944106,0.008414014807136704,0.024782112073431402
AgC_framework_neighbor,AgC_framework_neighbor_m_acq_v17_01,AgC,framework_neighbor,minus,604806,Ti,framework_outside_shell,1.13566669,0.34525406,-1.79866573,1.162667455134303,0.3408982659752579,-1.8301748018784927,0.02700076513430294,-0.004355794024742066,-0.03150907187849272,0.027607676141644114,0.01597232416859177,0.04172332525180356
AgC_framework_neighbor,AgC_framework_neighbor_m_acq_v17_01,AgC,framework_neighbor,minus,604810,C,framework_neighbor_shell_nonAg_within_3p5A,-1.39215666,-1.25847994,0.16353253,-1.4153429947511964,-1.2826928608092585,0.1733226562741423,-0.02318633475119647,-0.02421292080925852,0.009790126274142302,0.02990000822168782,0.00584533209054606,0.0349244645739003
AgC_framework_neighbor,AgC_framework_neighbor_m_acq_v17_01,AgC,framework_neighbor,minus,604813,Si,framework_outside_shell,0.70048167,-1.69067745,0.19856862,0.7103255970761717,-1.700938610180033,0.19470302508066695,0.009843927076171766,-0.010261160180033091,-0.003865594919333054,0.0032253523071131005,0.004095932310253407,0.01473557371131704
AgC_framework_neighbor,AgC_framework_neighbor_m_acq_v17_01,AgC,framework_neighbor,minus,606503,Si,framework_outside_shell,0.53135368,-0.835487,-1.04051326,0.540301429624234,-0.8417942733294758,-1.0394569124454391,0.008947749624233947,-0.006307273329475782,0.0010563475545608547,0.0013697021845641743,0.0007526322623674865,0.010998172136619883
AgC_framework_neighbor,AgC_framework_neighbor_m_acq_v17_01,AgC,framework_neighbor,minus,688433,Ag,marked_pair_other_member,0.19242549,-1.87059848,3.61170116,0.17315552336735815,-1.876081250011731,3.6136600610054774,-0.019269966632641855,-0.005482770011731031,0.0019589010054774647,0.09226696296390821,0.08495305537817768,0.020130317289449966
AgC_framework_neighbor,AgC_framework_neighbor_m_acq_v17_01,AgC,framework_neighbor,minus,751743,Ag,other_Ag,1.56352631,-1.11214822,0.09056137,1.6040453406809605,-1.1074811070151065,0.11087997193969874,0.04051903068096041,0.004667112984893418,0.02031860193969874,0.005305045112371686,0.005254873753089477,0.04556774490494676
AgSi_transverse_Ag,AgSi_transverse_Ag_p_acq_v17_01,AgSi,transverse_Ag,plus,365143,C,framework_outside_shell,-2.2506919,-0.57664156,-0.55233248,-2.1971251651602306,-0.5639881771184703,-0.552293730254914,0.05356673483976948,0.012653382881529729,3.874974508599749e-05,0.061089501604613766,0.061847047914319886,0.05504093641357773
AgSi_transverse_Ag,AgSi_transverse_Ag_p_acq_v17_01,AgSi,transverse_Ag,plus,365320,Ti,framework_outside_shell,-4.04951808,-0.31621568,-2.56588865,-4.066354667829195,-0.3428894062475022,-2.5811518382268748,-0.016836587829194727,-0.026673726247502194,-0.015263188226874558,0.00784163898118253,0.019418808171150645,0.03504173620849683
AgSi_transverse_Ag,AgSi_transverse_Ag_p_acq_v17_01,AgSi,transverse_Ag,plus,366772,C,framework_outside_shell,1.23112233,1.37052758,1.33468227,1.1924599570841932,1.3572768720180668,1.3321207023563248,-0.038662372915806875,-0.013250707981933285,-0.002561567643675211,0.0322186862682033,0.016391955193159863,0.04095023773186807
AgSi_transverse_Ag,AgSi_transverse_Ag_p_acq_v17_01,AgSi,transverse_Ag,plus,366778,C,framework_neighbor_shell_nonAg_within_3p5A,-1.06881924,0.67393635,0.35042177,-1.0630743954406157,0.676591787951368,0.35221736754972166,0.005744844559384399,0.0026554379513680226,0.0017955975497216392,0.11487604747675384,0.10404616472529417,0.006578659459617931
AgSi_transverse_Ag,AgSi_transverse_Ag_p_acq_v17_01,AgSi,transverse_Ag,plus,366929,Si,framework_neighbor_shell_nonAg_within_3p5A,0.81003683,0.94694461,-0.5808268,0.8653767463795481,0.9873449562896254,-0.6067301821476038,0.05533991637954805,0.04040034628962541,-0.025903382147603793,0.022821478128701497,0.040013953148573186,0.07325079884821611
AgSi_transverse_Ag,AgSi_transverse_Ag_p_acq_v17_01,AgSi,transverse_Ag,plus,366931,C,framework_neighbor_shell_nonAg_within_3p5A,-1.52994776,1.18212696,1.23400309,-1.5308893483137331,1.1829972597742533,1.2032927170710677,-0.0009415883137331438,0.0008702997742533469,-0.030710372928932417,0.05267092586312409,0.06248660426319682,0.030737127642050895
AgSi_transverse_Ag,AgSi_transverse_Ag_p_acq_v17_01,AgSi,transverse_Ag,plus,366933,Si,framework_outside_shell,0.31765055,0.71519014,1.34363703,0.3597652115251019,0.7369151133893609,1.3627451030080722,0.042114661525101904,0.021724973389360858,0.019108073008072157,0.009865068460025994,0.020888417850966266,0.05109537785577235
AgSi_transverse_Ag,AgSi_transverse_Ag_p_acq_v17_01,AgSi,transverse_Ag,plus,366934,Si,marked_pair_other_member,-1.28959812,-0.60914049,0.22191249,-1.2722664178414784,-0.582965539535918,0.2512283213060019,0.017331702158521534,0.026174950464082025,0.029315831306001933,0.3904933212570402,0.37136248386434145,0.04295269370680739
AgSi_transverse_Ag,AgSi_transverse_Ag_p_acq_v17_01,AgSi,transverse_Ag,plus,366935,Ti,framework_neighbor_shell_nonAg_within_3p5A,2.22988104,-2.34029624,0.57538616,2.1758204760739743,-2.356018030994252,0.5736313362662104,-0.05406056392602565,-0.015721790994252416,-0.0017548237337895456,0.13966051725414255,0.1317327111271671,0.05632760149698843
AgSi_transverse_Ag,AgSi_transverse_Ag_p_acq_v17_01,AgSi,transverse_Ag,plus,366936,Si,framework_neighbor_shell_nonAg_within_3p5A,-0.36560316,-0.18178258,-0.8329388,-0.37705223252702913,-0.19866833921703503,-0.7887223615320966,-0.011449072527029147,-0.01688575921703503,0.04421643846790335,0.18455166950036533,0.18260677770351125,0.048696032249565674
AgSi_transverse_Ag,AgSi_transverse_Ag_p_acq_v17_01,AgSi,transverse_Ag,plus,367109,C,framework_outside_shell,-0.1006538,1.81552196,2.85624767,-0.08049166007312425,1.8204037143411034,2.8671368479334154,0.020162139926875752,0.004881754341103273,0.010889177933415262,0.008216628248624758,0.01544539102757869,0.023428990758105134
AgSi_transverse_Ag,AgSi_transverse_Ag_p_acq_v17_01,AgSi,transverse_Ag,plus,367110,Si,framework_outside_shell,-0.14202639,0.11459745,-0.51658883,-0.14092986167403546,0.1501953180335036,-0.5409498110947673,0.0010965283259645464,0.03559786803350361,-0.024360981094767253,0.00953391640673967,0.007533354770752161,0.04314936827811026
AgSi_transverse_Ag,AgSi_transverse_Ag_p_acq_v17_01,AgSi,transverse_Ag,plus,367111,C,framework_neighbor_shell_nonAg_within_3p5A,0.10655972,0.05378884,1.02352232,0.1374397347554432,0.03577044127069276,1.0388174256234475,0.03088001475544319,-0.018018398729307238,0.01529510562344738,0.04235878020611786,0.042961085767555446,0.03888673630040327
AgSi_transverse_Ag,AgSi_transverse_Ag_p_acq_v17_01,AgSi,transverse_Ag,plus,367112,Ti,framework_outside_shell,0.99178237,0.4295465,-2.95936849,1.0096553840621618,0.4327118426931087,-2.943792559302763,0.017873014062161796,0.003165342693108697,0.015575930697237172,0.005473255183645247,0.004677543023885857,0.023918061023339352
AgSi_transverse_Ag,AgSi_transverse_Ag_p_acq_v17_01,AgSi,transverse_Ag,plus,367113,Ti,framework_outside_shell,0.04294212,0.7783626,0.46492637,0.05725277726232786,0.8041618921547107,0.46098349261906646,0.014310657262327858,0.025799292154710662,-0.003942877380933518,0.017074105803318116,0.025284409290018607,0.029764822677197482
AgSi_transverse_Ag,AgSi_transverse_Ag_p_acq_v17_01,AgSi,transverse_Ag,plus,367115,Si,framework_outside_shell,-0.25569054,0.45888647,-1.09517849,-0.26196863950059746,0.4737178823717747,-1.1206688218627874,-0.006278099500597434,0.01483141237177471,-0.025490331862787485,0.0043039879959173135,0.007603343270245976,0.03015198740972264
AgSi_transverse_Ag,AgSi_transverse_Ag_p_acq_v17_01,AgSi,transverse_Ag,plus,367117,Ti,framework_neighbor_shell_nonAg_within_3p5A,1.01487163,0.22434296,2.21539217,1.0045818177974284,0.17841931999179028,2.1894952673105816,-0.010289812202571635,-0.045923640008209726,-0.025896902689418244,0.2570706225806709,0.25530942922323185,0.053716948123223
AgSi_transverse_Ag,AgSi_transverse_Ag_p_acq_v17_01,AgSi,transverse_Ag,plus,367118,Si,framework_neighbor_shell_nonAg_within_3p5A,0.80831607,0.24903949,0.23658158,0.7869395378879026,0.2324395832305169,0.24243160174387612,-0.021376532112097446,-0.016599906769483114,0.00585002174387611,0.022113617545433426,0.028323831226617385,0.02768999429936539
AgSi_transverse_Ag,AgSi_transverse_Ag_p_acq_v17_01,AgSi,transverse_Ag,plus,367120,Si,framework_neighbor_shell_nonAg_within_3p5A,-0.29082889,-1.32754387,-0.14565833,-0.28605244486906867,-1.3508857044766007,-0.1376591850882849,0.004776445130931339,-0.023341834476600765,0.007999144911715106,0.10025530269605952,0.07832058316705497,0.025132488618130187
AgSi_transverse_Ag,AgSi_transverse_Ag_p_acq_v17_01,AgSi,transverse_Ag,plus,367121,Ti,framework_outside_shell,0.10376529,-2.25941816,-0.31895937,0.09552765336250997,-2.2758083644791056,-0.33161025133347466,-0.008237636637490026,-0.016390204479105552,-0.01265088133347464,0.03224956691696955,0.02609568778182084,0.022283228194134412
AgSi_transverse_Ag,AgSi_transverse_Ag_p_acq_v17_01,AgSi,transverse_Ag,plus,367122,C,framework_outside_shell,-1.3681274,0.12977393,-1.76178096,-1.3973713644602859,0.1598768031989963,-1.7877421151396988,-0.029243964460285765,0.030102873198996294,-0.025961155139698766,0.005823733483436568,0.007184241324391793,0.04934950869438129
AgSi_transverse_Ag,AgSi_transverse_Ag_p_acq_v17_01,AgSi,transverse_Ag,plus,368645,C,framework_neighbor_shell_nonAg_within_3p5A,1.31825282,0.72388743,-0.24751544,1.3211808489883803,0.7046700011762423,-0.24625408405496438,0.0029280289883801824,-0.019217428823757654,0.0012613559450356249,0.07748782924893036,0.08032564708510585,0.019480090943654826
AgSi_transverse_Ag,AgSi_transverse_Ag_p_acq_v17_01,AgSi,transverse_Ag,plus,368823,Ti,framework_outside_shell,-0.01589052,2.49092858,1.66321402,0.010601443239432878,2.519963453985795,1.6598352669986456,0.02649196323943288,0.029034873985795073,-0.003378753001354484,0.010279433350029723,0.010730057083870554,0.03944951198043677
AgSi_transverse_Ag,AgSi_transverse_Ag_p_acq_v17_01,AgSi,transverse_Ag,plus,368827,Ti,framework_outside_shell,-2.38126727,0.39962042,-0.95742705,-2.4517314549970686,0.47411244662699253,-0.9360961705595059,-0.07046418499706864,0.07449202662699256,0.021330879440494055,0.025256720150570042,0.022159720010339036,0.10473428195200735
AgSi_transverse_Ag,AgSi_transverse_Ag_p_acq_v17_01,AgSi,transverse_Ag,plus,368829,C,framework_outside_shell,0.86431167,0.2538575,0.36283934,0.9123757246015954,0.23239780652443312,0.3946717951951561,0.04806405460159546,-0.021459693475566893,0.031832455195156095,0.023565173630287553,0.011011196080309218,0.06151403898755193
AgSi_transverse_Ag,AgSi_transverse_Ag_p_acq_v17_01,AgSi,transverse_Ag,plus,368832,Ti,framework_outside_shell,0.47026742,0.31304276,0.0417156,0.4650410853431316,0.3099961822767889,0.025186828863963118,-0.005226334656868392,-0.003046577723211097,-0.01652877113603688,0.003507019407802033,0.012281085362226114,0.017601036476203202
AgSi_transverse_Ag,AgSi_transverse_Ag_p_acq_v17_01,AgSi,transverse_Ag,plus,368833,Ti,framework_outside_shell,0.10692259,-1.05633113,1.89615038,0.09347936362435538,-1.068942818516033,1.8738712867549092,-0.013443226375644615,-0.012611688516033004,-0.022279093245090698,0.0243834379883682,0.02226632004787079,0.028915964767507095
AgSi_transverse_Ag,AgSi_transverse_Ag_p_acq_v17_01,AgSi,transverse_Ag,plus,368838,C,framework_neighbor_shell_nonAg_within_3p5A,1.51834645,-0.90117682,-0.89879293,1.501379414036457,-0.9139608678093396,-0.8850968526113261,-0.016967035963542987,-0.012784047809339616,0.013696077388673955,0.07499929100199802,0.07265696987080258,0.025276366899065778
AgSi_transverse_Ag,AgSi_transverse_Ag_p_acq_v17_01,AgSi,transverse_Ag,plus,368841,C,framework_outside_shell,1.33708975,0.38315066,0.96200958,1.340580930455457,0.3615424933717208,0.9836206076707135,0.0034911804554569326,-0.02160816662827919,0.021611027670713434,0.01700795638639172,0.012299471492742834,0.030759351797337745
AgSi_transverse_Ag,AgSi_transverse_Ag_p_acq_v17_01,AgSi,transverse_Ag,plus,368844,Ti,framework_neighbor_shell_nonAg_within_3p5A,-1.28388666,-1.69591485,-0.27037094,-1.2924548443604014,-1.6389802307398975,-0.28698620694800736,-0.008568184360401299,0.05693461926010257,-0.016615266948007357,0.04362940521750108,0.03944355328112253,0.05992521797440718
AgSi_transverse_Ag,AgSi_transverse_Ag_p_acq_v17_01,AgSi,transverse_Ag,plus,369024,C,framework_outside_shell,2.15898841,-0.9737523,-2.04983423,2.128142993779806,-0.9956261931624801,-2.057174440803138,-0.0308454162201941,-0.021873893162480118,-0.007340210803137737,0.00838389107253905,0.012927180462424434,0.038519937675379326
AgSi_transverse_Ag,AgSi_transverse_Ag_p_acq_v17_01,AgSi,transverse_Ag,plus,369026,C,framework_outside_shell,1.19356197,0.67643847,-0.09142263,1.2052443030727875,0.6574862864230822,-0.04963260590982204,0.011682333072787543,-0.018952183576917858,0.041790024090177964,0.016569137354805197,0.03209763990051755,0.047350483438022
AgSi_transverse_Ag,AgSi_transverse_Ag_p_acq_v17_01,AgSi,transverse_Ag,plus,369031,Ti,framework_outside_shell,-0.09581766,0.9482398,-1.95881881,-0.099173873962546,0.9401396931474768,-1.983667386329956,-0.003356213962545998,-0.008100106852523159,-0.024848576329956185,0.026256340009698762,0.0018659484882777445,0.026350097700204834
AgSi_transverse_Ag,AgSi_transverse_Ag_p_acq_v17_01,AgSi,transverse_Ag,plus,369042,Ti,framework_outside_shell,0.80562464,-0.13967204,-0.79036345,0.8145268117000466,-0.14003633786721173,-0.7514781097643306,0.00890217170004659,-0.0003642978672117325,0.03888534023566936,0.041267833470465774,0.014551461500057887,0.039892995113891015
AgSi_transverse_Ag,AgSi_transverse_Ag_p_acq_v17_01,AgSi,transverse_Ag,plus,683609,Ag,moved_atoms,-0.49234541,0.97856161,-0.52111006,-0.49890393942242917,0.9744072035695616,-0.531821003293748,-0.006558529422429182,-0.0041544064304384065,-0.010710943293747999,0.35797880053586995,0.33068367011734057,0.013228669895950328
AgSi_transverse_Ag,AgSi_transverse_Ag_p_acq_v17_01,AgSi,transverse_Ag,plus,685172,Ag,moved_atoms,1.69326518,-0.19911313,-1.92368724,1.651526697135896,-0.22581209289599571,-1.9058743177853568,-0.04173848286410409,-0.026698962895995715,0.017812922214643256,0.5923026310121815,0.5837925605399956,0.05265202531093935
AgSi_transverse_Ag,AgSi_transverse_Ag_p_acq_v17_01,AgSi,transverse_Ag,plus,696217,Ag,moved_atoms,-0.04920841,0.03184878,0.25655525,-0.04131139440991459,0.020734221428796017,0.24640770778130372,0.007897015590085411,-0.011114558571203983,-0.010147542218696293,0.10106689056282969,0.11158906261010942,0.0169961431078642
AgSi_transverse_Ag,AgSi_transverse_Ag_p_acq_v17_01,AgSi,transverse_Ag,plus,700029,Ag,moved_atoms,-0.3890722,-0.0883925,0.48640913,-0.36804096647776696,-0.08348299224651085,0.4705583443116983,0.021031233522233017,0.0049095077534891535,-0.015850785688301727,0.051708176178522296,0.043159425082697336,0.026789241437277365
AgSi_transverse_Ag,AgSi_transverse_Ag_p_acq_v17_01,AgSi,transverse_Ag,plus,701518,Ag,moved_atoms,0.05453405,-0.09562813,0.20524477,0.048312537161315006,-0.102146733652149,0.21310787204350645,-0.006221512838684995,-0.006518603652148999,0.00786310204350646,0.01571314291841388,0.01672686749239395,0.011959422616595166
AgSi_transverse_Ag,AgSi_transverse_Ag_p_acq_v17_01,AgSi,transverse_Ag,plus,703887,Ag,moved_atoms,0.18208483,-1.09634511,0.46952117,0.18698787455773636,-1.0638940958134762,0.4784610021827118,0.004903044557736352,0.03245101418652374,0.008939832182711827,0.01990840110745473,0.02040056253182936,0.03401512556384532
AgSi_transverse_Ag,AgSi_transverse_Ag_p_acq_v17_01,AgSi,transverse_Ag,plus,707313,Ag,moved_atoms,-0.05001218,0.10527271,1.52676916,-0.07561448764065185,0.08062030119527655,1.5129166295347338,-0.025602307640651842,-0.024652408804723455,-0.013852530465266133,0.14305107173380213,0.13198857233772768,0.03814593053908782
AgSi_transverse_Ag,AgSi_transverse_Ag_p_acq_v17_01,AgSi,transverse_Ag,plus,710704,Ag,moved_atoms,1.06964146,-0.41146646,0.357645,1.0667941921756854,-0.4462064099082964,0.33105451462268215,-0.0028472678243145477,-0.03473994990829643,-0.02659048537731784,0.08890269147355558,0.06863882616294074,0.0438409051719473
AgSi_transverse_Ag,AgSi_transverse_Ag_p_acq_v17_01,AgSi,transverse_Ag,plus,714846,Ag,moved_atoms,-0.5192331,-0.30148113,-0.05025047,-0.5183091938896746,-0.31271591027356804,-0.02313944841001893,0.0009239061103254453,-0.011234780273568057,0.02711102158998107,0.0351542570410996,0.024575868825002734,0.029361222419178504
AgSi_transverse_Ag,AgSi_transverse_Ag_p_acq_v17_01,AgSi,transverse_Ag,plus,729574,Ag,moved_atoms,0.02426392,-0.46633563,0.08775353,0.03237642188383022,-0.4758123934541681,0.08143662630974043,0.008112501883830218,-0.009476763454168091,-0.0063169036902595704,0.0213791391076465,0.01201458191984303,0.013983025588670706
AgSi_transverse_Ag,AgSi_transverse_Ag_p_acq_v17_01,AgSi,transverse_Ag,plus,730721,Ag,moved_atoms,-0.45428776,-0.1521464,0.08562573,-0.4473607331801331,-0.14962294943536275,0.08592052321812092,0.006927026819866899,0.0025234505646372363,0.0002947932181209256,0.035037117446939034,0.037186719431528494,0.007378238702886578
AgSi_transverse_Ag,AgSi_transverse_Ag_p_acq_v17_01,AgSi,transverse_Ag,plus,735549,Ag,moved_atoms,-0.6819893,-0.4050106,0.98060869,-0.7059686280959975,-0.39742335972730464,0.9758444668389247,-0.023979328095997454,0.007587240272695361,-0.004764223161075276,0.06338479694888192,0.0720325211412473,0.025598285357024003
AgSi_transverse_Ag,AgSi_transverse_Ag_p_acq_v17_01,AgSi,transverse_Ag,plus,737082,Ag,moved_atoms,0.18667292,0.29708682,-0.00416384,0.200600273225835,0.32263777289354095,-0.004562099828199995,0.01392735322583502,0.02555095289354098,-0.00039825982819999446,0.0218331639648907,0.021384252315626903,0.029102937524172454
AgSi_transverse_Ag,AgSi_transverse_Ag_p_acq_v17_01,AgSi,transverse_Ag,plus,737200,Ag,moved_atoms,-0.35424489,-0.72460829,-0.04093323,-0.3634230915826238,-0.7094717006294102,-0.029014171161778554,-0.009178201582623835,0.015136589370589815,0.011919058838221447,0.07310192058083634,0.0739018267786712,0.02134056432370325
AgSi_transverse_Ag,AgSi_transverse_Ag_p_acq_v17_01,AgSi,transverse_Ag,plus,744883,Ag,moved_atoms,-0.08958795,-0.42031478,0.20616294,-0.0631792702203183,-0.4326357545447975,0.20075519734175873,0.0264086797796817,-0.012320974544797525,-0.00540774265824126,0.011461130967657595,0.009119056361493096,0.029638968640913938
AgSi_transverse_Ag,AgSi_transverse_Ag_p_acq_v17_01,AgSi,transverse_Ag,plus,752169,Ag,moved_atoms,-0.4444354,0.11248515,0.0427441,-0.4280539071985334,0.10529847095025219,0.030523506925129312,0.016381492801466557,-0.007186679049747818,-0.012220593074870688,0.03541077780694177,0.025696464038472967,0.02166436145539864
AgSi_transverse_Ag,AgSi_transverse_Ag_p_acq_v17_01,AgSi,transverse_Ag,plus,755982,Ag,moved_atoms,-0.63369355,-0.11622969,-0.35525293,-0.6368682280448855,-0.10483471753394566,-0.3561546059380667,-0.0031746780448854706,0.011394972466054337,-0.0009016759380666706,0.04082774372824195,0.046008741557191805,0.011863262522936206
AgSi_transverse_Ag,AgSi_transverse_Ag_m_acq_v17_01,AgSi,transverse_Ag,minus,365143,C,framework_outside_shell,-2.23794385,-0.54099724,-0.43192405,-2.215436136442371,-0.5308961497275722,-0.42289743995116075,0.02250771355762904,0.010101090272427893,0.009026610048839256,0.06514379617179897,0.07304078638492278,0.0262699235487624
AgSi_transverse_Ag,AgSi_transverse_Ag_m_acq_v17_01,AgSi,transverse_Ag,minus,365320,Ti,framework_outside_shell,-4.03432874,-0.32150241,-2.55853605,-4.059082539552762,-0.3736079564682731,-2.5653981769503282,-0.024753799552761357,-0.05210554646827309,-0.0068621269503283955,0.009932753806699472,0.01590228170424197,0.05809326425101345
AgSi_transverse_Ag,AgSi_transverse_Ag_m_acq_v17_01,AgSi,transverse_Ag,minus,366772,C,framework_outside_shell,1.1892926,1.31874634,1.33414543,1.1843059629513732,1.3296871207845207,1.3209907001960435,-0.004986637048626674,0.010940780784520765,-0.013154729803956489,0.03441299727738055,0.01516246909688196,0.017821732504018122
AgSi_transverse_Ag,AgSi_transverse_Ag_m_acq_v17_01,AgSi,transverse_Ag,minus,366778,C,framework_neighbor_shell_nonAg_within_3p5A,-0.99940807,0.78339961,0.21534139,-0.9944612975162324,0.7675286125329785,0.2313952959979556,0.004946772483767625,-0.015870997467021475,0.016053905997955614,0.13619268800683276,0.13357656925867298,0.023110322723743124
AgSi_transverse_Ag,AgSi_transverse_Ag_m_acq_v17_01,AgSi,transverse_Ag,minus,366929,Si,framework_neighbor_shell_nonAg_within_3p5A,0.82621722,0.94538336,-0.62431932,0.8570218215557048,0.9498744883876024,-0.6701232776873285,0.030804601555704858,0.00449112838760235,-0.04580395768732848,0.023683747668757995,0.034141134932690796,0.05538137097456364
AgSi_transverse_Ag,AgSi_transverse_Ag_m_acq_v17_01,AgSi,transverse_Ag,minus,366931,C,framework_neighbor_shell_nonAg_within_3p5A,-1.46765547,1.26447628,1.19754575,-1.4667732422778974,1.27783672028938,1.1740102677510738,0.0008822277221025576,0.013360440289379882,-0.02353548224892621,0.056850384953252474,0.05650879890132048,0.027077640502253
AgSi_transverse_Ag,AgSi_transverse_Ag_m_acq_v17_01,AgSi,transverse_Ag,minus,366933,Si,framework_outside_shell,0.33534458,0.72939114,1.34014257,0.3719809268716368,0.7209257734658789,1.3983695221857135,0.036636346871636805,-0.00846536653412111,0.0582269521857135,0.01319801025215929,0.020489161262978294,0.06931278600296828
AgSi_transverse_Ag,AgSi_transverse_Ag_m_acq_v17_01,AgSi,transverse_Ag,minus,366934,Si,marked_pair_other_member,-0.76209347,-0.53355364,0.13073329,-0.7960729562255738,-0.5438214161487563,0.11277378402222266,-0.033979486225573785,-0.010267776148756291,-0.017959505977777346,0.15161265739558846,0.12725823108714648,0.03978161090454668
AgSi_transverse_Ag,AgSi_transverse_Ag_m_acq_v17_01,AgSi,transverse_Ag,minus,366935,Ti,framework_neighbor_shell_nonAg_within_3p5A,2.16916036,-2.10260611,0.41265615,2.1219060080278,-2.127787388543024,0.41851528909211216,-0.04725435197219996,-0.0251812785430241,0.0058591390921121644,0.1572695211500973,0.15112319275320849,0.05386464592174204
AgSi_transverse_Ag,AgSi_transverse_Ag_m_acq_v17_01,AgSi,transverse_Ag,minus,366936,Si,framework_neighbor_shell_nonAg_within_3p5A,-0.16453467,-0.3267131,-0.58790639,-0.11503417441816921,-0.3266986418105693,-0.5741894726050834,0.04950049558183078,1.4458189430688329e-05,0.01371691739491665,0.16894380667745684,0.1869792859025675,0.05136587480716217
AgSi_transverse_Ag,AgSi_transverse_Ag_m_acq_v17_01,AgSi,transverse_Ag,minus,367109,C,framework_outside_shell,-0.09361748,1.83044604,2.85638895,-0.09980226813291043,1.8291066568724075,2.886169704200989,-0.006184788132910429,-0.0013393831275925194,0.029780754200988913,0.008314123607843477,0.01304662982887201,0.03044567082839838
AgSi_transverse_Ag,AgSi_transverse_Ag_m_acq_v17_01,AgSi,transverse_Ag,minus,367110,Si,framework_outside_shell,-0.14208627,0.13460911,-0.51725071,-0.15149372104408002,0.15394827576949208,-0.5478288662478729,-0.009407451044080029,0.019339165769492073,-0.030578156247872856,0.010492681356998323,0.00570626795315414,0.03738351384401929
AgSi_transverse_Ag,AgSi_transverse_Ag_m_acq_v17_01,AgSi,transverse_Ag,minus,367111,C,framework_neighbor_shell_nonAg_within_3p5A,0.15767598,0.00421533,1.01060709,0.18555756181195937,0.0719916867593134,0.9930417808927421,0.027881581811959377,0.0677763567593134,-0.017565309107257843,0.030622004438618965,0.033032764415329534,0.07536283715423821
AgSi_transverse_Ag,AgSi_transverse_Ag_m_acq_v17_01,AgSi,transverse_Ag,minus,367112,Ti,framework_outside_shell,0.9858676,0.43923076,-2.96392145,1.0164119270990466,0.43589828764077415,-2.945378526421222,0.030544327099046642,-0.0033324723592258465,0.01854292357877796,0.006757111769772652,0.0032090255768482943,0.03588734184649176
AgSi_transverse_Ag,AgSi_transverse_Ag_m_acq_v17_01,AgSi,transverse_Ag,minus,367113,Ti,framework_outside_shell,0.02855433,0.79749659,0.49071314,0.03765232117756906,0.7839581174006901,0.5055028028603855,0.00909799117756906,-0.013538472599309848,0.014789662860385522,0.019257722451406285,0.027442231412047914,0.022018124609358872
AgSi_transverse_Ag,AgSi_transverse_Ag_m_acq_v17_01,AgSi,transverse_Ag,minus,367115,Si,framework_outside_shell,-0.24933553,0.46547505,-1.09558708,-0.25554336967010877,0.48398740460831224,-1.127336361203743,-0.006207839670108767,0.018512354608312243,-0.031749281203742985,0.004874593004487646,0.006293639686886598,0.037272797097454645
AgSi_transverse_Ag,AgSi_transverse_Ag_m_acq_v17_01,AgSi,transverse_Ag,minus,367117,Ti,framework_neighbor_shell_nonAg_within_3p5A,1.25382622,-0.20659604,2.50402264,1.2388582963785832,-0.25838586017399257,2.4755173086061237,-0.014967923621416857,-0.05178982017399256,-0.028505331393876343,0.3199756822886644,0.32424837950009355,0.06098178522366959
AgSi_transverse_Ag,AgSi_transverse_Ag_m_acq_v17_01,AgSi,transverse_Ag,minus,367118,Si,framework_neighbor_shell_nonAg_within_3p5A,0.79073303,0.25040137,0.19560067,0.7890437845557334,0.23343667822660993,0.20458649967938275,-0.0016892454442665183,-0.016964691773390078,0.008985829679382745,0.022838449898611796,0.010496296159686839,0.019271726756157063
AgSi_transverse_Ag,AgSi_transverse_Ag_m_acq_v17_01,AgSi,transverse_Ag,minus,367120,Si,framework_neighbor_shell_nonAg_within_3p5A,-0.35320629,-1.51040324,-0.10016498,-0.3518335229342119,-1.4718236752334546,-0.09362941641366773,0.0013727670657880942,0.03857956476654545,0.006535563586332269,0.0983261169219699,0.06696744765453135,0.03915329996799733
AgSi_transverse_Ag,AgSi_transverse_Ag_m_acq_v17_01,AgSi,transverse_Ag,minus,367121,Ti,framework_outside_shell,0.05500926,-2.2914024,-0.29278029,0.08321824847012742,-2.30859549661298,-0.28736013678129546,0.02820898847012742,-0.017193096612980074,0.005420153218704538,0.03184980174315375,0.030376527012008245,0.03347727083507976
AgSi_transverse_Ag,AgSi_transverse_Ag_m_acq_v17_01,AgSi,transverse_Ag,minus,367122,C,framework_outside_shell,-1.37444876,0.12085146,-1.75811433,-1.4049462621022475,0.16812988946910473,-1.771961182837489,-0.030497502102247553,0.04727842946910474,-0.013846852837489099,0.006652575553640841,0.01251738923583618,0.057940338806782836
AgSi_transverse_Ag,AgSi_transverse_Ag_m_acq_v17_01,AgSi,transverse_Ag,minus,368645,C,framework_neighbor_shell_nonAg_within_3p5A,1.38949967,0.66930104,-0.13097343,1.3921727052644142,0.6721965582053238,-0.12794389515493595,0.002673035264414203,0.002895518205323744,0.003029534845064047,0.08408491439288798,0.08586073426138714,0.004970636234891906
AgSi_transverse_Ag,AgSi_transverse_Ag_m_acq_v17_01,AgSi,transverse_Ag,minus,368823,Ti,framework_outside_shell,0.00028743,2.50011172,1.67116892,0.0010170032191172407,2.5369169585275597,1.6593199815330943,0.0007295732191172407,0.03680523852755968,-0.0118489384669056,0.01001519587193372,0.008848852062494483,0.03867240880712154
AgSi_transverse_Ag,AgSi_transverse_Ag_m_acq_v17_01,AgSi,transverse_Ag,minus,368827,Ti,framework_outside_shell,-2.4241627,0.42653412,-0.96478041,-2.486716921603383,0.4797683660880118,-0.9095749085015432,-0.06255422160338275,0.053234246088011805,0.05520550149845682,0.026167951631816705,0.022705794359286803,0.09896748452224213
AgSi_transverse_Ag,AgSi_transverse_Ag_m_acq_v17_01,AgSi,transverse_Ag,minus,368829,C,framework_outside_shell,0.86014517,0.27500003,0.32166721,0.8970112454215304,0.2309185730752001,0.37081244058531293,0.03686607542153042,-0.044081456924799894,0.04914523058531295,0.02294252076807169,0.018157474500915885,0.07561439050129636
AgSi_transverse_Ag,AgSi_transverse_Ag_m_acq_v17_01,AgSi,transverse_Ag,minus,368832,Ti,framework_outside_shell,0.47034237,0.31581765,0.04313535,0.4831421945821286,0.3274936791150662,0.025633215751977356,0.012799824582128583,0.011676029115066211,-0.017502134248022647,0.0012443330623269446,0.013026065984037067,0.024627015013292706
AgSi_transverse_Ag,AgSi_transverse_Ag_m_acq_v17_01,AgSi,transverse_Ag,minus,368833,Ti,framework_outside_shell,0.06891143,-1.06539091,1.88301562,0.07000347892139724,-1.0799590807028414,1.84475135333641,0.0010920489213972484,-0.014568170702841332,-0.03826426666358995,0.01773390565157613,0.017614316385862208,0.040958250350523646
AgSi_transverse_Ag,AgSi_transverse_Ag_m_acq_v17_01,AgSi,transverse_Ag,minus,368838,C,framework_neighbor_shell_nonAg_within_3p5A,1.42287645,-0.99059523,-0.81834496,1.4162388844841394,-0.9966400468191331,-0.8235995776319898,-0.006637565515860588,-0.006044816819133048,-0.005254617631989755,0.0819680366954426,0.06489692461425343,0.010402311897488609
AgSi_transverse_Ag,AgSi_transverse_Ag_m_acq_v17_01,AgSi,transverse_Ag,minus,368841,C,framework_outside_shell,1.33324009,0.38949085,0.92755981,1.347809876285716,0.37152212648805316,0.9541250412316559,0.014569786285715924,-0.017968723511946838,0.026565231231655884,0.0187727396832055,0.01970643045065108,0.03522591670136594
AgSi_transverse_Ag,AgSi_transverse_Ag_m_acq_v17_01,AgSi,transverse_Ag,minus,368844,Ti,framework_neighbor_shell_nonAg_within_3p5A,-1.22899797,-1.66570062,-0.30835766,-1.2490994164356115,-1.653474891386002,-0.3318148168005497,-0.020101446435611514,0.012225728613997955,-0.023457156800549717,0.030922331788131648,0.025844283916404205,0.03322310632846458
AgSi_transverse_Ag,AgSi_transverse_Ag_m_acq_v17_01,AgSi,transverse_Ag,minus,369024,C,framework_outside_shell,2.16048909,-0.99452217,-2.04498116,2.150964355456289,-1.01022518654726,-2.0595307865142107,-0.009524734543711055,-0.01570301654726003,-0.014549626514210878,0.013016147868728312,0.014318401827165806,0.023430683483729474
AgSi_transverse_Ag,AgSi_transverse_Ag_m_acq_v17_01,AgSi,transverse_Ag,minus,369026,C,framework_outside_shell,1.1955555,0.71122785,-0.08377176,1.194204974567893,0.7178594750263101,-0.046023898292637366,-0.0013505254321068971,0.006631625026310095,0.037747861707362634,0.019256569344434083,0.029450389563748097,0.03834975140611115
AgSi_transverse_Ag,AgSi_transverse_Ag_m_acq_v17_01,AgSi,transverse_Ag,minus,369031,Ti,framework_outside_shell,-0.07988386,0.94951813,-2.00266424,-0.0971874612531093,0.9392090589382538,-1.9847541405543638,-0.0173036012531093,-0.010309071061746167,0.017910099445636263,0.020494355957201994,0.001522152962884368,0.026952981739230972
AgSi_transverse_Ag,AgSi_transverse_Ag_m_acq_v17_01,AgSi,transverse_Ag,minus,369042,Ti,framework_outside_shell,0.7922332,-0.09066749,-0.72737665,0.8085757835611458,-0.11273768425376396,-0.7424847372458709,0.016342583561145818,-0.022070194253763956,-0.015108087245870983,0.03967350888351073,0.014909654736130314,0.03134370450474478
AgSi_transverse_Ag,AgSi_transverse_Ag_m_acq_v17_01,AgSi,transverse_Ag,minus,683609,Ag,moved_atoms,-0.52782655,1.15669961,-1.27975028,-0.5308025771860078,1.146496556415096,-1.25266272509513,-0.002976027186007757,-0.010203053584904032,0.027087554904869915,0.42354752854730937,0.4133469480919305,0.029098018334460896
AgSi_transverse_Ag,AgSi_transverse_Ag_m_acq_v17_01,AgSi,transverse_Ag,minus,685172,Ag,moved_atoms,0.90283349,-0.34280453,-1.38345857,0.9083231040134631,-0.35596758027481457,-1.379557692448342,0.00548961401346304,-0.01316305027481457,0.003900877551658022,0.38613911105105914,0.34565591357489095,0.014785756667385514
AgSi_transverse_Ag,AgSi_transverse_Ag_m_acq_v17_01,AgSi,transverse_Ag,minus,696217,Ag,moved_atoms,-0.10331541,0.02038137,0.43721418,-0.10665940658392278,0.013357061145732624,0.4404379166017003,-0.003343996583922787,-0.0070243088542673755,0.0032237366017002778,0.08797275293628706,0.09362191469910351,0.008421146341833063
AgSi_transverse_Ag,AgSi_transverse_Ag_m_acq_v17_01,AgSi,transverse_Ag,minus,700029,Ag,moved_atoms,-0.32219326,-0.09893423,0.41167164,-0.3215420089541508,-0.09197900816747735,0.4142265870751273,0.0006512510458491771,0.006955221832522646,0.0025549470751272674,0.04913725616747541,0.03052574019057817,0.007438211695093162
AgSi_transverse_Ag,AgSi_transverse_Ag_m_acq_v17_01,AgSi,transverse_Ag,minus,701518,Ag,moved_atoms,0.043297,-0.10291799,0.22916469,0.03618069512822292,-0.11634405151275705,0.24098792753316467,-0.007116304871777085,-0.013426061512757048,0.011823237533164666,0.011711231145161467,0.017428807305508127,0.019253307989487108
AgSi_transverse_Ag,AgSi_transverse_Ag_m_acq_v17_01,AgSi,transverse_Ag,minus,703887,Ag,moved_atoms,0.15989793,-1.09913788,0.49713321,0.15795304510532782,-1.0902019948874433,0.48766009560359763,-0.0019448848946721775,0.008935885112556718,-0.00947311439640236,0.02255777580944984,0.025051757122077623,0.013167099770475746
AgSi_transverse_Ag,AgSi_transverse_Ag_m_acq_v17_01,AgSi,transverse_Ag,minus,707313,Ag,moved_atoms,-0.29968073,0.05244665,1.61355378,-0.28672686612721726,0.03792318804442852,1.6194141343062318,0.012953863872782745,-0.014523461955571478,0.005860354306231885,0.1293184811871045,0.11020225144868157,0.02032430291557594
AgSi_transverse_Ag,AgSi_transverse_Ag_m_acq_v17_01,AgSi,transverse_Ag,minus,710704,Ag,moved_atoms,1.04280911,-0.49642523,0.30245953,1.0369972239486835,-0.46175826678696175,0.2846421002804935,-0.0058118860513165504,0.03466696321303825,-0.01781742971950645,0.09701500120024785,0.09195008909385241,0.039408592460238756
AgSi_transverse_Ag,AgSi_transverse_Ag_m_acq_v17_01,AgSi,transverse_Ag,minus,714846,Ag,moved_atoms,-0.50115337,-0.25713259,-4.216e-05,-0.515037391943504,-0.26397354619657676,-0.0040288151147789275,-0.01388402194350391,-0.006840956196576764,-0.003986655114778927,0.034272004015456964,0.028056767485525626,0.015983058719011612
AgSi_transverse_Ag,AgSi_transverse_Ag_m_acq_v17_01,AgSi,transverse_Ag,minus,729574,Ag,moved_atoms,0.0608073,-0.4497882,0.11126526,0.053573132774439924,-0.46517038925316156,0.08521134926173632,-0.007234167225560077,-0.015382189253161538,-0.026053910738263686,0.025120771519388088,0.012117963390037111,0.031108699529630898
AgSi_transverse_Ag,AgSi_transverse_Ag_m_acq_v17_01,AgSi,transverse_Ag,minus,730721,Ag,moved_atoms,-0.48583822,-0.10711364,0.01464288,-0.507890745736388,-0.10801902795734673,-0.004730014202000393,-0.02205252573638805,-0.0009053879573467372,-0.019372894202000394,0.06896240206321919,0.09527623819261116,0.029367373877642964
AgSi_transverse_Ag,AgSi_transverse_Ag_m_acq_v17_01,AgSi,transverse_Ag,minus,735549,Ag,moved_atoms,-0.66226683,-0.29377475,0.87624965,-0.670774967482886,-0.2746776788861208,0.8567388542983598,-0.008508137482886036,0.01909707111387915,-0.01951079570164016,0.10028872619934316,0.11112845812979617,0.028596462674033443
AgSi_transverse_Ag,AgSi_transverse_Ag_m_acq_v17_01,AgSi,transverse_Ag,minus,737082,Ag,moved_atoms,0.1632323,0.33218491,0.00614803,0.16242333871073764,0.34482048101667234,-0.003094343353559601,-0.000808961289262361,0.012635571016672342,-0.0092423733535596,0.021911728141572922,0.023067758869006878,0.015675890357216834
AgSi_transverse_Ag,AgSi_transverse_Ag_m_acq_v17_01,AgSi,transverse_Ag,minus,737200,Ag,moved_atoms,-0.26119858,-0.6570621,-0.12197303,-0.2682466634463977,-0.6689262224655825,-0.11809022870502495,-0.007048083446397679,-0.01186412246558255,0.0038828012949750496,0.06757197720750442,0.0626638268764273,0.01433558607249754
AgSi_transverse_Ag,AgSi_transverse_Ag_m_acq_v17_01,AgSi,transverse_Ag,minus,744883,Ag,moved_atoms,-0.06979587,-0.42206735,0.19219703,-0.052504423444348546,-0.4198560360577202,0.19789877991427818,0.01729144655565145,0.0022113139422798023,0.005701749914278187,0.012934444413294301,0.008586812596246808,0.018341046464780648
AgSi_transverse_Ag,AgSi_transverse_Ag_m_acq_v17_01,AgSi,transverse_Ag,minus,752169,Ag,moved_atoms,-0.42380023,0.14930959,-0.01565312,-0.42208114860335355,0.14489962016668553,-0.008369230003763314,0.001719081396646449,-0.004409969833314459,0.007283889996236685,0.03671202057697587,0.03152266071053522,0.008686663816236721
AgSi_transverse_Ag,AgSi_transverse_Ag_m_acq_v17_01,AgSi,transverse_Ag,minus,755982,Ag,moved_atoms,-0.60132455,-0.06836837,-0.40740847,-0.5767984112273334,-0.05816413758587326,-0.4003700660799935,0.024526138772666517,0.01020423241412674,0.007038403920006542,0.03714631483113504,0.04205828644926798,0.027480847366825756
AgSi_framework_neighbor,AgSi_framework_neighbor_p_acq_v17_01,AgSi,framework_neighbor,plus,365143,C,framework_outside_shell,-2.2421679,-0.56081762,-0.49880632,-2.2020082460763635,-0.5481704431574697,-0.49431392801123597,0.04015965392363663,0.012647176842530361,0.004492391988764055,0.005900204299623777,0.002080279359241738,0.04234300970801687
AgSi_framework_neighbor,AgSi_framework_neighbor_p_acq_v17_01,AgSi,framework_neighbor,plus,365320,Ti,framework_outside_shell,-4.04385053,-0.31757563,-2.56375052,-4.064362332809068,-0.3588190619469963,-2.5722451253380285,-0.020511802809068058,-0.04124343194699631,-0.008494605338028371,0.002226594276176194,0.0020640362650115084,0.04683922558170095
AgSi_framework_neighbor,AgSi_framework_neighbor_p_acq_v17_01,AgSi,framework_neighbor,plus,366772,C,framework_outside_shell,1.21390114,1.34478765,1.33413544,1.188810723820099,1.343093659516231,1.3299514671216284,-0.025090416179901043,-0.001693990483768948,-0.004183972878371689,0.0023677278717369812,0.003427403820284854,0.025493219037357556
AgSi_framework_neighbor,AgSi_framework_neighbor_p_acq_v17_01,AgSi,framework_neighbor,plus,366778,C,framework_outside_shell,-1.11665405,0.75404639,0.28367989,-1.1118935620814896,0.7467745938111965,0.29576810885086535,0.004760487918510359,-0.00727179618880347,0.012088218850865362,0.0028931990177138308,0.00258419225005678,0.014888461976315635
AgSi_framework_neighbor,AgSi_framework_neighbor_p_acq_v17_01,AgSi,framework_neighbor,plus,366929,Si,framework_neighbor_shell_nonAg_within_3p5A,0.82928411,0.95881494,-0.59283463,0.8615226446687199,0.9697158867398527,-0.6321349889197939,0.03223853466871984,0.010900946739852646,-0.03930035891979389,0.01820740345142599,0.008974007130475215,0.05198722889937468
AgSi_framework_neighbor,AgSi_framework_neighbor_p_acq_v17_01,AgSi,framework_neighbor,plus,366931,C,framework_outside_shell,-1.50111377,1.22265663,1.21124857,-1.5082223010813782,1.244177626366947,1.186088780148448,-0.007108531081378322,0.021520996366947154,-0.025159789851551873,0.004491828791182957,0.009292682255477995,0.03386295208831219
AgSi_framework_neighbor,AgSi_framework_neighbor_p_acq_v17_01,AgSi,framework_neighbor,plus,366933,Si,framework_neighbor_shell_nonAg_within_3p5A,0.32867451,0.7204869,1.34088743,0.36288274023563294,0.7354773715842982,1.3762852576304314,0.034208230235632964,0.014990471584298115,0.03539782763043142,0.0038336144189263254,0.007770401555933656,0.0514579775654607
AgSi_framework_neighbor,AgSi_framework_neighbor_p_acq_v17_01,AgSi,framework_neighbor,plus,366934,Si,moved_atoms,-0.73754184,-0.55018143,0.13470404,-0.6955033380791542,-0.5659569255025233,0.09497246451422187,0.042038501920845794,-0.01577549550252333,-0.03973157548577813,0.17230628325354652,0.22652969660282893,0.059955817004534055
AgSi_framework_neighbor,AgSi_framework_neighbor_p_acq_v17_01,AgSi,framework_neighbor,plus,366935,Ti,framework_neighbor_shell_nonAg_within_3p5A,2.14912254,-2.18433306,0.47766689,2.1096738034164586,-2.199485654853821,0.4670690846781816,-0.03944873658354142,-0.015152594853820922,-0.010597805321818421,0.06244758735452788,0.0692677456033842,0.04356738948434761
AgSi_framework_neighbor,AgSi_framework_neighbor_p_acq_v17_01,AgSi,framework_neighbor,plus,366936,Si,framework_neighbor_shell_nonAg_within_3p5A,-0.25059531,-0.22993712,-0.6282112,-0.24902658704492736,-0.23248916353967897,-0.5752177529408286,0.0015687229550726545,-0.002552043539678972,0.05299344705917142,0.06328925163898061,0.08879082424547141,0.05307804865621374
AgSi_framework_neighbor,AgSi_framework_neighbor_p_acq_v17_01,AgSi,framework_neighbor,plus,367109,C,framework_outside_shell,-0.09774668,1.82773131,2.85008629,-0.10260827047935406,1.8366908088861527,2.870430608151022,-0.004861590479354055,0.00895949888615255,0.020344318151021668,0.007957629213540743,0.017528481984760348,0.022755196402358395
AgSi_framework_neighbor,AgSi_framework_neighbor_p_acq_v17_01,AgSi,framework_neighbor,plus,367110,Si,framework_outside_shell,-0.14413118,0.13157545,-0.51975287,-0.14841097918011653,0.15587446173408892,-0.5452043571359824,-0.004279799180116534,0.02429901173408891,-0.02545148713598233,0.00829762450725511,0.004320362247856396,0.03544766352961209
AgSi_framework_neighbor,AgSi_framework_neighbor_p_acq_v17_01,AgSi,framework_neighbor,plus,367111,C,framework_neighbor_shell_nonAg_within_3p5A,0.13694246,0.02310646,1.01185409,0.1637498162501429,0.04818596675841516,0.9993868830116474,0.02680735625014291,0.025079506758415162,-0.012467206988352575,0.008684449120427868,0.014636935619775226,0.03876915344004683
AgSi_framework_neighbor,AgSi_framework_neighbor_p_acq_v17_01,AgSi,framework_neighbor,plus,367112,Ti,framework_outside_shell,0.98840831,0.43587215,-2.96213977,1.0143782570740059,0.43648236871584706,-2.944371344267827,0.025969947074005906,0.000610218715847044,0.017768425732172854,0.002275561157385112,0.00198067444937365,0.031472646391868295
AgSi_framework_neighbor,AgSi_framework_neighbor_p_acq_v17_01,AgSi,framework_neighbor,plus,367113,Ti,framework_outside_shell,0.03208597,0.78825056,0.47179038,0.04693258177612181,0.7930751562574719,0.48083824600065506,0.014846611776121808,0.0048245962574718915,0.009047866000655047,0.0041069569712988245,0.0017482707069431406,0.018043350283256713
AgSi_framework_neighbor,AgSi_framework_neighbor_p_acq_v17_01,AgSi,framework_neighbor,plus,367115,Si,framework_outside_shell,-0.25299228,0.46079551,-1.09470454,-0.2595768303239107,0.4800270850776168,-1.1227677629465944,-0.006584550323910698,0.019231575077616803,-0.028063222946594468,0.0012416516040742195,0.0026393058002642917,0.03465190131990437
AgSi_framework_neighbor,AgSi_framework_neighbor_p_acq_v17_01,AgSi,framework_neighbor,plus,367117,Ti,framework_neighbor_shell_nonAg_within_3p5A,1.12298021,0.01408085,2.29912781,1.1060894757411073,-0.03523489315755446,2.2724170787757227,-0.016890734258892648,-0.04931574315755446,-0.02671073122427714,0.01029834331020311,0.006106595539448785,0.05857305344202215
AgSi_framework_neighbor,AgSi_framework_neighbor_p_acq_v17_01,AgSi,framework_neighbor,plus,367118,Si,framework_neighbor_shell_nonAg_within_3p5A,0.81066621,0.24341511,0.20383321,0.7952236221456297,0.23283588591715845,0.21341541580252626,-0.01544258785437036,-0.010579224082841537,0.009582205802526278,0.015730481769755212,0.003287945837143112,0.021028841382180086
AgSi_framework_neighbor,AgSi_framework_neighbor_p_acq_v17_01,AgSi,framework_neighbor,plus,367120,Si,framework_outside_shell,-0.32002849,-1.42145893,-0.12678652,-0.32756413479173135,-1.4107396687142273,-0.113209455795663,-0.007535644791731355,0.010719261285772719,0.01357706420433702,0.0021316601043318006,0.0016833179112780072,0.018868629450718016
AgSi_framework_neighbor,AgSi_framework_neighbor_p_acq_v17_01,AgSi,framework_neighbor,plus,367121,Ti,framework_outside_shell,0.08406731,-2.27906725,-0.30561452,0.08629335526000466,-2.294652499971585,-0.31381545757642293,0.0022260452600046526,-0.015585249971584947,-0.008200937576422929,0.0052233991923747326,0.004931276873375754,0.017751356886411905
AgSi_framework_neighbor,AgSi_framework_neighbor_p_acq_v17_01,AgSi,framework_neighbor,plus,367122,C,framework_outside_shell,-1.37247593,0.12759243,-1.76085974,-1.4024177278668821,0.1651344009367715,-1.7830669408529425,-0.029941797866882114,0.0375419709367715,-0.022207200852942588,0.004036515775789771,0.00205043351937093,0.05290624359224114
AgSi_framework_neighbor,AgSi_framework_neighbor_p_acq_v17_01,AgSi,framework_neighbor,plus,368645,C,framework_outside_shell,1.37891936,0.70469712,-0.20537015,1.390132723286165,0.6994693103609914,-0.20969157617441617,0.011213363286165068,-0.005227809639008596,-0.004321426174416165,0.002819882115231066,0.0022795130956365746,0.013105122433237889
AgSi_framework_neighbor,AgSi_framework_neighbor_p_acq_v17_01,AgSi,framework_neighbor,plus,368823,Ti,framework_outside_shell,-0.01365045,2.4975139,1.66690575,7.916610148830938e-05,2.524137445728343,1.6585416224286265,0.013729616101488309,0.026623545728343245,-0.008364127571373503,0.00569601122840357,0.007803553135582798,0.031101031742912344
AgSi_framework_neighbor,AgSi_framework_neighbor_p_acq_v17_01,AgSi,framework_neighbor,plus,368827,Ti,framework_outside_shell,-2.40429927,0.42614249,-0.9544804,-2.4572886774624076,0.48960360197193703,-0.9137407430732257,-0.052989407462407545,0.06346111197193705,0.04073965692677428,0.01718440254814809,0.016473180408031772,0.09216783431568223
AgSi_framework_neighbor,AgSi_framework_neighbor_p_acq_v17_01,AgSi,framework_neighbor,plus,368829,C,framework_outside_shell,0.85906152,0.25998458,0.32744664,0.894915925580591,0.22300770631858177,0.37405584667547187,0.03585440558059094,-0.03697687368141825,0.04660920667547186,0.015072873403850363,0.01767436881727564,0.06946398875464843
AgSi_framework_neighbor,AgSi_framework_neighbor_p_acq_v17_01,AgSi,framework_neighbor,plus,368832,Ti,framework_outside_shell,0.46976125,0.31704404,0.04345391,0.4773898823567838,0.31122071700869575,0.025539932341102134,0.007628632356783793,-0.0058233229913042805,-0.017913977658897864,0.0019094173266470443,0.00840857022469976,0.020322837347661705
AgSi_framework_neighbor,AgSi_framework_neighbor_p_acq_v17_01,AgSi,framework_neighbor,plus,368833,Ti,framework_neighbor_shell_nonAg_within_3p5A,0.01116955,-1.06951571,1.90306151,0.009317216675246709,-1.0708604606108971,1.869565637640663,-0.0018523333247532914,-0.0013447506108972274,-0.03349587235933682,0.07417671783230838,0.0736772436513419,0.03357399228665671
AgSi_framework_neighbor,AgSi_framework_neighbor_p_acq_v17_01,AgSi,framework_neighbor,plus,368838,C,framework_outside_shell,1.47731878,-0.95681263,-0.87005972,1.4524609491103402,-0.9644680067416715,-0.8670033535203578,-0.02485783088965987,-0.0076553767416714935,0.0030563664796421364,0.0006838886899927258,0.0002418902382115381,0.02618888935510121
AgSi_framework_neighbor,AgSi_framework_neighbor_p_acq_v17_01,AgSi,framework_neighbor,plus,368841,C,framework_outside_shell,1.33409997,0.38526159,0.94594066,1.340126805234664,0.3706174382919003,0.9726107948612404,0.006026835234663963,-0.014644151708099684,0.02667013486124037,0.00166962452865901,0.006448555107045092,0.031017253516589356
AgSi_framework_neighbor,AgSi_framework_neighbor_p_acq_v17_01,AgSi,framework_neighbor,plus,368844,Ti,framework_outside_shell,-1.25981901,-1.67899231,-0.30016905,-1.270605945173752,-1.6451823047283436,-0.3152767016522593,-0.010786935173751955,0.03381000527165634,-0.015107651652259302,0.006019868518655501,0.005312751549971804,0.03857091605547073
AgSi_framework_neighbor,AgSi_framework_neighbor_p_acq_v17_01,AgSi,framework_neighbor,plus,369024,C,framework_outside_shell,2.15638813,-1.00674667,-2.03507203,2.132162364094435,-1.0220304037452215,-2.0474942921354007,-0.02422576590556469,-0.015283733745221406,-0.012422262135400874,0.02818152747673392,0.02406256825942949,0.031221672720510255
AgSi_framework_neighbor,AgSi_framework_neighbor_p_acq_v17_01,AgSi,framework_neighbor,plus,369026,C,framework_outside_shell,1.19032883,0.70084903,-0.08050173,1.1921797902279703,0.6997026377430884,-0.03521702963021392,0.0018509602279703774,-0.0011463922569115992,0.045284700369786074,0.011076958044192429,0.017039955919656295,0.04533700868554892
AgSi_framework_neighbor,AgSi_framework_neighbor_p_acq_v17_01,AgSi,framework_neighbor,plus,369031,Ti,framework_outside_shell,-0.08968264,0.9457542,-1.98389125,-0.09734285107747764,0.9365272486700225,-1.9937331653615766,-0.007660211077477649,-0.009226951329977529,-0.009841915361576525,0.005650325087683025,0.0093896122942274,0.015513824885621256
AgSi_framework_neighbor,AgSi_framework_neighbor_p_acq_v17_01,AgSi,framework_neighbor,plus,369042,Ti,framework_outside_shell,0.79878999,-0.11867369,-0.76336854,0.8135965880551803,-0.1301384295012059,-0.7481302153240423,0.014806598055180364,-0.011464739501205912,0.015238324675957649,0.006401315024289879,0.004695866062569179,0.02414295211294762
AgSi_framework_neighbor,AgSi_framework_neighbor_p_acq_v17_01,AgSi,framework_neighbor,plus,683609,Ag,marked_pair_other_member,-0.49030668,1.01996046,-0.87054818,-0.49372601469500527,1.0233864859344854,-0.8513213456863536,-0.0034193346950052717,0.003426025934485377,0.019226834313646357,0.06487786073440924,0.0574132587526514,0.019826766281586167
AgSi_framework_neighbor,AgSi_framework_neighbor_p_acq_v17_01,AgSi,framework_neighbor,plus,685172,Ag,other_Ag,1.09209214,-0.27416763,-1.63781469,1.0634390425081004,-0.31233694104394305,-1.606511457388251,-0.028653097491899704,-0.038169311043943055,0.03130323261174883,0.08200222725069975,0.08454425660040865,0.05707704156133916
AgSi_framework_neighbor,AgSi_framework_neighbor_p_acq_v17_01,AgSi,framework_neighbor,plus,696217,Ag,other_Ag,-0.07827974,0.02276966,0.35357962,-0.07489225545378525,0.01149148686039806,0.35184077156899796,0.00338748454621475,-0.01127817313960194,-0.001738848431002027,0.0006904830504798866,0.0008661963376771179,0.011903605957174516
AgSi_framework_neighbor,AgSi_framework_neighbor_p_acq_v17_01,AgSi,framework_neighbor,plus,700029,Ag,other_Ag,-0.35530539,-0.09341544,0.44900719,-0.3408042753401849,-0.08644409199682172,0.4372592331424766,0.014501114659815073,0.006971348003178279,-0.01174795685752339,0.001146761091335073,0.0002773220570229391,0.019922261660884594
AgSi_framework_neighbor,AgSi_framework_neighbor_p_acq_v17_01,AgSi,framework_neighbor,plus,701518,Ag,other_Ag,0.04607132,-0.10152833,0.22018806,0.04342510981975922,-0.11313358982661534,0.22605050999509502,-0.0026462101802407767,-0.011605259826615338,0.005862449995095026,0.003069463026736108,0.0016398693529322793,0.013268489134270393
AgSi_framework_neighbor,AgSi_framework_neighbor_p_acq_v17_01,AgSi,framework_neighbor,plus,703887,Ag,other_Ag,0.17346426,-1.10818602,0.48245563,0.18162845778479336,-1.0831026238851609,0.4835673985970439,0.008164197784793353,0.025083396114839118,0.0011117685970438718,0.0010208146998844081,0.0003297069729267634,0.026402024837813554
AgSi_framework_neighbor,AgSi_framework_neighbor_p_acq_v17_01,AgSi,framework_neighbor,plus,707313,Ag,other_Ag,-0.17786158,0.0840798,1.59090275,-0.18510065962850272,0.06357520465962457,1.5840586616235424,-0.0072390796285027315,-0.020504595340375423,-0.006844088376457558,0.0017656181994983864,0.000578361158762571,0.022796584166166436
AgSi_framework_neighbor,AgSi_framework_neighbor_p_acq_v17_01,AgSi,framework_neighbor,plus,710704,Ag,other_Ag,1.13308713,-0.46822173,0.32561371,1.122666046502928,-0.4789598067620656,0.3078457045197681,-0.010421083497072159,-0.010738076762065618,-0.017768005480231885,0.002229842895654323,0.00270630236482122,0.023229448821410155
AgSi_framework_neighbor,AgSi_framework_neighbor_p_acq_v17_01,AgSi,framework_neighbor,plus,714846,Ag,other_Ag,-0.51013841,-0.27788967,-0.02420743,-0.5185924996007955,-0.2894314174046302,-0.015483744593397963,-0.008454089600795411,-0.01154174740463021,0.008723685406602035,0.0014003151835925605,0.00022685052547585574,0.01675667780927731
AgSi_framework_neighbor,AgSi_framework_neighbor_p_acq_v17_01,AgSi,framework_neighbor,plus,729574,Ag,other_Ag,0.04151852,-0.45885112,0.09818074,0.04260914209523514,-0.46961867567665205,0.08346141677662769,0.0010906220952351386,-0.010767555676652052,-0.014719323223372313,0.0007829208021888323,0.0003476827886835011,0.018269871043839484
AgSi_framework_neighbor,AgSi_framework_neighbor_p_acq_v17_01,AgSi,framework_neighbor,plus,730721,Ag,other_Ag,-0.44800435,-0.15223021,0.05145204,-0.4438949013868363,-0.15601656481660958,0.05136887743820026,0.004109448613163702,-0.0037863548166095773,-8.316256179973641e-05,0.0008315839830708735,0.0026019083310908956,0.005588467295527524
AgSi_framework_neighbor,AgSi_framework_neighbor_p_acq_v17_01,AgSi,framework_neighbor,plus,735549,Ag,other_Ag,-0.69341676,-0.34955559,0.94998715,-0.7148410248718534,-0.3385872266425078,0.9328374228765982,-0.02142426487185345,0.010968363357492239,-0.017149727123401792,0.0032641895443893034,0.0026529300997254336,0.029553633625130686
AgSi_framework_neighbor,AgSi_framework_neighbor_p_acq_v17_01,AgSi,framework_neighbor,plus,737082,Ag,other_Ag,0.1744317,0.31328221,0.00274476,0.18340219983851425,0.3348217909485671,-0.0020255774659435205,0.008970499838514251,0.021539580948567116,-0.004770337465943521,0.0014414125256497572,0.0009943721654220741,0.023815531367820542
AgSi_framework_neighbor,AgSi_framework_neighbor_p_acq_v17_01,AgSi,framework_neighbor,plus,737200,Ag,other_Ag,-0.30402176,-0.68854905,-0.08258243,-0.3108413654109199,-0.6891533717487288,-0.07710728986196079,-0.006819605410919916,-0.0006043217487288199,0.005475140138039208,0.0017955243961027126,0.00044052872377490983,0.00876637794461332
AgSi_framework_neighbor,AgSi_framework_neighbor_p_acq_v17_01,AgSi,framework_neighbor,plus,744883,Ag,other_Ag,-0.0797945,-0.42297614,0.19972773,-0.0579264402317972,-0.42506483503601855,0.20213617414709387,0.021868059768202802,-0.0020886950360185508,0.0024084441470938744,0.0009088503859271814,0.0004983301715942377,0.02209921465095195
AgSi_framework_neighbor,AgSi_framework_neighbor_p_acq_v17_01,AgSi,framework_neighbor,plus,752169,Ag,other_Ag,-0.43749024,0.13274161,0.01503838,-0.42974615452875975,0.12491044383784679,0.01175152418344106,0.007744085471240225,-0.007831166162153222,-0.0032868558165589402,0.0025462417738698635,0.002862336810916436,0.011493539246201534
AgSi_framework_neighbor,AgSi_framework_neighbor_p_acq_v17_01,AgSi,framework_neighbor,plus,755982,Ag,other_Ag,-0.61764554,-0.08938857,-0.38351154,-0.6078910549836622,-0.07993972962557878,-0.38003131784862,0.0097544850163378,0.009448840374421216,0.003480222151379997,0.0016394736779222522,0.0012334112407607588,0.014019361917655423
AgSi_framework_neighbor,AgSi_framework_neighbor_m_acq_v17_01,AgSi,framework_neighbor,minus,365143,C,framework_outside_shell,-2.24806172,-0.55667389,-0.48991885,-2.2047766787639165,-0.54732503228368,-0.49203064904247606,0.043285041236083455,0.009348857716319992,-0.002111799042476048,0.005541292405089284,0.0016089572819127998,0.04433345949286209
AgSi_framework_neighbor,AgSi_framework_neighbor_m_acq_v17_01,AgSi,framework_neighbor,minus,365320,Ti,framework_outside_shell,-4.04258481,-0.31936925,-2.56000174,-4.060484102042646,-0.35980462529341267,-2.5713233944704257,-0.017899292042645953,-0.04043537529341268,-0.011321654470425546,0.002118970842342956,0.0020493608360548235,0.04564629328537821
AgSi_framework_neighbor,AgSi_framework_neighbor_m_acq_v17_01,AgSi,framework_neighbor,minus,366772,C,framework_outside_shell,1.21008866,1.34466945,1.33617499,1.193035435396265,1.3401788631250118,1.325793005061604,-0.01705322460373493,-0.004490586874988267,-0.010381984938395927,0.001957789536620144,0.003182989174408056,0.020463710590416566
AgSi_framework_neighbor,AgSi_framework_neighbor_m_acq_v17_01,AgSi,framework_neighbor,minus,366778,C,framework_outside_shell,-1.11149365,0.75673591,0.28232278,-1.1097502766565384,0.7494317290959952,0.29121975094322916,0.0017433733434617515,-0.007304180904004753,0.008896970943229165,0.0030930475800735545,0.003106033579621806,0.011642443955535486
AgSi_framework_neighbor,AgSi_framework_neighbor_m_acq_v17_01,AgSi,framework_neighbor,minus,366929,Si,framework_neighbor_shell_nonAg_within_3p5A,0.80905101,0.93493547,-0.6107521,0.8602892219963945,0.9630001039452396,-0.6481410679380188,0.051238211996394445,0.028064633945239614,-0.037388967938018824,0.017859842321633224,0.008435141114197981,0.069360745170002
AgSi_framework_neighbor,AgSi_framework_neighbor_m_acq_v17_01,AgSi,framework_neighbor,minus,366931,C,framework_outside_shell,-1.50022252,1.22082664,1.21983031,-1.4981122269840434,1.2284889708378552,1.1877995174383766,0.0021102930159564437,0.007662330837855169,-0.032030792561623445,0.004357763146787634,0.009454574367154958,0.03300206542941961
AgSi_framework_neighbor,AgSi_framework_neighbor_m_acq_v17_01,AgSi,framework_neighbor,minus,366933,Si,framework_neighbor_shell_nonAg_within_3p5A,0.32099757,0.72222015,1.34157935,0.3701549165772542,0.7270135345135601,1.3866724013948741,0.04915734657725418,0.0047933845135601505,0.045093051394874184,0.004072136496791302,0.007523684720283667,0.06687902916245037
AgSi_framework_neighbor,AgSi_framework_neighbor_m_acq_v17_01,AgSi,framework_neighbor,minus,366934,Si,moved_atoms,-1.07662183,-0.58562132,0.16946011,-1.1360931011342845,-0.564508296851787,0.21831091690483562,-0.05947127113428463,0.02111302314821295,0.04885080690483562,0.17053077846181916,0.23104958833953979,0.07980597203241188
AgSi_framework_neighbor,AgSi_framework_neighbor_m_acq_v17_01,AgSi,framework_neighbor,minus,366935,Ti,framework_neighbor_shell_nonAg_within_3p5A,2.21704732,-2.27708066,0.53272085,2.1627665404627647,-2.302009840706069,0.5497647825395351,-0.05428077953723509,-0.024929180706068976,0.017043932539535067,0.06502313326084956,0.07276221059989758,0.06211572034725174
AgSi_framework_neighbor,AgSi_framework_neighbor_m_acq_v17_01,AgSi,framework_neighbor,minus,366936,Si,framework_neighbor_shell_nonAg_within_3p5A,-0.26603403,-0.23129482,-0.76242385,-0.24759363312650157,-0.2262695168595204,-0.7622157467831757,0.01844039687349841,0.005025303140479609,0.00020810321682429578,0.07184382791305802,0.09832643449062,0.01911400574067866
AgSi_framework_neighbor,AgSi_framework_neighbor_m_acq_v17_01,AgSi,framework_neighbor,minus,367109,C,framework_outside_shell,-0.09630193,1.81786206,2.86221966,-0.07911607420680594,1.8144090494606449,2.883890572518488,0.017185855793194052,-0.0034530105393550947,0.02167091251848774,0.00776085392359008,0.01753734583887912,0.02787302227088601
AgSi_framework_neighbor,AgSi_framework_neighbor_m_acq_v17_01,AgSi,framework_neighbor,minus,367110,Si,framework_outside_shell,-0.13987846,0.11766544,-0.51457771,-0.14665965470168682,0.1478573262030801,-0.5441249791666546,-0.00678119470168681,0.030191886203080096,-0.02954726916665462,0.007142048532269991,0.003964289132837612,0.04278522769939015
AgSi_framework_neighbor,AgSi_framework_neighbor_m_acq_v17_01,AgSi,framework_neighbor,minus,367111,C,framework_neighbor_shell_nonAg_within_3p5A,0.13999716,0.03004893,1.02766747,0.16943124222342332,0.05854462602175228,1.0262617256470863,0.029434082223423308,0.02849569602175228,-0.0014057443529136293,0.008865340057211542,0.014721708886778623,0.04099202367882197
AgSi_framework_neighbor,AgSi_framework_neighbor_m_acq_v17_01,AgSi,framework_neighbor,minus,367112,Ti,framework_outside_shell,0.98978227,0.43183369,-2.96052381,1.01204773888709,0.4338721851762825,-2.9464194983368373,0.022265468887090134,0.0020384951762825176,0.01410431166316295,0.002293164520090001,0.002075202078254494,0.02643554756076258
AgSi_framework_neighbor,AgSi_framework_neighbor_m_acq_v17_01,AgSi,framework_neighbor,minus,367113,Ti,framework_outside_shell,0.03763591,0.79204521,0.47634734,0.04627365374525849,0.7957607958224754,0.4831723705578377,0.00863774374525849,0.0037155858224753313,0.006825030557837675,0.004030373761848895,0.001895704593350699,0.011618831142948498
AgSi_framework_neighbor,AgSi_framework_neighbor_m_acq_v17_01,AgSi,framework_neighbor,minus,367115,Si,framework_outside_shell,-0.25214495,0.46284209,-1.09576425,-0.25727713794122076,0.47791280470820846,-1.126918182818875,-0.005132187941220778,0.015070714708208477,-0.03115393281887502,0.0012146177939170533,0.0025558016351096826,0.03498618763116669
AgSi_framework_neighbor,AgSi_framework_neighbor_m_acq_v17_01,AgSi,framework_neighbor,minus,367117,Ti,framework_neighbor_shell_nonAg_within_3p5A,1.1228118,0.00757264,2.3167261,1.115323256353006,-0.03794854533854647,2.280337446279349,-0.007488543646994028,-0.04552118533854647,-0.03638865372065103,0.008503070370277796,0.006417440486411747,0.058757048259597607
AgSi_framework_neighbor,AgSi_framework_neighbor_m_acq_v17_01,AgSi,framework_neighbor,minus,367118,Si,framework_neighbor_shell_nonAg_within_3p5A,0.79358812,0.2556624,0.22681634,0.7894840790441975,0.2324970906344618,0.21471050117812063,-0.004104040955802524,-0.023165309365538206,-0.012105838821879378,0.015422549739018526,0.0027417456897321224,0.02645800528666737
AgSi_framework_neighbor,AgSi_framework_neighbor_m_acq_v17_01,AgSi,framework_neighbor,minus,367120,Si,framework_outside_shell,-0.32299989,-1.42028458,-0.12428756,-0.32783833605741,-1.4138171606280494,-0.11212785377159201,-0.004838446057409962,0.0064674193719505,0.012159706228407993,0.0019257306922049826,0.0015906710234839835,0.014597826178727118
AgSi_framework_neighbor,AgSi_framework_neighbor_m_acq_v17_01,AgSi,framework_neighbor,minus,367121,Ti,framework_outside_shell,0.07517843,-2.27547757,-0.30895595,0.0914605938237391,-2.2876334076951714,-0.3092301966624227,0.016282163823739093,-0.012155837695171368,-0.0002742466624227058,0.004930449492307927,0.004917622161531752,0.020321133336659084
AgSi_framework_neighbor,AgSi_framework_neighbor_m_acq_v17_01,AgSi,framework_neighbor,minus,367122,C,framework_outside_shell,-1.36831195,0.12465482,-1.75510412,-1.400659182044898,0.161475801627266,-1.783138919017401,-0.03234723204489787,0.03682098162726599,-0.028034799017401024,0.0036518352044280318,0.0020161350417694825,0.056463068149968584
AgSi_framework_neighbor,AgSi_framework_neighbor_m_acq_v17_01,AgSi,framework_neighbor,minus,368645,C,framework_outside_shell,1.38338682,0.70694413,-0.20724399,1.3946390753435696,0.7006373352084375,-0.20856332446186712,0.011252255343569662,-0.006306794791562487,-0.0013193344618671332,0.002529066542797859,0.0025106608235994712,0.012966478098621921
AgSi_framework_neighbor,AgSi_framework_neighbor_m_acq_v17_01,AgSi,framework_neighbor,minus,368823,Ti,framework_outside_shell,-0.002768,2.49496697,1.66775145,0.010922017138650403,2.5345769920322674,1.6591040875634713,0.013690017138650402,0.03961002203226727,-0.008647362436528638,0.005512970512482358,0.007261951283579865,0.04279190684886485
AgSi_framework_neighbor,AgSi_framework_neighbor_m_acq_v17_01,AgSi,framework_neighbor,minus,368827,Ti,framework_outside_shell,-2.40437473,0.39544248,-0.97003042,-2.4768959438925204,0.4658852263105667,-0.926771305844322,-0.07252121389252064,0.07044274631056674,0.04325911415567796,0.017284634982657275,0.016948430416099426,0.10996753125242728
AgSi_framework_neighbor,AgSi_framework_neighbor_m_acq_v17_01,AgSi,framework_neighbor,minus,368829,C,framework_outside_shell,0.86657754,0.26725337,0.35482622,0.9145274772238027,0.2360281343629512,0.3993992538645472,0.0479499372238027,-0.031225235637048793,0.044573033864547196,0.014242429435156077,0.016917016818798578,0.07253252489915067
AgSi_framework_neighbor,AgSi_framework_neighbor_m_acq_v17_01,AgSi,framework_neighbor,minus,368832,Ti,framework_outside_shell,0.47259965,0.31610189,0.04133847,0.47022183343077945,0.32578383595530125,0.02259099195950376,-0.0023778165692205366,0.009681945955301252,-0.018747478040496243,0.0017788145244516035,0.008090536662248723,0.021233511767889995
AgSi_framework_neighbor,AgSi_framework_neighbor_m_acq_v17_01,AgSi,framework_neighbor,minus,368833,Ti,framework_neighbor_shell_nonAg_within_3p5A,0.1436734,-1.06174829,1.88380928,0.14624547325492643,-1.089213297049724,1.8483588774351896,0.0025720732549264214,-0.02746500704972399,-0.03545040256481036,0.059963227811255314,0.06612830905951884,0.044918517507562615
AgSi_framework_neighbor,AgSi_framework_neighbor_m_acq_v17_01,AgSi,framework_neighbor,minus,368838,C,framework_outside_shell,1.47626068,-0.95615007,-0.8695808,1.4525807272039648,-0.9645445954668933,-0.8665189773267288,-0.023679952796035186,-0.008394525466893343,0.003061822673271264,0.0006536407951620877,0.00026369532655124556,0.02530974081888895
AgSi_framework_neighbor,AgSi_framework_neighbor_m_acq_v17_01,AgSi,framework_neighbor,minus,368841,C,framework_outside_shell,1.33154238,0.38313658,0.94530252,1.347853321533752,0.36044161643431843,0.9724077787259054,0.01631094153375212,-0.02269496356568157,0.027105258725905412,0.0017190245949667,0.006330658327593316,0.03893331780831638
AgSi_framework_neighbor,AgSi_framework_neighbor_m_acq_v17_01,AgSi,framework_neighbor,minus,368844,Ti,framework_outside_shell,-1.25232831,-1.67249594,-0.29434192,-1.2624928547849439,-1.6390158248861006,-0.3178447974052156,-0.010164544784943885,0.033480115113899256,-0.023502877405215616,0.005489757543179871,0.005197073114532893,0.04214998606227136
AgSi_framework_neighbor,AgSi_framework_neighbor_m_acq_v17_01,AgSi,framework_neighbor,minus,369024,C,framework_outside_shell,2.16338554,-0.95787771,-2.06018438,2.146158707163617,-0.9826009216281042,-2.069939406465208,-0.017226832836383377,-0.024723211628104202,-0.009755026465207983,0.027206856158771813,0.023417871654323266,0.03167272492409884
AgSi_framework_neighbor,AgSi_framework_neighbor_m_acq_v17_01,AgSi,framework_neighbor,minus,369026,C,framework_outside_shell,1.19521121,0.68417039,-0.093959,1.2050446602514335,0.6780697741608881,-0.057568334410114635,0.009833450251433451,-0.0061006158391119225,0.036390665589885365,0.01090727417752488,0.016623410835163947,0.038186316915077144
AgSi_framework_neighbor,AgSi_framework_neighbor_m_acq_v17_01,AgSi,framework_neighbor,minus,369031,Ti,framework_outside_shell,-0.0816591,0.95384897,-1.98257427,-0.09980401947792315,0.9405789835029332,-1.9762681351213673,-0.018144919477923155,-0.013269986497066788,0.00630613487863263,0.005841781390843052,0.008707657543191888,0.02334733350085523
AgSi_framework_neighbor,AgSi_framework_neighbor_m_acq_v17_01,AgSi,framework_neighbor,minus,369042,Ti,framework_outside_shell,0.79732617,-0.11095128,-0.75405613,0.8075457049999772,-0.12404926833626048,-0.7447667737797613,0.010219534999977298,-0.013097988336260483,0.009289356220238743,0.005788104519391474,0.0045255063826649435,0.019033873306793465
AgSi_framework_neighbor,AgSi_framework_neighbor_m_acq_v17_01,AgSi,framework_neighbor,minus,683609,Ag,marked_pair_other_member,-0.52019109,1.14290695,-0.85449276,-0.5259137536479774,1.1310837540289573,-0.8376526070172079,-0.005722663647977466,-0.011823195971042644,0.016840152982792067,0.06269636008312914,0.05587420778325045,0.021357143879306578
AgSi_framework_neighbor,AgSi_framework_neighbor_m_acq_v17_01,AgSi,framework_neighbor,minus,685172,Ag,other_Ag,1.26969417,-0.27346433,-1.66609191,1.2432901579238735,-0.29202484142303686,-1.6472538105299206,-0.026404012076126415,-0.018560511423036885,0.018838099470079417,0.09784774080422537,0.10098488237966485,0.037370288059439934
AgSi_framework_neighbor,AgSi_framework_neighbor_m_acq_v17_01,AgSi,framework_neighbor,minus,696217,Ag,other_Ag,-0.07820528,0.02237503,0.35225598,-0.07615713682398531,0.010370253564939286,0.35260502451609915,0.002048143176014691,-0.012004776435060715,0.00034904451609912845,0.0006959341173559014,0.0009929706277917406,0.012183241760691752
AgSi_framework_neighbor,AgSi_framework_neighbor_m_acq_v17_01,AgSi,framework_neighbor,minus,700029,Ag,other_Ag,-0.35408644,-0.09452185,0.4474882,-0.34064648446422124,-0.08590161023580853,0.43722466561418294,0.013439955535778758,0.008620239764191476,-0.010263534385817064,0.0010957342953928145,0.00028884171576742674,0.018981071531520746
AgSi_framework_neighbor,AgSi_framework_neighbor_m_acq_v17_01,AgSi,framework_neighbor,minus,701518,Ag,other_Ag,0.05051604,-0.09867439,0.21804699,0.04500730531433142,-0.11018974761945721,0.2264031262854291,-0.005508734685668579,-0.011515357619457212,0.008356136285429111,0.002635002323224782,0.001721947404710687,0.015256953580638055
AgSi_framework_neighbor,AgSi_framework_neighbor_m_acq_v17_01,AgSi,framework_neighbor,minus,703887,Ag,other_Ag,0.17475739,-1.10987755,0.48271465,0.18140541848536287,-1.0827946060664726,0.48302829742333825,0.006648028485362861,0.027082943933527392,0.0003136474233382258,0.0011266826804827983,0.00033065984867383934,0.02788871652756632
AgSi_framework_neighbor,AgSi_framework_neighbor_m_acq_v17_01,AgSi,framework_neighbor,minus,707313,Ag,other_Ag,-0.17465938,0.08285192,1.58975853,-0.18590130268683802,0.06276678385313704,1.583786093351396,-0.011241922686838018,-0.020085136146862956,-0.005972436648603807,0.0018506658296948326,0.0005916715320798303,0.023779476849931962
AgSi_framework_neighbor,AgSi_framework_neighbor_m_acq_v17_01,AgSi,framework_neighbor,minus,710704,Ag,other_Ag,1.13074267,-0.46600454,0.32854847,1.125261049186676,-0.4764819230714824,0.3120592711003954,-0.005481620813324151,-0.010477383071482382,-0.016489198899604596,0.002133065184376658,0.0028311245480251088,0.020290820661530068
AgSi_framework_neighbor,AgSi_framework_neighbor_m_acq_v17_01,AgSi,framework_neighbor,minus,714846,Ag,other_Ag,-0.5120941,-0.27937072,-0.0253075,-0.5181841645892813,-0.28929069108185956,-0.015541337594793453,-0.006090064589281297,-0.009919971081859547,0.009766162405206547,0.0012890951046761804,0.0002090127431316336,0.015194493775424615
AgSi_framework_neighbor,AgSi_framework_neighbor_m_acq_v17_01,AgSi,framework_neighbor,minus,729574,Ag,other_Ag,0.04046346,-0.45876695,0.09932142,0.042221735833905705,-0.4693154909839874,0.08297746912394738,0.001758275833905705,-0.010548540983987387,-0.016343950876052615,0.000773318510576327,0.0003428344778646868,0.019531717308976685
AgSi_framework_neighbor,AgSi_framework_neighbor_m_acq_v17_01,AgSi,framework_neighbor,minus,730721,Ag,other_Ag,-0.44744153,-0.1510044,0.05125428,-0.44637753937670027,-0.15458556488000202,0.04722988591205167,0.0010639906232997043,-0.0035811648800020135,-0.00402439408794833,0.0005657817248727593,0.002432335636544101,0.005491135194050771
AgSi_framework_neighbor,AgSi_framework_neighbor_m_acq_v17_01,AgSi,framework_neighbor,minus,735549,Ag,other_Ag,-0.69733732,-0.34996312,0.95507016,-0.7187206486808725,-0.3405799708495091,0.9357491459973843,-0.02138332868087245,0.009383149150490933,-0.019321014002615655,0.003168315504538624,0.0025922803465043367,0.030308279653320003
AgSi_framework_neighbor,AgSi_framework_neighbor_m_acq_v17_01,AgSi,framework_neighbor,minus,737082,Ag,other_Ag,0.17206274,0.31296423,0.00140355,0.18341818671420873,0.33572868940108413,-0.00395344585968279,0.011355446714208739,0.022764459401084125,-0.00535699585968279,0.0012996072618295094,0.0011363863924361594,0.025997388071564036
AgSi_framework_neighbor,AgSi_framework_neighbor_m_acq_v17_01,AgSi,framework_neighbor,minus,737200,Ag,other_Ag,-0.3074336,-0.68966407,-0.08247585,-0.31090141529238635,-0.6886898104709263,-0.07637240476458414,-0.003467815292386378,0.0009742595290737066,0.006103445235415866,0.0017979223557762303,0.0004304351706228288,0.007087098720479374
AgSi_framework_neighbor,AgSi_framework_neighbor_m_acq_v17_01,AgSi,framework_neighbor,minus,744883,Ag,other_Ag,-0.08033591,-0.42129521,0.20030723,-0.05750565247187725,-0.4257688764473509,0.20156999889560923,0.022830257528122747,-0.004473666447350921,0.0012627688956092231,0.0009520235437215087,0.0004983116675929864,0.023298689567576046
AgSi_framework_neighbor,AgSi_framework_neighbor_m_acq_v17_01,AgSi,framework_neighbor,minus,752169,Ag,other_Ag,-0.43269789,0.13107409,0.01381232,-0.43296469507398366,0.12063447744267751,0.012016185326856943,-0.00026680507398368913,-0.010439612557322495,-0.0017961346731430565,0.002688784341128919,0.002496445357709447,0.010596357631685318
AgSi_framework_neighbor,AgSi_framework_neighbor_m_acq_v17_01,AgSi,framework_neighbor,minus,755982,Ag,other_Ag,-0.62007787,-0.09163802,-0.38300246,-0.6057835145887616,-0.07866527127708195,-0.3797579949699909,0.014294355411238469,0.012972748722918051,0.0032444650300090805,0.0017128539116340418,0.0012446321914560258,0.019574150285050083
AgTi_framework_neighbor,AgTi_framework_neighbor_p_acq_v17_01,AgTi,framework_neighbor,plus,478831,C,framework_outside_shell,-1.51227377,2.35327001,0.3795803,-1.471795048089994,2.3525495872785624,0.3679705472905167,0.04047872191000601,-0.0007204227214376857,-0.011609752709483279,0.0062250303196450096,0.0054440971258946915,0.04211688846936011
AgTi_framework_neighbor,AgTi_framework_neighbor_p_acq_v17_01,AgTi,framework_neighbor,plus,478840,Ti,framework_outside_shell,1.34334439,-0.81875843,4.01498282,1.329957731426277,-0.8206859523794762,4.033225668690866,-0.01338665857372301,-0.001927522379476132,0.018242848690865898,0.002715859099235057,0.0020373778982743073,0.022709458352207362
AgTi_framework_neighbor,AgTi_framework_neighbor_p_acq_v17_01,AgTi,framework_neighbor,plus,478841,Si,framework_outside_shell,-0.91359451,-0.90892283,1.30233167,-0.9048702350078207,-0.9175256964750509,1.3183478266063746,0.008724274992179315,-0.00860286647505093,0.016016156606374565,0.0038752985314681617,0.00047358035838289696,0.020165305803945453
AgTi_framework_neighbor,AgTi_framework_neighbor_p_acq_v17_01,AgTi,framework_neighbor,plus,478844,C,framework_outside_shell,-3.92125819,0.11941806,0.88311024,-3.9220623380925046,0.12177256450627436,0.8753779312224783,-0.0008041480925045086,0.002354504506274349,-0.007732308777521735,0.002960703179533655,0.001618821978444419,0.008122742434405052
AgTi_framework_neighbor,AgTi_framework_neighbor_p_acq_v17_01,AgTi,framework_neighbor,plus,479021,Ti,framework_neighbor_shell_nonAg_within_3p5A,0.54393707,-1.06267349,-1.60727797,0.5367047031539892,-0.9699026967409792,-1.6314413470570786,-0.007232366846010807,0.09277079325902093,-0.024163377057078606,0.019731228673364576,0.015819833218726688,0.09613842105477827
AgTi_framework_neighbor,AgTi_framework_neighbor_p_acq_v17_01,AgTi,framework_neighbor,plus,479027,Ti,moved_atoms,-1.23156245,4.1581858,0.9646046,-1.2208775703584496,4.124639086922273,0.9755780097507865,0.010684879641550404,-0.03354671307772694,0.010973409750786423,0.5349273712951058,0.5325190914748177,0.03687769424506376
AgTi_framework_neighbor,AgTi_framework_neighbor_p_acq_v17_01,AgTi,framework_neighbor,plus,479028,Ti,framework_neighbor_shell_nonAg_within_3p5A,0.09690972,0.26861285,-1.36248403,0.05846462684894704,0.28013979730698235,-1.348046210838868,-0.03844509315105296,0.011526947306982338,0.01443781916113207,0.01319185082617679,0.013605488149189398,0.04265379612344766
AgTi_framework_neighbor,AgTi_framework_neighbor_p_acq_v17_01,AgTi,framework_neighbor,plus,479030,C,framework_neighbor_shell_nonAg_within_3p5A,-0.84679791,-1.2254707,0.61380084,-0.8459452898059039,-1.2273634965656308,0.5780217222719998,0.0008526201940961542,-0.0018927965656307943,-0.03577911772800024,0.13110185162831606,0.1299844389444329,0.035839292758484305
AgTi_framework_neighbor,AgTi_framework_neighbor_p_acq_v17_01,AgTi,framework_neighbor,plus,479031,C,framework_outside_shell,3.48197689,-2.2961219,-0.89932495,3.4833345667001048,-2.3281270934783507,-0.8738521046878778,0.0013576767001048928,-0.03200519347835051,0.02547284531212224,0.00305125989501047,0.00204578665042898,0.04092727139578164
AgTi_framework_neighbor,AgTi_framework_neighbor_p_acq_v17_01,AgTi,framework_neighbor,plus,480798,C,framework_outside_shell,-1.11097112,0.60023495,2.22804185,-1.139900398640033,0.6089755529221091,2.2370329454848417,-0.028929278640032807,0.008740602922109098,0.008991095484841782,0.010634369944637184,0.01075711226432443,0.03153000317304429
AgTi_framework_neighbor,AgTi_framework_neighbor_p_acq_v17_01,AgTi,framework_neighbor,plus,480801,Ti,framework_outside_shell,4.2604265,-0.88845015,0.01400609,4.281186090739259,-0.9370327325457382,0.038217974437725774,0.02075959073925837,-0.04858258254573811,0.024211884437725775,0.013441804665363948,0.014497353120643515,0.05811577481631598
AgTi_framework_neighbor,AgTi_framework_neighbor_p_acq_v17_01,AgTi,framework_neighbor,plus,480802,C,framework_outside_shell,0.20964482,1.40721861,2.95229063,0.17408127841657905,1.451563597028565,2.9127524595478387,-0.035563541583420955,0.04434498702856504,-0.039538170452161125,0.0031995434473843162,0.0028686446014368184,0.0692424023790586
AgTi_framework_neighbor,AgTi_framework_neighbor_p_acq_v17_01,AgTi,framework_neighbor,plus,480805,C,framework_neighbor_shell_nonAg_within_3p5A,-1.71285982,-0.26965371,-0.50958475,-1.7228363382683538,-0.2812244880054723,-0.4763889287405055,-0.009976518268353773,-0.011570778005472293,0.03319582125949455,0.10158304012528517,0.12204574452794092,0.03654280188358616
AgTi_framework_neighbor,AgTi_framework_neighbor_p_acq_v17_01,AgTi,framework_neighbor,plus,480807,C,framework_outside_shell,0.95474723,0.51117296,-0.43670542,0.9427892847748847,0.48100001083799504,-0.4281823001601135,-0.011957945225115285,-0.03017294916200497,0.008523119839886517,0.01264595723126565,0.011486181773626604,0.033556562501914
AgTi_framework_neighbor,AgTi_framework_neighbor_p_acq_v17_01,AgTi,framework_neighbor,plus,480810,Ti,framework_neighbor_shell_nonAg_within_3p5A,-0.70457187,-0.27814917,-0.31514488,-0.6712929691168926,-0.2644298023402325,-0.37195287087760964,0.033278900883107365,0.0137193676597675,-0.056807990877609627,0.103426184838679,0.10882073834148356,0.06725216814737006
AgTi_framework_neighbor,AgTi_framework_neighbor_p_acq_v17_01,AgTi,framework_neighbor,plus,480811,Ti,framework_outside_shell,-0.01050608,0.44971715,-1.29690292,0.012640756649903488,0.42168294896468955,-1.3071867397800188,0.02314683664990349,-0.028034201035310458,-0.0102838197800188,0.007747820876943403,0.010826051396370445,0.03778160165812751
AgTi_framework_neighbor,AgTi_framework_neighbor_p_acq_v17_01,AgTi,framework_neighbor,plus,480812,Ti,framework_neighbor_shell_nonAg_within_3p5A,1.45274253,-0.16291026,0.06798426,1.4530490549581907,-0.16363616929938257,0.1207208092975307,0.00030652495819061265,-0.0007259092993825711,0.0527365492975307,0.029851590127385186,0.014217506274872168,0.052742435795778426
AgTi_framework_neighbor,AgTi_framework_neighbor_p_acq_v17_01,AgTi,framework_neighbor,plus,480813,C,framework_outside_shell,0.50141036,-0.79052527,0.95127728,0.49775479894977154,-0.7963490975863889,0.9462649173630711,-0.0036555610502285174,-0.0058238275863889966,-0.0050123626369289465,0.007293689192452628,0.0038803664040230907,0.008509046571268405
AgTi_framework_neighbor,AgTi_framework_neighbor_p_acq_v17_01,AgTi,framework_neighbor,plus,480974,C,framework_outside_shell,0.4060027,1.85069992,-3.66682669,0.3972675385088113,1.848743929872056,-3.6496277856131476,-0.008735161491188692,-0.0019559901279440073,0.017198904386852565,0.00212913413750759,0.0024524999976972594,0.01938894674204498
AgTi_framework_neighbor,AgTi_framework_neighbor_p_acq_v17_01,AgTi,framework_neighbor,plus,480975,C,framework_outside_shell,-0.07079537,1.73464391,-1.57860812,-0.0907693668142283,1.735702626124834,-1.5990564777836027,-0.019973996814228304,0.0010587161248341026,-0.020448357783602766,0.005477046241259965,0.006379475174295507,0.02860448853963332
AgTi_framework_neighbor,AgTi_framework_neighbor_p_acq_v17_01,AgTi,framework_neighbor,plus,480980,Ti,framework_neighbor_shell_nonAg_within_3p5A,2.24594417,-2.09603704,0.02291106,2.2654574143852466,-2.1218639820564777,0.0158398818930216,0.019513244385246598,-0.02582694205647762,-0.007071178106978399,0.021963988517138624,0.016669195466651097,0.03313305301730616
AgTi_framework_neighbor,AgTi_framework_neighbor_p_acq_v17_01,AgTi,framework_neighbor,plus,682693,Ag,other_Ag,0.23837968,-3.20727688,0.47456076,0.21930116516315143,-3.2220084919865135,0.47807548309404385,-0.01907851483684858,-0.014731611986513293,0.0035147230940438257,0.23200118184000043,0.2275734484452079,0.024359051675482742
AgTi_framework_neighbor,AgTi_framework_neighbor_p_acq_v17_01,AgTi,framework_neighbor,plus,685396,Ag,other_Ag,-0.38505063,-0.14828861,-0.15714865,-0.36961915651620797,-0.15686165138177086,-0.17458223959200941,0.015431473483792035,-0.008573041381770868,-0.017433589592009413,0.0020507760691504044,0.0004280867638238994,0.02481043043715992
AgTi_framework_neighbor,AgTi_framework_neighbor_p_acq_v17_01,AgTi,framework_neighbor,plus,685467,Ag,other_Ag,0.07418056,0.40179655,-0.18236775,0.07799916359363586,0.4042867600123369,-0.16371408473088914,0.0038186035936358526,0.002490210012336902,0.01865366526911086,0.004019508485735501,0.0009753964990802212,0.019202658859723158
AgTi_framework_neighbor,AgTi_framework_neighbor_p_acq_v17_01,AgTi,framework_neighbor,plus,686309,Ag,other_Ag,-0.12944221,-0.15656014,0.35302518,-0.12942590165770407,-0.15153980985675172,0.34409281612571185,1.6308342295934253e-05,0.005020330143248264,-0.00893236387428814,0.0020806845553807767,0.0021390776316453065,0.01024651672969519
AgTi_framework_neighbor,AgTi_framework_neighbor_p_acq_v17_01,AgTi,framework_neighbor,plus,686324,Ag,other_Ag,0.36789082,-0.10394805,0.24303678,0.3745817167762393,-0.0962340163283618,0.23945090849133385,0.006690896776239297,0.0077140336716381985,-0.0035858715086661552,0.0022612661181515043,0.003180835931240081,0.010822794908623234
AgTi_framework_neighbor,AgTi_framework_neighbor_p_acq_v17_01,AgTi,framework_neighbor,plus,686418,Ag,other_Ag,0.0774991,0.06661879,0.02295796,0.0650275620390496,0.07083906242216997,0.009999671998312453,-0.012471537960950407,0.004220272422169977,-0.012958288001687546,0.00238601606318985,0.004119373407974028,0.018473418372446256
AgTi_framework_neighbor,AgTi_framework_neighbor_p_acq_v17_01,AgTi,framework_neighbor,plus,686622,Ag,other_Ag,-0.38905918,0.18720152,0.17058743,-0.39429803149498155,0.16354500702925417,0.18323993324237925,-0.0052388514949815446,-0.023656512970745835,0.012652503242379237,0.0008562176501334253,0.0016467727901409769,0.027334264380442973
AgTi_framework_neighbor,AgTi_framework_neighbor_p_acq_v17_01,AgTi,framework_neighbor,plus,686899,Ag,other_Ag,-0.11950789,-0.00399178,-0.18276025,-0.12289440906319131,-0.012200498805964147,-0.1951785584517606,-0.003386519063191304,-0.008208718805964146,-0.01241830845176059,0.0014392702214664085,0.00030298679712174956,0.015266497980998002
AgTi_framework_neighbor,AgTi_framework_neighbor_p_acq_v17_01,AgTi,framework_neighbor,plus,687243,Ag,other_Ag,-0.28852164,0.3269878,-0.16491243,-0.2778537255033011,0.3379107574169048,-0.1512444514609826,0.010667914496698905,0.0109229574169048,0.013667978539017411,0.001370219237385059,0.0007813589067710126,0.020492170109176693
AgTi_framework_neighbor,AgTi_framework_neighbor_p_acq_v17_01,AgTi,framework_neighbor,plus,687247,Ag,marked_pair_other_member,0.45198695,0.17272647,-0.00431644,0.43429190992189737,0.18079157301629412,-0.0049247271310901425,-0.01769504007810263,0.008065103016294123,-0.0006082871310901421,0.1656593676711163,0.1625207275737037,0.019455856271645942
AgTi_framework_neighbor,AgTi_framework_neighbor_p_acq_v17_01,AgTi,framework_neighbor,plus,688096,Ag,other_Ag,-0.4861278,0.1816885,-0.21320346,-0.46274190514948665,0.20535615406245508,-0.22125315804932363,0.023385894850513345,0.02366765406245508,-0.008049698049323623,0.001932132693088134,0.0014423361253350165,0.034232375983337726
AgTi_framework_neighbor,AgTi_framework_neighbor_p_acq_v17_01,AgTi,framework_neighbor,plus,688280,Ag,other_Ag,-0.27406368,0.45209543,0.09998029,-0.29390736907873893,0.4512656843490239,0.1034293437262761,-0.019843689078738957,-0.0008297456509760992,0.0034490537262761023,0.0014275905978255385,0.0009445476162143234,0.020158284790768203
AgTi_framework_neighbor,AgTi_framework_neighbor_p_acq_v17_01,AgTi,framework_neighbor,plus,688689,Ag,other_Ag,-0.15043575,-0.12108815,-0.08412599,-0.1533804317554941,-0.12146543423326092,-0.10424623323962748,-0.0029446817554940885,-0.0003772842332609161,-0.02012024323962748,0.0005407919892158204,0.0011485744408311173,0.02033808452277604
AgTi_framework_neighbor,AgTi_framework_neighbor_p_acq_v17_01,AgTi,framework_neighbor,plus,688707,Ag,other_Ag,-0.11737859,-0.23543118,-0.05923662,-0.1092096360906798,-0.25118169226809384,-0.05392674681414293,0.008168953909320209,-0.015750512268093847,0.0053098731858570655,0.0012202608767800413,0.0002270244087054064,0.018520399507836124
AgTi_framework_neighbor,AgTi_framework_neighbor_p_acq_v17_01,AgTi,framework_neighbor,plus,689682,Ag,other_Ag,0.29662356,-0.29710312,-0.02963559,0.30929969409448027,-0.2834850641796747,-0.032996532842390805,0.012676134094480263,0.013618055820325325,-0.003360942842390805,0.001239007074112169,0.004476153969673665,0.018905865669060475
AgTi_framework_neighbor,AgTi_framework_neighbor_p_acq_v17_01,AgTi,framework_neighbor,plus,690927,Ag,other_Ag,0.00202639,-0.31743168,-0.22114736,0.009635946417898132,-0.3145166676524714,-0.22295212317368812,0.007609556417898133,0.0029150123475286116,-0.0018047631736881342,0.0010920652692948307,0.0026369994348236134,0.008346245621626516
AgTi_framework_neighbor,AgTi_framework_neighbor_p_acq_v17_01,AgTi,framework_neighbor,plus,691757,Ag,other_Ag,0.07324216,-0.33319134,-0.29913443,0.059680828055806594,-0.31570411722170966,-0.30491512043182684,-0.013561331944193407,0.017487222778290346,-0.005780690431826829,0.0021770977852177695,0.0013708883222519966,0.022872014919258242
AgTi_framework_neighbor,AgTi_framework_neighbor_p_acq_v17_01,AgTi,framework_neighbor,plus,694331,Ag,other_Ag,-0.20787683,0.23857081,-0.60230269,-0.2033581063753034,0.24985197568325623,-0.6208389406775764,0.004518723624696602,0.011281165683256239,-0.01853625067757636,0.0025744127966974726,0.0009200761038402876,0.022164750202775113
AgTi_framework_neighbor,AgTi_framework_neighbor_p_acq_v17_01,AgTi,framework_neighbor,plus,696686,Ag,other_Ag,-0.30033188,0.14189575,-0.42843752,-0.2955309348913055,0.13408898749962533,-0.4250921584306723,0.004800945108694499,-0.007806762500374653,0.0033453615693277428,0.0015557804493886913,0.0006637879758201996,0.009756334286169602
AgTi_framework_neighbor,AgTi_framework_neighbor_p_acq_v17_01,AgTi,framework_neighbor,plus,700223,Ag,other_Ag,-1.00680294,0.16710551,-0.29833931,-0.9874915372877296,0.16945488213187782,-0.28055498727748596,0.019311402712270387,0.0023493721318778027,0.017784322722514068,0.0033268992570259243,0.003856371416946882,0.026357768472085385
AgTi_framework_neighbor,AgTi_framework_neighbor_p_acq_v17_01,AgTi,framework_neighbor,plus,701905,Ag,other_Ag,0.16396928,-0.46926554,-0.89063364,0.17564852868579334,-0.45341707727136693,-0.8939018325572795,0.011679248685793342,0.01584846272863305,-0.0032681925572795034,0.0022787583318333612,0.0022919697973789502,0.019956445157315306
AgTi_framework_neighbor,AgTi_framework_neighbor_p_acq_v17_01,AgTi,framework_neighbor,plus,703736,Ag,other_Ag,-0.30437244,-0.55693703,0.33235596,-0.31196593784476284,-0.5377401343723758,0.3332432096843124,-0.00759349784476282,0.019196895627624277,0.0008872496843124189,0.0016879989609001325,0.0006147569293863605,0.020663233610900066
AgTi_framework_neighbor,AgTi_framework_neighbor_p_acq_v17_01,AgTi,framework_neighbor,plus,704767,Ag,other_Ag,-0.05373271,-0.09585991,-0.53859313,-0.06644792023686931,-0.09046444092569936,-0.5468351065893343,-0.012715210236869307,0.005395469074300649,-0.008241976589334343,0.006607424697936398,0.0038453567479468415,0.016084708141544134
AgTi_framework_neighbor,AgTi_framework_neighbor_p_acq_v17_01,AgTi,framework_neighbor,plus,716228,Ag,other_Ag,0.0929269,0.10113364,-0.84759105,0.09665783250688859,0.10076143506138466,-0.8351845561271216,0.003730932506888579,-0.0003722049386153392,0.012406493872878399,0.0003828055215119136,0.0036943421835903497,0.01296068995482327
AgTi_framework_neighbor,AgTi_framework_neighbor_p_acq_v17_01,AgTi,framework_neighbor,plus,720990,Ag,other_Ag,-0.15141495,-0.05388691,-0.58545256,-0.15750451329185533,-0.02282944865859518,-0.5738462633373703,-0.006089563291855338,0.031057461341404823,0.01160629666262969,0.00568611754250647,0.012174985190159152,0.033709862181256926
AgTi_framework_neighbor,AgTi_framework_neighbor_p_acq_v17_01,AgTi,framework_neighbor,plus,721910,Ag,other_Ag,-0.24153889,-0.16677655,0.89415835,-0.24874054428923578,-0.18816843103762942,0.9038857442065282,-0.007201654289235776,-0.02139188103762943,0.00972739420652824,0.0021920383321694104,0.0019194946975467262,0.024578417298088108
AgTi_framework_neighbor,AgTi_framework_neighbor_p_acq_v17_01,AgTi,framework_neighbor,plus,728014,Ag,other_Ag,-0.34752239,0.70705434,0.33490615,-0.3405713316451219,0.6916315730707702,0.3407745289477485,0.006951058354878137,-0.015422766929229836,0.005868378947748498,0.0007652515637357453,0.0014442878675549882,0.017905776260208447
AgTi_framework_neighbor,AgTi_framework_neighbor_p_acq_v17_01,AgTi,framework_neighbor,plus,741114,Ag,other_Ag,-0.34209476,0.46157532,0.1460531,-0.3395212464006542,0.45940463013372396,0.13638025307969673,0.0025735135993458225,-0.0021706898662760543,-0.009672846920303263,0.002463897892648981,0.004114835610813323,0.010242013194933492
AgTi_framework_neighbor,AgTi_framework_neighbor_m_acq_v17_01,AgTi,framework_neighbor,minus,478831,C,framework_outside_shell,-1.51734582,2.35554251,0.39031912,-1.4768096538079367,2.3484901330473757,0.37675443557351496,0.04053616619206335,-0.007052376952624062,-0.013564684426485063,0.005867338053802637,0.00545473237828101,0.04332340538118638
AgTi_framework_neighbor,AgTi_framework_neighbor_m_acq_v17_01,AgTi,framework_neighbor,minus,478840,Ti,framework_outside_shell,1.33969079,-0.81907677,4.01907892,1.3283391555720758,-0.8179822900686242,4.0358363696052395,-0.011351634427924084,0.0010944799313757914,0.016757449605239394,0.002785068125001974,0.0020560525113628835,0.020269918790600853
AgTi_framework_neighbor,AgTi_framework_neighbor_m_acq_v17_01,AgTi,framework_neighbor,minus,478841,Si,framework_outside_shell,-0.91477368,-0.91406913,1.30809709,-0.9052896402652764,-0.9181762548711265,1.3188458651215593,0.00948403973472367,-0.004107124871126522,0.010748775121559362,0.003942667527005094,0.000447058957951394,0.014911460391614798
AgTi_framework_neighbor,AgTi_framework_neighbor_m_acq_v17_01,AgTi,framework_neighbor,minus,478844,C,framework_outside_shell,-3.91678373,0.12162906,0.88688577,-3.9248965336874475,0.12225469768853822,0.8767927048577526,-0.008112803687447379,0.0006256376885382248,-0.010093065142247393,0.003299498451583032,0.0015879783730497186,0.012964527378737283
AgTi_framework_neighbor,AgTi_framework_neighbor_m_acq_v17_01,AgTi,framework_neighbor,minus,479021,Ti,framework_neighbor_shell_nonAg_within_3p5A,0.57087406,-1.03804089,-1.59139438,0.5312382899152176,-0.9625915799844249,-1.6007994537609003,-0.03963577008478236,0.07544931001557509,-0.009405073760900162,0.020124034131853225,0.01615974290946538,0.08574408472010218
AgTi_framework_neighbor,AgTi_framework_neighbor_m_acq_v17_01,AgTi,framework_neighbor,minus,479027,Ti,moved_atoms,-0.48271548,3.54127483,1.40343165,-0.4759766456643435,3.5377057889982444,1.4505788896764453,0.006738834335656474,-0.0035690410017554797,0.04714723967644541,0.5299413173025719,0.5281694072486314,0.04775994295415168
AgTi_framework_neighbor,AgTi_framework_neighbor_m_acq_v17_01,AgTi,framework_neighbor,minus,479028,Ti,framework_neighbor_shell_nonAg_within_3p5A,0.10395689,0.29041256,-1.34819531,0.05529730620928075,0.30570330140242047,-1.3534981038518872,-0.048659583790719246,0.015290741402420482,-0.005302793851887255,0.013814452523806366,0.012767429225067828,0.05128042014216865
AgTi_framework_neighbor,AgTi_framework_neighbor_m_acq_v17_01,AgTi,framework_neighbor,minus,479030,C,framework_neighbor_shell_nonAg_within_3p5A,-0.93371787,-1.04393803,0.43016279,-0.9361881376320773,-1.014810584447178,0.4323641703700891,-0.002470267632077361,0.029127445552822095,0.002201380370089101,0.14137072622456032,0.14308250244067927,0.029314780949898266
AgTi_framework_neighbor,AgTi_framework_neighbor_m_acq_v17_01,AgTi,framework_neighbor,minus,479031,C,framework_outside_shell,3.47980752,-2.30193844,-0.89782232,3.482224037981588,-2.328549890749944,-0.870160100249328,0.00241651798158804,-0.026611450749943977,0.027662219750671957,0.0033422529064537267,0.0018346866898945346,0.038460463747938586
AgTi_framework_neighbor,AgTi_framework_neighbor_m_acq_v17_01,AgTi,framework_neighbor,minus,480798,C,framework_outside_shell,-1.11796315,0.60916677,2.24506207,-1.1262797999211482,0.6248097988813013,2.2417943251389914,-0.008316649921148223,0.015643028881301313,-0.003267744861008559,0.009819548746479998,0.010667170487579262,0.018015248401529457
AgTi_framework_neighbor,AgTi_framework_neighbor_m_acq_v17_01,AgTi,framework_neighbor,minus,480801,Ti,framework_outside_shell,4.25996362,-0.9078744,-0.00474284,4.274321591280632,-0.9573024952628656,0.02040892971464038,0.01435797128063232,-0.04942809526286562,0.02515176971464038,0.013560898488352409,0.013374085523075951,0.05728786486149298
AgTi_framework_neighbor,AgTi_framework_neighbor_m_acq_v17_01,AgTi,framework_neighbor,minus,480802,C,framework_outside_shell,0.21169656,1.41289087,2.95026908,0.17297849234723275,1.45172119514497,2.9072024661078837,-0.03871806765276725,0.03883032514496998,-0.0430666138921163,0.0031625826114427837,0.002793036221039709,0.0697252905749483
AgTi_framework_neighbor,AgTi_framework_neighbor_m_acq_v17_01,AgTi,framework_neighbor,minus,480805,C,framework_neighbor_shell_nonAg_within_3p5A,-1.86864808,-0.39096615,-0.56394079,-1.8879398453304579,-0.4352697911387786,-0.579095832478676,-0.019291765330457844,-0.044303641138778604,-0.01515504247867605,0.10321327009212578,0.12606530408221645,0.050642473678223957
AgTi_framework_neighbor,AgTi_framework_neighbor_m_acq_v17_01,AgTi,framework_neighbor,minus,480807,C,framework_outside_shell,0.97438886,0.50535999,-0.45266298,0.956271558854566,0.4638944269066566,-0.4365869748079654,-0.018117301145433973,-0.04146556309334337,0.016076005192034615,0.013322871145792914,0.01186045325879273,0.04802153127896597
AgTi_framework_neighbor,AgTi_framework_neighbor_m_acq_v17_01,AgTi,framework_neighbor,minus,480810,Ti,framework_neighbor_shell_nonAg_within_3p5A,-0.87092604,-0.24648951,-0.43304581,-0.8509219335302782,-0.22630211364641373,-0.49026093856005376,0.020004106469721727,0.020187396353586268,-0.057215128560053785,0.10292318195970039,0.10963519322860964,0.0638847883563234
AgTi_framework_neighbor,AgTi_framework_neighbor_m_acq_v17_01,AgTi,framework_neighbor,minus,480811,Ti,framework_outside_shell,-0.01681881,0.45315926,-1.3126715,0.033252752676233746,0.4296678324472939,-1.3055718824820628,0.05007156267623375,-0.023491427552706112,0.007099617517937196,0.009632431101575582,0.011364730986692165,0.055762111923823736
AgTi_framework_neighbor,AgTi_framework_neighbor_m_acq_v17_01,AgTi,framework_neighbor,minus,480812,Ti,framework_neighbor_shell_nonAg_within_3p5A,1.39607951,-0.15800478,0.09462218,1.428411018673732,-0.17665058424797783,0.129108617074976,0.03233150867373191,-0.01864580424797782,0.034486437074976006,0.033016883751956355,0.015051576209852384,0.05081640297482486
AgTi_framework_neighbor,AgTi_framework_neighbor_m_acq_v17_01,AgTi,framework_neighbor,minus,480813,C,framework_outside_shell,0.51125731,-0.79446977,0.96193533,0.4934779780849532,-0.7957032429842231,0.9397245949338643,-0.01777933191504677,-0.0012334729842231607,-0.02221073506613569,0.007744719500801728,0.003968623942848759,0.028477058329930756
AgTi_framework_neighbor,AgTi_framework_neighbor_m_acq_v17_01,AgTi,framework_neighbor,minus,480974,C,framework_outside_shell,0.40722136,1.85109167,-3.66283581,0.39867588579498275,1.846504274531708,-3.645579680013383,-0.008545474205017223,-0.00458739546829201,0.01725612998661674,0.0020630567227784063,0.0023865370123797537,0.019795033434832444
AgTi_framework_neighbor,AgTi_framework_neighbor_m_acq_v17_01,AgTi,framework_neighbor,minus,480975,C,framework_outside_shell,-0.06285734,1.7286069,-1.57366958,-0.08329175950019349,1.74552142349576,-1.598068376784311,-0.020434419500193493,0.016914523495759948,-0.024398796784310894,0.00567866352842813,0.006016241029258923,0.0360411971210808
AgTi_framework_neighbor,AgTi_framework_neighbor_m_acq_v17_01,AgTi,framework_neighbor,minus,480980,Ti,framework_neighbor_shell_nonAg_within_3p5A,2.21702185,-2.06260689,0.02138659,2.250072196791582,-2.0909703733275204,0.017201347584637428,0.03305034679158192,-0.028363483327520367,-0.004185242415362573,0.02238567358304419,0.018054023754851385,0.04375304404941106
AgTi_framework_neighbor,AgTi_framework_neighbor_m_acq_v17_01,AgTi,framework_neighbor,minus,682693,Ag,other_Ag,0.23620341,-2.76396815,0.37801257,0.23097559019513528,-2.781321194507619,0.3932207459785755,-0.005227819804864725,-0.017353044507618876,0.015208175978575489,0.22174374175142933,0.2214275639168554,0.023658970184495733
AgTi_framework_neighbor,AgTi_framework_neighbor_m_acq_v17_01,AgTi,framework_neighbor,minus,685396,Ag,other_Ag,-0.38149432,-0.14829816,-0.15892324,-0.36878143705160804,-0.1570053854326561,-0.17487641315379848,0.012712882948391957,-0.00870722543265609,-0.01595317315379849,0.00192374910393742,0.0004717610479432282,0.02217965061198406
AgTi_framework_neighbor,AgTi_framework_neighbor_m_acq_v17_01,AgTi,framework_neighbor,minus,685467,Ag,other_Ag,0.07059841,0.39635839,-0.1780654,0.07643642652577066,0.4037656511001829,-0.16470994304099001,0.0058380165257706645,0.007407261100182916,0.013355456959009998,0.003786072948861402,0.0009633541400552956,0.016349868028379403
AgTi_framework_neighbor,AgTi_framework_neighbor_m_acq_v17_01,AgTi,framework_neighbor,minus,686309,Ag,other_Ag,-0.13052255,-0.16031387,0.35431179,-0.12934506175279856,-0.1550788074568314,0.3414309672191453,0.0011774882472014303,0.005235062543168606,-0.012880822780854728,0.0020346217218932742,0.002290183006815449,0.013953779198302178
AgTi_framework_neighbor,AgTi_framework_neighbor_m_acq_v17_01,AgTi,framework_neighbor,minus,686324,Ag,other_Ag,0.36697497,-0.101519,0.23959134,0.36948111670501804,-0.09660905512284186,0.2364449104836283,0.002506146705018031,0.004909944877158137,-0.0031464295163717015,0.0020528609905446607,0.002756613948551518,0.006347310352054579
AgTi_framework_neighbor,AgTi_framework_neighbor_m_acq_v17_01,AgTi,framework_neighbor,minus,686418,Ag,other_Ag,0.07443993,0.07038675,0.02262568,0.06246336525955918,0.07875510082812469,0.008666066657065657,-0.011976564740440822,0.00836835082812469,-0.013959613342934342,0.0024792270804224474,0.004308583004764474,0.020207379920434417
AgTi_framework_neighbor,AgTi_framework_neighbor_m_acq_v17_01,AgTi,framework_neighbor,minus,686622,Ag,other_Ag,-0.38849567,0.18675321,0.17212836,-0.39108166726598914,0.16477334314673314,0.1824491422298427,-0.002585997265989126,-0.02197986685326686,0.010320782229842701,0.0008650543503734171,0.001887274822729531,0.024419673924581373
AgTi_framework_neighbor,AgTi_framework_neighbor_m_acq_v17_01,AgTi,framework_neighbor,minus,686899,Ag,other_Ag,-0.1213289,-0.00582621,-0.18385476,-0.12317256336717763,-0.011758890674357855,-0.19545863755537943,-0.001843663367177631,-0.005932680674357855,-0.011603877555379422,0.0013683032536320383,0.00028957642937280505,0.013162285854501498
AgTi_framework_neighbor,AgTi_framework_neighbor_m_acq_v17_01,AgTi,framework_neighbor,minus,687243,Ag,other_Ag,-0.28600479,0.32777678,-0.16628398,-0.27911989711604973,0.33846592956068594,-0.15179442526050183,0.006884892883950278,0.010689149560685951,0.014489554739498173,0.0016163170610681281,0.0007067536248533604,0.019277107275291482
AgTi_framework_neighbor,AgTi_framework_neighbor_m_acq_v17_01,AgTi,framework_neighbor,minus,687247,Ag,marked_pair_other_member,0.14118682,0.1899633,-0.03545107,0.1295844309883428,0.18365203471414523,-0.02769435800609235,-0.011602389011657194,-0.006311265285854767,0.00775671199390765,0.1471802711869475,0.1430611993232577,0.015317117262810577
AgTi_framework_neighbor,AgTi_framework_neighbor_m_acq_v17_01,AgTi,framework_neighbor,minus,688096,Ag,other_Ag,-0.4838778,0.1848711,-0.21216183,-0.46449327116335376,0.20473459514583328,-0.223161677821132,0.019384528836646264,0.01986349514583327,-0.010999847821132003,0.002106673595742817,0.0012297354319184464,0.029854899928075038
AgTi_framework_neighbor,AgTi_framework_neighbor_m_acq_v17_01,AgTi,framework_neighbor,minus,688280,Ag,other_Ag,-0.27104316,0.45238406,0.09972894,-0.2948751755148958,0.451760958539423,0.10492661770849376,-0.023832015514895777,-0.0006231014605769802,0.005197677708493761,0.0016245756824475838,0.0009060595413769874,0.02440018591104951
AgTi_framework_neighbor,AgTi_framework_neighbor_m_acq_v17_01,AgTi,framework_neighbor,minus,688689,Ag,other_Ag,-0.15142303,-0.12123273,-0.08463571,-0.15184224629771936,-0.12322414305428697,-0.10373851638415899,-0.00041921629771937696,-0.001991413054286975,-0.019102806384158982,0.0005810739787668827,0.001248238362641171,0.01921090003117301
AgTi_framework_neighbor,AgTi_framework_neighbor_m_acq_v17_01,AgTi,framework_neighbor,minus,688707,Ag,other_Ag,-0.1191985,-0.2369035,-0.05905987,-0.10934707654423731,-0.251510992412544,-0.054263513521299434,0.00985142345576269,-0.014607492412543999,0.004796356478700567,0.0011276582996635072,0.00026560431875240973,0.01826018658606901
AgTi_framework_neighbor,AgTi_framework_neighbor_m_acq_v17_01,AgTi,framework_neighbor,minus,689682,Ag,other_Ag,0.2985257,-0.2958716,-0.03033893,0.3012380009733799,-0.28101373578154415,-0.03511399634770559,0.0027123009733798775,0.014857864218455863,-0.004775066347705588,0.0011377734448034806,0.004223815039484262,0.0158402640233444
AgTi_framework_neighbor,AgTi_framework_neighbor_m_acq_v17_01,AgTi,framework_neighbor,minus,690927,Ag,other_Ag,0.00347631,-0.31904052,-0.22168834,0.006939896441286245,-0.31697645772144184,-0.22643693032901735,0.003463586441286245,0.002064062278558154,-0.004748590329017338,0.001141155191899868,0.00241313112776806,0.006229437714502456
AgTi_framework_neighbor,AgTi_framework_neighbor_m_acq_v17_01,AgTi,framework_neighbor,minus,691757,Ag,other_Ag,0.07308938,-0.32905379,-0.2977639,0.060763162752273905,-0.3136672221603832,-0.303369698237799,-0.01232621724772609,0.015386567839616838,-0.005605798237798998,0.0021848130303071273,0.0014056893359481444,0.02049651373780872
AgTi_framework_neighbor,AgTi_framework_neighbor_m_acq_v17_01,AgTi,framework_neighbor,minus,694331,Ag,other_Ag,-0.21041835,0.2409273,-0.60617694,-0.20195138943630098,0.24928259828903346,-0.6218054099158146,0.008466960563699027,0.008355298289033447,-0.01562846991581457,0.0026239130403655146,0.000908262414712564,0.019640506678685273
AgTi_framework_neighbor,AgTi_framework_neighbor_m_acq_v17_01,AgTi,framework_neighbor,minus,696686,Ag,other_Ag,-0.29787415,0.14363478,-0.42885533,-0.296753084907277,0.13439127750867416,-0.4254809394839004,0.0011210650927230281,-0.009243502491325828,0.003374390516099557,0.0014859953640573346,0.0006539627418379721,0.0099038192938084
AgTi_framework_neighbor,AgTi_framework_neighbor_m_acq_v17_01,AgTi,framework_neighbor,minus,700223,Ag,other_Ag,-1.00926805,0.17134053,-0.30290195,-0.9849002651062346,0.17328584616617745,-0.28650598789282977,0.024367784893765343,0.0019453161661774632,0.016395962107170203,0.003370184236996532,0.003682010959823507,0.029434686494592924
AgTi_framework_neighbor,AgTi_framework_neighbor_m_acq_v17_01,AgTi,framework_neighbor,minus,701905,Ag,other_Ag,0.16697856,-0.47201687,-0.89268673,0.17442073774731068,-0.45526648519387913,-0.8971370280304475,0.00744217774731068,0.016750384806120844,-0.004450298030447497,0.0022905061469683974,0.0016795595618908212,0.018861774925374736
AgTi_framework_neighbor,AgTi_framework_neighbor_m_acq_v17_01,AgTi,framework_neighbor,minus,703736,Ag,other_Ag,-0.30659479,-0.55922156,0.33366831,-0.3121346061234328,-0.53884014133484,0.33366715694513066,-0.005539816123432795,0.020381418665159967,-1.1530548693627907e-06,0.001758793417857808,0.0005776081609642189,0.021120885180681056
AgTi_framework_neighbor,AgTi_framework_neighbor_m_acq_v17_01,AgTi,framework_neighbor,minus,704767,Ag,other_Ag,-0.05087692,-0.08576543,-0.54727769,-0.06216892872644107,-0.084953585133432,-0.5505043663108719,-0.011292008726441073,0.0008118448665680039,-0.003226676310871812,0.007013475200997058,0.004040131155067452,0.011772000389930995
AgTi_framework_neighbor,AgTi_framework_neighbor_m_acq_v17_01,AgTi,framework_neighbor,minus,716228,Ag,other_Ag,0.09297342,0.1011231,-0.8467799,0.08998057191793778,0.09896003102128731,-0.8334421857150935,-0.0029928480820622244,-0.0021630689787126844,0.013337714284906488,0.0004577806050937253,0.0034403851138897143,0.013839459143867265
AgTi_framework_neighbor,AgTi_framework_neighbor_m_acq_v17_01,AgTi,framework_neighbor,minus,720990,Ag,other_Ag,-0.15009877,-0.06456558,-0.58843791,-0.1421672325674267,-0.039471104279959465,-0.5821081209003857,0.007931537432573299,0.025094475720040532,0.006329789099614347,0.005482804497462966,0.01191772525364366,0.02706858377812943
AgTi_framework_neighbor,AgTi_framework_neighbor_m_acq_v17_01,AgTi,framework_neighbor,minus,721910,Ag,other_Ag,-0.24087806,-0.17075737,0.8921069,-0.24893414016838356,-0.18545165786624843,0.9069743008123716,-0.00805608016838355,-0.014694287866248434,0.01486740081237159,0.002337866941016927,0.0021984838989076694,0.022402279582473435
AgTi_framework_neighbor,AgTi_framework_neighbor_m_acq_v17_01,AgTi,framework_neighbor,minus,728014,Ag,other_Ag,-0.34667659,0.7070318,0.33355121,-0.3423276348358058,0.6929854297585847,0.3424534325066147,0.0043489551641942015,-0.014046370241415307,0.00890222250661471,0.000832711665223949,0.0013376065642208155,0.017189051560117168
AgTi_framework_neighbor,AgTi_framework_neighbor_m_acq_v17_01,AgTi,framework_neighbor,minus,741114,Ag,other_Ag,-0.34243357,0.46547338,0.14948795,-0.3358539364038012,0.465372390538786,0.14037743459532256,0.006579633596198842,-0.0001009894612140072,-0.009110515404677444,0.002742781914334403,0.003950526063257273,0.011238472675162306
