atom_id,type,ideal_x_A,ideal_y_A,ideal_z_A,final_x_A,final_y_A,final_z_A,shift_A
1,2,0.00000000,0.00000000,3.18865833,37.18346665,0.03407868,3.41857628,0.17140649
2,1,0.00000000,1.79392230,1.26781058,-0.00135831,1.79303473,1.62927941,0.00223114
3,3,1.55358229,0.89696115,0.00000000,1.30868701,0.83272949,0.17555300,0.31501726
4,1,0.00000000,1.79392230,5.10950608,0.07538623,1.83330807,5.14061827,0.34261349
5,1,-1.55358229,2.69088345,7.61560990,-1.35778370,2.65759307,7.55705488,0.46599804
6,1,0.00000000,0.00000000,16.46951304,37.21600214,0.07644733,16.77946666,0.11642302
7,1,1.55358229,0.89696115,13.96340922,1.44697083,0.98126477,14.44434881,0.17995219
8,3,-0.00000000,1.79392230,15.23121980,-0.01323659,1.85414404,15.62508116,0.06895124
9,2,-1.55358229,2.69088345,3.18865833,35.73469968,2.63158308,3.42276172,0.14190227
10,1,0.00000000,3.58784460,10.12171372,-0.41382083,3.45199724,10.45641536,0.43646649
11,3,-1.55358229,4.48480575,8.85390314,-1.57970140,5.09288533,9.06037967,0.62844462
12,3,-0.00000000,3.58784460,6.37731666,0.18231067,3.73059416,6.68239455,0.23868309
13,1,-1.55358229,2.69088345,16.46951304,-1.55358229,2.69088345,16.83251328,0.00000000
14,2,0.00000000,5.38176691,12.04256147,-0.09853867,5.46971783,12.63884320,0.26807738
15,3,-1.55358229,4.48480575,15.23121980,-1.56942698,4.47411541,15.62646046,0.03748042
16,1,-3.10716457,7.17568921,1.26781058,-3.10716457,7.17568921,1.63081082,0.00000000
17,3,-1.55358229,6.27872806,0.00000000,-1.57960605,6.23962278,0.36089404,0.04702016
18,1,-1.55358229,6.27872806,10.12171372,-1.55482218,6.43149993,10.64017231,0.21796349
19,1,-3.10716457,5.38176691,16.46951304,-2.88238071,5.42974276,17.11678995,0.36557173
20,2,-1.55358229,8.07265036,12.04256147,-1.59498397,8.01343804,12.58140036,0.19010373
21,1,-1.55358229,6.27872806,13.96340922,-1.62414513,6.30580251,14.42987331,0.12812848
22,3,-3.10716457,7.17568921,15.23121980,-3.07614632,7.17650176,15.62227767,0.04183328
23,2,-4.66074686,8.07265036,3.18865833,32.55450069,8.18393712,3.49558172,0.14328890
24,1,-4.66074686,9.86657266,1.26781058,-4.52899542,9.83653739,1.46223710,0.21605013
25,3,-3.10716457,8.96961151,0.00000000,-3.09501648,8.91326401,0.28770592,0.09482538
26,1,-4.66074686,9.86657266,5.10950608,-4.66074686,9.86657266,5.47250632,0.00000000
27,1,-6.21432914,10.76353381,7.61560990,30.95436874,10.71413057,7.79106984,0.22664054
28,3,-4.66074686,9.86657266,8.85390314,-4.65287915,9.81738451,9.18773052,0.05772722
29,1,-4.66074686,11.66049496,10.12171372,-4.96129098,11.58050252,10.22914773,0.40254149
30,1,-7.76791143,13.45441726,7.61560990,29.45712122,13.48870532,7.92999918,0.08516249
31,3,-6.21432914,12.55745611,8.85390314,-6.34414987,12.66247544,9.11374398,0.19627619
32,3,-4.66074686,11.66049496,6.37731666,-4.73785963,11.53115637,6.73962170,0.15058331
33,1,-6.21432914,10.76353381,16.46951304,-6.13798442,10.81033547,16.89517642,0.10929584
34,3,-6.21432914,12.55745611,15.23121980,-6.49687947,12.60097531,15.67783726,0.29785977
35,1,-7.76791143,15.24833957,5.10950608,-7.52735285,15.30419946,5.28974758,0.30722877
36,3,-6.21432914,14.35137842,6.37731666,-6.21432914,14.35137842,6.74031690,0.00000000
37,1,-7.76791143,13.45441726,16.46951304,29.41531007,13.52213314,16.92380471,0.15322473
38,2,-9.32149372,16.14530072,3.18865833,28.03205444,15.96297025,3.35283067,0.27810624
39,1,-9.32149372,17.93922302,1.26781058,-9.40930650,17.93662960,1.63488962,0.08794571
40,3,-7.76791143,17.04226187,0.00000000,-7.84361862,16.97794297,0.29245450,0.12184088
41,1,-9.32149372,17.93922302,5.10950608,-9.27293261,17.79844338,5.04545539,0.45227158
42,2,-7.76791143,18.83618417,12.04256147,-7.76791143,18.83618417,12.40556171,0.00000000
43,2,-10.87507600,18.83618417,3.18865833,26.36360353,18.86607880,3.50473867,0.07302064
44,3,-9.32149372,19.73314532,0.00000000,-9.29264196,19.70399457,0.13248087,0.23413965
45,1,-10.87507600,20.63010647,5.10950608,-10.87507600,20.63010647,5.47250632,0.00000000
46,1,-9.32149372,19.73314532,10.12171372,-9.36099515,19.75268648,10.55329658,0.08152175
47,1,-12.42865829,21.52706762,7.61560990,-12.35731399,21.76360581,7.91773588,0.25445235
48,3,-10.87507600,20.63010647,8.85390314,-10.72053813,20.68119948,9.25991507,0.16835218
49,1,-10.87507600,18.83618417,16.46951304,-10.88167983,19.00897670,16.93907619,0.20311702
50,2,-9.32149372,21.52706762,12.04256147,-9.32149372,21.52706762,12.40556171,0.00000000
51,1,-9.32149372,19.73314532,13.96340922,-9.33644959,19.71629618,14.30426950,0.03158717
52,3,-10.87507600,20.63010647,15.23121980,-10.86747063,20.58223857,15.59263717,0.04849416
53,2,-12.42865829,21.52706762,3.18865833,-12.42865829,21.52706762,3.55165857,0.00000000
54,1,-12.42865829,23.32098992,1.26781058,-12.48952876,23.41796403,1.60624741,0.11710061
55,1,-12.42865829,23.32098992,5.10950608,-12.37574260,23.33623054,5.44792488,0.06030418
56,1,-10.87507600,22.42402877,10.12171372,-10.82057051,22.38825713,10.42790502,0.08647378
57,1,-13.98224057,24.21795108,7.61560990,23.27544209,24.17953836,7.96994046,0.04848865
58,3,-12.42865829,23.32098992,8.85390314,-12.41430858,23.36269359,9.23224064,0.04669412
59,3,-10.87507600,22.42402877,6.37731666,-10.82574764,22.44573751,6.70231263,0.06594604
60,2,-13.98224057,24.21795108,3.18865833,-13.97751965,24.22102696,3.54478199,0.00889020
61,3,-12.42865829,25.11491223,0.00000000,-12.43610682,25.10979691,0.35615743,0.01133452
62,1,-13.98224057,26.01187338,5.10950608,-13.92834691,26.03590556,5.55605771,0.10228835
63,1,-12.42865829,25.11491223,10.12171372,-12.40200386,25.13901292,10.46454392,0.04120841
64,1,-15.53582286,26.90883453,7.61560990,-15.44854741,26.92097680,8.06220314,0.12145875
65,3,-13.98224057,26.01187338,8.85390314,-13.97785644,26.01465071,9.21315053,0.00640454
66,3,-12.42865829,25.11491223,6.37731666,-12.57035262,25.00759868,6.73363541,0.17787108
67,1,-13.98224057,24.21795108,16.46951304,23.28229563,24.14891666,16.73993255,0.11745876
68,2,-12.42865829,26.90883453,12.04256147,-12.42860341,26.92269641,12.39137346,0.01983585
69,1,-12.42865829,25.11491223,13.96340922,-12.43512088,25.17391342,14.17351181,0.16401401
70,3,-13.98224057,26.01187338,15.23121980,-13.97253206,25.76116656,15.44072506,0.29412391
71,1,-15.53582286,28.70275683,1.26781058,-15.40361651,28.83214626,1.59055850,0.18931559
72,1,-15.53582286,28.70275683,5.10950608,-15.51153888,28.70374189,5.47244812,0.02430402
73,3,-13.98224057,27.80579568,6.37731666,-13.98224057,27.80579568,6.74031690,0.00000000
74,2,-17.08940514,29.59971798,3.18865833,20.19941827,29.57439714,3.58306018,0.04043909
75,1,-17.08940514,31.39364028,1.26781058,-17.29688298,31.10894794,1.62468888,0.35232692
76,3,-15.53582286,30.49667913,0.00000000,-15.53582286,30.49667913,0.36300024,0.00000000
77,1,-17.08940514,31.39364028,5.10950608,-17.19730659,31.53745953,5.21243009,0.31617455
78,2,-15.53582286,32.29060143,12.04256147,2.99906075,0.18170315,12.65940634,0.33036278
79,3,-17.08940514,31.39364028,15.23121980,-17.05006758,31.49260268,15.71762271,0.16300067
80,2,3.10716457,0.00000000,3.18865833,-15.48159497,32.27708381,3.55605118,0.05605965
81,1,3.10716457,1.79392230,1.26781058,2.95238002,1.25229137,1.36319518,0.62365091
82,3,4.66074686,0.89696115,0.00000000,4.71338916,0.88539311,0.32876716,0.06385088
83,1,3.10716457,1.79392230,5.10950608,3.16062205,2.02755222,5.06200101,0.47534751
84,1,4.66074686,0.89696115,10.12171372,4.70190547,0.68198912,10.56884099,0.23448744
85,1,1.55358229,2.69088345,7.61560990,1.82560636,2.63276568,7.62862994,0.44705807
86,1,3.10716457,0.00000000,16.46951304,3.14753189,0.02088857,16.81346108,0.04928326
87,2,4.66074686,2.69088345,12.04256147,4.45032947,2.67819071,12.04741811,0.41557602
88,1,4.66074686,0.89696115,13.96340922,4.69927683,0.91417516,14.36772324,0.05905683
89,3,3.10716457,1.79392230,15.23121980,3.11288960,1.85128227,15.70573889,0.12553644
90,2,1.55358229,2.69088345,3.18865833,1.51912703,2.78861487,3.34136762,0.23443737
91,1,1.55358229,4.48480575,5.10950608,1.52140494,4.55140820,5.33282288,0.15805926
92,1,0.00000000,5.38176691,7.61560990,0.06425171,5.43733065,7.84917024,0.15482345
93,3,1.55358229,4.48480575,8.85390314,1.55358229,4.48480575,9.21690338,0.00000000
94,3,3.10716457,3.58784460,6.37731666,3.23158772,3.67022344,6.51725663,0.26837152
95,1,1.55358229,2.69088345,16.46951304,1.54778360,2.68810513,16.82747266,0.00817017
96,2,0.00000000,5.38176691,3.18865833,-0.01011920,5.42602638,3.56540150,0.04743593
97,1,0.00000000,7.17568921,1.26781058,-0.01090350,7.15185749,1.63373255,0.02636994
98,1,0.00000000,7.17568921,5.10950608,0.03904273,7.12586432,5.42345128,0.08008278
99,1,1.55358229,6.27872806,10.12171372,1.55358229,6.27872806,10.48471396,0.00000000
100,3,1.55358229,6.27872806,6.37731666,1.52653072,6.32672323,6.68341992,0.07919968
101,1,0.00000000,5.38176691,16.46951304,0.02955647,5.38572587,16.81467881,0.03474660
102,2,1.55358229,8.07265036,12.04256147,1.55358229,8.07265036,12.40556171,0.00000000
103,3,-0.00000000,7.17568921,15.23121980,0.00159061,7.20622076,15.64801670,0.06187719
104,2,-1.55358229,8.07265036,3.18865833,-1.55358229,8.07265036,3.55165857,0.00000000
105,1,-1.55358229,9.86657266,1.26781058,-1.61291473,9.88680874,1.72017882,0.10916262
106,3,-0.00000000,8.96961151,0.00000000,-0.20082698,8.78052873,0.07346215,0.39989508
107,1,-1.55358229,9.86657266,5.10950608,-1.55739524,9.87588698,5.46503720,0.01253327
108,1,-3.10716457,10.76353381,7.61560990,-3.10716457,10.76353381,7.97861014,0.00000000
109,1,-1.55358229,8.07265036,16.46951304,-1.57849195,8.04296024,16.90809023,0.08493450
110,1,0.00000000,8.96961151,13.96340922,-0.07751280,8.99870739,14.30210570,0.08628718
111,2,-3.10716457,10.76353381,3.18865833,-3.10716457,10.76353381,3.55165857,0.00000000
112,1,-3.10716457,12.55745611,1.26781058,-3.10716457,12.55745611,1.63081082,0.00000000
113,3,-1.55358229,11.66049496,0.00000000,-1.55358229,11.66049496,0.36300024,0.00000000
114,1,-3.10716457,12.55745611,5.10950608,-3.10000415,12.45660017,5.38828618,0.13159113
115,1,-4.66074686,13.45441726,7.61560990,-4.78808225,13.46736469,7.99703268,0.12931098
116,3,-3.10716457,12.55745611,8.85390314,-3.10601639,12.54226864,9.24188274,0.02925655
117,3,-1.55358229,11.66049496,6.37731666,-1.54788040,11.65245626,6.74030119,0.00985559
118,3,-3.10716457,12.55745611,15.23121980,-3.60565914,12.58518225,15.39420461,0.53783989
119,2,-4.66074686,13.45441726,3.18865833,-4.65607921,13.46272176,3.56596054,0.01718423
120,1,-4.66074686,15.24833957,1.26781058,-4.59820696,15.20335284,1.55761125,0.10626957
121,3,-3.10716457,14.35137842,0.00000000,-3.10716457,14.35137842,0.36300024,0.00000000
122,1,-4.66074686,15.24833957,5.10950608,-4.60867159,15.21428455,5.50376325,0.06963170
123,3,-3.10716457,14.35137842,6.37731666,-3.23510573,14.01743361,6.74246466,0.35762086
124,1,-4.66074686,13.45441726,16.46951304,-4.70646884,13.49148210,16.89590082,0.08650018
125,1,-3.10716457,14.35137842,13.96340922,-2.95235652,14.50597200,14.26877263,0.22624481
126,3,-4.66074686,15.24833957,15.23121980,-4.67340610,15.27937423,15.59693075,0.03362670
127,2,-6.21432914,16.14530072,3.18865833,-6.16056474,16.01897006,3.32625713,0.26392396
128,1,-6.21432914,17.93922302,1.26781058,-6.48590174,17.99342296,1.48142805,0.31464984
129,1,-6.21432914,17.93922302,5.10950608,-6.03974883,17.83422944,5.03638532,0.48135587
130,1,-7.76791143,18.83618417,7.61560990,-7.92351979,19.07279340,8.09301068,0.30542654
131,1,-6.21432914,16.14530072,16.46951304,-6.32874186,16.03243570,16.70894184,0.20272810
132,2,-4.66074686,18.83618417,12.04256147,-4.66074686,18.83618417,12.40556171,0.00000000
133,1,-4.66074686,17.04226187,13.96340922,-4.76669802,17.20640414,14.43370700,0.22289257
134,3,-6.21432914,17.93922302,15.23121980,-6.35979734,17.95034970,15.52770534,0.16034028
135,2,-7.76791143,18.83618417,3.18865833,-7.68514194,18.92890967,3.48492078,0.14107707
136,1,-7.76791143,20.63010647,1.26781058,-7.79171342,20.61256456,1.56826616,0.06918156
137,1,-7.76791143,20.63010647,5.10950608,-7.76791143,20.63010647,5.47250632,0.00000000
138,1,-6.21432914,19.73314532,10.12171372,-6.21099056,19.72327504,10.48299801,0.01055997
139,1,-9.32149372,21.52706762,7.61560990,-9.36816970,21.61675671,7.97346870,0.10123840
140,3,-7.76791143,20.63010647,8.85390314,-7.81853236,20.80904960,9.21668540,0.18596550
141,3,-6.21432914,19.73314532,6.37731666,-6.14407853,19.93596892,6.66285829,0.22819377
142,1,-7.76791143,18.83618417,16.46951304,-7.74522066,18.98718567,16.91771307,0.17485802
143,2,-6.21432914,21.52706762,12.04256147,-6.27928027,21.63433220,12.64142159,0.26712210
144,1,-6.21432914,19.73314532,13.96340922,-6.40936069,19.65162771,14.34810818,0.21249297
145,3,-7.76791143,20.63010647,15.23121980,-7.78335142,20.57668637,15.59095524,0.05570242
146,2,-9.32149372,21.52706762,3.18865833,-9.32149372,21.52706762,3.55165857,0.00000000
147,1,-9.32149372,23.32098992,5.10950608,-9.36093666,23.29728532,5.51174640,0.06047675
148,3,-7.76791143,22.42402877,6.37731666,-7.80564317,22.35738723,6.73932427,0.07658829
149,1,-9.32149372,21.52706762,16.46951304,-9.31543193,21.55583262,16.58204291,0.25218957
150,2,-10.87507600,24.21795108,3.18865833,-10.87244385,24.15962429,3.50045707,0.07765653
151,1,-10.87507600,26.01187338,1.26781058,-11.08678698,26.05736819,1.60903311,0.21763636
152,1,-10.87507600,26.01187338,5.10950608,-10.96366374,26.07015292,5.10540592,0.38210862
153,1,-12.42865829,26.90883453,7.61560990,-12.42865829,26.90883453,7.97861014,0.00000000
154,2,-9.32149372,26.90883453,12.04256147,-9.32128346,26.88907427,12.36471706,0.04537397
155,1,-9.32149372,25.11491223,13.96340922,-9.30255611,25.15913756,14.18719122,0.14729641
156,2,-12.42865829,26.90883453,3.18865833,-12.55487809,26.98429681,3.41227883,0.20261468
157,1,-12.42865829,28.70275683,1.26781058,-12.27132990,28.82249338,1.60181057,0.19982511
158,3,-10.87507600,27.80579568,0.00000000,-10.88085880,27.80390120,0.35856217,0.00753169
159,1,-10.87507600,27.80579568,10.12171372,-10.87543165,27.79782248,10.49602839,0.01384611
160,3,-12.42865829,28.70275683,8.85390314,-12.42865829,28.70275683,9.21690338,0.00000000
161,2,-10.87507600,29.59971798,12.04256147,-10.90848206,29.57604498,12.35262001,0.06692683
162,1,-10.87507600,27.80579568,13.96340922,-10.88709390,27.79965322,14.20610982,0.12105439
163,1,-13.98224057,31.39364028,1.26781058,-13.83004711,31.30051666,1.65068835,0.17952709
164,3,-12.42865829,30.49667913,0.00000000,-12.42535062,30.49480624,0.35998647,0.00485090
165,1,-12.42865829,30.49667913,10.12171372,-12.41511299,30.47516927,10.48389658,0.02543261
166,3,-12.42865829,30.49667913,6.37731666,-11.95749563,30.37838225,6.63830106,0.49638255
167,2,-12.42865829,32.29060143,12.04256147,-12.41514115,32.28473029,12.42158339,0.02176873
168,1,-12.42865829,30.49667913,13.96340922,-12.62685717,30.53302545,14.23027626,0.22326094
169,3,-13.98224057,31.39364028,15.23121980,-13.94588997,31.43529885,15.58089125,0.05687230
170,3,7.76791143,0.89696115,0.00000000,7.76791143,0.89696115,0.36300024,0.00000000
171,1,6.21432914,1.79392230,5.10950608,6.21495643,1.79356980,5.47144422,0.00128290
172,1,7.76791143,0.89696115,10.12171372,7.76791143,0.89696115,10.48471396,0.00000000
173,1,4.66074686,2.69088345,7.61560990,4.78369763,2.59836053,7.89557248,0.17485033
174,3,6.21432914,1.79392230,8.85390314,6.22835088,1.78664205,9.19311515,0.02855681
175,3,7.76791143,0.89696115,6.37731666,7.88973044,0.99104884,6.64197383,0.18265739
176,3,6.21432914,1.79392230,15.23121980,6.21432914,1.79392230,15.59422004,0.00000000
177,1,4.66074686,4.48480575,5.10950608,4.78865792,4.73778029,5.51366392,0.28644599
178,1,6.21432914,3.58784460,10.12171372,6.21432914,3.58784460,10.48471396,0.00000000
179,1,3.10716457,5.38176691,7.61560990,2.98795647,5.31738504,7.74841678,0.26710407
180,3,4.66074686,4.48480575,8.85390314,4.57638008,4.35449029,9.00526025,0.26247417
181,3,6.21432914,3.58784460,6.37731666,6.13340610,3.65287092,6.65510022,0.13430876
182,1,4.66074686,2.69088345,16.46951304,4.66074686,2.69088345,16.83251328,0.00000000
183,3,4.66074686,4.48480575,15.23121980,4.70822984,4.41475636,15.39382536,0.21753064
184,2,3.10716457,5.38176691,3.18865833,3.05943530,5.66773123,3.41149671,0.32202333
185,1,3.10716457,7.17568921,5.10950608,3.11181098,7.16690744,5.44800351,0.02644043
186,1,4.66074686,6.27872806,10.12171372,4.67616227,6.17874234,9.98014534,0.51461080
187,3,3.10716457,7.17568921,8.85390314,3.04178464,7.22020441,9.17929703,0.08758069
188,3,4.66074686,6.27872806,6.37731666,4.48657426,6.35738215,6.76821091,0.19313373
189,1,1.55358229,9.86657266,1.26781058,1.26056316,9.74918944,1.17540958,0.55410226
190,3,3.10716457,8.96961151,0.00000000,3.10716457,8.96961151,0.36300024,0.00000000
191,1,3.10716457,8.96961151,10.12171372,3.10879885,8.95345977,10.50738984,0.02788808
192,1,0.00000000,10.76353381,7.61560990,0.04823229,11.03440473,8.08960015,0.29667522
193,3,1.55358229,9.86657266,8.85390314,1.45107281,9.80608363,9.28818623,0.13873846
194,2,3.10716457,10.76353381,12.04256147,2.99963807,10.71379034,12.42619074,0.12025771
195,1,3.10716457,8.96961151,13.96340922,2.84684747,9.03500542,14.44134379,0.29197818
196,3,1.55358229,9.86657266,15.23121980,1.45331185,9.92948776,15.68481189,0.14906158
197,1,1.55358229,11.66049496,10.12171372,1.56096990,11.66994355,10.51456625,0.03217160
198,1,-1.55358229,13.45441726,7.61560990,-1.56660159,13.47415462,7.97770854,0.02366175
199,3,-0.00000000,12.55745611,8.85390314,-0.00937071,12.69880324,9.32033664,0.17540028
200,2,1.55358229,13.45441726,12.04256147,1.55358229,13.45441726,12.40556171,0.00000000
201,1,1.55358229,11.66049496,13.96340922,1.44180562,11.60080461,14.31838172,0.12697010
202,3,-0.00000000,12.55745611,15.23121980,0.07057762,12.52412178,15.61196998,0.08004647
203,1,-1.55358229,15.24833957,1.26781058,-1.55358229,15.24833957,1.63081082,0.00000000
204,1,0.00000000,14.35137842,10.12171372,0.00019443,14.39159354,10.51307397,0.04920960
205,3,-1.55358229,15.24833957,8.85390314,-1.55358229,15.24833957,9.21690338,0.00000000
206,3,-0.00000000,14.35137842,6.37731666,-0.00000000,14.35137842,6.74031690,0.00000000
207,1,-1.55358229,13.45441726,16.46951304,-1.49059720,13.81742879,17.02461384,0.41550826
208,1,0.00000000,14.35137842,13.96340922,-0.04415288,14.18667431,14.38273899,0.17958267
209,3,-1.55358229,15.24833957,15.23121980,-1.47746521,15.32185378,15.55712555,0.11213452
210,3,-1.55358229,17.04226187,0.00000000,-1.55358229,17.04226187,0.36300024,0.00000000
211,1,-1.55358229,17.04226187,10.12171372,-1.47206708,17.00379472,10.63789134,0.17772946
212,1,-3.10716457,16.14530072,16.46951304,-3.06193329,16.25379247,16.61519636,0.24706877
213,2,-1.55358229,18.83618417,12.04256147,-1.55155955,18.81935394,12.38029384,0.03042718
214,1,-1.55358229,17.04226187,13.96340922,-1.50147210,17.10402294,14.28825485,0.08936261
215,3,-3.10716457,17.93922302,15.23121980,-3.07313330,18.04101580,15.56927087,0.11019237
216,1,-3.10716457,19.73314532,10.12171372,-3.10090699,19.71750757,10.47822312,0.01805069
217,1,-6.21432914,21.52706762,7.61560990,-6.21600881,21.55321242,8.00017339,0.03393148
218,3,-4.66074686,20.63010647,8.85390314,-4.67407520,20.62235255,9.22737446,0.01863898
219,1,-4.66074686,18.83618417,16.46951304,-4.67075225,18.84585019,16.85781940,0.02887801
220,1,-3.10716457,19.73314532,13.96340922,-3.18390873,19.66509133,14.28463280,0.11075333
221,3,-4.66074686,20.63010647,15.23121980,-4.68169416,20.53234811,15.65621303,0.11763766
222,2,-6.21432914,21.52706762,3.18865833,-6.21432914,21.52706762,3.55165857,0.00000000
223,1,-6.21432914,23.32098992,1.26781058,-6.20283430,23.32561427,1.62887967,0.01253975
224,3,-4.66074686,22.42402877,0.00000000,-4.67145359,22.42049434,0.35496484,0.01384537
225,1,-6.21432914,23.32098992,5.10950608,-6.21035512,23.27923230,5.43827532,0.05414105
226,3,-4.66074686,22.42402877,6.37731666,-4.71981704,22.46231515,6.83287546,0.11628508
227,1,-6.21432914,21.52706762,16.46951304,-6.31070305,21.53355933,16.69184152,0.17064178
228,3,-6.21432914,23.32098992,15.23121980,-6.26354109,23.42405036,15.63683120,0.12189741
229,3,-6.21432914,25.11491223,0.00000000,-6.23343774,25.09729966,0.34489067,0.03167488
230,1,-6.21432914,25.11491223,10.12171372,-6.37026929,25.31081018,10.61572893,0.28259204
231,3,-6.21432914,25.11491223,6.37731666,-6.35793934,24.87610174,6.74842026,0.27878308
232,1,-7.76791143,24.21795108,16.46951304,-7.75945235,24.17800792,16.85422608,0.04624346
233,2,-6.21432914,26.90883453,12.04256147,-6.26977033,27.09227026,12.36232601,0.19644775
234,1,-6.21432914,25.11491223,13.96340922,-6.20307672,25.16056207,14.34253734,0.04970547
235,3,-7.76791143,26.01187338,15.23121980,-7.77319048,25.96135592,15.50076412,0.10636678
236,1,-9.32149372,28.70275683,1.26781058,-9.23885366,28.32826152,1.58121828,0.38669825
237,3,-7.76791143,27.80579568,0.00000000,-7.69956477,27.78235911,0.30809884,0.09074526
238,1,-7.76791143,27.80579568,10.12171372,-7.83901558,27.84847139,10.57349103,0.12148410
239,1,-10.87507600,29.59971798,7.61560990,-10.79868517,29.47733379,8.09895945,0.18787604
240,3,-9.32149372,28.70275683,8.85390314,-9.34007638,28.69189450,9.34145631,0.12639911
241,2,-7.76791143,29.59971798,12.04256147,-7.79651370,29.61848823,12.34139658,0.07271573
242,1,-7.76791143,27.80579568,13.96340922,-7.72288516,27.78924962,14.29244669,0.05877591
243,3,-9.32149372,28.70275683,15.23121980,-9.35165915,28.40026469,15.49721497,0.31909471
244,1,-9.32149372,30.49667913,10.12171372,-9.30105539,30.46305632,10.41370434,0.08118241
245,1,6.21432914,0.00000000,7.61560990,-12.12823728,32.18091872,7.73104320,0.40444094
246,3,-10.87507600,31.39364028,8.85390314,-10.87507600,31.39364028,9.21690338,0.00000000
247,3,-9.32149372,30.49667913,6.37731666,-9.05620821,30.37979203,6.78790411,0.29377464
248,2,-9.32149372,32.29060143,12.04256147,-9.25559538,32.20926183,12.19780109,0.23264393
249,1,-9.32149372,30.49667913,13.96340922,-9.70185482,30.47327303,14.34594237,0.38158086
250,2,9.32149372,0.00000000,3.18865833,9.41008892,0.30663582,3.37291952,0.36581729
251,1,9.32149372,1.79392230,1.26781058,9.20220356,1.91047770,1.46539029,0.23490265
252,1,9.32149372,1.79392230,5.10950608,9.36074018,1.81613275,5.44046656,0.05531849
253,1,10.87507600,0.89696115,10.12171372,10.91827704,0.70722508,10.38980263,0.21650466
254,3,10.87507600,0.89696115,6.37731666,10.87431548,0.89745137,6.74186947,0.00179699
255,2,7.76791143,2.69088345,3.18865833,7.73143721,2.72781219,3.55511215,0.05201949
256,1,7.76791143,4.48480575,1.26781058,7.75575476,4.47822890,1.61554140,0.02059599
257,3,9.32149372,3.58784460,0.00000000,9.32181398,3.64152617,0.32696290,0.06465681
258,1,7.76791143,4.48480575,5.10950608,7.72763272,4.62353260,5.36933564,0.17751536
259,2,9.32149372,5.38176691,12.04256147,9.29155297,5.32816422,12.40414184,0.06141426
260,2,6.21432914,5.38176691,3.18865833,6.20200913,5.38783084,3.53728466,0.01987872
261,1,6.21432914,7.17568921,1.26781058,6.21432914,7.17568921,1.63081082,0.00000000
262,3,7.76791143,6.27872806,0.00000000,7.76791143,6.27872806,0.36300024,0.00000000
263,1,7.76791143,6.27872806,10.12171372,7.76891213,6.29625335,10.50578612,0.02742577
264,3,6.21432914,7.17568921,8.85390314,6.33779930,6.98404449,9.04275341,0.28688115
265,1,6.21432914,5.38176691,16.46951304,6.06984492,5.41868463,16.93801773,0.18267403
266,2,7.76791143,8.07265036,12.04256147,7.77486056,8.01270617,12.43149600,0.06568244
267,1,7.76791143,6.27872806,13.96340922,7.76791143,6.27872806,14.32640946,0.00000000
268,3,6.21432914,7.17568921,15.23121980,6.19276497,7.16294431,15.57278545,0.03296798
269,1,4.66074686,9.86657266,1.26781058,4.80392947,9.83059268,1.59456352,0.15201871
270,3,6.21432914,8.96961151,0.00000000,6.22113292,8.96547203,0.35708483,0.00992062
271,1,6.21432914,8.96961151,10.12171372,6.21271117,8.83265934,9.96753930,0.53500294
272,1,3.10716457,10.76353381,7.61560990,2.94887490,10.63678257,8.11711026,0.24556828
273,3,4.66074686,9.86657266,8.85390314,4.58273189,9.82991005,9.14480726,0.11237586
274,1,4.66074686,8.07265036,16.46951304,4.60818543,8.19021548,16.92913032,0.16099414
275,1,6.21432914,8.96961151,13.96340922,6.52149265,8.97911074,14.39205571,0.31424367
276,3,4.66074686,9.86657266,15.23121980,4.66912286,9.80849083,15.63850088,0.07351496
277,3,4.66074686,11.66049496,0.00000000,4.66074686,11.66049496,0.36300024,0.00000000
278,1,4.66074686,11.66049496,10.12171372,4.78629263,11.76855940,10.09588894,0.42263999
279,1,1.55358229,13.45441726,7.61560990,1.58722250,13.52240482,7.97147977,0.07618933
280,3,3.10716457,12.55745611,8.85390314,3.01328136,12.61534073,9.16877479,0.12033723
281,1,3.10716457,10.76353381,16.46951304,3.10613034,10.76022079,16.79272467,0.03993970
282,2,4.66074686,13.45441726,12.04256147,4.60248693,13.57138158,12.11008859,0.32307775
283,1,4.66074686,11.66049496,13.96340922,4.55483482,11.41165890,14.33272784,0.27051186
284,3,3.10716457,12.55745611,15.23121980,3.13045353,12.49132674,15.65653216,0.09379910
285,1,1.55358229,15.24833957,1.26781058,1.55358229,15.24833957,1.63081082,0.00000000
286,3,3.10716457,14.35137842,0.00000000,3.10716457,14.35137842,0.36300024,0.00000000
287,1,1.55358229,15.24833957,5.10950608,1.56238070,15.27083993,5.47160089,0.02417640
288,1,3.10716457,14.35137842,10.12171372,3.01039179,14.40437481,10.37640556,0.15461015
289,1,0.00000000,16.14530072,7.61560990,0.00000000,16.14530072,7.97861014,0.00000000
290,3,1.55358229,15.24833957,8.85390314,1.53468252,15.25928062,9.20181158,0.02654563
291,3,3.10716457,14.35137842,6.37731666,3.08418648,14.35721626,6.72024547,0.03106341
292,1,1.55358229,13.45441726,16.46951304,1.53565888,13.34766275,16.85103824,0.10982235
293,1,3.10716457,14.35137842,13.96340922,2.92857604,14.12196564,14.39485734,0.29867909
294,1,0.00000000,17.93922302,1.26781058,0.00000000,17.93922302,1.63081082,0.00000000
295,3,1.55358229,17.04226187,0.00000000,1.55358229,17.04226187,0.36300024,0.00000000
296,1,-1.55358229,18.83618417,7.61560990,-1.56875259,18.95853617,8.03370842,0.13504062
297,3,-0.00000000,17.93922302,8.85390314,-0.00000000,17.93922302,9.21690338,0.00000000
298,3,1.55358229,17.04226187,6.37731666,1.55358229,17.04226187,6.74031690,0.00000000
299,1,-1.55358229,20.63010647,1.26781058,-1.46100863,20.48330784,1.63424410,0.17358430
300,3,-0.00000000,19.73314532,0.00000000,-0.00000000,19.73314532,0.36300024,0.00000000
301,1,0.00000000,19.73314532,10.12171372,0.00000000,19.73314532,10.48471396,0.00000000
302,1,-3.10716457,21.52706762,7.61560990,-3.19296498,21.48649483,8.06641646,0.12929738
303,3,-1.55358229,20.63010647,8.85390314,-1.60756761,20.66760811,9.20239114,0.06731563
304,3,-0.00000000,19.73314532,6.37731666,0.04127553,19.77441624,6.94691362,0.21468386
305,2,0.00000000,21.52706762,12.04256147,-0.13381232,21.57427274,12.21678960,0.23615454
306,1,0.00000000,19.73314532,13.96340922,-0.03663595,19.69014740,14.25467478,0.09130651
307,3,-1.55358229,20.63010647,15.23121980,-1.74484371,20.83454681,15.20643455,0.47828273
308,1,-3.10716457,23.32098992,1.26781058,-3.06648485,22.93065716,1.55998021,0.39878751
309,3,-1.55358229,22.42402877,0.00000000,-1.49720091,22.40098050,0.31698246,0.07633950
310,1,-3.10716457,23.32098992,5.10950608,-3.17790550,23.21715536,5.67486945,0.23819474
311,1,-4.66074686,24.21795108,7.61560990,-4.70831872,24.10243107,8.12631999,0.19345840
312,3,-1.55358229,22.42402877,6.37731666,-1.79446667,22.00355703,6.62937021,0.49712266
313,1,-1.55358229,22.42402877,13.96340922,-1.57021946,22.63319352,14.19405529,0.24808126
314,3,-3.10716457,23.32098992,15.23121980,-3.36970876,23.22811842,15.47191587,0.30415930
315,2,-4.66074686,24.21795108,3.18865833,-4.67545697,24.20720214,3.57526928,0.02982269
316,1,-4.66074686,26.01187338,1.26781058,-4.99409179,26.25714472,1.53107526,0.42570419
317,1,-4.66074686,26.01187338,5.10950608,-4.86368024,25.96540936,5.81629819,0.40191257
318,1,-3.10716457,25.11491223,10.12171372,-3.25177076,25.25204044,10.45575411,0.20137966
319,1,-6.21432914,26.90883453,7.61560990,-6.24634232,26.98017008,8.18929080,0.22472193
320,3,-4.66074686,26.01187338,8.85390314,-4.71969199,26.04155909,9.22688456,0.06674874
321,3,-3.10716457,25.11491223,6.37731666,-3.34691830,25.03281832,6.87363440,0.28634737
322,2,-3.10716457,26.90883453,12.04256147,-3.10716457,26.90883453,12.40556171,0.00000000
323,1,-3.10716457,25.11491223,13.96340922,-3.11024765,25.11985724,14.32664762,0.00583226
324,3,-4.66074686,26.01187338,15.23121980,-4.88993377,26.31447233,15.45613838,0.40392984
325,2,-6.21432914,26.90883453,3.18865833,-6.29778974,26.93562973,3.57628241,0.09104937
326,1,-6.21432914,28.70275683,1.26781058,-6.35522913,28.84716188,1.63926022,0.20193320
327,3,-4.66074686,27.80579568,0.00000000,-4.66437004,27.87836511,0.28561115,0.10615329
328,1,-6.21432914,28.70275683,5.10950608,-6.21432914,28.70275683,5.47250632,0.00000000
329,1,-7.76791143,29.59971798,7.61560990,-7.66794200,29.53713439,8.07277662,0.15092355
330,3,-6.21432914,28.70275683,8.85390314,-6.18234234,28.74255402,9.27688983,0.07877401
331,3,-4.66074686,27.80579568,6.37731666,-4.66037496,27.80952536,6.74213857,0.00416741
332,1,-6.21432914,26.90883453,16.46951304,-6.27832336,26.99918051,16.83156627,0.11071835
333,3,-6.21432914,28.70275683,15.23121980,-6.28476294,28.86126910,15.54630364,0.17995289
334,2,-7.76791143,29.59971798,3.18865833,-7.76961857,29.60062743,3.55396481,0.00301001
335,1,-7.76791143,31.39364028,5.10950608,-7.72896165,31.43074590,5.59535863,0.13411413
336,1,9.32149372,0.00000000,7.61560990,-9.21206331,32.28874698,7.96955983,0.10981967
337,3,-7.76791143,31.39364028,8.85390314,-7.73615386,31.29640532,9.20805463,0.10267172
338,3,-6.21432914,30.49667913,6.37731666,-6.15181861,30.42030431,6.84017003,0.14039703
339,1,-7.76791143,29.59971798,16.46951304,-7.67543000,29.58023715,16.90180460,0.11719047
340,2,12.42865829,0.00000000,3.18865833,-6.27227615,32.23793129,3.73503053,0.19939227
341,1,12.42865829,1.79392230,1.26781058,12.12539062,2.07607792,1.47729487,0.44175810
342,3,13.98224057,0.89696115,0.00000000,14.03590101,0.92880995,0.24261241,0.13559874
343,1,12.42865829,1.79392230,5.10950608,12.42865829,1.79392230,5.47250632,0.00000000
344,1,13.98224057,0.89696115,10.12171372,13.98900819,0.90896326,10.43457038,0.05200221
345,3,12.42865829,1.79392230,8.85390314,12.42865612,1.74484867,9.17775449,0.06277625
346,3,13.98224057,0.89696115,6.37731666,13.98224057,0.89696115,6.74031690,0.00000000
347,1,12.42865829,0.00000000,16.46951304,-6.20640274,32.16196911,17.02918555,0.23513631
348,2,13.98224057,2.69088345,12.04256147,13.98224057,2.69088345,12.40556171,0.00000000
349,1,13.98224057,0.89696115,13.96340922,14.05555152,0.42957580,14.32840106,0.47310414
350,3,12.42865829,1.79392230,15.23121980,12.39067688,1.09890029,15.36205961,0.73375517
351,1,10.87507600,4.48480575,1.26781058,10.78229277,4.67352677,1.62540077,0.21036544
352,3,12.42865829,3.58784460,0.00000000,12.44735710,3.72067407,0.26078595,0.16864482
353,1,12.42865829,3.58784460,10.12171372,12.38144504,3.35544881,10.48967818,0.23719515
354,2,12.42865829,5.38176691,12.04256147,12.29973841,5.22560250,12.14199491,0.33237797
355,1,12.42865829,3.58784460,13.96340922,12.42865829,3.58784460,14.32640946,0.00000000
356,2,9.32149372,5.38176691,3.18865833,9.21774724,5.27686855,3.47539468,0.16608184
357,1,9.32149372,7.17568921,1.26781058,9.28526100,7.18977072,1.62559291,0.03922149
358,3,10.87507600,6.27872806,0.00000000,10.87621915,6.29964666,0.34666518,0.02656557
359,1,10.87507600,6.27872806,10.12171372,10.84333919,6.30585974,10.42553137,0.07242881
360,3,9.32149372,7.17568921,8.85390314,9.32149372,7.17568921,9.21690338,0.00000000
361,2,10.87507600,8.07265036,12.04256147,10.74440301,7.90791481,12.33810364,0.22082532
362,1,10.87507600,6.27872806,13.96340922,10.98434319,6.30314306,14.23584910,0.14400205
363,3,9.32149372,7.17568921,15.23121980,9.29663295,7.15341197,15.56453719,0.04466995
364,1,7.76791143,9.86657266,1.26781058,7.76791143,9.86657266,1.63081082,0.00000000
365,1,9.32149372,8.96961151,10.12171372,9.32149372,8.96961151,10.48471396,0.00000000
366,1,6.21432914,10.76353381,7.61560990,6.23328555,10.75641540,7.76043100,0.21911676
367,3,7.76791143,9.86657266,8.85390314,7.82556313,9.90231313,9.18768189,0.07385794
368,3,9.32149372,8.96961151,6.37731666,9.43065660,9.00717989,6.78257325,0.12293705
369,1,7.76791143,8.07265036,16.46951304,7.52683948,7.95831046,16.94545194,0.28973167
370,1,9.32149372,8.96961151,13.96340922,9.44168194,8.97825387,14.17973159,0.18982702
371,3,7.76791143,9.86657266,15.23121980,7.85102009,9.92247645,15.66903293,0.12501700
372,2,6.21432914,10.76353381,3.18865833,6.21060873,10.88811688,3.49714453,0.13603883
373,1,6.21432914,12.55745611,1.26781058,6.21432914,12.55745611,1.63081082,0.00000000
374,3,7.76791143,11.66049496,0.00000000,7.76791143,11.66049496,0.36300024,0.00000000
375,1,6.21432914,12.55745611,5.10950608,6.18858898,12.54770305,5.44269966,0.04057235
376,1,4.66074686,13.45441726,7.61560990,4.67129666,13.59468930,7.81014764,0.21947017
377,3,7.76791143,11.66049496,6.37731666,7.86463114,11.45240506,6.69152372,0.23459941
378,1,6.21432914,10.76353381,16.46951304,6.21432914,10.76353381,16.83251328,0.00000000
379,3,6.21432914,12.55745611,15.23121980,6.21432914,12.55745611,15.59422004,0.00000000
380,2,4.66074686,13.45441726,3.18865833,4.66074686,13.45441726,3.55165857,0.00000000
381,1,4.66074686,15.24833957,1.26781058,4.66074686,15.24833957,1.63081082,0.00000000
382,1,4.66074686,15.24833957,5.10950608,4.65911457,15.28504289,5.41872407,0.06513316
383,1,3.10716457,16.14530072,7.61560990,3.02561746,16.07367958,7.87721400,0.14852844
384,3,4.66074686,15.24833957,8.85390314,4.66213294,15.31560408,9.10430688,0.13116558
385,1,4.66074686,13.45441726,16.46951304,4.66074686,13.45441726,16.83251328,0.00000000
386,2,6.21432914,16.14530072,12.04256147,6.50976580,16.09607352,12.36721368,0.30195481
387,1,6.21432914,14.35137842,13.96340922,6.41210813,14.58415336,14.39520487,0.31310303
388,3,4.66074686,15.24833957,15.23121980,4.66074686,15.24833957,15.59422004,0.00000000
389,2,3.10716457,16.14530072,3.18865833,3.10716457,16.14530072,3.55165857,0.00000000
390,1,3.10716457,17.93922302,1.26781058,3.10716457,17.93922302,1.63081082,0.00000000
391,1,3.10716457,17.93922302,5.10950608,3.10673510,17.86209941,5.41725280,0.09487459
392,1,4.66074686,17.04226187,10.12171372,4.50139799,17.61272977,9.88369949,0.84382704
393,1,1.55358229,18.83618417,7.61560990,1.54811131,18.80696587,7.98698022,0.03088202
394,1,3.10716457,16.14530072,16.46951304,2.98054555,15.89649218,17.01386611,0.33290677
395,1,4.66074686,17.04226187,13.96340922,4.81875685,17.06935636,14.15123799,0.23745802
396,2,1.55358229,18.83618417,3.18865833,1.55438688,18.80263284,3.51609361,0.04889995
397,1,1.55358229,20.63010647,1.26781058,1.62137086,20.51478355,1.63214790,0.13377763
398,3,3.10716457,19.73314532,0.00000000,3.10716457,19.73314532,0.36300024,0.00000000
399,1,1.55358229,20.63010647,5.10950608,1.51464626,20.51093566,5.33664946,0.18486423
400,1,0.00000000,21.52706762,7.61560990,0.00287233,21.49523860,8.09842171,0.12400060
401,3,1.55358229,20.63010647,8.85390314,1.57815648,20.64408797,9.25375560,0.04644845
402,3,3.10716457,19.73314532,6.37731666,3.12014029,19.54173329,6.62841058,0.22210349
403,2,3.10716457,21.52706762,12.04256147,3.05152333,21.53772874,12.42767358,0.06081563
404,1,3.10716457,19.73314532,13.96340922,3.14521549,19.78020923,14.34716285,0.06398115
405,3,1.55358229,20.63010647,15.23121980,1.25199666,20.92259145,15.33695603,0.49263183
406,2,0.00000000,21.52706762,3.18865833,0.00365221,21.44022985,3.50156010,0.10031946
407,1,0.00000000,23.32098992,1.26781058,0.12791629,23.03266169,1.58244031,0.31911668
408,3,1.55358229,22.42402877,0.00000000,1.62410017,22.39154011,0.30234276,0.09852723
409,1,0.00000000,23.32098992,5.10950608,-0.18755177,22.88543396,5.52865843,0.47753295
410,1,1.55358229,22.42402877,10.12171372,1.55358229,22.42402877,10.48471396,0.00000000
411,1,-1.55358229,24.21795108,7.61560990,-1.76719047,24.07237702,8.22461321,0.35684418
412,3,-0.00000000,23.32098992,8.85390314,0.03433615,23.32770199,9.22049100,0.03516951
413,3,1.55358229,22.42402877,6.37731666,1.49051518,22.26533717,6.57966814,0.23445364
414,1,0.00000000,21.52706762,16.46951304,-0.02213741,21.53772145,16.85684475,0.03457730
415,2,1.55358229,24.21795108,12.04256147,1.55138493,24.30144995,12.31173170,0.12562229
416,1,1.55358229,22.42402877,13.96340922,1.56174411,22.60153022,14.16500302,0.24005295
417,3,-0.00000000,23.32098992,15.23121980,-0.10733297,23.48967409,15.38344879,0.29051546
418,1,0.00000000,25.11491223,10.12171372,0.01369809,25.09099514,10.48425232,0.02756588
419,1,-3.10716457,26.90883453,7.61560990,-3.12177725,26.91791317,7.97756912,0.01723473
420,3,-1.55358229,26.01187338,8.85390314,-1.56313405,25.98328140,9.20651982,0.03188347
421,3,-0.00000000,25.11491223,6.37731666,-0.48293880,24.59564252,6.65834244,0.71385624
422,2,0.00000000,26.90883453,12.04256147,0.04802544,26.90178480,12.40236881,0.04864500
423,1,0.00000000,25.11491223,13.96340922,0.01200031,25.21985001,14.25185541,0.12928361
424,2,-3.10716457,26.90883453,3.18865833,-2.65507039,27.40518271,3.42638367,0.68296740
425,1,-3.10716457,28.70275683,1.26781058,-3.19535979,28.79348270,1.42263423,0.24361255
426,1,-3.10716457,28.70275683,5.10950608,-3.11331625,28.71988168,5.49903390,0.03216855
427,1,-1.55358229,27.80579568,10.12171372,-1.51493251,27.60550678,10.58681429,0.22810945
428,3,-1.55358229,27.80579568,6.37731666,-1.60017377,27.83840863,6.70969023,0.06459384
429,2,-1.55358229,29.59971798,12.04256147,-1.27995667,29.61444540,12.56406360,0.31656078
430,1,-1.55358229,27.80579568,13.96340922,-1.53965067,27.81335162,14.29580800,0.03446204
431,2,-4.66074686,29.59971798,3.18865833,-4.66176481,29.58726193,3.56924820,0.02157740
432,1,-4.66074686,31.39364028,1.26781058,-4.75255611,31.26735554,1.25625944,0.40578999
433,3,-3.10716457,30.49667913,0.00000000,-3.00745219,30.49347511,0.25517147,0.14690088
434,1,-4.66074686,31.39364028,5.10950608,-4.74668673,31.34462309,5.63207568,0.18775176
435,1,12.42865829,0.00000000,7.61560990,12.43256297,0.02034352,7.97759287,0.02073982
436,3,17.08940514,0.89696115,0.00000000,17.19164644,0.94057401,0.21169266,0.18774810
437,1,17.08940514,0.89696115,10.12171372,17.08940514,0.89696115,10.48471396,0.00000000
438,1,13.98224057,2.69088345,7.61560990,13.98224057,2.69088345,7.97861014,0.00000000
439,3,15.53582286,1.79392230,8.85390314,15.53582286,1.79392230,9.21690338,0.00000000
440,1,15.53582286,0.00000000,16.46951304,15.54156132,0.02702157,16.81884533,0.03082058
441,2,17.08940514,2.69088345,12.04256147,17.07869507,2.66592058,12.42330921,0.03244726
442,1,17.08940514,0.89696115,13.96340922,17.18168917,0.94428479,14.32020470,0.10389594
443,3,15.53582286,1.79392230,15.23121980,15.56035927,1.75365359,15.59375529,0.04715741
444,1,13.98224057,4.48480575,1.26781058,14.12903890,4.21150239,1.67546157,0.31342968
445,3,15.53582286,3.58784460,0.00000000,15.57267830,3.54493422,0.34887009,0.05830339
446,1,15.53582286,3.58784460,10.12171372,15.54278063,3.58378962,10.49071083,0.01004071
447,1,12.42865829,5.38176691,7.61560990,12.49257214,5.21472506,8.23062299,0.30902821
448,3,13.98224057,4.48480575,8.85390314,14.10869602,4.42024621,9.25297315,0.14649213
449,3,15.53582286,3.58784460,6.37731666,15.53582286,3.58784460,6.74031690,0.00000000
450,1,13.98224057,2.69088345,16.46951304,13.89343872,2.59366636,16.89643115,0.14636402
451,1,15.53582286,3.58784460,13.96340922,15.54742748,3.58238090,14.31593598,0.01655938
452,3,13.98224057,4.48480575,15.23121980,14.07338697,4.24840097,15.66447121,0.26292606
453,1,12.42865829,7.17568921,1.26781058,12.78710278,6.78296634,1.27625186,0.63908197
454,3,13.98224057,6.27872806,0.00000000,14.27798180,6.12212311,0.00000000,0.49371770
455,1,10.87507600,8.07265036,7.61560990,10.85229407,8.05002029,7.94491796,0.04654352
456,3,12.42865829,7.17568921,8.85390314,12.39313090,7.06256593,9.16005742,0.13149348
457,3,13.98224057,6.27872806,6.37731666,14.00426608,6.22260806,6.70771475,0.06853815
458,3,12.42865829,7.17568921,15.23121980,13.01751450,6.89623545,15.10415232,0.81548294
459,1,10.87507600,9.86657266,5.10950608,10.78796142,9.97888464,5.55710748,0.16540945
460,1,12.42865829,8.96961151,10.12171372,12.61977983,8.87986936,10.12664488,0.41568566
461,1,9.32149372,10.76353381,7.61560990,9.32743665,10.76069746,7.98380600,0.00838810
462,3,10.87507600,9.86657266,8.85390314,10.87507600,9.86657266,9.21690338,0.00000000
463,3,12.42865829,8.96961151,6.37731666,12.42716890,8.96739796,6.74034846,0.00266816
464,1,10.87507600,8.07265036,16.46951304,10.41377275,8.44312015,16.88920737,0.59435914
465,3,10.87507600,9.86657266,15.23121980,10.87827214,9.84769816,15.44018916,0.15521589
466,2,9.32149372,10.76353381,3.18865833,9.32545760,10.89899532,3.47800519,0.15424121
467,1,9.32149372,12.55745611,5.10950608,9.32149372,12.55745611,5.47250632,0.00000000
468,1,10.87507600,11.66049496,10.12171372,10.82622349,11.62662515,10.55682449,0.09345406
469,3,10.87507600,11.66049496,6.37731666,10.87559822,11.67097402,6.74765616,0.01280422
470,2,7.76791143,13.45441726,3.18865833,7.76791143,13.45441726,3.55165857,0.00000000
471,1,7.76791143,15.24833957,5.10950608,7.78923003,15.24072014,5.45635290,0.02781136
472,3,9.32149372,14.35137842,6.37731666,9.40513953,14.29022256,6.76221980,0.10590750
473,2,9.32149372,16.14530072,12.04256147,9.47573690,16.05699533,12.22443389,0.25376384
474,3,7.76791143,15.24833957,15.23121980,8.14893728,15.59131988,15.40300944,0.54715417
475,2,6.21432914,16.14530072,3.18865833,6.21432914,16.14530072,3.55165857,0.00000000
476,1,7.76791143,17.04226187,10.12171372,7.79029600,17.05860361,10.45199052,0.04288292
477,1,6.21432914,16.14530072,16.46951304,6.21361768,16.14621202,16.86363798,0.03114617
478,2,7.76791143,18.83618417,12.04256147,7.76788648,18.88346968,12.34907758,0.07366395
479,1,7.76791143,17.04226187,13.96340922,7.77233277,17.28312361,14.26810849,0.24785667
480,3,6.21432914,17.93922302,15.23121980,6.10703947,17.78714678,15.60497717,0.18642418
481,1,3.10716457,21.52706762,7.61560990,3.04127097,21.30955798,7.70397013,0.35648219
482,1,4.66074686,18.83618417,16.46951304,4.81823190,18.92209142,16.76218440,0.19268561
483,2,6.21432914,21.52706762,12.04256147,6.09088484,21.80758352,12.45577707,0.31056280
484,1,6.21432914,19.73314532,13.96340922,6.20447029,19.75527647,14.32154237,0.02471181
485,3,4.66074686,20.63010647,15.23121980,4.66074686,20.63010647,15.59422004,0.00000000
486,2,3.10716457,21.52706762,3.18865833,3.10212434,21.49632844,3.59773337,0.05561644
487,1,3.10716457,23.32098992,5.10950608,3.12313352,23.25266208,5.39326302,0.10584518
488,3,4.66074686,22.42402877,6.37731666,4.65265806,22.37659055,6.73105559,0.04900597
489,1,3.10716457,21.52706762,16.46951304,3.16028809,21.53806461,16.72985864,0.11610779
490,1,4.66074686,22.42402877,13.96340922,4.62277275,22.46037984,14.36700846,0.06642072
491,3,3.10716457,23.32098992,15.23121980,3.10785687,23.32046491,15.59372119,0.00100188
492,1,0.00000000,26.90883453,7.61560990,-0.19821156,27.07158342,8.02678313,0.26095146
493,3,3.10716457,25.11491223,6.37731666,2.95777338,24.66359309,7.31143237,0.74308786
494,1,1.55358229,24.21795108,16.46951304,1.67728636,24.40549911,16.62542930,0.30554989
495,1,3.10716457,25.11491223,13.96340922,3.08231816,25.10358550,14.15228805,0.17624956
496,3,1.55358229,26.01187338,15.23121980,1.66906187,26.03968777,15.35357581,0.26836323
497,2,0.00000000,26.90883453,3.18865833,0.23968117,26.88917510,3.16694150,0.45369680
498,1,0.00000000,28.70275683,1.26781058,0.12991449,28.65554211,1.40563506,0.26421796
499,3,1.55358229,27.80579568,0.00000000,1.64899530,27.87003579,0.14496541,0.24651496
500,1,0.00000000,28.70275683,5.10950608,0.00000000,28.70275683,5.47250632,0.00000000
501,3,-0.00000000,28.70275683,8.85390314,0.19813627,28.59594080,9.37121463,0.27290952
502,2,1.55358229,29.59971798,12.04256147,1.66728412,29.59902013,12.40067911,0.11380876
503,1,1.55358229,27.80579568,13.96340922,1.55193552,27.83132846,14.31147589,0.02962510
504,1,-1.55358229,31.39364028,1.26781058,-1.36774396,31.16458813,1.59082408,0.29765704
505,3,-0.00000000,30.49667913,0.00000000,0.08081355,30.45888459,0.29008715,0.11521969
506,1,0.00000000,30.49667913,10.12171372,0.00067930,30.52593188,10.57934905,0.09905546
507,1,15.53582286,0.00000000,7.61560990,15.53582286,0.00000000,7.97861014,0.00000000
508,2,0.00000000,32.29060143,12.04256147,0.00000000,32.29060143,12.40556171,0.00000000
509,1,0.00000000,30.49667913,13.96340922,0.08061391,30.55041030,14.43679394,0.14686856
510,3,-1.55358229,31.39364028,15.23121980,-1.59701433,31.54894081,15.51495254,0.17968843
511,3,20.19656972,0.89696115,0.00000000,20.19656972,0.89696115,0.36300024,0.00000000
512,1,20.19656972,0.89696115,10.12171372,20.38062615,0.90107589,10.40296266,0.20143727
513,1,17.08940514,2.69088345,7.61560990,17.08940514,2.69088345,7.97861014,0.00000000
514,3,18.64298743,1.79392230,8.85390314,18.64298743,1.79392230,9.21690338,0.00000000
515,3,20.19656972,0.89696115,6.37731666,20.19656972,0.89696115,6.74031690,0.00000000
516,1,17.08940514,4.48480575,1.26781058,17.05481997,4.58955606,1.61572400,0.11133900
517,3,18.64298743,3.58784460,0.00000000,18.65168443,3.59625630,0.34847590,0.01890373
518,1,17.08940514,4.48480575,5.10950608,17.08940514,4.48480575,5.47250632,0.00000000
519,1,15.53582286,5.38176691,7.61560990,15.53604408,5.35861588,7.96244265,0.02823839
520,3,18.64298743,3.58784460,6.37731666,18.64298743,3.58784460,6.74031690,0.00000000
521,1,17.08940514,2.69088345,16.46951304,16.80055973,2.75807682,17.20335849,0.47483975
522,3,17.08940514,4.48480575,15.23121980,17.07864808,4.39376528,15.45652925,0.16541716
523,1,15.53582286,7.17568921,1.26781058,15.65596728,7.21964454,1.66550288,0.13255298
524,3,17.08940514,6.27872806,0.00000000,17.15561906,6.27953139,0.36644008,0.06630808
525,1,13.98224057,8.07265036,7.61560990,14.11941110,7.99500310,7.77242611,0.25953171
526,3,15.53582286,7.17568921,8.85390314,15.51605184,7.05481929,9.15019142,0.13946654
527,3,17.08940514,6.27872806,6.37731666,17.08643602,6.23566319,6.71432547,0.05038803
528,1,15.53582286,5.38176691,16.46951304,15.44271866,5.34137020,16.96787881,0.16918661
529,1,17.08940514,6.27872806,13.96340922,16.63049205,6.61205000,14.61263891,0.63532042
530,3,15.53582286,8.96961151,0.00000000,15.53582286,8.96961151,0.36300024,0.00000000
531,1,13.98224057,9.86657266,5.10950608,13.97833847,9.77271741,5.39771295,0.12007532
532,1,15.53582286,8.96961151,10.12171372,15.79393716,8.84502326,10.15328778,0.43816496
533,1,12.42865829,10.76353381,7.61560990,12.45402271,10.72474560,7.85914434,0.12814038
534,3,13.98224057,9.86657266,8.85390314,14.15807793,9.93147372,9.22330659,0.18754179
535,3,15.53582286,8.96961151,6.37731666,15.62460554,8.93528016,6.70530292,0.10142478
536,3,13.98224057,9.86657266,15.23121980,13.78271674,9.80182627,15.39603921,0.28857841
537,2,12.42865829,10.76353381,3.18865833,12.35398179,10.74536793,3.44514574,0.13134520
538,3,13.98224057,11.66049496,0.00000000,13.99154904,11.59292681,0.24817587,0.13355426
539,1,12.42865829,12.55745611,5.10950608,12.32947566,12.49411473,5.37184730,0.15485982
540,3,13.98224057,11.66049496,6.37731666,14.05005982,11.37672597,6.70548413,0.29383263
541,1,12.42865829,10.76353381,16.46951304,12.51086128,10.62233644,16.80933309,0.16501925
542,2,13.98224057,13.45441726,12.04256147,14.01619071,13.47398736,12.33441823,0.08122189
543,1,13.98224057,11.66049496,13.96340922,14.01588358,11.63038829,14.29168628,0.05695580
544,3,12.42865829,12.55745611,15.23121980,12.50291865,12.60232240,15.33954740,0.26904598
545,2,10.87507600,13.45441726,3.18865833,10.75314448,13.48130303,3.55898501,0.12507524
546,1,10.87507600,15.24833957,5.10950608,10.76506904,15.20239779,5.36784987,0.15863527
547,1,9.32149372,16.14530072,7.61560990,9.30891462,16.15284811,7.97022892,0.01689502
548,2,12.42865829,16.14530072,12.04256147,12.41508073,16.12405452,12.48696310,0.08521700
549,1,12.42865829,14.35137842,13.96340922,12.37800181,14.37774103,14.27114803,0.07946630
550,2,9.32149372,16.14530072,3.18865833,9.28855878,16.12704410,3.47938492,0.08149537
551,1,9.32149372,17.93922302,5.10950608,9.29493947,17.87133581,5.36494021,0.12993948
552,1,10.87507600,17.04226187,10.12171372,10.92317846,17.07159868,10.42584357,0.08148753
553,3,9.32149372,17.93922302,8.85390314,9.29148170,17.86096167,9.25924437,0.09390590
554,3,10.87507600,17.04226187,6.37731666,10.66654768,16.90052682,6.57510205,0.30144457
555,2,10.87507600,18.83618417,12.04256147,10.82509817,19.03840734,12.14753725,0.33161516
556,2,7.76791143,18.83618417,3.18865833,7.77885717,18.69535326,3.41096750,0.19936683
557,1,7.76791143,20.63010647,1.26781058,7.76791143,20.63010647,1.63081082,0.00000000
558,3,9.32149372,19.73314532,0.00000000,9.32149372,19.73314532,0.36300024,0.00000000
559,1,7.76791143,20.63010647,5.10950608,7.56130197,20.45052919,5.17344549,0.40542922
560,3,9.32149372,19.73314532,6.37731666,9.17020939,19.38165137,6.78686745,0.38548917
561,3,7.76791143,20.63010647,15.23121980,7.76705334,21.05977340,15.40735845,0.46854205
562,2,6.21432914,21.52706762,3.18865833,6.13823677,21.58128055,3.46154937,0.12980277
563,1,6.21432914,23.32098992,1.26781058,6.16117351,23.28275720,1.55759402,0.09822404
564,3,7.76791143,22.42402877,0.00000000,7.76791143,22.42402877,0.36300024,0.00000000
565,1,6.21432914,23.32098992,5.10950608,6.22770513,23.18948969,5.40694774,0.14754375
566,1,7.76791143,22.42402877,10.12171372,7.72965496,22.75681818,10.33907389,0.36527165
567,3,6.21432914,23.32098992,8.85390314,6.18024717,23.87973785,9.35142177,0.57572217
568,3,7.76791143,22.42402877,6.37731666,7.54678649,22.57926257,6.88204098,0.30508930
569,1,6.21432914,21.52706762,16.46951304,6.19849539,21.52509666,16.81243833,0.02564364
570,2,7.76791143,24.21795108,12.04256147,7.85626842,24.41969959,12.34808451,0.22762480
571,1,7.76791143,22.42402877,13.96340922,7.74227203,22.74135487,14.19874753,0.34300263
572,3,6.21432914,23.32098992,15.23121980,6.13013973,23.45182446,15.60346173,0.15585552
573,2,4.66074686,24.21795108,3.18865833,4.52973157,24.09929723,3.43009752,0.21452466
574,1,4.66074686,26.01187338,1.26781058,4.74215568,25.93816984,1.50296083,0.16853850
575,3,6.21432914,25.11491223,0.00000000,6.21646302,25.11506088,0.30414383,0.05889528
576,1,4.66074686,26.01187338,5.10950608,4.91811034,25.80116318,5.21534702,0.42043509
577,3,6.21432914,25.11491223,6.37731666,6.19722806,25.14785090,6.73747991,0.03722166
578,1,4.66074686,24.21795108,16.46951304,4.65504504,24.22094158,16.83727080,0.00800549
579,3,4.66074686,26.01187338,15.23121980,4.57036443,25.89045490,15.35844234,0.28018307
580,2,3.10716457,26.90883453,3.18865833,3.41627118,27.10795803,3.26589234,0.46568165
581,1,3.10716457,28.70275683,1.26781058,3.17403221,28.71421740,1.36969805,0.26978233
582,3,4.66074686,27.80579568,0.00000000,4.75184237,27.85954884,0.14628430,0.24115057
583,1,3.10716457,28.70275683,5.10950608,3.37503757,28.74242131,5.23889221,0.35763776
584,1,1.55358229,29.59971798,7.61560990,1.45708780,29.71597626,8.16754763,0.24191847
585,1,3.10716457,26.90883453,16.46951304,3.12618056,26.94112980,16.83489899,0.03755375
586,3,3.10716457,28.70275683,15.23121980,3.27429419,28.55396369,15.51820303,0.23632667
587,2,1.55358229,29.59971798,3.18865833,1.56649483,29.62690190,3.55376108,0.03016819
588,1,1.55358229,31.39364028,1.26781058,1.75679323,31.26604305,1.59818717,0.24215706
589,3,3.10716457,30.49667913,0.00000000,3.17519323,30.48062643,0.28893417,0.10183993
590,1,3.10716457,30.49667913,10.12171372,3.09214795,30.59608693,10.43129921,0.11384439
591,1,18.64298743,0.00000000,7.61560990,0.03089241,32.26991475,8.04124402,0.07283737
592,3,1.55358229,31.39364028,8.85390314,1.54880173,31.47071386,9.26332926,0.09010300
593,3,3.10716457,30.49667913,6.37731666,3.10716457,30.49667913,6.74031690,0.00000000
594,2,3.10716457,32.29060143,12.04256147,3.13080822,32.27240057,12.37893532,0.03999073
595,1,3.10716457,30.49667913,13.96340922,3.06730397,30.48007173,14.29728347,0.05208643
596,1,21.75015200,1.79392230,1.26781058,21.75015200,1.79392230,1.63081082,0.00000000
597,3,23.30373429,0.89696115,0.00000000,23.28728735,0.88732691,0.34839083,0.02401573
598,1,23.30373429,0.89696115,10.12171372,23.30934369,0.88782281,10.48529922,0.01073858
599,1,20.19656972,2.69088345,7.61560990,20.19656972,2.69088345,7.97861014,0.00000000
600,3,21.75015200,1.79392230,8.85390314,21.78181440,1.73800466,9.12841390,0.10936032
601,2,23.30373429,2.69088345,12.04256147,23.29303195,2.69730910,12.38166927,0.02695696
602,1,23.30373429,0.89696115,13.96340922,23.27280158,0.87450179,14.30034343,0.04626763
603,1,20.19656972,4.48480575,1.26781058,20.19656972,4.48480575,1.63081082,0.00000000
604,3,21.75015200,3.58784460,0.00000000,21.75015200,3.58784460,0.36300024,0.00000000
605,1,20.19656972,4.48480575,5.10950608,20.17133012,4.39752247,5.40059415,0.11587394
606,1,21.75015200,3.58784460,10.12171372,21.87480483,3.43435351,10.31247733,0.26222757
607,3,21.75015200,3.58784460,6.37731666,21.75015200,3.58784460,6.74031690,0.00000000
608,1,21.75015200,3.58784460,13.96340922,21.76334447,3.56030159,14.31365387,0.03309629
609,3,20.19656972,4.48480575,15.23121980,20.29660145,4.45303950,15.47121017,0.16169994
610,2,18.64298743,5.38176691,3.18865833,18.64298743,5.38176691,3.55165857,0.00000000
611,1,18.64298743,7.17568921,1.26781058,18.58176082,7.12530707,1.60701899,0.08278351
612,1,17.08940514,8.07265036,7.61560990,17.24607444,8.02331204,7.74732109,0.28367969
613,1,18.64298743,5.38176691,16.46951304,18.71990154,5.23826835,16.59421617,0.28860549
614,2,20.19656972,8.07265036,12.04256147,20.35952505,8.01838273,12.25928403,0.22560270
615,1,20.19656972,6.27872806,13.96340922,20.38113404,6.13909268,14.10565051,0.31983831
616,3,18.64298743,7.17568921,15.23121980,18.64873448,6.80781392,15.03290882,0.67114495
617,2,17.08940514,8.07265036,3.18865833,17.15079203,8.18112355,3.49714453,0.13603883
618,1,17.08940514,9.86657266,1.26781058,17.08940514,9.86657266,1.63081082,0.00000000
619,1,17.08940514,9.86657266,5.10950608,17.08916035,9.85576052,5.46441505,0.01350671
620,1,18.64298743,8.96961151,10.12171372,18.69962688,8.97149583,10.49027395,0.05694287
621,1,15.53582286,10.76353381,7.61560990,15.58174077,10.77685130,7.96340174,0.05017076
622,3,17.08940514,9.86657266,8.85390314,17.23034213,9.95699622,9.15904952,0.17716299
623,2,18.64298743,10.76353381,12.04256147,18.70272405,10.81309839,12.23725285,0.18534558
624,1,18.64298743,8.96961151,13.96340922,18.85613317,8.71640254,14.12660369,0.38661122
625,3,17.08940514,9.86657266,15.23121980,17.76770711,9.87757942,15.45146209,0.69324926
626,2,15.53582286,10.76353381,3.18865833,15.53836140,10.72760671,3.51430125,0.05189191
627,1,15.53582286,12.55745611,1.26781058,15.53582286,12.55745611,1.63081082,0.00000000
628,3,17.08940514,11.66049496,0.00000000,17.05723714,11.61982276,0.28668127,0.09226914
629,1,15.53582286,12.55745611,5.10950608,15.40262901,12.44630773,5.32038680,0.23072692
630,1,17.08940514,11.66049496,10.12171372,17.08940514,11.66049496,10.48471396,0.00000000
631,3,15.53582286,12.55745611,8.85390314,15.53582286,12.55745611,9.21690338,0.00000000
632,3,17.08940514,11.66049496,6.37731666,17.12620627,11.51178215,6.70718322,0.15674076
633,1,15.53582286,10.76353381,16.46951304,15.42885409,11.01755061,17.18638111,0.44854129
634,2,17.08940514,13.45441726,12.04256147,17.08940514,13.45441726,12.40556171,0.00000000
635,1,17.08940514,11.66049496,13.96340922,17.08940514,11.66049496,14.32640946,0.00000000
636,3,15.53582286,12.55745611,15.23121980,15.52358947,12.58667870,15.54650960,0.05727042
637,2,13.98224057,13.45441726,3.18865833,13.68318807,13.37120752,3.21856721,0.45530882
638,1,13.98224057,15.24833957,1.26781058,13.98455482,15.26355536,1.61778640,0.02016213
639,3,15.53582286,14.35137842,0.00000000,15.53582286,14.35137842,0.36300024,0.00000000
640,1,13.98224057,13.45441726,16.46951304,13.92532968,13.45548370,16.57935201,0.25948144
641,2,15.53582286,16.14530072,12.04256147,15.56290676,16.13001224,12.43415510,0.04224757
642,1,15.53582286,14.35137842,13.96340922,15.54535836,14.35660248,14.31305994,0.01721704
643,3,13.98224057,15.24833957,15.23121980,13.98303054,15.27189064,15.58048569,0.02727470
644,2,12.42865829,16.14530072,3.18865833,12.42968221,16.05816826,3.45662847,0.12893345
645,1,12.42865829,17.93922302,1.26781058,12.38519458,17.85880831,1.61278176,0.09317009
646,3,13.98224057,17.04226187,0.00000000,13.98224057,17.04226187,0.36300024,0.00000000
647,1,12.42865829,17.93922302,5.10950608,12.39698982,17.73864267,5.30304079,0.26448806
648,1,13.98224057,17.04226187,10.12171372,13.95866126,17.05009342,10.75661269,0.27303157
649,1,10.87507600,18.83618417,7.61560990,11.00547197,18.53337080,7.80472167,0.37274153
650,3,12.42865829,17.93922302,8.85390314,12.44766264,17.86513015,9.27017618,0.09321432
651,1,12.42865829,16.14530072,16.46951304,12.31807283,15.88964819,16.83265700,0.27854511
652,2,13.98224057,18.83618417,12.04256147,13.98308304,18.88426343,12.45058006,0.06587091
653,1,13.98224057,17.04226187,13.96340922,13.98224057,17.04226187,14.32640946,0.00000000
654,2,10.87507600,18.83618417,3.18865833,10.87507600,18.83618417,3.55165857,0.00000000
655,1,10.87507600,20.63010647,1.26781058,10.87507600,20.63010647,1.63081082,0.00000000
656,3,12.42865829,19.73314532,0.00000000,12.35788840,19.72269996,0.25250544,0.13163048
657,1,12.42865829,19.73314532,10.12171372,12.51521033,19.80892541,10.47896771,0.11518202
658,3,12.42865829,19.73314532,6.37731666,12.61970955,19.23696242,6.71502049,0.53229500
659,1,9.32149372,23.32098992,1.26781058,9.32149372,23.32098992,1.63081082,0.00000000
660,3,10.87507600,22.42402877,0.00000000,10.87507600,22.42402877,0.36300024,0.00000000
661,1,10.87507600,22.42402877,10.12171372,10.94094270,22.71190093,10.36197564,0.31980228
662,1,7.76791143,24.21795108,7.61560990,7.77474537,24.37043503,7.89593880,0.17358748
663,3,9.32149372,23.32098992,8.85390314,9.49323946,23.86557449,9.22647150,0.57110463
664,2,10.87507600,24.21795108,12.04256147,10.91514433,24.21759091,12.39469127,0.04151828
665,1,10.87507600,22.42402877,13.96340922,10.87507600,22.42402877,14.32640946,0.00000000
666,3,9.32149372,23.32098992,15.23121980,9.30240247,23.89216740,15.46434058,0.58606898
667,2,7.76791143,24.21795108,3.18865833,7.47624773,24.27591130,3.43336753,0.32003105
668,1,7.76791143,26.01187338,5.10950608,7.82587685,26.02174374,5.47769391,0.05902817
669,1,9.32149372,25.11491223,10.12171372,9.33924293,25.40819153,10.59937727,0.31539730
670,1,6.21432914,26.90883453,7.61560990,6.21432914,26.90883453,7.97861014,0.00000000
671,3,7.76791143,26.01187338,8.85390314,7.84329576,26.25647007,9.19247140,0.25711333
672,3,9.32149372,25.11491223,6.37731666,9.31529882,25.16814717,6.63581648,0.11744222
673,2,9.32149372,26.90883453,12.04256147,9.22734365,27.20577331,12.32867755,0.32085519
674,1,9.32149372,25.11491223,13.96340922,9.27310786,25.46713613,14.12014274,0.41103385
675,2,6.21432914,26.90883453,3.18865833,6.35140883,27.00202341,3.56068945,0.16600170
676,1,6.21432914,28.70275683,5.10950608,6.33119937,28.70845710,5.38331864,0.14712439
677,1,7.76791143,27.80579568,10.12171372,7.71183870,27.88536194,10.46435312,0.09944599
678,3,6.21432914,28.70275683,8.85390314,6.09843874,28.60796053,9.23670862,0.15102705
679,3,7.76791143,27.80579568,6.37731666,7.76781667,27.80769894,6.73730464,0.00356442
680,2,7.76791143,29.59971798,12.04256147,7.70618689,29.73524454,12.36058535,0.15556427
681,2,4.66074686,29.59971798,3.18865833,4.80130683,29.70950046,3.42964118,0.21609614
682,1,4.66074686,31.39364028,1.26781058,4.68096724,31.41479734,1.60981085,0.03602060
683,1,4.66074686,31.39364028,5.10950608,4.66074686,31.39364028,5.47250632,0.00000000
684,1,6.21432914,30.49667913,10.12171372,6.21432914,30.49667913,10.48471396,0.00000000
685,1,21.75015200,0.00000000,7.61560990,3.12012214,32.28290420,7.95679403,0.02651582
686,3,4.66074686,31.39364028,8.85390314,4.57874626,31.34224739,9.19779896,0.09864232
687,3,6.21432914,30.49667913,6.37731666,6.21432914,30.49667913,6.74031690,0.00000000
688,1,4.66074686,29.59971798,16.46951304,4.70123477,29.56372277,16.80993631,0.05869110
689,2,6.21432914,32.29060143,12.04256147,24.81937750,0.02299767,12.32493086,0.09203043
690,1,6.21432914,30.49667913,13.96340922,6.18825312,30.43622290,14.25112886,0.10001042
691,3,4.66074686,31.39364028,15.23121980,4.65333933,31.13184584,15.45828957,0.29507337
692,2,24.85731657,0.00000000,3.18865833,6.26702429,32.27063680,3.50321888,0.07430860
693,1,24.85731657,1.79392230,1.26781058,24.70022555,1.71645557,1.61504159,0.17586174
694,1,23.30373429,2.69088345,7.61560990,23.34907962,2.66574543,7.90242687,0.09215210
695,2,26.41089886,2.69088345,12.04256147,26.27612286,2.60346759,12.46196279,0.17025624
696,1,26.41089886,0.89696115,13.96340922,26.42383258,0.98290821,14.35570796,0.09172012
697,3,24.85731657,1.79392230,15.23121980,24.68385803,1.85550187,15.45960077,0.22804004
698,1,23.30373429,4.48480575,1.26781058,23.30373429,4.48480575,1.63081082,0.00000000
699,3,24.85731657,3.58784460,0.00000000,24.85731657,3.58784460,0.36300024,0.00000000
700,1,23.30373429,4.48480575,5.10950608,23.30373429,4.48480575,5.47250632,0.00000000
701,1,24.85731657,3.58784460,10.12171372,24.79962707,3.54210827,10.39242426,0.11805626
702,1,21.75015200,5.38176691,7.61560990,21.81861801,5.34878473,8.05794157,0.10985852
703,3,23.30373429,4.48480575,8.85390314,23.31392299,4.49211384,9.20849769,0.01509547
704,1,23.30373429,2.69088345,16.46951304,23.21885874,2.63786417,16.75980076,0.12370131
705,2,24.85731657,5.38176691,12.04256147,24.86303243,5.33974986,12.27877317,0.13369157
706,1,24.85731657,3.58784460,13.96340922,24.86359045,3.58653675,14.32094781,0.00842032
707,3,23.30373429,4.48480575,15.23121980,23.29010985,4.40430842,15.42954942,0.18379842
708,2,21.75015200,5.38176691,3.18865833,21.75015200,5.38176691,3.55165857,0.00000000
709,1,23.30373429,6.27872806,10.12171372,23.30373429,6.27872806,10.48471396,0.00000000
710,3,23.30373429,6.27872806,6.37731666,23.30373429,6.27872806,6.74031690,0.00000000
711,1,21.75015200,5.38176691,16.46951304,21.70920052,5.34091592,16.76915541,0.08579071
712,2,23.30373429,8.07265036,12.04256147,23.34581775,8.10589051,12.32026478,0.10075461
713,1,23.30373429,6.27872806,13.96340922,23.49373127,6.17109921,14.19402097,0.25536157
714,3,21.75015200,7.17568921,15.23121980,21.89797049,6.94856044,15.26048908,0.42990015
715,2,20.19656972,8.07265036,3.18865833,20.16678225,8.11512030,3.67680480,0.13547165
716,1,20.19656972,9.86657266,5.10950608,20.19656972,9.86657266,5.47250632,0.00000000
717,1,21.75015200,8.96961151,10.12171372,21.76286895,8.99426308,10.43923322,0.05327211
718,1,18.64298743,10.76353381,7.61560990,18.68648536,10.78799617,7.94354959,0.06098949
719,3,20.19656972,9.86657266,8.85390314,20.19656972,9.86657266,9.21690338,0.00000000
720,3,18.64298743,12.55745611,8.85390314,18.61498731,12.56306814,9.21904780,0.02863739
721,3,20.19656972,11.66049496,6.37731666,20.23225301,11.60699714,6.74386654,0.06440431
722,1,18.64298743,10.76353381,16.46951304,18.72916717,10.86145780,16.99930921,0.21174735
723,1,20.19656972,11.66049496,13.96340922,20.15751470,11.89839244,14.51371982,0.30529604
724,3,18.64298743,12.55745611,15.23121980,18.60087433,12.65347446,15.65168939,0.11956489
725,1,17.08940514,15.24833957,1.26781058,17.07464049,15.22452942,1.63124876,0.02801981
726,3,18.64298743,14.35137842,6.37731666,18.60623585,14.00691258,6.55327277,0.39369137
727,1,17.08940514,13.45441726,16.46951304,17.00634532,13.43857154,16.71439938,0.14526154
728,1,15.53582286,17.93922302,1.26781058,15.51570569,17.87461612,1.62222566,0.06820892
729,3,17.08940514,17.04226187,0.00000000,17.08938160,17.04225172,0.36298163,0.00003168
730,1,17.08940514,17.04226187,10.12171372,17.07669091,16.96790401,10.51786817,0.08240112
731,1,13.98224057,18.83618417,7.61560990,14.10090524,19.02319290,8.14631874,0.27781243
732,3,15.53582286,17.93922302,8.85390314,15.88497463,18.22063248,9.37824695,0.47658157
733,1,15.53582286,16.14530072,16.46951304,15.61169774,16.01075273,16.82130946,0.15487312
734,2,17.08940514,18.83618417,12.04256147,17.09670934,18.90397588,12.56342109,0.17195537
735,3,15.53582286,17.93922302,15.23121980,15.53582286,17.93922302,15.59422004,0.00000000
736,1,13.98224057,20.63010647,5.10950608,13.89530651,20.39825563,5.56937515,0.26588703
737,1,15.53582286,19.73314532,10.12171372,15.50416403,19.86540507,10.57739635,0.16457505
738,1,12.42865829,21.52706762,7.61560990,12.55018806,21.61124717,8.16906295,0.24109740
739,3,13.98224057,20.63010647,8.85390314,13.99608525,20.70856095,9.34498460,0.15083626
740,3,15.53582286,19.73314532,6.37731666,15.44746377,19.92090428,6.85436400,0.23678576
741,1,13.98224057,18.83618417,16.46951304,14.18164833,18.55280648,17.07725691,0.42422378
742,1,12.42865829,23.32098992,1.26781058,12.42865829,23.32098992,1.63081082,0.00000000
743,3,13.98224057,22.42402877,0.00000000,13.84983609,22.50683833,0.00898554,0.38692994
744,1,13.98224057,22.42402877,10.12171372,13.99323292,22.43167737,10.58141182,0.09762074
745,1,10.87507600,24.21795108,7.61560990,11.09042230,24.61649786,8.14324760,0.48199487
746,3,12.42865829,23.32098992,8.85390314,12.51367848,23.41316576,9.18904296,0.12845630
747,3,13.98224057,22.42402877,6.37731666,13.98099492,22.42615724,6.74022079,0.00246804
748,2,13.98224057,24.21795108,12.04256147,13.87081023,24.34162593,12.33702355,0.18002686
749,3,12.42865829,23.32098992,15.23121980,12.48621077,23.47923896,15.48422225,0.20113319
750,3,12.42865829,25.11491223,0.00000000,12.42865829,25.11491223,0.36300024,0.00000000
751,1,9.32149372,26.90883453,7.61560990,9.33898517,26.95829774,7.94323182,0.06327863
752,1,10.87507600,24.21795108,16.46951304,10.87936273,24.21943668,16.83660588,0.00611003
753,2,12.42865829,26.90883453,12.04256147,12.28762978,26.83027083,12.45255313,0.16813532
754,1,12.42865829,25.11491223,13.96340922,12.36998708,25.20597786,14.34706933,0.11028187
755,3,10.87507600,26.01187338,15.23121980,11.00456623,26.24025839,15.63451442,0.26561451
756,2,9.32149372,26.90883453,3.18865833,9.29480691,27.12683802,3.37632648,0.28103212
757,1,9.32149372,28.70275683,5.10950608,9.25900559,28.72621195,5.40081279,0.09795341
758,2,10.87507600,29.59971798,12.04256147,10.66021313,29.75292692,12.74347150,0.42874475
759,1,10.87507600,27.80579568,13.96340922,10.87539084,27.90115188,14.40447408,0.12323550
760,2,7.76791143,29.59971798,3.18865833,7.79354177,29.67834956,3.60704029,0.09953378
761,1,7.76791143,31.39364028,5.10950608,7.71205050,31.42020850,5.43012525,0.07498312
762,2,9.32149372,32.29060143,12.04256147,27.83279417,0.09570676,12.49468535,0.18559167
763,1,9.32149372,30.49667913,13.96340922,9.17379157,30.58696969,14.56808801,0.29728240
764,3,7.76791143,31.39364028,15.23121980,7.53339964,31.51688542,15.42402199,0.31488493
765,2,27.96448115,0.00000000,3.18865833,9.21624147,32.26858921,3.62680579,0.13118566
766,3,29.51806343,0.89696115,0.00000000,29.50089494,0.90762492,0.32213018,0.04559424
767,1,27.96448115,1.79392230,5.10950608,28.10487785,1.77604260,5.34172761,0.19270182
768,1,26.41089886,2.69088345,7.61560990,26.37703325,2.78461570,7.47946496,0.50899757
769,3,29.51806343,0.89696115,6.37731666,29.51806343,0.89696115,6.74031690,0.00000000
770,2,29.51806343,2.69088345,12.04256147,29.55886495,2.69926567,12.30035459,0.11315284
771,1,29.51806343,0.89696115,13.96340922,29.51806343,0.89696115,14.32640946,0.00000000
772,3,27.96448115,1.79392230,15.23121980,28.10638262,2.16071605,15.41176148,0.43354908
773,1,24.85731657,5.38176691,7.61560990,24.85731657,5.38176691,7.97861014,0.00000000
774,3,26.41089886,4.48480575,8.85390314,26.41089886,4.48480575,9.21690338,0.00000000
775,3,27.96448115,3.58784460,6.37731666,28.08096757,3.65094327,6.68301200,0.14434119
776,3,26.41089886,4.48480575,15.23121980,26.43071382,4.53071244,15.53465557,0.07776878
777,2,24.85731657,5.38176691,3.18865833,24.85634150,5.34965580,3.51555765,0.04832547
778,1,24.85731657,7.17568921,1.26781058,25.21110833,7.03844250,1.54476027,0.38911433
779,1,24.85731657,7.17568921,5.10950608,24.85808592,7.03876145,5.35436719,0.18084982
780,3,26.41089886,6.27872806,6.37731666,26.41089886,6.27872806,6.74031690,0.00000000
781,1,24.85731657,5.38176691,16.46951304,24.97536283,5.34066495,16.76517695,0.14198053
782,3,24.85731657,7.17568921,15.23121980,25.00558566,7.05156034,15.30187346,0.35051138
783,2,23.30373429,8.07265036,3.18865833,23.30841234,8.12063790,3.72269423,0.17770167
784,1,23.30373429,9.86657266,1.26781058,23.22622948,9.86657575,1.63056244,0.07750521
785,3,24.85731657,8.96961151,0.00000000,24.83041181,8.95133741,0.33690532,0.04169838
786,1,23.30373429,9.86657266,5.10950608,23.30364679,9.88417807,5.49023628,0.02498618
787,1,24.85731657,8.96961151,10.12171372,24.68976671,8.92477053,10.38182776,0.20166616
788,1,21.75015200,10.76353381,7.61560990,21.75015200,10.76353381,7.97861014,0.00000000
789,3,23.30373429,9.86657266,8.85390314,23.28331896,9.88012138,9.19963324,0.02997684
790,2,24.85731657,10.76353381,12.04256147,25.11702636,10.80925075,12.26861475,0.29714253
791,1,24.85731657,8.96961151,13.96340922,24.85731657,8.96961151,14.32640946,0.00000000
792,2,21.75015200,10.76353381,3.18865833,21.75015200,10.76353381,3.55165857,0.00000000
793,1,21.75015200,12.55745611,5.10950608,21.75015200,12.55745611,5.47250632,0.00000000
794,1,23.30373429,11.66049496,10.12171372,23.55864057,11.66547159,10.35682241,0.28523363
795,1,20.19656972,13.45441726,7.61560990,20.21346687,13.66809457,7.81432929,0.27005871
796,3,23.30373429,11.66049496,6.37731666,23.30373429,11.66049496,6.74031690,0.00000000
797,1,21.75015200,10.76353381,16.46951304,21.75002155,11.02651524,17.08962621,0.36778568
798,1,23.30373429,11.66049496,13.96340922,23.45751977,11.91604373,14.55544454,0.37604815
799,3,21.75015200,12.55745611,15.23121980,21.71095145,12.60708364,15.68540402,0.11096888
800,1,18.64298743,16.14530072,7.61560990,18.69536739,16.18177072,8.08415500,0.12334276
801,3,20.19656972,15.24833957,8.85390314,20.16691230,15.24966948,9.23623980,0.03542919
802,3,21.75015200,14.35137842,6.37731666,21.82462497,14.38486196,6.68632370,0.09789094
803,1,20.19656972,13.45441726,16.46951304,20.17063966,13.49121073,17.03117303,0.20369542
804,1,21.75015200,14.35137842,13.96340922,21.60586728,14.48002755,14.67852544,0.40168936
805,2,18.64298743,16.14530072,3.18865833,18.64298743,16.14530072,3.55165857,0.00000000
806,1,18.64298743,17.93922302,1.26781058,18.62835554,17.70563234,1.57942653,0.23962271
807,3,20.19656972,17.04226187,0.00000000,20.19026620,17.04653735,0.35031196,0.01479887
808,1,20.19656972,17.04226187,10.12171372,20.31180091,17.12851590,10.33606523,0.20691648
809,1,17.08940514,18.83618417,7.61560990,17.28082831,18.92368116,8.01973018,0.21445142
810,3,18.64298743,17.93922302,8.85390314,18.77517502,17.93369835,9.20526246,0.13281412
811,3,20.19656972,17.04226187,6.37731666,20.17026620,17.05496930,6.72122237,0.03489921
812,2,20.19656972,18.83618417,12.04256147,20.30037221,18.91209340,12.26147798,0.19312506
813,1,20.19656972,17.04226187,13.96340922,20.35846878,17.33380703,14.19536998,0.35830327
814,1,18.64298743,19.73314532,10.12171372,18.64298743,19.73314532,10.48471396,0.00000000
815,1,15.53582286,21.52706762,7.61560990,15.54679140,21.61876781,8.03573882,0.10859521
816,3,17.08940514,20.63010647,8.85390314,17.16721921,20.82405849,9.24191111,0.21047043
817,3,18.64298743,19.73314532,6.37731666,18.73986148,19.62077903,6.72175970,0.14951633
818,2,15.53582286,21.52706762,3.18865833,15.58546650,21.48700886,3.63326491,0.10357987
819,1,15.53582286,23.32098992,1.26781058,15.82175243,23.46011815,1.21986595,0.51960377
820,1,15.53582286,23.32098992,5.10950608,15.52877317,23.29624715,5.44916348,0.03473890
821,1,13.98224057,24.21795108,7.61560990,13.99446938,24.21649624,7.97784149,0.01233901
822,3,15.53582286,23.32098992,8.85390314,15.44442694,23.22691073,9.33646487,0.17747973
823,3,17.08940514,22.42402877,6.37731666,17.30152858,22.14113259,6.58439773,0.38644196
824,1,15.53582286,21.52706762,16.46951304,15.53612030,21.52128776,16.83681933,0.00721370
825,3,15.53582286,23.32098992,15.23121980,15.44549852,23.17823420,15.59804212,0.16897423
826,2,13.98224057,24.21795108,3.18865833,13.98224057,24.21795108,3.55165857,0.00000000
827,1,13.98224057,26.01187338,1.26781058,13.95674848,25.99371782,1.59987212,0.04400767
828,3,15.53582286,25.11491223,0.00000000,15.49890480,25.25884639,0.24590547,0.18918555
829,1,15.53582286,25.11491223,10.12171372,15.49824161,25.26914375,10.68612097,0.25644589
830,3,15.53582286,25.11491223,6.37731666,16.10630060,24.76739010,6.92211574,0.69229134
831,1,13.98224057,24.21795108,16.46951304,13.93710874,24.19552479,16.80216180,0.05883055
832,2,15.53582286,26.90883453,12.04256147,15.53008865,27.00264786,12.48285428,0.12168798
833,1,15.53582286,25.11491223,13.96340922,15.39474763,25.05619706,14.21282905,0.19039485
834,3,13.98224057,26.01187338,15.23121980,13.96892174,25.97652960,15.41379828,0.18433282
835,2,12.42865829,26.90883453,3.18865833,12.48479302,26.97054874,3.37978848,0.19104732
836,1,12.42865829,28.70275683,1.26781058,12.42779601,28.72694880,1.60606029,0.03462056
837,3,13.98224057,27.80579568,0.00000000,13.90285949,27.84555255,0.20075439,0.18494779
838,1,12.42865829,28.70275683,5.10950608,12.20744870,28.81652856,5.19035489,0.37614773
839,1,12.42865829,26.90883453,16.46951304,12.50367900,27.00220211,16.84296609,0.12022842
840,2,13.98224057,29.59971798,12.04256147,13.94388192,29.55183013,12.34958944,0.08305136
841,2,10.87507600,29.59971798,3.18865833,10.73634359,29.70271264,3.37794519,0.24501208
842,1,10.87507600,31.39364028,1.26781058,10.86507031,31.40409645,1.55502883,0.07715151
843,3,12.42865829,30.49667913,0.00000000,12.42865829,30.49667913,0.36300024,0.00000000
844,1,10.87507600,31.39364028,5.10950608,10.78411563,31.44322551,5.38925873,0.13290089
845,1,10.87507600,29.59971798,16.46951304,10.97209885,29.62327326,16.77469509,0.11537429
846,2,12.42865829,32.29060143,12.04256147,12.35283749,32.23112806,12.39357181,0.09710630
847,1,12.42865829,30.49667913,13.96340922,12.43548263,30.49959328,14.33256215,0.00963947
848,3,10.87507600,31.39364028,15.23121980,10.94407161,31.43975507,15.76913319,0.19360159
849,2,31.07164572,0.00000000,3.18865833,30.80249996,0.10830313,3.44422924,0.30937044
850,1,31.07164572,1.79392230,1.26781058,31.07412635,1.79763548,1.62580218,0.00671027
851,3,32.62522800,0.89696115,0.00000000,32.54143553,0.93586673,0.16077962,0.22232410
852,1,31.07164572,1.79392230,5.10950608,31.02927778,1.91836398,5.32698255,0.19610696
853,1,32.62522800,0.89696115,10.12171372,32.21958544,0.73863989,10.36879357,0.45060964
854,1,29.51806343,2.69088345,7.61560990,29.46274506,2.71509803,7.93465227,0.07469111
855,3,31.07164572,1.79392230,8.85390314,30.99832804,2.06081557,9.16027546,0.28251411
856,3,32.62522800,0.89696115,6.37731666,32.80566992,1.03725598,6.62868738,0.25436799
857,1,31.07164572,0.00000000,16.46951304,31.11266416,0.02358760,16.86281817,0.05618963
858,3,31.07164572,1.79392230,15.23121980,31.11802110,1.76702237,15.55789844,0.06475756
859,3,31.07164572,3.58784460,0.00000000,31.07164572,3.58784460,0.36300024,0.00000000
860,1,31.07164572,3.58784460,10.12171372,30.98568686,3.65153476,10.48606025,0.10699147
861,1,27.96448115,5.38176691,7.61560990,27.96448115,5.38176691,7.97861014,0.00000000
862,3,29.51806343,4.48480575,8.85390314,29.47546317,4.53397833,9.22508639,0.06557199
863,3,31.07164572,3.58784460,6.37731666,31.07262207,3.61079830,6.70428567,0.04273260
864,1,29.51806343,2.69088345,16.46951304,29.65072091,2.70238060,16.68056860,0.20203311
865,2,31.07164572,5.38176691,12.04256147,31.07164572,5.38176691,12.40556171,0.00000000
866,1,31.07164572,3.58784460,13.96340922,31.09081716,3.59999317,14.29456730,0.03910313
867,2,27.96448115,5.38176691,3.18865833,27.88408126,5.35514347,3.59436344,0.09485069
868,1,27.96448115,7.17568921,1.26781058,28.13558895,7.14584274,1.63677138,0.17379361
869,3,29.51806343,6.27872806,0.00000000,29.51848872,6.27846142,0.36260864,0.00063665
870,1,27.96448115,7.17568921,5.10950608,28.02343821,7.08040769,5.39390353,0.13686819
871,1,29.51806343,6.27872806,10.12171372,29.72243199,6.29288767,10.48061963,0.20489940
872,3,29.51806343,6.27872806,6.37731666,29.51806343,6.27872806,6.74031690,0.00000000
873,1,27.96448115,5.38176691,16.46951304,28.08474206,5.30261040,16.72072819,0.18227547
874,3,27.96448115,7.17568921,15.23121980,27.91040516,7.02273610,15.33419726,0.30648118
875,2,26.41089886,8.07265036,3.18865833,26.41089886,8.07265036,3.55165857,0.00000000
876,1,26.41089886,9.86657266,1.26781058,26.15409525,9.86085083,1.64415445,0.25721369
877,3,27.96448115,8.96961151,0.00000000,27.82371318,8.86030050,0.21615179,0.23093069
878,1,24.85731657,10.76353381,7.61560990,24.86684802,10.71895616,7.91442819,0.07872317
879,1,26.41089886,8.07265036,16.46951304,26.41292712,8.06214533,16.81712825,0.01873949
880,1,27.96448115,8.96961151,13.96340922,28.06314580,9.34293731,14.59288816,0.46916709
881,3,26.41089886,9.86657266,15.23121980,26.34519855,9.87045740,15.62227525,0.07154521
882,2,24.85731657,10.76353381,3.18865833,24.85107248,10.75802017,3.57586880,0.02560321
883,1,24.85731657,12.55745611,1.26781058,25.14517641,12.60495746,1.48739094,0.32509833
884,3,26.41089886,11.66049496,0.00000000,26.49559999,11.59795464,0.28300134,0.13223237
885,1,24.85731657,12.55745611,5.10950608,24.85731657,12.55745611,5.47250632,0.00000000
886,1,26.41089886,11.66049496,10.12171372,26.48612553,11.70951690,10.38463230,0.13445647
887,1,23.30373429,13.45441726,7.61560990,23.31210576,13.44493212,7.96952399,0.01557587
888,3,24.85731657,12.55745611,8.85390314,24.93990568,12.61813751,9.14285792,0.12643545
889,1,24.85731657,10.76353381,16.46951304,24.84785267,10.66800282,16.80976396,0.09865732
890,2,26.41089886,13.45441726,12.04256147,26.41264689,13.45797187,12.40574453,0.00396538
891,1,26.41089886,11.66049496,13.96340922,26.37206138,11.71761525,14.32136311,0.06925708
892,2,23.30373429,13.45441726,3.18865833,23.32278077,13.28193220,3.49011797,0.18412255
893,1,23.30373429,15.24833957,1.26781058,23.31148989,15.24454369,1.62263187,0.01189342
894,1,23.30373429,15.24833957,5.10950608,23.25114739,15.20995167,5.07501894,0.40278435
895,1,24.85731657,14.35137842,10.12171372,24.85731657,14.35137842,10.48471396,0.00000000
896,1,21.75015200,16.14530072,7.61560990,21.70446998,16.18479350,7.93972455,0.07182351
897,3,24.85731657,14.35137842,6.37731666,24.93876270,14.26185397,6.72433271,0.12208026
898,1,23.30373429,13.45441726,16.46951304,23.30874933,13.55272731,16.98590457,0.18226053
899,2,24.85731657,16.14530072,12.04256147,24.82138440,15.98587168,12.60386265,0.25696692
900,3,23.30373429,15.24833957,15.23121980,23.20606549,15.39327864,15.62382486,0.17726527
901,2,21.75015200,16.14530072,3.18865833,21.66805743,16.03367901,3.32870827,0.26249907
902,1,21.75015200,17.93922302,1.26781058,21.66794241,17.90225999,1.60411044,0.09400847
903,3,23.30373429,17.04226187,0.00000000,23.27988803,16.98596043,0.14782020,0.22369834
904,1,21.75015200,17.93922302,5.10950608,21.71159393,17.87921630,5.00989779,0.46807498
905,1,23.30373429,17.04226187,10.12171372,23.16003761,16.87186454,10.96397089,0.52855576
906,1,20.19656972,18.83618417,7.61560990,20.20717472,18.84499347,7.96594631,0.01872011
907,3,21.75015200,17.93922302,8.85390314,21.72130140,17.95269321,9.06115106,0.15897355
908,1,21.75015200,16.14530072,16.46951304,21.86728366,16.10565186,17.09959851,0.29432359
909,2,23.30373429,18.83618417,12.04256147,23.27714996,18.88486113,12.43653019,0.06352338
910,1,23.30373429,17.04226187,13.96340922,23.32439356,17.02452960,14.31105615,0.03125640
911,3,21.75015200,17.93922302,15.23121980,21.99970989,18.03522210,15.55532064,0.27020016
912,2,20.19656972,18.83618417,3.18865833,20.08195156,18.88414372,3.40718505,0.19055193
913,1,20.19656972,20.63010647,1.26781058,20.55323623,20.60778717,1.50341028,0.37939432
914,3,21.75015200,19.73314532,0.00000000,21.87629707,19.63376102,0.24284061,0.20056958
915,1,20.19656972,20.63010647,5.10950608,20.16455100,20.58683020,5.41390598,0.07957408
916,1,18.64298743,21.52706762,7.61560990,18.72074079,21.47299679,8.03488299,0.11016294
917,3,20.19656972,20.63010647,8.85390314,20.16453954,20.55533044,9.20175332,0.08274607
918,3,21.75015200,19.73314532,6.37731666,21.94024846,19.91091795,6.52839801,0.33563282
919,1,20.19656972,18.83618417,16.46951304,20.28152701,18.98536142,16.85760481,0.17349691
920,1,21.75015200,19.73314532,13.96340922,21.96894517,19.77180914,14.38271779,0.22920726
921,3,20.19656972,20.63010647,15.23121980,20.44166163,20.61630985,15.51399899,0.25825532
922,2,18.64298743,21.52706762,3.18865833,18.64329069,21.46125329,3.45102382,0.12024546
923,1,18.64298743,23.32098992,1.26781058,18.70667497,23.11541595,1.58179142,0.22072532
924,3,20.19656972,22.42402877,0.00000000,20.21076847,22.44073215,0.32849284,0.04088237
925,1,18.64298743,23.32098992,5.10950608,18.58002486,23.33162727,5.13934918,0.33922135
926,3,20.19656972,22.42402877,6.37731666,20.49288319,22.42939481,6.57593814,0.33889651
927,1,18.64298743,21.52706762,16.46951304,18.57391698,21.66880105,16.80718879,0.15968852
928,1,20.19656972,22.42402877,13.96340922,20.37168765,22.36433578,14.40595481,0.20138769
929,3,18.64298743,23.32098992,15.23121980,18.63785665,23.32418894,15.56466897,0.03016330
930,2,17.08940514,24.21795108,3.18865833,17.00971437,24.20573374,3.38196142,0.18787498
931,1,17.08940514,26.01187338,1.26781058,17.10575644,26.08579813,1.39227861,0.25025956
932,3,18.64298743,25.11491223,0.00000000,18.56890878,25.14386633,0.14626535,0.23086793
933,1,17.08940514,26.01187338,5.10950608,16.89276325,26.11903068,4.98193603,0.53926796
934,1,15.53582286,26.90883453,7.61560990,15.56512113,26.88182632,7.99702861,0.04389843
935,1,17.08940514,24.21795108,16.46951304,17.04277542,24.16353479,16.87424759,0.08292898
936,2,18.64298743,26.90883453,12.04256147,18.47934444,26.89497255,12.54496476,0.21541679
937,1,18.64298743,25.11491223,13.96340922,18.60675931,25.18428824,14.35924854,0.08487586
938,3,17.08940514,26.01187338,15.23121980,16.92496665,25.67481285,15.46342777,0.39718565
939,2,15.53582286,26.90883453,3.18865833,15.42766423,27.15812444,3.24755707,0.40782529
940,1,17.08940514,27.80579568,10.12171372,17.06363337,27.75964739,10.54785621,0.08234557
941,1,13.98224057,29.59971798,7.61560990,14.36071457,29.54455358,7.81848978,0.41463745
942,3,15.53582286,28.70275683,8.85390314,15.55191987,28.67030147,9.26934003,0.06373434
943,3,17.08940514,27.80579568,6.37731666,17.06049007,27.77166429,6.73672260,0.04487708
944,2,17.08940514,29.59971798,12.04256147,17.08547879,29.60231444,12.41287629,0.00869833
945,1,17.08940514,27.80579568,13.96340922,17.00101723,27.87810889,14.30061077,0.11707774
946,1,13.98224057,31.39364028,1.26781058,13.96311022,31.37668396,1.60432417,0.03681073
947,1,13.98224057,31.39364028,5.10950608,13.81934677,31.37798795,5.00531227,0.49502492
948,1,15.53582286,30.49667913,10.12171372,15.53582286,30.49667913,10.48471396,0.00000000
949,1,31.07164572,0.00000000,7.61560990,12.61380720,32.27883958,7.51683143,0.49765253
950,3,13.98224057,31.39364028,8.85390314,13.95331226,31.33065770,9.04105249,0.18901638
951,3,15.53582286,30.49667913,6.37731666,15.25214928,30.64940441,6.31087516,0.53685745
952,2,34.17881029,0.00000000,3.18865833,33.79778215,0.40508776,3.35772509,0.58897261
953,1,34.17881029,1.79392230,1.26781058,34.20986086,1.95489601,1.44393641,0.24859348
954,1,34.17881029,1.79392230,5.10950608,33.93857705,2.17182443,5.11645185,0.57209861
955,1,32.62522800,2.69088345,7.61560990,32.62522800,2.69088345,7.97861014,0.00000000
956,3,34.17881029,1.79392230,8.85390314,33.87069271,1.64045167,9.27282418,0.34873602
957,1,34.17881029,3.58784460,10.12171372,33.89368282,3.68346913,10.82536456,0.45440571
958,1,31.07164572,5.38176691,7.61560990,31.01201073,5.30419605,8.04503687,0.11826275
959,3,32.62522800,4.48480575,8.85390314,32.62522800,4.48480575,9.21690338,0.00000000
960,3,34.17881029,3.58784460,6.37731666,34.18178503,3.59335568,6.74055069,0.00626703
961,1,32.62522800,2.69088345,16.46951304,32.62215656,2.69257654,16.82763896,0.00600494
962,2,34.17881029,5.38176691,12.04256147,-3.10930521,5.48007370,12.53604624,0.16338611
963,1,31.07164572,7.17568921,1.26781058,31.07164572,7.17568921,1.63081082,0.00000000
964,3,32.62522800,6.27872806,0.00000000,32.62522800,6.27872806,0.36300024,0.00000000
965,1,31.07164572,7.17568921,5.10950608,31.05825513,7.19167734,5.45963584,0.02450668
966,1,32.62522800,6.27872806,10.12171372,32.65026420,6.31253466,10.48128882,0.04220698
967,3,31.07164572,7.17568921,8.85390314,31.16912728,7.15705302,9.23178602,0.10035664
968,2,32.62522800,8.07265036,12.04256147,32.62522800,8.07265036,12.40556171,0.00000000
969,1,32.62522800,6.27872806,13.96340922,32.60990618,6.31680971,14.29087574,0.05429195
970,2,29.51806343,8.07265036,3.18865833,29.51806343,8.07265036,3.55165857,0.00000000
971,1,29.51806343,9.86657266,1.26781058,29.07712547,9.91401022,1.48397902,0.46715756
972,3,31.07164572,8.96961151,0.00000000,31.07191275,8.94859018,0.33100924,0.03828044
973,1,31.07164572,8.96961151,10.12171372,31.06275035,8.95100418,10.48639407,0.02069259
974,3,31.07164572,8.96961151,6.37731666,31.07311941,8.94333430,6.72409671,0.03091534
975,2,31.07164572,10.76353381,12.04256147,31.07164572,10.76353381,12.40556171,0.00000000
976,1,31.07164572,8.96961151,13.96340922,31.07164572,8.96961151,14.32640946,0.00000000
977,3,29.51806343,9.86657266,15.23121980,29.71541225,9.89594762,15.71201650,0.23170121
978,1,29.51806343,11.66049496,10.12171372,29.41113474,11.66388321,10.50639607,0.10915740
979,1,26.41089886,13.45441726,7.61560990,26.42334333,13.46274936,7.97055403,0.01700557
980,3,27.96448115,12.55745611,8.85390314,27.96795913,12.55945322,9.21414961,0.00486499
981,1,27.96448115,10.76353381,16.46951304,28.07759536,10.90008272,17.07233912,0.29825638
982,2,29.51806343,13.45441726,12.04256147,-7.76916686,13.50380680,12.35126796,0.07340787
983,1,29.51806343,11.66049496,13.96340922,29.56719944,11.82369700,14.19761384,0.21362950
984,2,26.41089886,13.45441726,3.18865833,26.51057072,13.26521949,3.47083591,0.22861010
985,1,26.41089886,15.24833957,1.26781058,26.39477516,15.25006805,1.60772651,0.02821075
986,3,27.96448115,14.35137842,0.00000000,27.96333778,14.31374359,0.29408535,0.07852993
987,1,26.41089886,15.24833957,5.10950608,26.40476523,15.17556721,5.07510469,0.40405631
988,1,27.96448115,14.35137842,10.12171372,27.96448115,14.35137842,10.48471396,0.00000000
989,3,27.96448115,14.35137842,6.37731666,27.87440392,14.19967065,6.69007639,0.18344825
990,2,27.96448115,16.14530072,12.04256147,27.95676649,16.08218287,12.37632786,0.06998569
991,3,26.41089886,17.04226187,0.00000000,26.41089886,17.04226187,0.36300024,0.00000000
992,1,26.41089886,17.04226187,10.12171372,26.23771254,16.98686395,10.80766372,0.37061972
993,2,26.41089886,18.83618417,12.04256147,-10.83845386,18.84142268,12.46624560,0.07107149
994,1,24.85731657,19.73314532,10.12171372,24.89001999,19.69250747,10.71007168,0.23131591
995,1,21.75015200,21.52706762,7.61560990,21.90271101,21.58889483,7.92233308,0.17396540
996,1,23.30373429,18.83618417,16.46951304,23.35056680,18.86941174,16.88481902,0.07767397
997,1,24.85731657,19.73314532,13.96340922,24.89557748,19.69075902,14.35370164,0.06328790
998,3,23.30373429,20.63010647,15.23121980,23.37328475,20.65099739,15.62493806,0.07884981
999,2,21.75015200,21.52706762,3.18865833,21.78248780,21.55227771,3.46871776,0.09252205
1000,1,21.75015200,23.32098992,1.26781058,21.87629445,23.21957626,1.52914799,0.19113340
1001,3,23.30373429,22.42402877,0.00000000,23.34905707,22.39986690,0.32611032,0.06323621
1002,1,21.75015200,23.32098992,5.10950608,21.98252891,23.35577522,5.47547108,0.23498475
1003,1,23.30373429,22.42402877,10.12171372,23.40295349,22.46493638,10.38339988,0.14758871
1004,3,23.30373429,22.42402877,6.37731666,23.39577647,22.41994709,6.68983751,0.10505519
1005,1,21.75015200,21.52706762,16.46951304,21.73695599,21.52589546,16.85659715,0.02748711
1006,2,23.30373429,24.21795108,12.04256147,23.32811353,24.15977041,12.35593842,0.08026088
1007,1,23.30373429,22.42402877,13.96340922,23.29913571,22.38177145,14.35766780,0.05276279
1008,3,21.75015200,23.32098992,15.23121980,21.74836465,23.30959090,15.63049987,0.03807044
1009,1,21.75015200,25.11491223,10.12171372,21.95890723,25.01110297,10.44942106,0.23579800
1010,1,18.64298743,26.90883453,7.61560990,18.80203839,27.10163853,7.96574646,0.25027198
1011,1,20.19656972,24.21795108,16.46951304,20.19727470,24.18231018,16.86240303,0.04652061
1012,2,21.75015200,26.90883453,12.04256147,21.77004910,26.83410118,12.37474087,0.08325198
1013,1,21.75015200,25.11491223,13.96340922,21.71922509,25.09386825,14.29055377,0.05181653
1014,3,20.19656972,26.01187338,15.23121980,20.20803278,25.77087544,15.53402148,0.24866700
1015,2,18.64298743,26.90883453,3.18865833,18.37838912,27.22912967,3.21093210,0.53730417
1016,1,18.64298743,28.70275683,5.10950608,18.84931324,28.58066755,5.43932081,0.24202771
1017,1,20.19656972,27.80579568,10.12171372,20.03589001,27.21245545,10.61865383,0.62913471
1018,1,17.08940514,29.59971798,7.61560990,17.26187748,29.57954026,8.21170394,0.29066573
1019,3,18.64298743,28.70275683,8.85390314,18.66067982,28.55532516,9.49686040,0.31689911
1020,3,20.19656972,27.80579568,6.37731666,20.39131939,27.46290089,6.68258639,0.39854371
1021,2,20.19656972,29.59971798,12.04256147,-17.13885824,29.92742425,12.61553855,0.39233567
1022,3,18.64298743,28.70275683,15.23121980,18.87055109,28.91929195,15.68712498,0.32757290
1023,1,18.64298743,30.49667913,10.12171372,18.70068280,30.53458698,10.57608817,0.11452077
1024,1,34.17881029,0.00000000,7.61560990,15.55811103,32.20822950,8.02743937,0.09831679
1025,3,18.64298743,30.49667913,6.37731666,18.94804336,29.96724902,6.97421402,0.65426541
1026,2,18.64298743,32.29060143,12.04256147,37.20709185,0.11964848,12.40863342,0.14334477
1027,1,18.64298743,30.49667913,13.96340922,18.53241517,30.58165733,14.42084739,0.16842221
1028,3,17.08940514,31.39364028,15.23121980,17.11928589,31.66731375,15.48127704,0.29756705
1029,3,1.55358229,0.89696115,17.70780600,1.33643702,0.94122800,18.03044754,0.22525640
1030,1,-1.55358229,2.69088345,25.32341590,35.29972219,2.83533045,25.73019305,0.45824122
1031,3,1.55358229,0.89696115,24.08512266,1.43715056,1.05068182,24.68819515,0.30793031
1032,2,-1.55358229,2.69088345,20.89646433,35.76025029,2.64017926,21.20426171,0.07996452
1033,1,-1.55358229,4.48480575,18.97561658,-1.45210727,4.43763311,19.47277632,0.17470320
1034,3,-0.00000000,3.58784460,17.70780600,-0.00000000,3.58784460,18.07080624,0.00000000
1035,1,-1.55358229,4.48480575,22.81731208,-1.50333664,4.26648161,23.09871174,0.23842968
1036,1,0.00000000,3.58784460,27.82951972,-0.15428421,3.60801418,28.20870618,0.15643664
1037,1,-3.10716457,5.38176691,25.32341590,-3.16912570,5.51238402,25.64783264,0.14962854
1038,3,-1.55358229,4.48480575,26.56170914,-1.53232525,4.57089960,26.99952985,0.11602635
1039,3,-0.00000000,3.58784460,24.08512266,-0.15383898,3.56267298,24.58256587,0.20585177
1040,2,0.00000000,5.38176691,29.75036747,-0.04748518,5.25151190,30.08535498,0.14144229
1041,3,-1.55358229,6.27872806,17.70780600,-1.48338453,6.46159521,18.24210920,0.26021688
1042,3,-1.55358229,6.27872806,24.08512266,-1.89891743,6.03626988,24.09852075,0.54796349
1043,1,-3.10716457,5.38176691,34.17731904,-2.90259684,5.42163932,34.59599749,0.21572628
1044,1,-1.55358229,6.27872806,31.67121522,-1.73390172,6.17834418,32.02031559,0.20684590
1045,3,-3.10716457,7.17568921,32.93902580,-3.14671069,7.17351059,33.29915676,0.03970988
1046,1,-4.66074686,9.86657266,18.97561658,-4.53175777,10.06950650,19.58808643,0.34649013
1047,1,-6.21432914,10.76353381,25.32341590,-6.09734384,10.87180080,25.60311252,0.17985215
1048,3,-4.66074686,9.86657266,26.56170914,-4.57221834,9.88344346,26.90653540,0.09193593
1049,1,-4.66074686,8.07265036,34.17731904,-4.54193239,8.13240689,34.49168648,0.14160816
1050,3,-4.66074686,9.86657266,32.93902580,-4.66370339,9.86053484,33.30455384,0.00718235
1051,2,-6.21432914,10.76353381,20.89646433,31.04403664,10.79167303,21.25783481,0.03945546
1052,1,-6.21432914,12.55745611,18.97561658,-6.18883828,12.57225078,19.35904265,0.03585918
1053,3,-4.66074686,11.66049496,17.70780600,-4.66054954,11.66060852,18.07096328,0.00027657
1054,1,-6.21432914,12.55745611,22.81731208,-6.00013077,12.57643275,23.17647605,0.21507156
1055,1,-4.66074686,11.66049496,27.82951972,-4.59921027,11.70141912,28.17150094,0.07683318
1056,3,-6.21432914,12.55745611,26.56170914,-6.08193794,12.46829762,26.92916920,0.15967641
1057,3,-4.66074686,11.66049496,24.08512266,-4.60488507,11.68144708,24.41766215,0.06698796
1058,1,-6.21432914,10.76353381,34.17731904,-6.03668735,10.82392617,34.69012815,0.24009694
1059,2,-4.66074686,13.45441726,29.75036747,-4.81148254,13.23864093,30.12756615,0.26359489
1060,3,-6.21432914,12.55745611,32.93902580,-6.18072310,12.66528691,33.43880907,0.17738783
1061,2,-7.76791143,13.45441726,20.89646433,-7.76791143,13.45441726,21.25946457,0.00000000
1062,1,-7.76791143,15.24833957,18.97561658,-7.76791143,15.24833957,19.33861682,0.00000000
1063,3,-6.21432914,14.35137842,17.70780600,-6.21432914,14.35137842,18.07080624,0.00000000
1064,1,-7.76791143,15.24833957,22.81731208,-8.05747875,15.39702686,23.45697596,0.42720008
1065,1,-6.21432914,14.35137842,27.82951972,-6.15988879,14.60542843,28.14107307,0.26486213
1066,3,-7.76791143,15.24833957,26.56170914,-7.74813674,15.31884327,27.01469280,0.11601218
1067,3,-6.21432914,14.35137842,24.08512266,-6.22389506,14.33065748,24.69928382,0.25219570
1068,1,-7.76791143,13.45441726,34.17731904,-7.62162913,13.51070056,34.66245869,0.19870670
1069,2,-9.32149372,16.14530072,20.89646433,-9.29380786,16.20595169,21.26688375,0.06708272
1070,1,-9.32149372,17.93922302,18.97561658,-9.30150942,18.06739262,19.48060787,0.19232336
1071,1,-9.32149372,17.93922302,22.81731208,-9.35553540,18.01114195,23.17660637,0.07965490
1072,1,-7.76791143,17.04226187,27.82951972,-7.76520498,17.05367076,28.18179011,0.01589394
1073,3,-9.32149372,17.93922302,26.56170914,-9.31814426,17.96242871,26.94958951,0.03418689
1074,3,-7.76791143,17.04226187,24.08512266,-7.74207475,17.14939975,24.51431333,0.12855829
1075,2,-7.76791143,18.83618417,29.75036747,-7.71758665,18.97138008,30.08355112,0.14730766
1076,2,-10.87507600,18.83618417,20.89646433,26.42221326,18.77263868,21.29617874,0.07425615
1077,3,-9.32149372,19.73314532,17.70780600,-9.30091288,19.63127415,18.12321071,0.11639388
1078,1,-10.87507600,20.63010647,22.81731208,-10.87507600,20.63010647,23.18031232,0.00000000
1079,1,-9.32149372,19.73314532,27.82951972,-9.34447523,19.71960871,28.21111581,0.03251455
1080,1,-12.42865829,21.52706762,25.32341590,-12.42865829,21.52706762,25.68641614,0.00000000
1081,3,-10.87507600,20.63010647,26.56170914,-10.86495601,20.63497273,26.91508247,0.01479094
1082,3,-9.32149372,19.73314532,24.08512266,-9.32149372,19.73314532,24.44812290,0.00000000
1083,2,-9.32149372,21.52706762,29.75036747,-9.48114749,21.38624590,30.08779219,0.21441594
1084,1,-12.42865829,23.32098992,22.81731208,-12.42834677,23.31429210,23.17535483,0.00833875
1085,1,-13.98224057,24.21795108,25.32341590,23.29719551,24.21459845,25.69207484,0.00927451
1086,3,-12.42865829,23.32098992,26.56170914,-12.42725663,23.32188056,26.92331654,0.00216746
1087,3,-10.87507600,22.42402877,24.08512266,-10.87500181,22.39977400,24.43083867,0.02978329
1088,1,-12.42865829,21.52706762,34.17731904,-12.38944866,21.59023054,34.42914413,0.13374178
1089,3,-12.42865829,23.32098992,32.93902580,-12.48353901,23.26168827,33.19641994,0.13297078
1090,2,-13.98224057,24.21795108,20.89646433,-13.85309198,24.25661493,21.29322869,0.13897578
1091,1,-13.98224057,26.01187338,18.97561658,-13.93108619,26.06227242,19.47226818,0.15172185
1092,1,-13.98224057,26.01187338,22.81731208,-13.90549845,25.88231160,23.18760601,0.15076076
1093,3,-12.42865829,25.11491223,24.08512266,-12.52733860,24.96364780,24.43058020,0.18145654
1094,1,-13.98224057,24.21795108,34.17731904,23.34714830,24.07458233,34.42566984,0.18863687
1095,1,-12.42865829,25.11491223,31.67121522,-12.44178817,25.14507063,32.14849646,0.11892043
1096,3,-13.98224057,26.01187338,32.93902580,-14.00435097,26.06824074,33.16922290,0.14595487
1097,2,-15.53582286,26.90883453,20.89646433,21.83192193,26.73623964,21.33254824,0.20449093
1098,1,-15.53582286,28.70275683,18.97561658,-15.52456063,28.64319795,19.33527025,0.06070666
1099,3,-13.98224057,27.80579568,17.70780600,-14.02671313,27.52919242,18.01375727,0.28590516
1100,1,-15.53582286,28.70275683,22.81731208,-15.63576193,28.24071066,23.31695006,0.49208165
1101,2,-13.98224057,29.59971798,29.75036747,-13.97569849,29.59595605,30.12170561,0.01124596
1102,1,-13.98224057,27.80579568,31.67121522,-14.03868635,27.82253041,32.06943125,0.06860269
1103,3,-15.53582286,28.70275683,32.93902580,-15.54920795,28.75107541,33.13918894,0.17038124
1104,2,-17.08940514,29.59971798,20.89646433,20.30618245,29.26231187,21.26744521,0.35485423
1105,1,-17.08940514,31.39364028,18.97561658,-17.11914925,31.45960200,19.09611158,0.25307005
1106,1,-15.53582286,30.49667913,27.82951972,-15.42659022,30.42985832,28.26864822,0.14897081
1107,3,-17.08940514,31.39364028,26.56170914,-16.91945231,31.39707005,27.20840433,0.33072428
1108,2,-15.53582286,32.29060143,29.75036747,3.16401509,0.03682499,30.23165555,0.13630875
1109,1,-15.53582286,30.49667913,31.67121522,-15.53572953,30.50261844,32.03048573,0.00701391
1110,3,4.66074686,0.89696115,17.70780600,4.66271707,0.89408047,18.07058919,0.00349673
1111,1,4.66074686,0.89696115,27.82951972,4.66074686,0.89696115,28.19251996,0.00000000
1112,1,1.55358229,2.69088345,25.32341590,1.55905815,2.80802392,25.77683657,0.14808014
1113,3,3.10716457,1.79392230,26.56170914,3.11885188,1.79945754,26.94036024,0.02030225
1114,3,4.66074686,0.89696115,24.08512266,4.65450048,0.94083748,24.48241015,0.05603361
1115,2,4.66074686,2.69088345,29.75036747,4.71277441,2.64513943,30.19689411,0.10851747
1116,1,4.66074686,0.89696115,31.67121522,4.66135205,0.89730895,32.03494446,0.00100929
1117,1,1.55358229,4.48480575,18.97561658,1.51582804,4.59009345,19.20853628,0.17155707
1118,3,3.10716457,3.58784460,17.70780600,3.03070782,3.29021157,18.25754783,0.35958793
1119,1,3.10716457,3.58784460,27.82951972,3.64941558,3.76170736,28.23300878,0.57087981
1120,1,0.00000000,5.38176691,25.32341590,0.03612001,5.30689338,25.68250386,0.08322263
1121,3,1.55358229,4.48480575,26.56170914,1.61363642,4.70512121,26.88148886,0.23240785
1122,3,3.10716457,3.58784460,24.08512266,3.05239547,3.62626582,24.59841532,0.16451035
1123,2,3.10716457,5.38176691,29.75036747,3.17589068,5.33660969,30.11177389,0.08224957
1124,2,0.00000000,5.38176691,20.89646433,0.00806603,5.38470920,21.26315550,0.00934563
1125,1,0.00000000,7.17568921,18.97561658,0.07920872,7.22062910,19.40346644,0.11179932
1126,3,1.55358229,6.27872806,17.70780600,1.41507259,6.33225834,18.09354881,0.15022534
1127,1,0.00000000,7.17568921,22.81731208,0.00000000,7.17568921,23.18031232,0.00000000
1128,1,1.55358229,6.27872806,27.82951972,1.66752107,6.21365285,28.29912124,0.16905816
1129,3,-0.00000000,7.17568921,26.56170914,0.30054082,7.28400917,27.13637845,0.38322551
1130,3,1.55358229,6.27872806,24.08512266,1.49797745,6.32847257,24.47203561,0.07834687
1131,2,1.55358229,8.07265036,29.75036747,1.95656667,8.02479544,30.10358661,0.40593371
1132,1,1.55358229,6.27872806,31.67121522,1.52630532,6.20185288,31.77483330,0.27190611
1133,3,-0.00000000,7.17568921,32.93902580,-0.24386020,7.06512754,33.15241079,0.30671877
1134,2,-1.55358229,8.07265036,20.89646433,-1.52129372,8.14240183,21.28415547,0.08073078
1135,1,-1.55358229,9.86657266,18.97561658,-1.56364671,9.84178315,19.34866204,0.02857829
1136,3,-0.00000000,8.96961151,17.70780600,-0.00000000,8.96961151,18.07080624,0.00000000
1137,1,-1.55358229,8.07265036,34.17731904,-1.59056571,8.05154157,34.48792835,0.06751417
1138,2,-3.10716457,10.76353381,20.89646433,-2.98476419,10.81887664,21.39904108,0.19371702
1139,1,-3.10716457,12.55745611,18.97561658,-3.08215395,12.60071957,19.33471538,0.05012464
1140,1,-3.10716457,12.55745611,22.81731208,-3.07228164,12.56170893,23.18486801,0.03543529
1141,1,-4.66074686,13.45441726,25.32341590,-4.64560348,13.42078794,25.72726588,0.05503594
1142,3,-3.10716457,12.55745611,26.56170914,-3.11165459,12.53046399,26.99331780,0.07386373
1143,1,-3.10716457,10.76353381,34.17731904,-3.11950819,10.79710864,34.38799360,0.15646964
1144,3,-3.10716457,14.35137842,17.70780600,-3.16519142,14.37135235,18.10958196,0.07259221
1145,1,-3.10716457,14.35137842,27.82951972,-3.16159937,14.25770118,28.18885682,0.10840659
1146,1,-6.21432914,16.14530072,25.32341590,-6.21506683,16.16593563,25.66430874,0.03025031
1147,3,-4.66074686,15.24833957,26.56170914,-4.59254756,15.25765761,26.95520171,0.07528447
1148,3,-3.10716457,14.35137842,24.08512266,-3.08312534,14.27947072,24.67383219,0.23810352
1149,1,-4.66074686,13.45441726,34.17731904,-4.63431179,13.46847491,34.55762702,0.03458306
1150,3,-4.66074686,17.04226187,17.70780600,-5.27697400,17.14760920,18.10121524,0.62590627
1151,1,-4.66074686,17.04226187,27.82951972,-4.61011488,17.08940010,28.11512519,0.10380540
1152,1,-7.76791143,18.83618417,25.32341590,-7.76809901,18.84982845,25.69588762,0.01661055
1153,3,-6.21432914,17.93922302,26.56170914,-6.21432914,17.93922302,26.92470938,0.00000000
1154,3,-4.66074686,17.04226187,24.08512266,-4.59878139,17.01243337,24.63991014,0.20374446
1155,2,-7.76791143,18.83618417,20.89646433,-7.73239067,18.80792071,21.27609833,0.04834490
1156,1,-7.76791143,20.63010647,18.97561658,-7.83320411,20.60668018,19.38604087,0.08402955
1157,3,-6.21432914,19.73314532,17.70780600,-6.33859893,19.85100145,18.16810913,0.19697943
1158,1,-7.76791143,20.63010647,22.81731208,-7.73171107,20.48680448,23.19916363,0.14900100
1159,1,-6.21432914,19.73314532,27.82951972,-6.31868508,19.74421916,28.16519371,0.10844130
1160,3,-7.76791143,20.63010647,26.56170914,-7.89807655,20.59662485,27.01653362,0.16277490
1161,3,-6.21432914,19.73314532,24.08512266,-6.17348947,19.61267789,24.36828298,0.15018220
1162,2,-6.21432914,21.52706762,29.75036747,-6.14481248,21.55314460,30.04265216,0.10253422
1163,1,-6.21432914,19.73314532,31.67121522,-6.48705109,20.02214091,31.98512514,0.40038178
1164,2,-9.32149372,21.52706762,20.89646433,-9.18899456,21.37336882,21.37580682,0.23391209
1165,3,-7.76791143,22.42402877,17.70780600,-7.75530865,22.44602420,18.03339280,0.04519286
1166,1,-10.87507600,24.21795108,25.32341590,-10.88245887,24.08261099,25.63759336,0.14406634
1167,2,-10.87507600,24.21795108,20.89646433,-10.90997410,24.45834012,21.39588256,0.27859404
1168,1,-10.87507600,26.01187338,18.97561658,-10.99595120,25.97108769,19.41131604,0.14683141
1169,1,-10.87507600,26.01187338,22.81731208,-10.99086551,26.15848335,23.22270254,0.19156886
1170,1,-9.32149372,25.11491223,27.82951972,-9.14758400,25.11581958,28.18881300,0.17395159
1171,3,-10.87507600,26.01187338,26.56170914,-10.68875545,25.98407935,26.43512087,0.52458057
1172,1,-10.87507600,24.21795108,34.17731904,-10.77723026,24.16239288,34.54184597,0.11252926
1173,3,-10.87507600,26.01187338,32.93902580,-10.89153002,25.93548391,33.27108247,0.08404517
1174,2,-12.42865829,26.90883453,20.89646433,-12.50893713,26.93863675,21.32801039,0.10968771
1175,1,-12.42865829,28.70275683,18.97561658,-12.52121734,28.62835708,19.48045704,0.18498959
1176,1,-12.42865829,28.70275683,22.81731208,-12.48058180,28.71109091,23.17787137,0.05264472
1177,1,-10.87507600,27.80579568,27.82951972,-10.64798958,27.81685169,28.24377284,0.23306079
1178,3,-10.87507600,27.80579568,24.08512266,-10.93892458,28.01378555,24.37173528,0.23058945
1179,1,-12.42865829,26.90883453,34.17731904,-12.42417972,26.85792865,34.52550083,0.05320764
1180,2,-10.87507600,29.59971798,29.75036747,-10.87507600,29.59971798,30.11336771,0.00000000
1181,1,-10.87507600,27.80579568,31.67121522,-10.87927407,27.73299581,31.92479173,0.13149524
1182,3,-12.42865829,28.70275683,32.93902580,-12.53557051,28.66028838,33.22141093,0.14047273
1183,2,-13.98224057,29.59971798,20.89646433,-13.98224057,29.59971798,21.25946457,0.00000000
1184,1,-13.98224057,31.39364028,18.97561658,-14.05572906,31.38794092,19.38075969,0.08490619
1185,1,-13.98224057,31.39364028,22.81731208,-13.74572092,31.62051118,23.20404035,0.32859545
1186,1,-12.42865829,30.49667913,27.82951972,-12.42865829,30.49667913,28.19251996,0.00000000
1187,1,3.10716457,0.00000000,25.32341590,3.10716457,0.00000000,25.68641614,0.00000000
1188,3,-13.98224057,31.39364028,26.56170914,-13.98224057,31.39364028,26.92470938,0.00000000
1189,1,-13.98224057,29.59971798,34.17731904,-13.96164697,29.63181641,34.49871280,0.05644028
1190,2,-12.42865829,32.29060143,29.75036747,-12.42865829,32.29060143,30.11336771,0.00000000
1191,1,-12.42865829,30.49667913,31.67121522,-12.42865829,30.49667913,32.03421546,0.00000000
1192,3,-13.98224057,31.39364028,32.93902580,-13.98224057,31.39364028,33.30202604,0.00000000
1193,2,6.21432914,0.00000000,20.89646433,6.16771880,0.07460584,21.18768713,0.11353659
1194,1,6.21432914,1.79392230,18.97561658,6.19443542,1.75627987,19.33621456,0.04264368
1195,1,6.21432914,1.79392230,22.81731208,6.27739751,1.91200253,23.17907835,0.13387338
1196,1,7.76791143,0.89696115,27.82951972,7.76791143,0.89696115,28.19251996,0.00000000
1197,1,4.66074686,2.69088345,25.32341590,4.66074686,2.69088345,25.68641614,0.00000000
1198,3,6.21432914,1.79392230,26.56170914,6.13504980,1.78894598,26.98363034,0.09890226
1199,3,7.76791143,0.89696115,24.08512266,7.77383900,0.74017914,24.22864747,0.26978733
1200,2,7.76791143,2.69088345,29.75036747,7.76470659,2.68386261,30.11337965,0.00771773
1201,3,6.21432914,3.58784460,17.70780600,6.21432914,3.58784460,18.07080624,0.00000000
1202,1,3.10716457,5.38176691,25.32341590,3.18886734,5.36709722,25.71157940,0.08673945
1203,1,4.66074686,2.69088345,34.17731904,4.70593427,2.63971584,34.55100820,0.06909617
1204,1,6.21432914,3.58784460,31.67121522,6.21432914,3.58784460,32.03421546,0.00000000
1205,3,4.66074686,4.48480575,32.93902580,4.85539266,4.51005980,33.37854186,0.21066425
1206,3,4.66074686,6.27872806,17.70780600,4.27620468,5.88485103,17.86202872,0.58872731
1207,1,1.55358229,8.07265036,25.32341590,1.77072542,7.92820432,25.75839468,0.27054890
1208,3,3.10716457,7.17568921,26.56170914,3.22482024,7.12375817,26.99400284,0.14608652
1209,1,3.10716457,5.38176691,34.17731904,2.70913358,4.70847660,33.99819389,0.95165564
1210,3,3.10716457,7.17568921,32.93902580,3.08756187,7.17999891,33.30669181,0.02060604
1211,2,1.55358229,8.07265036,20.89646433,1.55358229,8.07265036,21.25946457,0.00000000
1212,1,1.55358229,9.86657266,22.81731208,1.55358229,9.86657266,23.18031232,0.00000000
1213,1,3.10716457,8.96961151,27.82951972,3.11814688,9.00677777,28.12349984,0.07915629
1214,3,1.55358229,9.86657266,26.56170914,1.70839075,9.80752123,26.83522561,0.18830846
1215,3,3.10716457,8.96961151,24.08512266,3.09741559,8.97239492,24.42420385,0.02597905
1216,1,1.55358229,8.07265036,34.17731904,1.35139436,7.76959630,34.26916266,0.45414494
1217,2,3.10716457,10.76353381,29.75036747,2.99493638,10.78733234,30.04320899,0.13447596
1218,1,3.10716457,8.96961151,31.67121522,3.14421592,8.99171933,32.09160842,0.07180187
1219,3,1.55358229,9.86657266,32.93902580,1.72795003,9.99811180,33.40653459,0.24213362
1220,2,0.00000000,10.76353381,20.89646433,0.00000000,10.76353381,21.25946457,0.00000000
1221,1,0.00000000,12.55745611,22.81731208,0.00000000,12.55745611,23.18031232,0.00000000
1222,1,1.55358229,11.66049496,27.82951972,1.74529670,11.74166596,28.10363442,0.22637091
1223,1,-1.55358229,13.45441726,25.32341590,-1.51750215,13.58161986,25.83576204,0.19946547
1224,3,-0.00000000,12.55745611,26.56170914,0.01560828,12.53162408,27.11050336,0.18822941
1225,3,1.55358229,11.66049496,24.08512266,1.56580492,11.63373516,24.44180401,0.03009000
1226,1,0.00000000,10.76353381,34.17731904,0.00000000,10.76353381,34.54031928,0.00000000
1227,2,1.55358229,13.45441726,29.75036747,1.54978746,13.46955837,30.13327358,0.02529620
1228,1,1.55358229,11.66049496,31.67121522,1.55358229,11.66049496,32.03421546,0.00000000
1229,3,-0.00000000,12.55745611,32.93902580,0.13457461,12.74629290,33.40302042,0.25292197
1230,3,-0.00000000,14.35137842,17.70780600,0.20748817,14.35092193,18.08298226,0.20784563
1231,1,0.00000000,14.35137842,27.82951972,-0.02929660,14.25013658,28.26699987,0.12905602
1232,1,-3.10716457,16.14530072,25.32341590,-3.05445689,16.11542006,25.72254834,0.07054424
1233,3,-1.55358229,15.24833957,26.56170914,-1.63440756,15.26242464,27.03970609,0.14126343
1234,3,-0.00000000,14.35137842,24.08512266,0.11681094,14.13918454,24.69278557,0.34428311
1235,1,-1.55358229,13.45441726,34.17731904,-1.55421965,13.43436616,34.55159785,0.02301433
1236,2,0.00000000,16.14530072,29.75036747,-0.08017077,16.11341083,30.20993427,0.12949679
1237,1,0.00000000,14.35137842,31.67121522,0.00000000,14.35137842,32.03421546,0.00000000
1238,3,-1.55358229,15.24833957,32.93902580,-1.44901903,15.24456640,33.52311899,0.24460131
1239,3,-1.55358229,17.04226187,17.70780600,-1.61266259,17.02525858,17.90659052,0.17534651
1240,1,-1.55358229,17.04226187,27.82951972,-1.71300870,16.80915577,28.43265048,0.37069921
1241,3,-3.10716457,17.93922302,26.56170914,-3.09107215,17.91340009,26.97416728,0.05806783
1242,3,-1.55358229,17.04226187,24.08512266,-1.46946140,17.01228270,24.63760679,0.20947366
1243,1,-3.10716457,16.14530072,34.17731904,-3.18156916,16.10704204,34.47514552,0.10605371
1244,2,-1.55358229,18.83618417,29.75036747,-1.41840285,19.03984236,29.84818653,0.36065385
1245,3,-3.10716457,17.93922302,32.93902580,-3.20754559,18.14474753,33.28830513,0.22913955
1246,1,-4.66074686,20.63010647,18.97561658,-4.84614407,20.50499787,19.46247235,0.25566478
1247,1,-3.10716457,19.73314532,27.82951972,-3.41147980,19.73099159,28.51242591,0.44153393
1248,1,-4.66074686,18.83618417,34.17731904,-4.72243271,18.89078109,34.56353464,0.08558575
1249,2,-3.10716457,21.52706762,29.75036747,-3.09855030,21.58015717,30.16074559,0.07167544
1250,1,-3.10716457,19.73314532,31.67121522,-3.16224274,19.76217537,31.93670898,0.11568864
1251,3,-4.66074686,20.63010647,32.93902580,-4.73992276,20.70244127,33.26383259,0.11384150
1252,2,-6.21432914,21.52706762,20.89646433,-6.22042730,21.51105230,21.29502817,0.03947717
1253,1,-6.21432914,23.32098992,18.97561658,-6.41193894,23.16601028,19.43525966,0.26908765
1254,3,-4.66074686,22.42402877,17.70780600,-4.84982855,22.33418095,17.92887253,0.25292232
1255,1,-4.66074686,22.42402877,27.82951972,-4.65372650,22.38771798,28.22208867,0.04735048
1256,3,-6.21432914,23.32098992,26.56170914,-6.24068228,23.28767948,27.03220515,0.11558292
1257,1,-6.21432914,21.52706762,34.17731904,-6.25571232,21.51772914,34.49157401,0.06462102
1258,2,-4.66074686,24.21795108,29.75036747,-4.66074686,24.21795108,30.11336771,0.00000000
1259,1,-4.66074686,22.42402877,31.67121522,-4.65621481,22.41665138,32.03438164,0.00865985
1260,3,-6.21432914,23.32098992,32.93902580,-6.21435163,23.31963091,33.30315749,0.00176850
1261,2,-7.76791143,24.21795108,20.89646433,-7.74985761,24.31761175,21.20107087,0.11691029
1262,1,-7.76791143,26.01187338,18.97561658,-7.80466478,26.04868803,19.40255131,0.08242418
1263,3,-6.21432914,25.11491223,17.70780600,-6.46370024,25.30649229,18.00999524,0.32029181
1264,1,-6.21432914,25.11491223,27.82951972,-6.22033404,25.13391407,28.24770286,0.05867096
1265,1,-9.32149372,26.90883453,25.32341590,-9.12100120,27.02953018,25.57638226,0.25859649
1266,3,-7.76791143,26.01187338,26.56170914,-7.76054018,26.01665134,26.91788631,0.01112289
1267,1,-7.76791143,24.21795108,34.17731904,-7.76135442,24.18978525,34.57911584,0.04838885
1268,1,-6.21432914,25.11491223,31.67121522,-6.19094571,24.90939512,31.97592249,0.21490030
1269,3,-7.76791143,26.01187338,32.93902580,-7.98273988,25.87523952,33.39648745,0.27155668
1270,2,-9.32149372,26.90883453,20.89646433,-9.23570009,26.88609097,21.26941920,0.08931355
1271,1,-9.32149372,28.70275683,18.97561658,-9.21951407,28.67714900,19.39034686,0.11718194
1272,3,-7.76791143,27.80579568,17.70780600,-7.81010410,27.87994711,18.07616805,0.08548336
1273,1,-9.32149372,28.70275683,22.81731208,-9.43887740,28.73695423,23.14082574,0.12848184
1274,1,-7.76791143,27.80579568,27.82951972,-7.72057248,27.80643809,28.19173083,0.04734989
1275,1,-10.87507600,29.59971798,25.32341590,-10.87482921,29.60729388,25.69267275,0.00982855
1276,3,-9.32149372,28.70275683,26.56170914,-9.32088937,28.70316095,26.92410858,0.00094314
1277,1,-9.32149372,26.90883453,34.17731904,-9.49687949,26.79947763,34.53469495,0.20676251
1278,3,-9.32149372,28.70275683,32.93902580,-9.45417806,28.46007340,33.24934793,0.28155882
1279,2,-10.87507600,29.59971798,20.89646433,-10.83527918,29.36486518,21.16849424,0.25498084
1280,1,-10.87507600,31.39364028,22.81731208,-10.83716213,31.30864180,23.07909641,0.13750224
1281,1,-9.32149372,30.49667913,27.82951972,-9.32149372,30.49667913,28.19251996,0.00000000
1282,1,6.21432914,0.00000000,25.32341590,6.23223953,0.00955802,25.71969394,0.03898140
1283,3,-9.32149372,30.49667913,24.08512266,-9.21667604,30.45442981,24.27623629,0.20571037
1284,1,-10.87507600,29.59971798,34.17731904,-10.95151500,29.38205714,34.34304848,0.30353736
1285,2,9.32149372,0.00000000,20.89646433,9.39747922,0.01543927,21.22173830,0.08622900
1286,1,9.32149372,1.79392230,18.97561658,9.32149372,1.79392230,19.33861682,0.00000000
1287,3,10.87507600,0.89696115,17.70780600,10.87507600,0.89696115,18.07080624,0.00000000
1288,1,9.32149372,1.79392230,22.81731208,9.32149372,1.79392230,23.18031232,0.00000000
1289,1,10.87507600,0.89696115,27.82951972,10.82014785,0.86201726,28.23391848,0.07714930
1290,2,10.87507600,2.69088345,29.75036747,10.85458929,2.70320729,30.15592646,0.04881424
1291,2,7.76791143,2.69088345,20.89646433,7.77620190,2.63289897,21.31348031,0.07967831
1292,1,7.76791143,4.48480575,18.97561658,7.55951735,4.34096210,19.50520226,0.30310031
1293,1,7.76791143,4.48480575,22.81731208,7.76791143,4.48480575,23.18031232,0.00000000
1294,1,9.32149372,3.58784460,27.82951972,9.32149372,3.58784460,28.19251996,0.00000000
1295,3,9.32149372,3.58784460,24.08512266,9.32149372,3.58784460,24.44812290,0.00000000
1296,2,9.32149372,5.38176691,29.75036747,8.97521508,5.37602414,30.10357234,0.34646475
1297,1,9.32149372,3.58784460,31.67121522,9.32149372,3.58784460,32.03421546,0.00000000
1298,3,7.76791143,4.48480575,32.93902580,7.76103462,4.52815546,33.24800837,0.06960169
1299,1,6.21432914,7.17568921,18.97561658,6.48799059,7.05646502,19.72983986,0.49209802
1300,3,7.76791143,6.27872806,17.70780600,7.77937038,6.24485857,18.08060108,0.03707275
1301,1,4.66074686,8.07265036,25.32341590,4.65875601,8.40515310,25.69216074,0.33255832
1302,1,6.21432914,5.38176691,34.17731904,6.30420858,5.41225674,34.57573419,0.10130231
1303,3,6.21432914,8.96961151,17.70780600,6.21234408,9.02380390,18.13921840,0.08729821
1304,1,4.66074686,9.86657266,22.81731208,4.66085871,9.87775065,23.16154031,0.02184830
1305,1,6.21432914,8.96961151,27.82951972,6.04136116,9.09153309,28.26570568,0.22391727
1306,1,3.10716457,10.76353381,25.32341590,3.06517640,10.86089625,25.64299425,0.11457710
1307,3,4.66074686,9.86657266,26.56170914,4.65472714,9.99584978,27.01802676,0.15955232
1308,3,4.66074686,11.66049496,17.70780600,4.66074686,11.66049496,18.07080624,0.00000000
1309,3,4.66074686,11.66049496,24.08512266,4.78172278,11.61989051,24.60746576,0.20414221
1310,1,3.10716457,10.76353381,34.17731904,3.19485798,10.81301393,34.61994648,0.12837019
1311,2,4.66074686,13.45441726,29.75036747,4.77711032,13.63090690,30.04287662,0.22284085
1312,1,4.66074686,11.66049496,31.67121522,4.80127241,11.63567441,31.54379800,0.51075706
1313,3,3.10716457,12.55745611,32.93902580,3.09479765,12.56541897,33.30042738,0.01479539
1314,1,1.55358229,15.24833957,18.97561658,1.56042599,15.07037645,19.47589195,0.22486033
1315,3,3.10716457,14.35137842,17.70780600,3.11466657,14.19207538,18.18229572,0.19458582
1316,1,1.55358229,15.24833957,22.81731208,0.99551669,15.52581927,23.43049670,0.67158352
1317,1,3.10716457,14.35137842,27.82951972,3.16325102,14.29861789,28.25852192,0.10141806
1318,1,0.00000000,16.14530072,25.32341590,-0.13051883,16.26586359,26.02991305,0.38673078
1319,3,1.55358229,15.24833957,26.56170914,1.59449518,15.23103696,26.94315432,0.04809845
1320,1,1.55358229,13.45441726,34.17731904,1.64070566,13.50045365,34.60762145,0.11932901
1321,2,3.10716457,16.14530072,29.75036747,3.16813575,16.12307991,30.18092657,0.09367736
1322,1,3.10716457,14.35137842,31.67121522,3.10716457,14.35137842,32.03421546,0.00000000
1323,2,0.00000000,16.14530072,20.89646433,-0.11991961,15.81967928,21.21605575,0.34970610
1324,1,0.00000000,17.93922302,18.97561658,-0.42607915,17.60789511,19.50058144,0.56351944
1325,3,1.55358229,17.04226187,17.70780600,1.55358229,17.04226187,18.07080624,0.00000000
1326,1,0.00000000,17.93922302,22.81731208,-0.13894654,18.21353573,23.18197904,0.30750021
1327,1,1.55358229,17.04226187,27.82951972,1.52613281,16.72716120,28.39957497,0.37803926
1328,3,1.55358229,17.04226187,24.08512266,1.60495895,17.16232896,24.54345181,0.16168880
1329,2,1.55358229,18.83618417,29.75036747,1.51586746,18.78293559,30.04110454,0.09736420
1330,2,-1.55358229,18.83618417,20.89646433,-1.61730129,18.88488390,21.28512366,0.08420311
1331,1,-1.55358229,20.63010647,18.97561658,-1.48648126,20.62779556,19.37434036,0.07605300
1332,1,-1.55358229,20.63010647,22.81731208,-1.62293893,20.74588935,23.18108496,0.13496894
1333,1,-1.55358229,18.83618417,34.17731904,-1.68871557,19.04794008,34.36795852,0.30464701
1334,2,0.00000000,21.52706762,29.75036747,0.02934313,21.65974016,29.95477357,0.20884234
1335,1,0.00000000,19.73314532,31.67121522,-0.18377819,19.99034126,31.79922610,0.39388345
1336,3,-1.55358229,20.63010647,32.93902580,-1.55009969,20.79347146,33.22368628,0.18121084
1337,2,-3.10716457,21.52706762,20.89646433,-3.14427570,21.45336707,21.25493637,0.08264087
1338,1,-3.10716457,23.32098992,22.81731208,-3.16044411,23.25335562,23.26678617,0.12202801
1339,1,-4.66074686,24.21795108,25.32341590,-4.32676469,24.41378002,26.13384627,0.59168132
1340,1,-3.10716457,21.52706762,34.17731904,-3.29237713,21.49313353,34.51589895,0.18987250
1341,2,-1.55358229,24.21795108,29.75036747,-1.46208828,24.19892068,30.15814105,0.10362413
1342,1,-1.55358229,22.42402877,31.67121522,-1.66548168,22.50881796,31.98474591,0.14885536
1343,2,-4.66074686,24.21795108,20.89646433,-4.60664955,24.05204353,21.29539790,0.17816576
1344,1,-4.66074686,26.01187338,22.81731208,-4.66824205,25.76180362,23.11397654,0.25882715
1345,1,-3.10716457,25.11491223,27.82951972,-2.98505049,25.36187041,28.55738012,0.45719048
1346,1,-6.21432914,26.90883453,25.32341590,-6.19770965,26.90820686,25.68699365,0.01664137
1347,3,-4.66074686,26.01187338,26.56170914,-4.75626429,26.19576105,27.09734326,0.26970486
1348,3,-3.10716457,25.11491223,24.08512266,-3.07067652,25.26543232,24.33448985,0.19209411
1349,1,-6.21432914,28.70275683,18.97561658,-6.22783950,28.70932728,19.35161593,0.01986649
1350,3,-4.66074686,27.80579568,17.70780600,-4.83783915,28.01015937,17.92297811,0.30818721
1351,1,-4.66074686,27.80579568,27.82951972,-4.65677613,27.90522933,28.26184886,0.12128195
1352,3,-6.21432914,28.70275683,26.56170914,-6.22438167,28.69723838,26.93273944,0.01399959
1353,3,-4.66074686,27.80579568,24.08512266,-4.52646361,27.78919779,24.67907879,0.26767163
1354,1,-6.21432914,26.90883453,34.17731904,-6.57280944,26.94835265,34.55010747,0.36078472
1355,3,-6.21432914,28.70275683,32.93902580,-6.56761065,28.71005184,33.46169501,0.38775665
1356,1,-7.76791143,31.39364028,18.97561658,-7.79866785,31.40529660,19.36744116,0.04373407
1357,3,-6.21432914,30.49667913,17.70780600,-6.33516016,30.48057359,18.23109378,0.20137432
1358,1,-6.21432914,30.49667913,27.82951972,-6.21778369,30.53111448,28.08469271,0.11324506
1359,3,-7.76791143,31.39364028,26.56170914,-7.83130664,31.38663153,27.00486378,0.10243438
1360,1,-7.76791143,29.59971798,34.17731904,-7.92027244,29.71048759,34.66904222,0.22815209
1361,2,-6.21432914,32.29060143,29.75036747,-6.21432914,32.29060143,30.11336771,0.00000000
1362,1,-6.21432914,30.49667913,31.67121522,-6.38127124,30.69973468,32.03330304,0.26287269
1363,1,12.42865829,1.79392230,18.97561658,12.42865829,1.79392230,19.33861682,0.00000000
1364,3,13.98224057,0.89696115,17.70780600,13.98245199,0.89250971,18.07388518,0.00541663
1365,1,10.87507600,2.69088345,25.32341590,10.99343532,3.07169316,25.73147768,0.40131721
1366,3,12.42865829,1.79392230,26.56170914,12.29428120,1.80142977,27.12365372,0.24019245
1367,1,12.42865829,0.00000000,34.17731904,12.42865829,0.00000000,34.54031928,0.00000000
1368,1,13.98224057,0.89696115,31.67121522,13.98224057,0.89696115,32.03421546,0.00000000
1369,3,12.42865829,1.79392230,32.93902580,12.44047094,1.79444397,33.30656286,0.01266466
1370,1,10.87507600,4.48480575,22.81731208,10.85105546,4.49055100,23.17429991,0.02541935
1371,1,9.32149372,5.38176691,25.32341590,9.27768658,5.45453619,25.68643773,0.08493783
1372,3,10.87507600,4.48480575,26.56170914,10.74971768,4.70738966,26.97781285,0.26091816
1373,3,12.42865829,3.58784460,24.08512266,12.70518351,3.60142439,24.69342384,0.36989615
1374,1,10.87507600,2.69088345,34.17731904,10.87322029,2.68937611,34.53848120,0.00301568
1375,2,12.42865829,5.38176691,29.75036747,11.92264882,5.53141731,30.14416792,0.52857305
1376,3,10.87507600,4.48480575,32.93902580,10.86491995,4.48932447,33.28675373,0.01888935
1377,2,9.32149372,5.38176691,20.89646433,9.32149372,5.38176691,21.25946457,0.00000000
1378,1,9.32149372,7.17568921,18.97561658,9.40317360,7.29899766,19.60544680,0.30508165
1379,1,9.32149372,7.17568921,22.81731208,9.35024084,7.15594973,23.21532899,0.04941873
1380,1,10.87507600,6.27872806,27.82951972,10.79503001,6.45070656,28.11496000,0.20493783
1381,3,9.32149372,7.17568921,26.56170914,9.30633165,7.22689693,26.88522875,0.06641415
1382,3,10.87507600,6.27872806,24.08512266,10.87507600,6.27872806,24.44812290,0.00000000
1383,1,9.32149372,5.38176691,34.17731904,9.31025766,5.37452663,34.55816571,0.02229721
1384,2,10.87507600,8.07265036,29.75036747,10.90065512,8.30060200,30.12668573,0.22976861
1385,1,10.87507600,6.27872806,31.67121522,10.78679156,6.33254592,32.21837204,0.21119695
1386,3,9.32149372,7.17568921,32.93902580,9.32263896,7.22972457,33.37577446,0.09143282
1387,2,7.76791143,8.07265036,20.89646433,7.90086326,8.17670912,21.45701832,0.25986900
1388,1,7.76791143,9.86657266,18.97561658,7.57735160,9.95806155,19.46034082,0.24392621
1389,3,9.32149372,8.96961151,17.70780600,9.12352545,9.14257542,18.35012390,0.38357046
1390,1,7.76791143,9.86657266,22.81731208,7.76431790,9.92203305,23.23732764,0.07962107
1391,1,9.32149372,8.96961151,27.82951972,9.48515703,9.06723023,28.21803494,0.19226573
1392,1,6.21432914,10.76353381,25.32341590,6.32412400,10.81300866,25.72915777,0.12778700
1393,3,7.76791143,9.86657266,26.56170914,7.77356905,9.91154470,26.90164427,0.05085757
1394,3,9.32149372,8.96961151,24.08512266,9.35108544,8.98624315,24.51023036,0.07077866
1395,1,7.76791143,8.07265036,34.17731904,7.76791143,8.07265036,34.54031928,0.00000000
1396,2,9.32149372,10.76353381,29.75036747,9.40744011,10.84678206,30.10578714,0.11989378
1397,1,9.32149372,8.96961151,31.67121522,9.32149372,8.96961151,32.03421546,0.00000000
1398,3,7.76791143,9.86657266,32.93902580,7.86510081,9.91155716,33.34769340,0.11642547
1399,2,6.21432914,10.76353381,20.89646433,6.15656761,10.79709120,21.33429484,0.10030982
1400,1,6.21432914,12.55745611,18.97561658,6.20832320,12.54408109,19.35616824,0.02286952
1401,3,7.76791143,11.66049496,17.70780600,7.75285578,11.68845133,18.06793177,0.03188250
1402,1,6.21432914,12.55745611,22.81731208,6.21432914,12.55745611,23.18031232,0.00000000
1403,1,7.76791143,11.66049496,27.82951972,7.76791143,11.66049496,28.19251996,0.00000000
1404,3,7.76791143,11.66049496,24.08512266,7.76735076,11.65404174,24.44363218,0.00788194
1405,1,6.21432914,10.76353381,34.17731904,6.31615979,10.71223567,34.61941573,0.13877042
1406,2,7.76791143,13.45441726,29.75036747,7.76791143,13.45441726,30.11336771,0.00000000
1407,1,7.76791143,11.66049496,31.67121522,7.76791143,11.66049496,32.03421546,0.00000000
1408,3,6.21432914,12.55745611,32.93902580,6.41370658,12.71617777,33.30014987,0.25484789
1409,1,4.66074686,15.24833957,18.97561658,4.58028243,15.23489849,19.40552305,0.10550654
1410,3,6.21432914,14.35137842,17.70780600,6.04760703,14.30498371,18.27837183,0.27024472
1411,2,6.21432914,16.14530072,29.75036747,6.21588025,16.20731827,30.11503087,0.06205924
1412,1,6.21432914,14.35137842,31.67121522,6.21432914,14.35137842,32.03421546,0.00000000
1413,2,3.10716457,16.14530072,20.89646433,3.13974381,15.93258739,21.49141288,0.31639909
1414,1,3.10716457,17.93922302,18.97561658,2.94029195,17.64428462,19.68458884,0.48428480
1415,3,4.66074686,17.04226187,17.70780600,4.66074686,17.04226187,18.07080624,0.00000000
1416,1,3.10716457,17.93922302,22.81731208,3.10716457,17.93922302,23.18031232,0.00000000
1417,2,4.66074686,18.83618417,29.75036747,4.66074686,18.83618417,30.11336771,0.00000000
1418,1,4.66074686,17.04226187,31.67121522,4.72773097,16.94366049,31.97984005,0.13101827
1419,2,1.55358229,18.83618417,20.89646433,1.44935864,18.86793796,21.27017765,0.10947895
1420,1,1.55358229,20.63010647,22.81731208,1.44762368,20.67174930,23.06986889,0.15861621
1421,3,3.10716457,19.73314532,24.08512266,3.07772905,19.96973656,24.13672732,0.39218500
1422,2,3.10716457,21.52706762,29.75036747,3.14239102,21.73409468,30.02215985,0.22895410
1423,1,3.10716457,19.73314532,31.67121522,2.87196755,19.97048296,31.76882706,0.42670575
1424,3,1.55358229,20.63010647,32.93902580,1.57220150,20.68283029,33.31344978,0.05706994
1425,2,0.00000000,21.52706762,20.89646433,0.00752308,21.46564567,21.19100203,0.09228419
1426,1,0.00000000,23.32098992,18.97561658,-0.17476756,23.37936141,19.49066073,0.23888968
1427,3,1.55358229,22.42402877,17.70780600,1.12645885,22.91136899,17.94921824,0.65933190
1428,1,0.00000000,23.32098992,22.81731208,0.08439906,23.26235632,23.12428891,0.11704582
1429,1,1.55358229,22.42402877,27.82951972,1.62538586,22.57881765,28.19882198,0.17074855
1430,1,0.00000000,21.52706762,34.17731904,0.00000000,21.52706762,34.54031928,0.00000000
1431,2,1.55358229,24.21795108,29.75036747,1.55258055,24.21951901,30.11342462,0.00186149
1432,1,1.55358229,22.42402877,31.67121522,1.49478750,22.53676929,32.06905581,0.13183740
1433,3,-0.00000000,23.32098992,32.93902580,-0.00000000,23.32098992,33.30202604,0.00000000
1434,2,-1.55358229,24.21795108,20.89646433,-1.61707420,23.97256432,21.44057441,0.31152313
1435,1,-1.55358229,26.01187338,22.81731208,-1.49201093,25.92632350,23.16860364,0.10605143
1436,1,-3.10716457,26.90883453,25.32341590,-2.97957063,26.99207365,25.80156180,0.19096463
1437,1,0.00000000,25.11491223,31.67121522,0.04872267,25.07939336,31.94042038,0.11150339
1438,2,-3.10716457,26.90883453,20.89646433,-3.47479109,27.20930159,21.22291989,0.47619873
1439,1,-3.10716457,28.70275683,22.81731208,-2.89804322,28.49317021,23.28528377,0.31412943
1440,1,-4.66074686,29.59971798,25.32341590,-4.76271018,29.55162386,25.74034911,0.12497331
1441,3,-3.10716457,28.70275683,26.56170914,-3.05597053,28.72944591,27.00145590,0.09603731
1442,3,-1.55358229,27.80579568,24.08512266,-1.43653271,27.75094509,24.55072509,0.16503454
1443,3,-3.10716457,28.70275683,32.93902580,-3.25627124,28.59456809,32.88915210,0.45210894
1444,1,-4.66074686,31.39364028,18.97561658,-4.63698437,31.38169884,19.37454096,0.04469673
1445,3,-3.10716457,30.49667913,17.70780600,-3.20703521,30.65378878,18.04715931,0.18766130
1446,1,-3.10716457,30.49667913,27.82951972,-3.03286212,30.44556085,28.16019154,0.09580741
1447,3,-4.66074686,31.39364028,26.56170914,-4.70121496,31.37671889,26.95631985,0.05406683
1448,3,-3.10716457,30.49667913,24.08512266,-2.97210221,30.34413038,24.47474380,0.20547904
1449,1,-4.66074686,29.59971798,34.17731904,-4.77648354,29.72558810,34.51649358,0.17264394
1450,2,-3.10716457,32.29060143,29.75036747,-3.10716457,32.29060143,30.11336771,0.00000000
1451,1,-3.10716457,30.49667913,31.67121522,-3.20155831,30.61109037,32.01244531,0.14991347
1452,3,-4.66074686,31.39364028,32.93902580,-4.66051612,31.39706021,33.29953615,0.00423659
1453,2,15.53582286,0.00000000,20.89646433,-3.02217832,32.16512358,21.22572872,0.15525934
1454,1,15.53582286,1.79392230,18.97561658,15.38606654,1.69983138,19.53829177,0.26673984
1455,3,17.08940514,0.89696115,17.70780600,17.09139950,0.87813264,18.08080693,0.02141271
1456,1,15.53582286,1.79392230,22.81731208,15.65214894,1.67381980,23.40808903,0.28255725
1457,1,17.08940514,0.89696115,27.82951972,17.08940514,0.89696115,28.19251996,0.00000000
1458,3,17.08940514,0.89696115,24.08512266,17.31947051,0.78839534,24.25915601,0.31689918
1459,1,17.08940514,0.89696115,31.67121522,17.29744303,0.70701479,31.85420458,0.33431018
1460,2,13.98224057,2.69088345,20.89646433,13.90386797,2.22589922,21.71183509,0.65344601
1461,3,15.53582286,3.58784460,17.70780600,15.29125018,3.71681611,18.24789509,0.32834418
1462,1,13.98224057,4.48480575,22.81731208,14.14775984,4.41654200,23.45132493,0.32481441
1463,1,12.42865829,5.38176691,25.32341590,12.52472542,5.57099675,25.70757135,0.21327066
1464,3,15.53582286,3.58784460,24.08512266,15.81764964,3.53478845,24.30120609,0.32222017
1465,2,12.42865829,5.38176691,20.89646433,12.65984150,5.18003082,21.59721013,0.45630602
1466,1,12.42865829,7.17568921,22.81731208,12.42155947,7.11736735,23.15421065,0.06428942
1467,3,13.98224057,6.27872806,24.08512266,14.06545479,6.33956261,24.55704435,0.14996444
1468,2,13.98224057,8.07265036,29.75036747,13.98524727,8.06215928,30.11274556,0.01093115
1469,1,13.98224057,6.27872806,31.67121522,13.97414088,6.22980755,31.96410198,0.08587620
1470,3,12.42865829,7.17568921,32.93902580,12.43048835,7.18818854,33.29007235,0.01739175
1471,2,10.87507600,8.07265036,20.89646433,10.91958047,8.25757026,21.34209592,0.20737395
1472,1,10.87507600,9.86657266,18.97561658,10.82529995,9.85179391,19.42275655,0.09887144
1473,1,10.87507600,9.86657266,22.81731208,10.87454618,9.90185877,23.22054975,0.05352047
1474,1,9.32149372,10.76353381,25.32341590,9.32199941,10.75158651,25.67764637,0.01482912
1475,3,12.42865829,8.96961151,24.08512266,12.67235134,8.94118977,24.26460378,0.30638761
1476,1,10.87507600,8.07265036,34.17731904,10.78702754,8.07592417,34.57066573,0.09318882
1477,1,12.42865829,8.96961151,31.67121522,12.42865829,8.96961151,32.03421546,0.00000000
1478,3,10.87507600,9.86657266,32.93902580,10.88124793,9.83121310,33.31619973,0.03859125
1479,3,10.87507600,11.66049496,17.70780600,10.96926208,11.69813116,17.67792695,0.40576057
1480,1,9.32149372,12.55745611,22.81731208,9.32149372,12.55745611,23.18031232,0.00000000
1481,1,7.76791143,13.45441726,25.32341590,7.91369825,13.34861061,25.62484832,0.19036659
1482,3,9.32149372,12.55745611,26.56170914,9.24567345,12.41608645,26.90722643,0.16136836
1483,3,10.87507600,11.66049496,24.08512266,10.84109389,11.63586613,24.48760303,0.05761982
1484,1,9.32149372,10.76353381,34.17731904,9.32472380,10.76542243,34.54296228,0.00458102
1485,2,7.76791143,13.45441726,20.89646433,7.76791143,13.45441726,21.25946457,0.00000000
1486,1,7.76791143,15.24833957,18.97561658,7.73723997,15.18813083,19.34268988,0.06769357
1487,1,7.76791143,15.24833957,22.81731208,7.77709623,15.24381212,23.19080798,0.01466346
1488,1,9.32149372,14.35137842,27.82951972,9.17176521,14.47637205,28.23093191,0.19879012
1489,3,9.32149372,14.35137842,24.08512266,9.32390937,14.35303366,24.44605428,0.00358531
1490,2,9.32149372,16.14530072,29.75036747,9.16752860,16.18087913,30.09974514,0.15860849
1491,2,6.21432914,16.14530072,20.89646433,6.18573761,15.97503472,21.40699087,0.22709469
1492,1,6.21432914,17.93922302,18.97561658,6.19597449,17.67360420,19.55572965,0.34355237
1493,3,7.76791143,17.04226187,17.70780600,7.76791143,17.04226187,18.07080624,0.00000000
1494,1,6.21432914,17.93922302,22.81731208,6.12119951,17.90262004,23.28508884,0.14488280
1495,2,7.76791143,18.83618417,29.75036747,7.76791143,18.83618417,30.11336771,0.00000000
1496,1,7.76791143,17.04226187,31.67121522,7.76791143,17.04226187,32.03421546,0.00000000
1497,3,6.21432914,17.93922302,32.93902580,6.21432914,17.93922302,33.30202604,0.00000000
1498,2,4.66074686,18.83618417,20.89646433,4.63466318,18.80788567,21.25460100,0.03879198
1499,1,4.66074686,20.63010647,22.81731208,4.64168281,20.74612006,23.02338558,0.19608313
1500,1,6.21432914,19.73314532,27.82951972,6.34326660,19.79688540,28.23469547,0.14988809
1501,1,3.10716457,21.52706762,25.32341590,3.52980640,21.49615185,25.74961096,0.42845710
1502,3,4.66074686,20.63010647,26.56170914,4.79086815,20.51863370,27.06962410,0.22440589
1503,3,6.21432914,19.73314532,24.08512266,6.16352965,19.96538247,24.19072606,0.35038239
1504,2,6.21432914,21.52706762,29.75036747,6.21432914,21.52706762,30.11336771,0.00000000
1505,1,6.21432914,19.73314532,31.67121522,6.21432914,19.73314532,32.03421546,0.00000000
1506,1,4.66074686,22.42402877,27.82951972,4.73589229,22.46106708,28.23695557,0.09483245
1507,1,1.55358229,24.21795108,25.32341590,1.94407711,24.44503941,25.89432742,0.49727500
1508,3,3.10716457,23.32098992,26.56170914,3.32958466,23.24690182,26.89854550,0.23589042
1509,3,4.66074686,22.42402877,24.08512266,4.81992174,22.52758178,24.50024990,0.19691899
1510,2,1.55358229,24.21795108,20.89646433,1.44357580,24.53249152,21.45884708,0.38831753
1511,1,1.55358229,26.01187338,18.97561658,1.55358229,26.01187338,19.33861682,0.00000000
1512,3,3.10716457,25.11491223,17.70780600,3.10716457,25.11491223,18.07080624,0.00000000
1513,1,1.55358229,26.01187338,22.81731208,1.58156318,26.10554653,23.39319334,0.23425610
1514,1,3.10716457,25.11491223,27.82951972,3.24252315,25.15134529,28.42172886,0.26867459
1515,3,3.10716457,25.11491223,24.08512266,3.22713687,25.20343156,24.36562241,0.17039764
1516,1,1.55358229,24.21795108,34.17731904,1.61388288,24.13232233,34.52111913,0.10647577
1517,2,3.10716457,26.90883453,29.75036747,3.11026622,27.06384413,30.02146548,0.18023212
1518,1,3.10716457,25.11491223,31.67121522,3.06071485,25.37469035,31.86511222,0.31342967
1519,3,1.55358229,26.01187338,32.93902580,1.57157138,26.01574958,33.27326701,0.03414256
1520,2,0.00000000,26.90883453,20.89646433,-0.08579406,27.04484416,21.20930260,0.16845018
1521,1,0.00000000,28.70275683,18.97561658,0.00000000,28.70275683,19.33861682,0.00000000
1522,1,0.00000000,28.70275683,22.81731208,0.02032853,28.70418979,23.17962015,0.02039073
1523,1,-1.55358229,29.59971798,25.32341590,-1.50928586,29.57381778,25.72175609,0.06230494
1524,3,1.55358229,27.80579568,24.08512266,1.63558833,27.87623708,24.46556879,0.10950498
1525,1,1.55358229,27.80579568,31.67121522,1.56302041,27.88892735,31.95517559,0.11509672
1526,3,-0.00000000,28.70275683,32.93902580,0.05867737,28.71074386,33.11699418,0.19427716
1527,2,-1.55358229,29.59971798,20.89646433,-1.55720140,29.60295927,21.27386427,0.01519721
1528,1,-1.55358229,31.39364028,18.97561658,-1.54786379,31.39073437,19.33119614,0.00980878
1529,3,-0.00000000,30.49667913,17.70780600,-0.00000000,30.49667913,18.07080624,0.00000000
1530,1,-1.55358229,31.39364028,22.81731208,-1.55711778,31.34526360,23.15107091,0.05663800
1531,1,15.53582286,0.00000000,25.32341590,-3.17260566,32.00957336,25.68897233,0.28855822
1532,3,-1.55358229,31.39364028,26.56170914,-1.56821505,31.38907483,26.89669254,0.03193595
1533,3,-0.00000000,30.49667913,24.08512266,0.01412888,30.50270074,24.37428363,0.07541964
1534,2,0.00000000,32.29060143,29.75036747,0.03302270,31.86475018,29.94470240,0.45922519
1535,1,0.00000000,30.49667913,31.67121522,0.10337429,30.45791328,32.00629448,0.11387983
1536,3,-1.55358229,31.39364028,32.93902580,-1.55358229,31.39364028,33.30202604,0.00000000
1537,1,17.08940514,2.69088345,25.32341590,17.33410981,3.08283291,25.63699703,0.46470098
1538,3,18.64298743,1.79392230,26.56170914,18.60725303,1.78178445,26.66636305,0.26108831
1539,3,20.19656972,0.89696115,24.08512266,20.28612905,0.91771507,24.45851095,0.09251762
1540,2,20.19656972,2.69088345,29.75036747,18.93840726,2.51244577,30.04823596,1.27242088
1541,1,20.19656972,0.89696115,31.67121522,20.21349144,0.89818856,32.03504221,0.01698631
1542,3,18.64298743,1.79392230,32.93902580,18.59370502,1.79619370,33.43183704,0.13886976
1543,2,17.08940514,2.69088345,20.89646433,17.09281425,2.72249776,21.16979257,0.09514281
1544,1,17.08940514,4.48480575,18.97561658,17.09709317,4.59652003,19.46273499,0.16716610
1545,1,17.08940514,4.48480575,22.81731208,17.15227798,4.56089866,23.09533807,0.13024495
1546,1,18.64298743,3.58784460,27.82951972,18.79142240,3.96865249,28.01694482,0.44483055
1547,1,15.53582286,5.38176691,25.32341590,15.70770000,5.63685325,25.69099117,0.30762270
1548,3,17.08940514,4.48480575,26.56170914,17.14432124,4.72987683,26.87775469,0.25550020
1549,3,18.64298743,3.58784460,24.08512266,18.84712731,3.65270652,24.34305939,0.23857598
1550,2,18.64298743,5.38176691,29.75036747,18.46208742,5.42540946,30.01786930,0.20916365
1551,1,18.64298743,3.58784460,31.67121522,18.46230258,3.58493200,32.25218668,0.28313769
1552,3,17.08940514,4.48480575,32.93902580,16.95523561,4.48695084,33.34916610,0.14222605
1553,2,15.53582286,5.38176691,20.89646433,15.58636073,5.40045341,21.28088790,0.05798466
1554,3,17.08940514,6.27872806,17.70780600,17.21184856,5.98241763,17.88516946,0.37047709
1555,1,15.53582286,7.17568921,22.81731208,15.52800939,7.08471829,23.12710417,0.10567812
1556,1,17.08940514,6.27872806,27.82951972,17.03918623,6.36740124,28.19419548,0.10191997
1557,3,15.53582286,7.17568921,26.56170914,15.56275088,7.33420605,26.86837644,0.17037050
1558,3,17.08940514,6.27872806,24.08512266,17.16265288,6.31207083,24.38124076,0.10464316
1559,2,17.08940514,8.07265036,29.75036747,17.09160817,8.07469431,30.10815218,0.00601937
1560,1,17.08940514,6.27872806,31.67121522,17.19932307,6.21632205,32.02141236,0.12704480
1561,3,15.53582286,7.17568921,32.93902580,15.69632103,7.09701211,33.14106510,0.24053726
1562,2,13.98224057,8.07265036,20.89646433,14.04583517,8.03515529,21.13400958,0.14556479
1563,1,13.98224057,9.86657266,18.97561658,13.73476459,10.09991860,19.63731951,0.45267868
1564,1,13.98224057,9.86657266,22.81731208,14.08894635,9.94336860,23.13449371,0.13922314
1565,1,15.53582286,8.96961151,27.82951972,15.56580641,8.90863869,28.22994197,0.07757000
1566,3,15.53582286,8.96961151,24.08512266,15.67484444,8.86269868,24.17852133,0.32162457
1567,1,13.98224057,8.07265036,34.17731904,14.22624518,7.86227268,34.38263916,0.35869211
1568,2,15.53582286,10.76353381,29.75036747,15.36957177,10.76006429,30.12664709,0.16681668
1569,1,15.53582286,8.96961151,31.67121522,15.56558988,8.99367894,31.97972453,0.06659263
1570,3,13.98224057,9.86657266,32.93902580,13.98224057,9.86657266,33.30202604,0.00000000
1571,3,13.98224057,11.66049496,17.70780600,13.84717679,11.75992916,18.29841977,0.28273185
1572,1,10.87507600,13.45441726,25.32341590,10.83214231,13.33100416,25.85928803,0.21669976
1573,1,12.42865829,10.76353381,34.17731904,12.42865829,10.76353381,34.54031928,0.00000000
1574,1,13.98224057,11.66049496,31.67121522,13.98224057,11.66049496,32.03421546,0.00000000
1575,3,12.42865829,14.35137842,17.70780600,12.28623289,14.25285782,18.10078803,0.17575611
1576,1,10.87507600,15.24833957,22.81731208,10.87618017,15.24778712,23.18165928,0.00182721
1577,1,12.42865829,14.35137842,27.82951972,12.25046940,14.59979691,28.26791558,0.31487700
1578,3,10.87507600,15.24833957,26.56170914,10.82541359,15.27648722,26.92634278,0.05710791
1579,3,12.42865829,14.35137842,24.08512266,12.25671911,14.18575949,24.62307322,0.29597352
1580,2,12.42865829,16.14530072,29.75036747,12.43777361,16.19620025,30.17860003,0.08324125
1581,2,9.32149372,16.14530072,20.89646433,9.36742831,16.00098501,21.34028418,0.17166485
1582,1,9.32149372,17.93922302,18.97561658,9.32244273,17.64682949,19.46319237,0.31782691
1583,1,9.32149372,17.93922302,22.81731208,9.40651051,17.90570800,23.27666890,0.13279948
1584,3,10.87507600,17.04226187,24.08512266,10.87743157,17.04087774,24.45000289,0.00331645
1585,2,10.87507600,18.83618417,29.75036747,10.79115475,18.64573099,30.13852449,0.20963791
1586,1,10.87507600,17.04226187,31.67121522,10.87547810,17.03411358,32.04374899,0.01254768
1587,3,9.32149372,17.93922302,32.93902580,9.37482614,17.89913746,33.26165690,0.07797991
1588,2,7.76791143,18.83618417,20.89646433,7.75872703,18.47148967,21.48809343,0.43053174
1589,1,7.76791143,20.63010647,18.97561658,7.96112421,20.22594747,19.72309635,0.59033904
1590,1,7.76791143,20.63010647,22.81731208,7.81907934,20.58487712,23.10703350,0.10016803
1591,1,6.21432914,21.52706762,25.32341590,6.45749338,21.46339868,25.76241257,0.26259862
1592,1,7.76791143,18.83618417,34.17731904,7.95584677,19.01021355,34.28181395,0.36391060
1593,2,9.32149372,21.52706762,29.75036747,9.23323950,21.54765862,30.03852261,0.11753546
1594,1,9.32149372,19.73314532,31.67121522,9.41585319,19.80369940,31.87113993,0.20118454
1595,3,7.76791143,20.63010647,32.93902580,7.74857550,20.85165290,33.35748035,0.22919834
1596,2,6.21432914,21.52706762,20.89646433,6.01650434,21.88925096,21.28056641,0.41322719
1597,1,6.21432914,23.32098992,22.81731208,6.27433056,23.46322144,23.28013983,0.18383554
1598,1,7.76791143,22.42402877,27.82951972,7.76999371,22.42554544,28.19638140,0.00464186
1599,1,4.66074686,24.21795108,25.32341590,4.86028899,24.24281725,25.72879843,0.20550340
1600,3,6.21432914,23.32098992,26.56170914,6.25265207,23.29512478,26.95769844,0.05679727
1601,3,7.76791143,22.42402877,24.08512266,7.82969582,22.39367600,24.52148697,0.10060263
1602,1,6.21432914,21.52706762,34.17731904,6.19868018,21.53432628,34.55189981,0.02077708
1603,1,4.66074686,26.01187338,18.97561658,4.68621702,26.01769997,19.30960261,0.03904489
1604,3,6.21432914,25.11491223,17.70780600,6.30296998,25.61794511,17.67459251,0.64643995
1605,1,6.21432914,25.11491223,27.82951972,6.17434779,25.09426119,28.23570800,0.06237131
1606,1,3.10716457,26.90883453,25.32341590,3.21068675,27.07173257,25.63208556,0.20051042
1607,3,4.66074686,26.01187338,26.56170914,4.66074686,26.01187338,26.92470938,0.00000000
1608,2,6.21432914,26.90883453,29.75036747,6.20115929,26.91711104,30.13866048,0.02969293
1609,1,3.10716457,28.70275683,18.97561658,3.10121551,28.70607636,19.34365756,0.00847465
1610,3,4.66074686,27.80579568,17.70780600,4.55438051,27.89665710,18.11020517,0.14533366
1611,1,4.66074686,27.80579568,27.82951972,4.66247674,27.80667634,28.19051853,0.00278815
1612,3,3.10716457,28.70275683,26.56170914,3.25336281,28.74586755,26.85015906,0.16967678
1613,1,3.10716457,26.90883453,34.17731904,3.17890531,26.86417139,34.48605665,0.10042890
1614,2,4.66074686,29.59971798,29.75036747,4.66042712,29.71850272,29.97564184,0.18187450
1615,1,4.66074686,27.80579568,31.67121522,4.57092791,28.05111444,31.83201133,0.33035624
1616,3,3.10716457,28.70275683,32.93902580,3.18286712,28.65532398,33.24497662,0.10599711
1617,3,3.10716457,30.49667913,17.70780600,3.24258518,30.48648844,18.00149203,0.15246984
1618,1,18.64298743,0.00000000,25.32341590,0.00842032,32.25456000,25.67549867,0.03858857
1619,3,3.10716457,30.49667913,24.08512266,3.16029880,30.52933614,24.50466802,0.08418477
1620,1,1.55358229,29.59971798,34.17731904,1.71055219,29.47590442,34.44796844,0.22022268
1621,1,3.10716457,30.49667913,31.67121522,3.06580553,30.56352368,32.03698710,0.07865397
1622,3,1.55358229,31.39364028,32.93902580,1.54205970,31.37042556,33.29666726,0.02646526
1623,2,21.75015200,0.00000000,20.89646433,3.21528181,32.11018274,21.32544675,0.22044022
1624,3,23.30373429,0.89696115,17.70780600,23.19666509,0.84448525,18.04666396,0.12165683
1625,1,21.75015200,1.79392230,22.81731208,21.75015200,1.79392230,23.18031232,0.00000000
1626,1,20.19656972,2.69088345,25.32341590,20.23456867,2.68607989,25.68713172,0.03830805
1627,3,23.30373429,0.89696115,24.08512266,23.30373429,0.89696115,24.44812290,0.00000000
1628,1,21.75015200,0.00000000,34.17731904,3.17641451,32.00357442,34.63430103,0.30985904
1629,3,21.75015200,1.79392230,32.93902580,21.45309252,1.61964305,33.91410764,0.70232576
1630,3,21.75015200,3.58784460,17.70780600,21.75015200,3.58784460,18.07080624,0.00000000
1631,1,20.19656972,4.48480575,22.81731208,20.30729382,4.54733432,23.17866797,0.12717057
1632,3,21.75015200,3.58784460,24.08512266,21.74995644,3.58795860,24.44795048,0.00028454
1633,1,20.19656972,2.69088345,34.17731904,19.98390101,2.87876253,34.65190554,0.30492297
1634,2,21.75015200,5.38176691,29.75036747,21.70818865,5.04783394,30.19500967,0.34632002
1635,1,21.75015200,3.58784460,31.67121522,21.71979251,3.47596735,32.13495870,0.15358196
1636,3,20.19656972,4.48480575,32.93902580,20.19752455,4.48426222,33.30127308,0.00133195
1637,2,18.64298743,5.38176691,20.89646433,18.62580271,5.40375616,21.26432267,0.02832743
1638,1,18.64298743,7.17568921,18.97561658,18.64382212,7.17520779,19.33761208,0.00139211
1639,3,20.19656972,6.27872806,17.70780600,20.11571664,6.06824303,17.87916577,0.29591762
1640,1,18.64298743,7.17568921,22.81731208,18.61164933,7.17214131,23.17752115,0.03166157
1641,1,18.64298743,5.38176691,34.17731904,18.67205450,5.48973978,34.46631348,0.13408913
1642,2,20.19656972,8.07265036,29.75036747,20.35786228,7.68790725,30.00051400,0.43217879
1643,1,20.19656972,6.27872806,31.67121522,20.19480351,6.26079426,32.05957604,0.03111108
1644,2,17.08940514,8.07265036,20.89646433,17.14653301,8.03879108,21.13945856,0.13715497
1645,1,17.08940514,9.86657266,22.81731208,17.16444737,9.91870519,23.20169678,0.09384259
1646,1,15.53582286,10.76353381,25.32341590,15.44095282,10.85697858,25.63190181,0.14388906
1647,3,17.08940514,9.86657266,26.56170914,16.87316001,9.92618605,26.80265397,0.25536883
1648,1,17.08940514,8.07265036,34.17731904,17.15100356,7.99190108,34.42229545,0.15570625
1649,2,18.64298743,10.76353381,29.75036747,18.30841450,10.77956332,29.85099537,0.42548236
1650,3,17.08940514,9.86657266,32.93902580,17.08940514,9.86657266,33.30202604,0.00000000
1651,2,15.53582286,10.76353381,20.89646433,15.49620785,10.80481567,21.26050728,0.05722436
1652,1,15.53582286,12.55745611,22.81731208,15.49119485,12.58675552,23.14245267,0.06544821
1653,1,17.08940514,11.66049496,27.82951972,16.94876690,11.78446423,28.01365105,0.25911693
1654,3,15.53582286,12.55745611,26.56170914,15.40592047,12.57967906,26.78052207,0.19534193
1655,3,17.08940514,11.66049496,24.08512266,16.87574184,11.66714549,24.37760432,0.22509800
1656,1,15.53582286,10.76353381,34.17731904,15.53582286,10.76353381,34.54031928,0.00000000
1657,2,17.08940514,13.45441726,29.75036747,16.90890257,13.67963605,29.71509750,0.49185754
1658,1,17.08940514,11.66049496,31.67121522,17.03632602,11.61764812,32.11849936,0.10842979
1659,3,15.53582286,12.55745611,32.93902580,15.53582286,12.55745611,33.30202604,0.00000000
1660,1,13.98224057,15.24833957,18.97561658,13.96155206,14.96538712,19.08763175,0.37879230
1661,3,15.53582286,14.35137842,17.70780600,15.61415361,14.31513385,18.02258166,0.09886853
1662,1,15.53582286,14.35137842,27.82951972,15.34255422,14.33391472,27.88287232,0.36543044
1663,1,12.42865829,16.14530072,25.32341590,12.38097672,16.15453228,25.63560503,0.07028885
1664,3,13.98224057,15.24833957,26.56170914,13.83041573,15.26213240,26.81504773,0.18779432
1665,1,13.98224057,13.45441726,34.17731904,13.98224057,13.45441726,34.54031928,0.00000000
1666,2,15.53582286,16.14530072,29.75036747,15.52156006,16.20695999,30.34840217,0.24340602
1667,1,15.53582286,14.35137842,31.67121522,15.49062352,14.36840368,32.09929732,0.08104620
1668,3,13.98224057,15.24833957,32.93902580,13.97170110,15.24207700,33.32264854,0.02399141
1669,2,12.42865829,16.14530072,20.89646433,12.42631823,16.09277216,21.31747124,0.07829111
1670,1,12.42865829,17.93922302,18.97561658,12.51663163,17.76121899,19.46209252,0.23381829
1671,3,13.98224057,17.04226187,17.70780600,13.94479730,16.85276979,18.23571698,0.25397795
1672,1,12.42865829,17.93922302,22.81731208,12.42865829,17.93922302,23.18031232,0.00000000
1673,1,13.98224057,17.04226187,27.82951972,13.96895808,16.95507863,27.99952719,0.21218753
1674,3,13.98224057,17.04226187,24.08512266,13.97047115,17.03559585,24.42985302,0.02273200
1675,1,12.42865829,16.14530072,34.17731904,12.42865829,16.14530072,34.54031928,0.00000000
1676,2,13.98224057,18.83618417,29.75036747,13.99789323,18.67663703,29.80775867,0.34510460
1677,1,13.98224057,17.04226187,31.67121522,13.95887691,17.01162045,32.12177308,0.09566135
1678,3,12.42865829,17.93922302,32.93902580,12.46687975,17.87277406,33.27095179,0.08271610
1679,1,10.87507600,18.83618417,34.17731904,11.33830360,19.35903331,34.16850521,0.79132593
1680,2,12.42865829,21.52706762,29.75036747,12.16043474,21.21959225,29.67649506,0.59778148
1681,3,10.87507600,20.63010647,32.93902580,10.81229890,21.04963489,33.09452282,0.47223155
1682,2,9.32149372,21.52706762,20.89646433,9.36093739,21.55790868,21.30445776,0.06731539
1683,1,9.32149372,23.32098992,18.97561658,9.28158501,23.30274638,19.39223348,0.06928404
1684,3,10.87507600,22.42402877,17.70780600,10.74334613,22.40709843,18.23063013,0.20780537
1685,1,9.32149372,23.32098992,22.81731208,9.33535590,23.08539698,23.27940730,0.25596096
1686,1,10.87507600,22.42402877,27.82951972,10.72335579,22.51086896,28.09481556,0.20026580
1687,1,7.76791143,24.21795108,25.32341590,7.78783550,24.20056337,25.71225251,0.03697051
1688,3,9.32149372,23.32098992,26.56170914,9.27185527,23.34728451,26.87752151,0.07336264
1689,1,9.32149372,21.52706762,34.17731904,9.34799491,21.57239114,34.54592998,0.05280165
1690,2,10.87507600,24.21795108,29.75036747,10.56330646,24.49017085,30.26967054,0.44241883
1691,2,7.76791143,24.21795108,20.89646433,7.91475958,24.13743598,21.51604877,0.30640253
1692,1,7.76791143,26.01187338,18.97561658,7.76091124,25.79127373,19.65179203,0.38313434
1693,1,9.32149372,25.11491223,27.82951972,9.34404022,25.10015082,28.17787327,0.03067197
1694,3,7.76791143,26.01187338,26.56170914,7.73884273,25.94337178,27.17758720,0.26359941
1695,3,9.32149372,25.11491223,24.08512266,9.25428534,25.13340480,24.58638259,0.15483761
1696,2,9.32149372,26.90883453,29.75036747,9.21424349,27.11048094,30.10390833,0.22858995
1697,1,6.21432914,28.70275683,18.97561658,6.21432914,28.70275683,19.33861682,0.00000000
1698,1,7.76791143,27.80579568,27.82951972,7.76726633,27.80610632,28.19166777,0.00111305
1699,1,4.66074686,29.59971798,25.32341590,4.69159118,29.63376907,25.65376159,0.05636639
1700,3,6.21432914,28.70275683,26.56170914,6.21432914,28.70275683,26.92470938,0.00000000
1701,2,7.76791143,29.59971798,29.75036747,7.73137218,29.66276664,30.11353829,0.07287166
1702,2,4.66074686,29.59971798,20.89646433,4.68386533,29.55051214,21.25829314,0.05437877
1703,1,4.66074686,31.39364028,18.97561658,4.66074686,31.39364028,19.33861682,0.00000000
1704,3,6.21432914,30.49667913,17.70780600,6.14693873,30.44119778,18.05197953,0.08929778
1705,1,4.66074686,31.39364028,22.81731208,4.61249851,31.36863244,23.25800132,0.09480968
1706,1,6.21432914,30.49667913,27.82951972,6.21865065,30.49885727,28.18754573,0.00693994
1707,1,21.75015200,0.00000000,25.32341590,21.75015200,0.00000000,25.68641614,0.00000000
1708,3,4.66074686,31.39364028,26.56170914,4.72862765,31.43101402,26.87266163,0.09334649
1709,3,6.21432914,30.49667913,24.08512266,6.19943776,30.41147295,24.46639897,0.08840736
1710,1,4.66074686,29.59971798,34.17731904,4.71367574,29.51357369,34.53780239,0.10113674
1711,2,24.85731657,0.00000000,20.89646433,6.16433229,32.22389887,21.26773541,0.08376948
1712,1,24.85731657,1.79392230,22.81731208,24.85726670,1.79383392,23.18030783,0.00010158
1713,1,23.30373429,2.69088345,25.32341590,23.17302796,2.75843713,25.70294627,0.14805704
1714,3,26.41089886,0.89696115,24.08512266,26.42648802,0.88465125,24.44454259,0.02018351
1715,1,24.85731657,0.00000000,34.17731904,6.21787083,32.20353945,34.57392576,0.09339019
1716,2,26.41089886,2.69088345,29.75036747,26.33859366,2.64568388,30.01379260,0.13109632
1717,1,26.41089886,0.89696115,31.67121522,26.93891685,0.88911997,32.00935131,0.52866124
1718,3,24.85731657,1.79392230,32.93902580,24.73837471,1.93136300,33.68916010,0.42767966
1719,2,23.30373429,2.69088345,20.89646433,23.18924674,2.64313998,21.29382806,0.12871553
1720,1,23.30373429,4.48480575,18.97561658,23.30303038,4.47395683,19.32905477,0.01447852
1721,3,24.85731657,3.58784460,17.70780600,24.69743705,3.45166012,17.95971541,0.23758966
1722,1,23.30373429,4.48480575,22.81731208,23.29866893,4.43164492,23.14254818,0.06540537
1723,3,24.85731657,3.58784460,24.08512266,24.74347348,3.51985575,24.40846875,0.13840226
1724,1,23.30373429,2.69088345,34.17731904,23.02295235,2.74930284,34.65414921,0.30855887
1725,2,24.85731657,5.38176691,29.75036747,24.87031482,5.21246296,30.06074345,0.17776978
1726,1,24.85731657,3.58784460,31.67121522,24.73299912,3.72484225,32.06135101,0.18697466
1727,3,23.30373429,4.48480575,32.93902580,23.28181795,4.49664264,33.32097405,0.03129640
1728,2,21.75015200,5.38176691,20.89646433,21.57481929,5.31694827,21.16984362,0.20730396
1729,3,23.30373429,6.27872806,17.70780600,23.34364607,6.01950482,17.84449614,0.34641868
1730,1,23.30373429,6.27872806,27.82951972,23.16289562,6.32716395,28.61974975,0.45244542
1731,3,23.30373429,6.27872806,24.08512266,23.47312369,6.13089270,24.31600608,0.26077369
1732,2,23.30373429,8.07265036,29.75036747,23.25427810,8.17208028,30.29970047,0.21691501
1733,1,23.30373429,6.27872806,31.67121522,23.28700929,6.27912613,32.03479639,0.01673982
1734,1,20.19656972,9.86657266,18.97561658,20.07466457,10.07330323,19.70936342,0.44164627
1735,1,21.75015200,8.96961151,27.82951972,21.59309964,9.24363752,28.48783653,0.43239747
1736,1,18.64298743,10.76353381,25.32341590,18.74228350,10.67723372,25.58160368,0.16820543
1737,2,21.75015200,10.76353381,29.75036747,21.90130814,10.79280049,30.42159015,0.34453706
1738,2,18.64298743,10.76353381,20.89646433,18.43910086,11.01916899,21.34171425,0.33717071
1739,1,18.64298743,12.55745611,18.97561658,18.61341235,12.59524948,19.37131580,0.05807105
1740,3,20.19656972,11.66049496,17.70780600,20.15255469,11.75417535,18.20979515,0.17329527
1741,1,18.64298743,12.55745611,22.81731208,18.65053547,12.56100271,23.29423734,0.11422986
1742,1,20.19656972,11.66049496,27.82951972,20.14598513,11.75511426,28.07439742,0.15957615
1743,3,18.64298743,12.55745611,26.56170914,18.44369955,12.38886567,26.71437133,0.33523200
1744,3,20.19656972,11.66049496,24.08512266,20.18741610,11.69023700,24.49824367,0.05899550
1745,1,15.53582286,16.14530072,25.32341590,15.54472328,16.16323119,25.60567420,0.08318642
1746,1,17.08940514,13.45441726,34.17731904,17.08940514,13.45441726,34.54031928,0.00000000
1747,3,17.08940514,15.24833957,32.93902580,17.07825584,15.24655086,33.30388962,0.01144463
1748,2,15.53582286,16.14530072,20.89646433,16.11224997,16.31517764,21.77858661,0.79411213
1749,1,15.53582286,17.93922302,18.97561658,15.64527713,17.88573979,19.52376472,0.22163131
1750,1,15.53582286,17.93922302,22.81731208,15.42770402,18.15876390,23.31705595,0.28033320
1751,1,17.08940514,17.04226187,27.82951972,16.84641454,17.42005622,28.27634468,0.45694594
1752,1,13.98224057,18.83618417,25.32341590,13.93427143,18.82401521,25.74598318,0.07744258
1753,3,15.53582286,17.93922302,26.56170914,15.47805757,17.87688741,26.76635972,0.17971414
1754,1,15.53582286,16.14530072,34.17731904,15.53582286,16.14530072,34.54031928,0.00000000
1755,2,17.08940514,18.83618417,29.75036747,17.37109813,18.60446349,30.41086761,0.47069268
1756,2,13.98224057,18.83618417,20.89646433,13.98224057,18.83618417,21.25946457,0.00000000
1757,1,13.98224057,20.63010647,18.97561658,13.98224057,20.63010647,19.33861682,0.00000000
1758,3,15.53582286,19.73314532,17.70780600,15.54764356,19.74330003,18.07977123,0.01797827
1759,1,15.53582286,19.73314532,27.82951972,15.46892554,20.00365328,28.28808988,0.29459025
1760,3,13.98224057,20.63010647,26.56170914,14.08319732,20.56602729,26.85569835,0.13806133
1761,3,15.53582286,19.73314532,24.08512266,15.59554637,19.86700296,24.47550356,0.14911226
1762,2,12.42865829,21.52706762,20.89646433,12.42865829,21.52706762,21.25946457,0.00000000
1763,1,12.42865829,23.32098992,18.97561658,12.42865829,23.32098992,19.33861682,0.00000000
1764,3,13.98224057,22.42402877,17.70780600,13.96018920,22.38727359,18.07127118,0.04286517
1765,1,13.98224057,22.42402877,27.82951972,13.93742507,22.49715925,28.19050905,0.08579359
1766,1,10.87507600,24.21795108,25.32341590,10.87574461,24.21356632,25.71722181,0.03112334
1767,3,12.42865829,23.32098992,26.56170914,12.43191179,23.35004089,26.88570081,0.04874641
1768,2,10.87507600,24.21795108,20.89646433,10.90837700,24.15244921,21.23181473,0.07851092
1769,1,10.87507600,26.01187338,18.97561658,10.87507600,26.01187338,19.33861682,0.00000000
1770,3,12.42865829,25.11491223,17.70780600,12.35926104,25.01561845,18.04666721,0.12352297
1771,1,10.87507600,26.01187338,22.81731208,10.68179881,25.68382691,23.19085695,0.38089598
1772,1,12.42865829,25.11491223,27.82951972,12.46566727,25.09489035,28.21835932,0.04937827
1773,3,10.87507600,26.01187338,26.56170914,10.92022873,25.92845133,27.12061225,0.21766015
1774,3,12.42865829,25.11491223,24.08512266,12.33608196,25.15327549,24.57985615,0.16551666
1775,1,10.87507600,24.21795108,34.17731904,10.81138044,24.10668245,34.69800994,0.20323429
1776,2,12.42865829,26.90883453,29.75036747,12.44703650,27.03581565,30.04006353,0.14776828
1777,1,12.42865829,25.11491223,31.67121522,12.58616587,25.38557108,31.90865589,0.33738711
1778,3,10.87507600,26.01187338,32.93902580,11.07327012,25.85390075,33.50269206,0.32326941
1779,2,9.32149372,26.90883453,20.89646433,9.35372924,26.70883252,21.34156085,0.21858575
1780,1,9.32149372,28.70275683,18.97561658,9.34904996,28.57381710,19.68140704,0.36727365
1781,3,10.87507600,27.80579568,17.70780600,10.87481568,27.80920493,18.07611706,0.00631629
1782,1,10.87507600,27.80579568,27.82951972,10.87507600,27.80579568,28.19251996,0.00000000
1783,2,10.87507600,29.59971798,29.75036747,10.88948934,29.64000988,29.93018203,0.18811745
1784,1,10.87507600,27.80579568,31.67121522,11.17658213,28.08630811,31.96730490,0.41721720
1785,2,7.76791143,29.59971798,20.89646433,7.63541039,29.53462124,21.22237804,0.15221538
1786,1,7.76791143,31.39364028,22.81731208,7.53039480,31.19311939,23.08588495,0.32486814
1787,1,9.32149372,30.49667913,27.82951972,9.31699375,30.47522333,28.16359162,0.03629670
1788,1,24.85731657,0.00000000,25.32341590,6.29397833,32.08408543,25.68364347,0.22136066
1789,3,7.76791143,31.39364028,26.56170914,7.78506153,31.34158260,26.91393325,0.05585923
1790,2,9.32149372,32.29060143,29.75036747,9.35971118,32.18819940,29.97968350,0.17267953
1791,1,9.32149372,30.49667913,31.67121522,9.68819475,30.60661129,31.89407468,0.40766919
1792,3,29.51806343,0.89696115,17.70780600,29.61787021,1.14749220,18.04786332,0.27065398
1793,1,29.51806343,0.89696115,27.82951972,29.44989050,0.85774724,28.18579091,0.07893389
1794,3,27.96448115,1.79392230,26.56170914,27.96448115,1.79392230,26.92470938,0.00000000
1795,1,27.96448115,0.00000000,34.17731904,28.11411152,0.10441049,34.57367101,0.18548082
1796,2,29.51806343,2.69088345,29.75036747,29.48917117,2.70797374,30.16849526,0.06454369
1797,3,27.96448115,1.79392230,32.93902580,28.21459654,1.85484247,33.32399292,0.25836316
1798,1,26.41089886,4.48480575,22.81731208,26.29467784,4.34131998,23.30973634,0.22549073
1799,1,27.96448115,3.58784460,27.82951972,27.94099147,3.52129750,28.20949012,0.07258284
1800,1,24.85731657,5.38176691,25.32341590,24.98421260,5.57572188,25.61874490,0.24145503
1801,3,27.96448115,3.58784460,24.08512266,27.92677028,3.46393305,24.34290932,0.16687145
1802,1,26.41089886,2.69088345,34.17731904,26.58288449,2.59133979,34.36482927,0.26511270
1803,1,27.96448115,3.58784460,31.67121522,27.78711323,3.68557006,31.82764395,0.28927743
1804,3,26.41089886,4.48480575,32.93902580,26.48428832,4.42996806,33.25887303,0.10126879
1805,2,24.85731657,5.38176691,20.89646433,25.04816418,5.23054639,21.33748345,0.25569004
1806,3,26.41089886,6.27872806,17.70780600,26.74981558,6.23605330,17.99936360,0.34898386
1807,1,23.30373429,8.07265036,25.32341590,23.29903941,8.05713816,25.54116492,0.14615261
1808,3,24.85731657,7.17568921,26.56170914,24.81455855,7.18602654,26.93596228,0.04540635
1809,3,26.41089886,6.27872806,24.08512266,26.45215723,6.30124074,24.35106003,0.10784375
1810,1,24.85731657,5.38176691,34.17731904,25.09529542,5.42230562,34.43228158,0.26447961
1811,1,26.41089886,6.27872806,31.67121522,26.28666475,6.19936705,31.87310151,0.21838038
1812,3,24.85731657,7.17568921,32.93902580,24.98603506,7.11485043,33.20473713,0.17243822
1813,1,24.85731657,8.96961151,27.82951972,24.85938323,8.91728651,28.13631449,0.07681947
1814,1,21.75015200,10.76353381,25.32341590,21.76239214,10.78061203,25.68835831,0.02110115
1815,3,23.30373429,9.86657266,26.56170914,23.26192416,9.84303328,26.92425318,0.04798331
1816,3,24.85731657,8.96961151,24.08512266,24.93915225,8.86226032,24.56645418,0.17950946
1817,1,23.30373429,8.07265036,34.17731904,23.53214210,7.89750359,34.48262509,0.29355602
1818,2,24.85731657,10.76353381,29.75036747,24.80848432,10.65411165,29.92939827,0.21955080
1819,1,24.85731657,8.96961151,31.67121522,24.70946360,9.11691732,32.09525584,0.21745213
1820,3,23.30373429,9.86657266,32.93902580,23.32681486,9.85388833,33.44929027,0.14960066
1821,2,21.75015200,10.76353381,20.89646433,21.67349620,10.79249846,21.48722641,0.24205478
1822,1,21.75015200,12.55745611,18.97561658,21.73647690,12.68411343,19.50373367,0.20854894
1823,1,21.75015200,12.55745611,22.81731208,21.64235396,12.59365553,23.21614669,0.11922633
1824,1,23.30373429,11.66049496,27.82951972,23.30373429,11.66049496,28.19251996,0.00000000
1825,1,20.19656972,13.45441726,25.32341590,20.19656972,13.45441726,25.68641614,0.00000000
1826,3,21.75015200,12.55745611,26.56170914,21.75015200,12.55745611,26.92470938,0.00000000
1827,3,23.30373429,11.66049496,24.08512266,23.25002598,11.62247589,24.50094443,0.08438096
1828,2,23.30373429,13.45441726,29.75036747,23.32241540,13.46962724,30.05525827,0.06290497
1829,1,23.30373429,11.66049496,31.67121522,23.65810985,11.84394299,31.92040204,0.41495627
1830,2,20.19656972,13.45441726,20.89646433,20.17302119,13.46638791,21.28642437,0.03774467
1831,3,21.75015200,14.35137842,17.70780600,21.74028455,14.30296836,18.11076430,0.06354169
1832,1,20.19656972,15.24833957,22.81731208,20.48050307,15.49654028,23.18006594,0.37712306
1833,3,21.75015200,14.35137842,24.08512266,21.78733959,14.31651037,24.49062488,0.06637104
1834,1,20.19656972,13.45441726,34.17731904,20.19656972,13.45441726,34.54031928,0.00000000
1835,3,20.19656972,15.24833957,32.93902580,19.96710537,15.54918944,33.25087885,0.38181222
1836,1,20.19656972,17.04226187,27.82951972,20.11130577,17.34350373,28.29730115,0.33014496
1837,1,17.08940514,18.83618417,25.32341590,16.98955098,18.81402179,25.70550175,0.10404944
1838,3,18.64298743,17.93922302,26.56170914,18.56741394,17.90294607,27.03568508,0.13907902
1839,3,20.19656972,17.04226187,24.08512266,20.36899290,17.22715441,24.31178722,0.28723235
1840,1,18.64298743,16.14530072,34.17731904,18.53243084,16.17829913,34.60807674,0.13380108
1841,2,20.19656972,18.83618417,29.75036747,20.29776906,18.93400718,30.21298163,0.17243428
1842,1,20.19656972,17.04226187,31.67121522,20.20648266,17.14140849,31.94865390,0.13133583
1843,2,17.08940514,18.83618417,20.89646433,17.16821111,19.01771379,21.23581156,0.19930591
1844,1,17.08940514,20.63010647,18.97561658,17.08922686,20.63386379,19.33420115,0.00580064
1845,1,17.08940514,20.63010647,22.81731208,17.07242498,20.57743750,23.18477319,0.05551798
1846,1,18.64298743,19.73314532,27.82951972,18.58021458,19.83687675,28.19035038,0.12126561
1847,1,15.53582286,21.52706762,25.32341590,15.53540053,21.53931761,25.69533922,0.01516120
1848,3,17.08940514,20.63010647,26.56170914,16.99978564,20.70119665,27.06562390,0.18150033
1849,3,18.64298743,19.73314532,24.08512266,18.59229721,19.77900867,24.81766301,0.37580958
1850,2,18.64298743,21.52706762,29.75036747,18.64298743,21.52706762,30.11336771,0.00000000
1851,2,15.53582286,21.52706762,20.89646433,15.53582286,21.52706762,21.25946457,0.00000000
1852,1,15.53582286,23.32098992,18.97561658,15.53707591,23.29175094,19.36237968,0.03769830
1853,3,17.08940514,22.42402877,17.70780600,17.08310058,22.41377568,18.07098844,0.01203772
1854,1,17.08940514,22.42402877,27.82951972,17.09599994,22.43598539,28.19334217,0.01367948
1855,1,13.98224057,24.21795108,25.32341590,13.98224057,24.21795108,25.68641614,0.00000000
1856,3,15.53582286,23.32098992,26.56170914,15.53582286,23.32098992,26.92470938,0.00000000
1857,3,15.53582286,25.11491223,17.70780600,15.46080631,24.87448683,18.02919444,0.25527122
1858,1,15.53582286,25.11491223,27.82951972,15.53582286,25.11491223,28.19251996,0.00000000
1859,3,13.98224057,26.01187338,26.56170914,13.98224057,26.01187338,26.92470938,0.00000000
1860,1,13.98224057,24.21795108,34.17731904,13.95378494,24.22544569,34.58810531,0.05611949
1861,1,15.53582286,25.11491223,31.67121522,15.66578791,25.44816155,31.90568322,0.38008757
1862,3,13.98224057,26.01187338,32.93902580,13.98313605,26.01227551,33.30291867,0.00132679
1863,2,12.42865829,26.90883453,20.89646433,12.44522026,26.89567848,21.15153262,0.10998494
1864,1,12.42865829,28.70275683,18.97561658,12.42865829,28.70275683,19.33861682,0.00000000
1865,1,12.42865829,28.70275683,22.81731208,12.55548198,28.93146928,23.21075243,0.26328736
1866,3,13.98224057,27.80579568,24.08512266,13.81087213,27.67770184,24.27860665,0.27296691
1867,1,12.42865829,26.90883453,34.17731904,12.47640446,26.95085624,34.56952641,0.06998984
1868,1,13.98224057,27.80579568,31.67121522,14.08803946,27.90960959,32.22182695,0.23909998
1869,3,12.42865829,28.70275683,32.93902580,12.52866512,28.75847991,33.38960344,0.14413962
1870,2,10.87507600,29.59971798,20.89646433,10.86937433,29.46805750,21.44867879,0.23058407
1871,1,10.87507600,31.39364028,18.97561658,10.87649646,31.36261572,19.82219029,0.48456974
1872,3,12.42865829,30.49667913,17.70780600,12.58114609,30.41348717,18.09170024,0.17495711
1873,1,10.87507600,31.39364028,22.81731208,10.58454471,31.09363636,23.32489027,0.44194295
1874,1,12.42865829,30.49667913,27.82951972,12.44354652,30.52116052,28.18582262,0.02942537
1875,1,27.96448115,0.00000000,25.32341590,27.96448115,0.00000000,25.68641614,0.00000000
1876,3,10.87507600,31.39364028,26.56170914,10.86751192,31.39064656,26.92761951,0.00863982
1877,3,12.42865829,30.49667913,24.08512266,12.32567110,30.61974787,24.44413857,0.16052461
1878,1,10.87507600,29.59971798,34.17731904,10.95945597,29.86715046,34.42580933,0.30290699
1879,2,31.07164572,0.00000000,20.89646433,31.28910705,0.16190981,21.20597604,0.27634261
1880,1,31.07164572,1.79392230,18.97561658,31.13874741,1.79294484,19.32139065,0.06928444
1881,3,32.62522800,0.89696115,17.70780600,32.62522800,0.89696115,18.07080624,0.00000000
1882,3,31.07164572,1.79392230,26.56170914,31.02212692,1.75353787,27.17887318,0.26207298
1883,2,32.62522800,2.69088345,29.75036747,32.63683956,2.69765295,30.13514253,0.02558900
1884,2,29.51806343,2.69088345,20.89646433,29.71006158,2.80584370,21.10105270,0.27417780
1885,1,29.51806343,4.48480575,18.97561658,29.85074589,4.88038700,19.71874283,0.64160573
1886,3,31.07164572,3.58784460,17.70780600,31.11396853,3.64107228,18.03314919,0.07773326
1887,1,29.51806343,4.48480575,22.81731208,29.20812207,4.53633053,23.09432415,0.32574901
1888,1,31.07164572,3.58784460,27.82951972,31.09923877,3.58631597,28.13972198,0.05959313
1889,1,27.96448115,5.38176691,25.32341590,28.05361956,5.20326007,25.70103024,0.20005979
1890,3,29.51806343,4.48480575,26.56170914,29.73089465,4.26640887,26.47388928,0.54427299
1891,2,27.96448115,5.38176691,20.89646433,27.97387431,5.59764666,21.20103552,0.22384426
1892,1,27.96448115,7.17568921,18.97561658,27.99182115,7.23826774,19.31892452,0.07107275
1893,1,27.96448115,7.17568921,22.81731208,27.94338923,7.17630646,23.15405437,0.03368575
1894,1,29.51806343,6.27872806,27.82951972,30.08290248,6.48956904,28.48123345,0.66847030
1895,1,26.41089886,8.07265036,25.32341590,26.47053201,8.09581840,25.73079763,0.07786262
1896,3,27.96448115,7.17568921,26.56170914,28.04526334,7.02405445,26.68738183,0.29299016
1897,3,29.51806343,6.27872806,24.08512266,29.55603282,6.24002677,24.33304780,0.12720747
1898,3,27.96448115,8.96961151,17.70780600,28.19023136,8.93936093,18.02151113,0.23304134
1899,1,24.85731657,10.76353381,25.32341590,24.75201401,10.70723833,25.77489045,0.14861196
1900,3,27.96448115,8.96961151,24.08512266,27.91134507,8.93216153,24.50082171,0.08368457
1901,1,26.41089886,8.07265036,34.17731904,26.45472401,8.00871040,34.61950409,0.11081153
1902,3,26.41089886,11.66049496,17.70780600,26.54345368,11.79717566,18.13530014,0.20102701
1903,1,24.85731657,12.55745611,22.81731208,24.57022999,12.55087092,23.20348658,0.28809567
1904,1,23.30373429,13.45441726,25.32341590,23.30373429,13.45441726,25.68641614,0.00000000
1905,3,26.41089886,11.66049496,24.08512266,26.19868674,11.48588871,24.51429761,0.28266663
1906,2,26.41089886,13.45441726,29.75036747,26.45576882,13.98648037,29.86480732,0.58897091
1907,2,23.30373429,13.45441726,20.89646433,23.31461409,13.49317673,21.26134600,0.04030144
1908,1,23.30373429,15.24833957,18.97561658,23.36950153,15.21366174,19.44912671,0.13319278
1909,1,23.30373429,15.24833957,22.81731208,23.39593655,15.23275338,23.23708883,0.10939725
1910,3,24.85731657,14.35137842,24.08512266,24.81827371,14.31664897,24.43122554,0.05491812
1911,2,24.85731657,16.14530072,29.75036747,24.66596274,16.32878915,30.01759555,0.28188048
1912,1,24.85731657,14.35137842,31.67121522,24.91888782,14.48378132,32.03990178,0.14612968
1913,3,23.30373429,15.24833957,32.93902580,23.30329607,15.22419260,33.26993666,0.04016213
1914,2,21.75015200,16.14530072,20.89646433,22.05244555,16.25713293,21.39546589,0.34983452
1915,1,21.75015200,17.93922302,18.97561658,21.72300100,17.95782455,19.36697574,0.04344447
1916,3,23.30373429,17.04226187,17.70780600,23.24382652,17.22461889,18.16791276,0.21511090
1917,1,21.75015200,17.93922302,22.81731208,21.86722620,18.07466737,23.12670490,0.18688311
1918,1,20.19656972,18.83618417,25.32341590,20.21001240,18.82850906,25.69390552,0.01719604
1919,1,21.75015200,16.14530072,34.17731904,21.75123897,16.14521321,34.54129095,0.00146059
1920,2,23.30373429,18.83618417,29.75036747,23.24621586,18.91613784,30.07332915,0.10632048
1921,1,23.30373429,17.04226187,31.67121522,23.30373429,17.04226187,32.03421546,0.00000000
1922,1,20.19656972,20.63010647,18.97561658,20.01413828,20.74441663,19.18287054,0.26571592
1923,3,21.75015200,19.73314532,17.70780600,21.81478104,19.76281000,18.12415825,0.08890074
1924,1,21.75015200,19.73314532,27.82951972,21.76609414,19.75661773,28.19173600,0.02838521
1925,3,20.19656972,20.63010647,26.56170914,20.27753694,20.64656384,27.01929126,0.12558769
1926,3,21.75015200,19.73314532,24.08512266,21.76953878,19.76864415,24.45018178,0.04050003
1927,2,21.75015200,21.52706762,29.75036747,21.77163073,21.51090687,30.08542090,0.03877537
1928,1,18.64298743,23.32098992,18.97561658,18.62634533,23.31567003,19.37176378,0.03746974
1929,3,20.19656972,22.42402877,17.70780600,20.20520927,22.46222203,18.04230518,0.04843219
1930,1,20.19656972,22.42402877,27.82951972,20.14913223,22.32260912,28.22868663,0.11766176
1931,2,20.19656972,24.21795108,29.75036747,20.20275405,24.21339422,30.04313291,0.07065365
1932,1,20.19656972,22.42402877,31.67121522,20.38833690,22.54306062,31.88970978,0.26800210
1933,3,18.64298743,23.32098992,32.93902580,18.63787367,23.30429207,33.34461209,0.04602761
1934,3,18.64298743,25.11491223,17.70780600,18.60584362,24.88740915,18.02362852,0.23529354
1935,1,18.64298743,25.11491223,27.82951972,18.71593907,24.87451882,28.14930162,0.25490931
1936,1,15.53582286,26.90883453,25.32341590,15.54819059,26.79559182,25.63845965,0.12359893
1937,3,17.08940514,26.01187338,26.56170914,17.08940514,26.01187338,26.92470938,0.00000000
1938,1,17.08940514,24.21795108,34.17731904,17.08940514,24.21795108,34.54031928,0.00000000
1939,2,18.64298743,26.90883453,29.75036747,18.84650955,26.80429676,30.44436295,0.40237699
1940,1,18.64298743,25.11491223,31.67121522,18.62895091,25.00132916,32.15791996,0.16852579
1941,3,17.08940514,26.01187338,32.93902580,17.08796135,26.01092297,33.33549763,0.03351619
1942,1,15.53582286,28.70275683,22.81731208,15.43777516,28.41677386,23.20285607,0.30316304
1943,1,17.08940514,27.80579568,27.82951972,17.92807537,27.69048202,28.29833038,0.85314761
1944,1,13.98224057,29.59971798,25.32341590,13.82154757,29.77365158,25.71283058,0.23827056
1945,3,15.53582286,28.70275683,26.56170914,15.31734530,28.62890696,26.57329603,0.42033034
1946,3,17.08940514,27.80579568,24.08512266,17.00137432,27.70911006,24.39204139,0.14227674
1947,1,15.53582286,26.90883453,34.17731904,15.54435624,26.90299794,34.55387801,0.01705062
1948,1,17.08940514,27.80579568,31.67121522,17.17260906,27.95535299,32.03244602,0.17115318
1949,3,15.53582286,28.70275683,32.93902580,15.60870616,28.74104627,33.35520184,0.09800879
1950,2,13.98224057,29.59971798,20.89646433,13.96754242,29.58202670,21.21612789,0.04906205
1951,1,13.98224057,31.39364028,18.97561658,13.98224057,31.39364028,19.33861682,0.00000000
1952,1,13.98224057,31.39364028,22.81731208,13.94224047,31.50853018,23.11994352,0.13580902
1953,1,31.07164572,0.00000000,25.32341590,30.99033713,0.01118523,25.80149493,0.14134823
1954,3,15.53582286,30.49667913,24.08512266,15.29978831,30.49163470,24.32841444,0.26470337
1955,1,13.98224057,29.59971798,34.17731904,13.98904513,29.63255841,34.58704053,0.05751235
1956,1,15.53582286,30.49667913,31.67121522,15.50321734,30.51885413,32.10353634,0.07975107
1957,1,34.17881029,1.79392230,18.97561658,34.12773590,1.86300389,19.19779250,0.16496165
1958,3,35.73239258,0.89696115,17.70780600,35.71789276,0.89679819,18.07102450,0.01450237
1959,1,34.17881029,0.00000000,34.17731904,34.17881029,0.00000000,34.54031928,0.00000000
1960,2,35.73239258,2.69088345,29.75036747,35.73239258,2.69088345,30.11336771,0.00000000
1961,1,35.73239258,0.89696115,31.67121522,35.73239258,0.89696115,32.03421546,0.00000000
1962,3,34.17881029,1.79392230,32.93902580,34.17881029,1.79392230,33.30202604,0.00000000
1963,2,32.62522800,2.69088345,20.89646433,32.74583587,2.72658418,21.08958631,0.21137508
1964,1,32.62522800,4.48480575,18.97561658,32.72685321,4.49588528,19.32790672,0.10278689
1965,3,34.17881029,3.58784460,17.70780600,34.18942228,3.59300272,18.04886753,0.02491039
1966,1,34.17881029,3.58784460,27.82951972,34.14954290,3.60521467,28.31030033,0.12259900
1967,1,31.07164572,5.38176691,25.32341590,31.09067529,5.57733014,25.62492822,0.20588314
1968,3,32.62522800,4.48480575,26.56170914,32.62683814,4.55936715,27.13579744,0.22387532
1969,1,32.62522800,2.69088345,34.17731904,32.62737233,2.73206056,34.51174085,0.05016851
1970,2,34.17881029,5.38176691,29.75036747,34.09862750,5.27509974,30.20209104,0.16024667
1971,1,34.17881029,3.58784460,31.67121522,34.17896421,3.58454101,32.03780761,0.00488272
1972,3,32.62522800,4.48480575,32.93902580,32.80345394,4.56606385,33.56639434,0.32902577
1973,1,32.62522800,6.27872806,27.82951972,32.99559353,6.34264574,28.22194201,0.37699039
1974,1,29.51806343,8.07265036,25.32341590,29.45237797,8.00193135,25.52461008,0.18840637
1975,3,31.07164572,7.17568921,26.56170914,31.25113201,7.18561754,26.91950073,0.17983613
1976,1,31.07164572,5.38176691,34.17731904,31.02272211,5.26654626,34.35795690,0.22119077
1977,2,32.62522800,8.07265036,29.75036747,32.62522800,8.07265036,30.11336771,0.00000000
1978,1,32.62522800,6.27872806,31.67121522,32.62522800,6.27872806,32.03421546,0.00000000
1979,3,31.07164572,7.17568921,32.93902580,31.09980008,7.21807940,33.62639740,0.32833882
1980,2,29.51806343,8.07265036,20.89646433,29.53588929,8.10160197,21.26000763,0.03400370
1981,1,29.51806343,9.86657266,18.97561658,29.54340440,9.84885688,19.37861661,0.05055686
1982,1,29.51806343,9.86657266,22.81731208,29.66698319,9.85692519,23.18216446,0.14924342
1983,1,31.07164572,8.96961151,27.82951972,31.17049718,9.19690762,28.14079248,0.25320123
1984,3,29.51806343,9.86657266,26.56170914,29.82591963,9.70240936,26.64677275,0.44606479
1985,3,31.07164572,8.96961151,24.08512266,31.22901994,8.96837398,24.21113047,0.28448830
1986,1,29.51806343,8.07265036,34.17731904,29.44216191,8.12026875,34.47877272,0.10870387
1987,2,31.07164572,10.76353381,29.75036747,31.10393549,10.62520220,30.20751139,0.17041507
1988,1,31.07164572,8.96961151,31.67121522,31.23134794,8.95370104,32.05795767,0.16223944
1989,3,29.51806343,9.86657266,32.93902580,29.68323015,10.13341413,33.52440496,0.38462553
1990,1,27.96448115,12.55745611,18.97561658,27.97535693,12.62674666,19.43470377,0.11896287
1991,3,29.51806343,11.66049496,17.70780600,29.62195461,11.71420387,18.18607782,0.16421193
1992,1,29.51806343,11.66049496,27.82951972,29.80456454,12.03476224,28.60780106,0.62818570
1993,1,27.96448115,10.76353381,34.17731904,28.04153653,10.82299624,34.58155754,0.10570670
1994,2,29.51806343,13.45441726,29.75036747,-7.71308052,13.72956137,30.42667147,0.42055910
1995,1,29.51806343,11.66049496,31.67121522,29.71483083,11.69748129,31.99875815,0.20332884
1996,3,27.96448115,12.55745611,32.93902580,28.00259655,13.00108034,33.53679010,0.50335813
1997,2,26.41089886,13.45441726,20.89646433,26.39309080,13.57401048,21.11872812,0.18554356
1998,1,26.41089886,15.24833957,18.97561658,26.47439948,15.44375848,19.43665295,0.22766634
1999,1,26.41089886,15.24833957,22.81731208,26.32261997,15.17528016,23.17537394,0.11469623
2000,2,27.96448115,16.14530072,29.75036747,-9.12765084,16.37934668,30.16255955,0.30785128
2001,1,27.96448115,14.35137842,31.67121522,27.85366990,14.46605970,32.08079935,0.16613545
2002,3,26.41089886,15.24833957,32.93902580,26.34595273,15.37209669,33.26537778,0.14448848
2003,2,24.85731657,16.14530072,20.89646433,25.00219239,16.18488964,21.31218818,0.15917306
2004,1,24.85731657,17.93922302,18.97561658,24.85862789,18.09002565,19.45331664,0.18947085
2005,1,24.85731657,17.93922302,22.81731208,24.85731657,17.93922302,23.18031232,0.00000000
2006,1,24.85731657,16.14530072,34.17731904,24.88654870,16.12906686,34.52450004,0.03699059
2007,2,26.41089886,18.83618417,29.75036747,26.39149466,18.79485418,30.10623904,0.04621157
2008,1,26.41089886,17.04226187,31.67121522,26.41089886,17.04226187,32.03421546,0.00000000
2009,3,24.85731657,17.93922302,32.93902580,24.84907660,17.92824910,33.09798362,0.20450338
2010,2,23.30373429,18.83618417,20.89646433,23.40538102,18.87965013,21.32384283,0.12792930
2011,3,24.85731657,19.73314532,17.70780600,24.82317365,19.66217455,18.10596973,0.08624999
2012,1,23.30373429,20.63010647,22.81731208,23.30373429,20.63010647,23.18031232,0.00000000
2013,1,24.85731657,19.73314532,27.82951972,25.00667445,19.95324986,28.26531826,0.27577776
2014,1,21.75015200,21.52706762,25.32341590,21.75409397,21.52071953,25.68667143,0.00747680
2015,3,23.30373429,20.63010647,26.56170914,23.30373429,20.63010647,26.92470938,0.00000000
2016,2,24.85731657,21.52706762,29.75036747,-12.42604693,21.57559718,30.15760686,0.06571940
2017,1,24.85731657,19.73314532,31.67121522,24.85731657,19.73314532,32.03421546,0.00000000
2018,3,23.30373429,20.63010647,32.93902580,23.26974316,20.62663207,33.09892818,0.20595196
2019,3,23.30373429,22.42402877,17.70780600,23.20912473,22.31113763,18.08312340,0.14780762
2020,1,23.30373429,22.42402877,27.82951972,23.51734234,22.47403235,28.25377397,0.22777360
2021,1,20.19656972,24.21795108,25.32341590,20.20767306,24.00472632,25.58236227,0.23751903
2022,3,23.30373429,22.42402877,24.08512266,23.30373429,22.42402877,24.44812290,0.00000000
2023,1,23.30373429,22.42402877,31.67121522,23.31244755,22.41079272,32.01668920,0.02362804
2024,3,21.75015200,23.32098992,32.93902580,21.83770119,23.34824677,33.13038347,0.19459950
2025,2,20.19656972,24.21795108,20.89646433,20.15830968,24.13299863,21.32830881,0.11584592
2026,1,20.19656972,26.01187338,18.97561658,20.43924976,25.79498627,19.48625256,0.35739324
2027,3,21.75015200,25.11491223,17.70780600,21.73344388,25.04757087,18.05283545,0.07167266
2028,1,20.19656972,26.01187338,22.81731208,20.05212016,25.79056389,23.19257881,0.26456384
2029,1,18.64298743,26.90883453,25.32341590,18.48384090,26.84167752,25.54880690,0.22084834
2030,3,20.19656972,26.01187338,26.56170914,19.99862941,25.82150908,26.55388374,0.46144403
2031,3,21.75015200,25.11491223,24.08512266,21.75253363,25.01866641,24.35926962,0.13101082
2032,1,21.75015200,25.11491223,31.67121522,21.60845450,25.22551969,32.28685210,0.31006042
2033,2,18.64298743,26.90883453,20.89646433,18.74832732,26.75507478,21.25441651,0.18645116
2034,1,18.64298743,28.70275683,18.97561658,18.78862520,28.47706291,19.44681191,0.28957604
2035,1,18.64298743,28.70275683,22.81731208,18.44814890,28.45115911,23.10212173,0.32768466
2036,1,17.08940514,29.59971798,25.32341590,17.05551870,29.55297475,25.93056378,0.25088103
2037,3,18.64298743,28.70275683,26.56170914,18.79686158,28.83158470,26.80456081,0.23390074
2038,3,20.19656972,27.80579568,24.08512266,19.93964678,27.73529537,24.36898214,0.27792616
2039,2,20.19656972,29.59971798,29.75036747,20.15797280,29.55631145,30.14927296,0.06828642
2040,3,18.64298743,28.70275683,32.93902580,18.60159580,28.81667927,33.26764603,0.12599037
2041,2,17.08940514,29.59971798,20.89646433,16.93619828,29.20612973,21.25591676,0.42237027
2042,3,18.64298743,30.49667913,17.70780600,18.60434857,30.67307948,17.98782430,0.19873612
2043,1,17.08940514,31.39364028,22.81731208,16.82122274,30.98922948,23.00004520,0.51765446
2044,3,18.64298743,30.49667913,24.08512266,18.20305076,30.36910247,24.41222308,0.45946586
2045,1,17.08940514,29.59971798,34.17731904,17.08940514,29.59971798,34.54031928,0.00000000
2046,2,18.64298743,32.29060143,29.75036747,18.64298743,32.29060143,30.11336771,0.00000000
2047,1,18.64298743,30.49667913,31.67121522,18.64298743,30.49667913,32.03421546,0.00000000
2048,3,17.08940514,31.39364028,32.93902580,17.08940514,31.39364028,33.30202604,0.00000000
2049,2,0.00000000,0.00000000,38.60427033,37.22084889,0.03285953,38.89321622,0.10394801
2050,1,0.00000000,1.79392230,36.68342258,0.00000000,1.79392230,37.04642282,0.00000000
2051,1,0.00000000,1.79392230,40.52511808,0.09861010,1.76102631,40.80023024,0.13612646
2052,1,-1.55358229,2.69088345,43.03122190,35.49072307,2.60028588,43.50169177,0.27957430
2053,1,-1.55358229,4.48480575,36.68342258,-1.55358229,4.48480575,37.04642282,0.00000000
2054,1,0.00000000,3.58784460,45.53732572,-0.22959426,3.40639855,45.84081259,0.29862692
2055,1,-3.10716457,5.38176691,43.03122190,34.03525286,5.33536526,43.63910946,0.28763110
2056,3,-1.55358229,4.48480575,44.26951514,-1.61221359,4.45895224,44.59776719,0.07289356
2057,1,-3.10716457,7.17568921,36.68342258,-2.90707557,7.09800062,36.99649324,0.22037261
2058,3,-1.55358229,6.27872806,35.41561200,-1.41286925,6.28215599,35.74859281,0.14392038
2059,1,-1.55358229,6.27872806,45.53732572,-1.57419525,6.04682787,45.93163356,0.23491011
2060,2,-1.55358229,8.07265036,47.45817347,-1.52031825,7.88751012,47.61783860,0.27699923
2061,3,-3.10716457,8.96961151,35.41561200,-3.04402560,8.84538153,35.73111992,0.14722479
2062,1,-6.21432914,10.76353381,43.03122190,-6.06087790,10.77890552,43.65062601,0.29920983
2063,3,-3.10716457,8.96961151,41.79292866,-3.10716457,8.96961151,42.15592890,0.00000000
2064,1,-3.10716457,8.96961151,49.37902122,-3.14320615,8.98763698,49.74507903,0.04041363
2065,3,-4.66074686,11.66049496,35.41561200,-4.45824466,11.63603092,35.75655081,0.20516417
2066,1,-7.76791143,13.45441726,43.03122190,-7.77275299,13.50391961,43.41531207,0.05402507
2067,3,-6.21432914,12.55745611,44.26951514,-6.17272434,12.58324986,44.66183759,0.05706198
2068,3,-4.66074686,11.66049496,41.79292866,-4.66029578,11.63701198,42.13979978,0.02849215
2069,2,-4.66074686,13.45441726,47.45817347,-4.44634978,13.33940287,48.00887321,0.30728735
2070,1,-4.66074686,11.66049496,49.37902122,-4.52284349,11.72757372,49.91424902,0.23060622
2071,2,-7.76791143,13.45441726,38.60427033,-7.69529015,13.61036585,39.20735759,0.29535671
2072,1,-7.76791143,15.24833957,36.68342258,-7.71712101,15.27333599,37.08113900,0.06640558
2073,3,-6.21432914,14.35137842,35.41561200,-6.15258723,14.38843198,35.82854456,0.08762572
2074,1,-7.76791143,15.24833957,40.52511808,-7.76756508,15.35413060,40.99295621,0.14893907
2075,1,-9.32149372,16.14530072,43.03122190,27.94492052,16.09229674,43.34918839,0.07225011
2076,3,-6.21432914,14.35137842,41.79292866,-6.20791673,14.25032010,42.28286931,0.16238156
2077,2,-9.32149372,16.14530072,38.60427033,-9.32522918,16.19139098,39.06123984,0.10473055
2078,1,-9.32149372,17.93922302,36.68342258,-9.23958263,17.91996442,37.01136748,0.09115479
2079,1,-9.32149372,17.93922302,40.52511808,-9.31310034,17.92895650,40.87110374,0.02157189
2080,1,-7.76791143,17.04226187,45.53732572,-7.89336668,17.12393756,45.67566757,0.26996543
2081,1,-10.87507600,18.83618417,43.03122190,26.37471203,18.83918195,43.40531084,0.03796620
2082,3,-9.32149372,17.93922302,44.26951514,-9.40835693,18.00555686,44.57302938,0.12443464
2083,2,-7.76791143,18.83618417,47.45817347,-7.83670849,18.88330028,47.74292189,0.11435170
2084,2,-10.87507600,18.83618417,38.60427033,-10.83757399,18.85890107,38.99622293,0.05254234
2085,1,-10.87507600,20.63010647,36.68342258,-10.80467827,20.63242002,37.05342013,0.07078245
2086,1,-10.87507600,20.63010647,40.52511808,-10.92851198,20.66828573,40.83946350,0.08173342
2087,1,-9.32149372,19.73314532,45.53732572,-9.29374121,19.68708950,45.88009610,0.05745074
2088,1,-12.42865829,21.52706762,43.03122190,-12.38830555,21.51442514,43.39763063,0.04242398
2089,3,-10.87507600,20.63010647,44.26951514,-10.79974386,20.62914899,44.63030022,0.07537079
2090,3,-9.32149372,19.73314532,41.79292866,-9.57118895,19.75248420,42.10723106,0.25513366
2091,2,-9.32149372,21.52706762,47.45817347,-9.30198980,21.48168619,48.20228055,0.38429455
2092,1,-9.32149372,19.73314532,49.37902122,-9.24823664,19.65668002,49.90544366,0.19473150
2093,2,-12.42865829,21.52706762,38.60427033,-12.39971908,21.54915828,38.99131672,0.04363132
2094,1,-12.42865829,23.32098992,36.68342258,-12.35448410,23.16531802,36.94127652,0.20196855
2095,3,-10.87507600,22.42402877,35.41561200,-10.81091903,22.45927437,35.75503789,0.07690331
2096,1,-12.42865829,23.32098992,40.52511808,-12.42572586,23.29752498,40.81658286,0.07534271
2097,1,-13.98224057,24.21795108,43.03122190,-13.87451748,24.11719846,43.23053996,0.22033432
2098,3,-12.42865829,23.32098992,44.26951514,-12.42865829,23.32098992,44.63251538,0.00000000
2099,3,-10.87507600,22.42402877,41.79292866,-11.01535820,22.33352735,42.08144676,0.18280370
2100,2,-13.98224057,24.21795108,38.60427033,-13.98224057,24.21795108,38.96727057,0.00000000
2101,3,-12.42865829,25.11491223,35.41561200,-12.31971626,25.03755962,35.63646413,0.19508428
2102,1,-13.98224057,26.01187338,40.52511808,-14.00251626,26.00362437,40.90126085,0.02553186
2103,3,-12.42865829,25.11491223,41.79292866,-12.42191370,25.08776317,42.11806969,0.04707314
2104,1,-12.42865829,25.11491223,49.37902122,-12.36685028,25.17636659,49.81598815,0.11431509
2105,2,-15.53582286,26.90883453,38.60427033,21.75027169,26.90504593,38.96426563,0.00483710
2106,1,-15.53582286,28.70275683,36.68342258,-15.32356548,28.89686902,37.04609535,0.28763318
2107,1,-15.53582286,28.70275683,40.52511808,-15.56118687,28.86961552,40.50508307,0.41857037
2108,1,-13.98224057,27.80579568,49.37902122,-14.01347649,27.83050721,50.04628412,0.30685845
2109,2,-17.08940514,29.59971798,38.60427033,20.03813209,29.68389863,38.82999062,0.22590850
2110,1,-17.08940514,31.39364028,36.68342258,-17.08814376,31.40895379,37.03055986,0.02208457
2111,1,-17.08940514,31.39364028,40.52511808,-17.11151653,31.49613365,40.66222135,0.24904467
2112,1,0.00000000,0.00000000,43.03122190,0.04277953,0.02618995,43.46368684,0.08568165
2113,2,-15.53582286,32.29060143,47.45817347,-15.53709688,32.28975888,47.82254206,0.00205071
2114,1,-15.53582286,30.49667913,49.37902122,-15.53582286,30.49667913,49.74202146,0.00000000
2115,2,3.10716457,0.00000000,38.60427033,3.00583088,0.05676551,38.83401412,0.17677138
2116,1,3.10716457,1.79392230,36.68342258,3.10725101,1.79543358,37.04486661,0.00217100
2117,1,3.10716457,1.79392230,40.52511808,3.06593539,1.97422475,40.65914517,0.29434253
2118,1,4.66074686,0.89696115,45.53732572,4.65861780,1.02802174,46.15977994,0.29068502
2119,2,4.66074686,2.69088345,47.45817347,4.64176527,2.77519572,47.94342800,0.14971630
2120,1,4.66074686,0.89696115,49.37902122,4.66074686,0.89696115,49.74202146,0.00000000
2121,2,1.55358229,2.69088345,38.60427033,1.47981450,2.72607220,38.88340649,0.11710303
2122,1,1.55358229,4.48480575,36.68342258,1.55358229,4.48480575,37.04642282,0.00000000
2123,1,1.55358229,4.48480575,40.52511808,1.62873991,4.52509972,40.64945971,0.25343679
2124,1,3.10716457,3.58784460,45.53732572,3.08968234,3.65159200,45.99087876,0.11211230
2125,1,0.00000000,5.38176691,43.03122190,0.04992333,5.30670918,43.61063142,0.23443331
2126,3,1.55358229,4.48480575,44.26951514,1.61131923,4.45315799,44.66975654,0.07564416
2127,2,3.10716457,5.38176691,47.45817347,3.10716457,5.38176691,47.82117371,0.00000000
2128,1,3.10716457,3.58784460,49.37902122,3.36541401,3.73095932,50.11598376,0.47646868
2129,2,0.00000000,5.38176691,38.60427033,0.00573926,5.32812611,38.93035571,0.06536804
2130,1,0.00000000,7.17568921,36.68342258,0.06876649,7.14142997,36.96002596,0.11561550
2131,1,0.00000000,7.17568921,40.52511808,0.03120087,7.44491633,40.80022536,0.28492440
2132,1,1.55358229,6.27872806,45.53732572,1.58641873,6.34966001,45.87615726,0.08181503
2133,1,-1.55358229,8.07265036,43.03122190,-1.40440467,8.15786966,43.25039311,0.22406044
2134,3,-0.00000000,7.17568921,44.26951514,0.02535099,7.16405439,44.58440838,0.05560868
2135,3,1.55358229,6.27872806,41.79292866,2.01265516,6.37022793,42.18995277,0.46933757
2136,2,1.55358229,8.07265036,47.45817347,1.55358229,8.07265036,47.82117371,0.00000000
2137,1,1.55358229,6.27872806,49.37902122,1.93519297,6.40444872,49.97426885,0.46408108
2138,2,-1.55358229,8.07265036,38.60427033,-1.40831599,7.92041074,38.81629045,0.25898687
2139,1,-1.55358229,9.86657266,36.68342258,-1.94268601,10.07562970,36.98083701,0.44655129
2140,3,-0.00000000,8.96961151,35.41561200,-0.00000000,8.96961151,35.77861224,0.00000000
2141,1,-1.55358229,9.86657266,40.52511808,-1.35715348,10.01805615,40.98926205,0.26788352
2142,1,0.00000000,8.96961151,45.53732572,0.02410859,8.94955929,45.93155213,0.04425369
2143,3,-0.00000000,8.96961151,41.79292866,0.10495371,9.03865250,42.12038383,0.13055800
2144,1,0.00000000,8.96961151,49.37902122,0.21114404,9.25452861,50.11475449,0.51447980
2145,3,-1.55358229,11.66049496,35.41561200,-1.51125645,11.63787789,35.69184441,0.09915476
2146,1,-4.66074686,13.45441726,43.03122190,-4.67042538,13.33494328,43.32520246,0.13831639
2147,3,-1.55358229,11.66049496,41.79292866,-1.55716992,11.69913798,42.18182657,0.04665666
2148,2,-1.55358229,13.45441726,47.45817347,-1.32986990,13.28504918,48.02144758,0.34473526
2149,1,-1.55358229,11.66049496,49.37902122,-1.56215954,11.57760812,49.82837537,0.12000331
2150,2,-4.66074686,13.45441726,38.60427033,-4.62634491,13.41504931,38.94161613,0.05823642
2151,1,-4.66074686,15.24833957,36.68342258,-4.66074686,15.24833957,37.04642282,0.00000000
2152,3,-3.10716457,14.35137842,35.41561200,-3.15243031,14.23098487,35.78679692,0.12888205
2153,1,-4.66074686,15.24833957,40.52511808,-4.43414627,15.23722291,40.63780143,0.33783125
2154,3,-3.10716457,14.35137842,41.79292866,-3.11300315,14.35445238,42.15210734,0.00762513
2155,1,-3.10716457,14.35137842,49.37902122,-3.05930274,14.38593123,49.80196563,0.08413058
2156,2,-6.21432914,16.14530072,38.60427033,-6.21122878,16.15061004,38.96677064,0.00616855
2157,1,-6.21432914,17.93922302,36.68342258,-6.31021002,17.91484026,37.00681814,0.10656543
2158,3,-4.66074686,17.04226187,35.41561200,-4.82217349,17.01050103,35.73227958,0.17092110
2159,2,-7.76791143,18.83618417,38.60427033,-7.77063852,18.69382445,38.87621209,0.16901294
2160,1,-7.76791143,20.63010647,36.68342258,-7.76791143,20.63010647,37.04642282,0.00000000
2161,1,-7.76791143,20.63010647,40.52511808,-7.80477504,20.53391682,40.56357575,0.34049854
2162,1,-6.21432914,19.73314532,45.53732572,-6.17319319,19.59306093,45.86614740,0.14994658
2163,2,-6.21432914,21.52706762,47.45817347,-6.02959547,21.56564057,48.27247635,0.48917121
2164,1,-6.21432914,19.73314532,49.37902122,-6.13508964,19.84381284,50.07760288,0.36213407
2165,2,-9.32149372,21.52706762,38.60427033,-9.37389262,21.55893204,38.91387416,0.08131521
2166,1,-9.32149372,23.32098992,36.68342258,-9.32149372,23.32098992,37.04642282,0.00000000
2167,3,-7.76791143,22.42402877,35.41561200,-7.78666771,22.45809843,35.81719416,0.05478233
2168,1,-10.87507600,24.21795108,43.03122190,-10.94723239,24.05739959,43.22681842,0.24291424
2169,1,-7.76791143,22.42402877,49.37902122,-7.72367466,22.37364509,49.91914751,0.18939124
2170,3,-9.32149372,25.11491223,35.41561200,-9.35410822,25.09608399,35.83618363,0.06879442
2171,1,-9.32149372,25.11491223,45.53732572,-9.40228061,25.21312840,46.26811885,0.38915877
2172,1,-12.42865829,26.90883453,43.03122190,-12.28736801,26.84601816,43.20374444,0.24533771
2173,3,-10.87507600,26.01187338,44.26951514,-11.12249247,26.14532436,44.76590509,0.31115412
2174,2,-9.32149372,26.90883453,47.45817347,-9.33783291,27.01217601,47.99831401,0.20573069
2175,1,-9.32149372,25.11491223,49.37902122,-9.38097957,25.16955492,49.76480416,0.08392522
2176,1,-12.42865829,28.70275683,36.68342258,-12.37222544,28.75547542,37.03461260,0.07812424
2177,3,-10.87507600,27.80579568,35.41561200,-10.94430728,27.77496487,35.64897929,0.15016062
2178,1,-12.42865829,28.70275683,40.52511808,-12.53507940,28.58270734,40.85957348,0.16294828
2179,1,-10.87507600,27.80579568,45.53732572,-10.88495350,27.83457093,45.93990427,0.04992016
2180,3,-10.87507600,27.80579568,41.79292866,-10.77485090,27.75073944,42.11653506,0.12094683
2181,1,-10.87507600,27.80579568,49.37902122,-10.70460056,27.80487079,49.93167447,0.25501175
2182,2,-13.98224057,29.59971798,38.60427033,-13.81903544,29.66836151,38.90470356,0.18778306
2183,1,-13.98224057,31.39364028,36.68342258,-13.93758948,31.47594933,37.04784102,0.09365100
2184,3,-12.42865829,30.49667913,35.41561200,-12.55003159,30.46021175,35.76731677,0.12723576
2185,1,-13.98224057,31.39364028,40.52511808,-14.02628701,31.62417781,40.59934645,0.37212475
2186,1,-12.42865829,30.49667913,45.53732572,-12.43181068,30.56563021,46.17334278,0.28160677
2187,3,-12.42865829,30.49667913,41.79292866,-12.23996005,30.25822323,42.04016670,0.32537537
2188,2,-12.42865829,32.29060143,47.45817347,6.21452935,0.07918313,47.89941269,0.11131642
2189,2,6.21432914,0.00000000,38.60427033,6.28518803,0.05730316,38.88859511,0.12039295
2190,1,6.21432914,1.79392230,36.68342258,6.21432914,1.79392230,37.04642282,0.00000000
2191,1,6.21432914,1.79392230,40.52511808,6.12606134,1.84802055,40.81107706,0.12904721
2192,1,7.76791143,0.89696115,45.53732572,7.76791143,0.89696115,45.90032596,0.00000000
2193,3,6.21432914,1.79392230,44.26951514,6.21432914,1.79392230,44.63251538,0.00000000
2194,3,7.76791143,0.89696115,41.79292866,7.51251980,0.96627071,42.07143534,0.27779104
2195,2,7.76791143,2.69088345,47.45817347,7.76791143,2.69088345,47.82117371,0.00000000
2196,2,4.66074686,2.69088345,38.60427033,4.71000320,2.71027443,38.93010703,0.06467864
2197,1,4.66074686,4.48480575,36.68342258,4.63960995,4.49700577,37.06447060,0.03035345
2198,3,6.21432914,3.58784460,35.41561200,6.06782771,3.60014619,35.85682957,0.16652913
2199,1,4.66074686,4.48480575,40.52511808,4.65074085,4.63184454,40.74598535,0.20474937
2200,1,6.21432914,3.58784460,45.53732572,6.21504015,3.50998259,45.82515919,0.10822681
2201,1,3.10716457,5.38176691,43.03122190,3.10576568,5.01968616,43.31662892,0.37030410
2202,3,4.66074686,4.48480575,44.26951514,4.66857067,4.26990257,44.52543623,0.24023018
2203,2,6.21432914,5.38176691,47.45817347,6.16423470,5.28307994,47.61821385,0.23117370
2204,1,6.21432914,3.58784460,49.37902122,6.25679620,3.56713451,49.68510320,0.07397328
2205,2,3.10716457,5.38176691,38.60427033,3.15330473,5.42207979,38.88723662,0.10079423
2206,3,4.66074686,6.27872806,35.41561200,4.98602537,6.28864058,36.06397593,0.43282421
2207,1,3.10716457,7.17568921,40.52511808,3.20339892,7.24431282,40.71105349,0.21289013
2208,1,4.66074686,6.27872806,45.53732572,4.77018362,6.12050228,45.45917520,0.48127518
2209,1,1.55358229,8.07265036,43.03122190,1.54790398,8.10045016,43.41429114,0.03475395
2210,3,3.10716457,7.17568921,44.26951514,3.11143599,7.25730715,44.72877593,0.12627678
2211,2,1.55358229,8.07265036,38.60427033,1.57397049,8.08122971,38.94300465,0.03283473
2212,1,1.55358229,9.86657266,40.52511808,1.62532714,9.90060606,40.83083823,0.09791121
2213,1,0.00000000,10.76353381,43.03122190,0.13579924,10.95936200,43.32541770,0.24804065
2214,3,1.55358229,9.86657266,44.26951514,1.55358229,9.86657266,44.63251538,0.00000000
2215,3,3.10716457,8.96961151,41.79292866,3.11284344,9.05355505,42.01909268,0.16063287
2216,1,3.10716457,8.96961151,49.37902122,3.11489760,9.08271163,49.78116506,0.11993189
2217,3,1.55358229,11.66049496,35.41561200,1.55409321,11.66254846,35.78125064,0.00338216
2218,1,-1.55358229,13.45441726,43.03122190,-1.53418602,13.50944320,43.19226001,0.21022077
2219,3,-0.00000000,12.55745611,44.26951514,-0.00010339,12.55786943,44.63482873,0.00235226
2220,3,1.55358229,11.66049496,41.79292866,1.65733887,11.56746675,42.05917183,0.16965143
2221,1,1.55358229,11.66049496,49.37902122,1.59840336,11.80253137,49.72006315,0.15055045
2222,1,-1.55358229,15.24833957,36.68342258,-1.54239353,15.18233938,37.09524159,0.08285219
2223,3,-0.00000000,14.35137842,35.41561200,0.03980484,14.32962838,35.84392570,0.07951941
2224,1,-1.55358229,15.24833957,40.52511808,-1.41430590,15.24420670,40.83666834,0.14853314
2225,1,0.00000000,14.35137842,45.53732572,-0.15252060,14.38860029,45.61933051,0.32187955
2226,1,-3.10716457,16.14530072,43.03122190,-3.19764189,16.38194456,43.28399544,0.27629039
2227,3,-1.55358229,15.24833957,44.26951514,-1.68888560,15.33051310,44.54345320,0.18163576
2228,3,-0.00000000,14.35137842,41.79292866,0.03033712,14.32769795,42.11014201,0.05981258
2229,2,0.00000000,16.14530072,47.45817347,0.00000000,16.14530072,47.82117371,0.00000000
2230,1,0.00000000,14.35137842,49.37902122,0.04213720,14.38270310,49.79544135,0.07490303
2231,1,-3.10716457,17.93922302,36.68342258,-3.38549129,18.05008817,37.03903858,0.29968545
2232,3,-1.55358229,17.04226187,35.41561200,-1.92875428,16.86103294,35.94590657,0.44898256
2233,1,-1.55358229,17.04226187,45.53732572,-1.55723003,17.03977961,45.90372842,0.00557174
2234,3,-3.10716457,17.93922302,44.26951514,-3.11351841,17.94169460,44.64353797,0.01296061
2235,3,-1.55358229,17.04226187,41.79292866,-1.59355603,16.89213620,42.07781723,0.17388804
2236,2,-1.55358229,18.83618417,47.45817347,-1.63313250,18.90062431,47.66449350,0.18716158
2237,1,-4.66074686,20.63010647,36.68342258,-4.69863746,20.66688260,37.06397458,0.05564392
2238,3,-3.10716457,19.73314532,35.41561200,-3.17603706,19.83817859,35.82316327,0.13326741
2239,1,-3.10716457,19.73314532,45.53732572,-3.14436646,19.75306438,45.85736170,0.06022190
2240,1,-6.21432914,21.52706762,43.03122190,-6.22959738,21.49502207,43.48538485,0.09782983
2241,3,-4.66074686,20.63010647,44.26951514,-4.68882514,20.61352574,44.65456967,0.03936626
2242,2,-3.10716457,21.52706762,47.45817347,-3.09909550,21.52310960,47.83059198,0.01301843
2243,2,-6.21432914,21.52706762,38.60427033,-6.17175691,21.46762623,38.92170552,0.08615015
2244,1,-6.21432914,23.32098992,36.68342258,-6.21717344,23.29217622,37.07456905,0.04037981
2245,3,-4.66074686,22.42402877,35.41561200,-4.87267357,22.31425185,35.81104626,0.24086483
2246,1,-6.21432914,23.32098992,40.52511808,-6.01246255,23.49895420,40.36483849,0.58842433
2247,1,-4.66074686,22.42402877,45.53732572,-4.65409537,22.27662050,46.02823299,0.19527839
2248,3,-4.66074686,22.42402877,41.79292866,-4.62509029,22.54572794,42.16395361,0.12706877
2249,1,-4.66074686,22.42402877,49.37902122,-4.46911382,22.54867632,49.95558039,0.31283806
2250,1,-7.76791143,26.01187338,36.68342258,-7.80641535,26.04050703,37.07826023,0.05758523
2251,3,-6.21432914,25.11491223,35.41561200,-6.41382534,25.01955039,35.93519704,0.27094540
2252,1,-9.32149372,26.90883453,43.03122190,-9.33475308,26.90249011,43.37265532,0.02609962
2253,3,-7.76791143,26.01187338,44.26951514,-7.89589998,26.10867773,44.82040966,0.24709596
2254,3,-6.21432914,25.11491223,41.79292866,-6.40034156,25.07335043,42.49008023,0.38468833
2255,2,-6.21432914,26.90883453,47.45817347,-6.23037104,26.92225925,47.80650619,0.02554803
2256,1,-6.21432914,25.11491223,49.37902122,-6.46835598,25.01680461,50.02147302,0.39018958
2257,3,-7.76791143,27.80579568,35.41561200,-7.96981306,27.80486842,35.83973069,0.21095163
2258,1,-7.76791143,27.80579568,45.53732572,-7.91934946,27.77032817,46.08849465,0.24412881
2259,1,-10.87507600,29.59971798,43.03122190,-10.73777700,29.50606936,43.31302279,0.18497139
2260,3,-9.32149372,28.70275683,44.26951514,-9.36217136,28.60507076,44.57165836,0.12206890
2261,3,-7.76791143,27.80579568,41.79292866,-7.76302620,27.83320829,42.15909242,0.02802364
2262,2,-7.76791143,29.59971798,47.45817347,-7.71031447,29.59303005,47.78211882,0.06991011
2263,1,-7.76791143,27.80579568,49.37902122,-7.74865635,27.81008970,49.75106987,0.02170415
2264,1,-10.87507600,31.39364028,40.52511808,-10.92769546,31.45662896,40.88482998,0.08214130
2265,1,-9.32149372,30.49667913,45.53732572,-9.33514471,30.31248360,45.76359973,0.22980080
2266,1,6.21432914,0.00000000,43.03122190,-12.45789293,32.20570432,43.26600609,0.15652968
2267,3,-10.87507600,31.39364028,44.26951514,-10.89318902,31.38250445,44.64972284,0.02735297
2268,3,-9.32149372,30.49667913,41.79292866,-9.36287197,30.61323079,42.23039520,0.14436647
2269,1,7.76791143,2.69088345,43.03122190,7.76791143,2.69088345,43.39422214,0.00000000
2270,3,9.32149372,1.79392230,44.26951514,9.30132169,1.80806265,44.67628323,0.05022434
2271,3,10.87507600,0.89696115,41.79292866,10.41709899,0.99750922,42.11935224,0.47030916
2272,2,7.76791143,2.69088345,38.60427033,7.76791143,2.69088345,38.96727057,0.00000000
2273,1,7.76791143,4.48480575,36.68342258,7.76791143,4.48480575,37.04642282,0.00000000
2274,1,7.76791143,4.48480575,40.52511808,7.76791143,4.48480575,40.88811832,0.00000000
2275,1,9.32149372,3.58784460,45.53732572,9.32149372,3.58784460,45.90032596,0.00000000
2276,3,9.32149372,3.58784460,41.79292866,9.28406313,3.67233111,42.15689607,0.09241187
2277,2,9.32149372,5.38176691,47.45817347,9.31567015,5.28203602,48.04074467,0.24122929
2278,1,9.32149372,3.58784460,49.37902122,9.16418247,3.68187964,50.01148697,0.32588506
2279,3,7.76791143,6.27872806,35.41561200,7.87411417,6.27485970,35.74996177,0.11006742
2280,1,7.76791143,6.27872806,45.53732572,7.69266263,6.31898204,45.93740568,0.09304661
2281,1,4.66074686,8.07265036,43.03122190,4.48105421,8.00166474,43.23426628,0.25082720
2282,3,6.21432914,8.96961151,35.41561200,6.42499219,8.99345931,35.96729908,0.28381394
2283,1,4.66074686,9.86657266,40.52511808,4.75425357,9.94537503,40.90278534,0.12316022
2284,1,6.21432914,8.96961151,45.53732572,6.28549345,8.86482904,45.37261279,0.54270149
2285,1,3.10716457,10.76353381,43.03122190,3.06261350,10.64187683,43.34685910,0.13794374
2286,3,4.66074686,9.86657266,44.26951514,4.59041876,9.91239688,44.63899527,0.08418961
2287,3,6.21432914,8.96961151,41.79292866,6.00709561,9.01373465,42.26722698,0.23933210
2288,3,4.66074686,11.66049496,35.41561200,4.67435305,11.66836622,35.78944194,0.01908841
2289,1,4.66074686,11.66049496,45.53732572,4.66074686,11.66049496,45.90032596,0.00000000
2290,3,4.66074686,11.66049496,41.79292866,4.58802321,11.54825748,42.21948310,0.14807133
2291,2,4.66074686,13.45441726,47.45817347,4.80380887,13.38042755,47.93974211,0.19999920
2292,1,4.66074686,11.66049496,49.37902122,4.52451099,11.73090095,49.79321349,0.16167201
2293,1,1.55358229,15.24833957,36.68342258,1.55358229,15.24833957,37.04642282,0.00000000
2294,3,3.10716457,14.35137842,35.41561200,3.09896424,14.18230761,35.91023802,0.21442371
2295,1,0.00000000,16.14530072,43.03122190,-0.08163000,16.15720401,43.28703482,0.13525630
2296,1,3.10716457,14.35137842,49.37902122,3.08775489,14.32326542,49.73794051,0.03440538
2297,2,0.00000000,16.14530072,38.60427033,-0.00001447,16.14292939,38.96470330,0.00349489
2298,1,0.00000000,17.93922302,40.52511808,0.01051363,17.83688846,40.79901335,0.13609774
2299,1,1.55358229,17.04226187,45.53732572,1.40400257,17.10223240,45.62761724,0.31676585
2300,1,-1.55358229,18.83618417,43.03122190,-1.65123300,18.86297673,43.46157669,0.12161471
2301,3,-0.00000000,17.93922302,44.26951514,-0.20035202,17.96198694,44.64013492,0.20178499
2302,3,1.55358229,17.04226187,41.79292866,1.46986201,16.85110477,42.10397645,0.21505622
2303,1,0.00000000,19.73314532,45.53732572,0.00000000,19.73314532,45.90032596,0.00000000
2304,1,-3.10716457,21.52706762,43.03122190,-3.20881852,21.48466273,43.49727678,0.15083752
2305,3,-1.55358229,20.63010647,44.26951514,-1.54911576,20.62296034,44.64669741,0.01649687
2306,3,-0.00000000,19.73314532,41.79292866,-0.15821859,19.41747046,42.12624462,0.35435138
2307,2,0.00000000,21.52706762,47.45817347,-0.04980335,21.62635132,47.66297226,0.19330112
2308,2,-3.10716457,21.52706762,38.60427033,-3.13146686,21.48902671,38.95139770,0.04785040
2309,1,-3.10716457,23.32098992,36.68342258,-3.00151466,23.05210867,37.00867055,0.29134905
2310,3,-1.55358229,22.42402877,35.41561200,-1.50317992,22.40105050,35.73612624,0.06981017
2311,1,-3.10716457,23.32098992,40.52511808,-3.10716457,23.32098992,40.88811832,0.00000000
2312,1,-1.55358229,22.42402877,45.53732572,-1.56788382,22.40454606,45.83974816,0.06522101
2313,1,-4.66074686,24.21795108,43.03122190,-4.71127561,23.99261588,43.65659263,0.34952450
2314,3,-3.10716457,23.32098992,44.26951514,-3.04110877,23.26624995,44.64208122,0.08632114
2315,3,-1.55358229,22.42402877,41.79292866,-1.76946038,22.01397026,42.10575439,0.46612104
2316,2,-1.55358229,24.21795108,47.45817347,-1.37797437,24.23162875,48.06726507,0.30263208
2317,1,-1.55358229,22.42402877,49.37902122,-1.55131606,22.40441046,49.76005197,0.02674160
2318,1,-4.66074686,26.01187338,40.52511808,-4.81820876,25.94736986,41.47941801,0.61529690
2319,1,-6.21432914,26.90883453,43.03122190,-6.39336713,27.00251644,43.71058993,0.37539244
2320,3,-4.66074686,26.01187338,44.26951514,-4.66074686,26.01187338,44.63251538,0.00000000
2321,3,-3.10716457,25.11491223,41.79292866,-3.06373028,25.09412643,42.17370433,0.05132789
2322,1,-6.21432914,28.70275683,36.68342258,-6.33229929,28.85283911,37.01548233,0.19338811
2323,3,-4.66074686,27.80579568,35.41561200,-5.04950453,27.70895893,35.72878124,0.40372393
2324,1,-6.21432914,28.70275683,40.52511808,-6.18057644,28.55771408,40.81871640,0.16429629
2325,1,-7.76791143,29.59971798,43.03122190,-7.81098030,29.54355564,43.38488991,0.07138786
2326,3,-6.21432914,28.70275683,44.26951514,-6.20538024,28.81391581,44.69636148,0.12850185
2327,3,-4.66074686,27.80579568,41.79292866,-4.65270821,27.88696207,42.18748100,0.08745363
2328,2,-4.66074686,29.59971798,47.45817347,-4.66074686,29.59971798,47.82117371,0.00000000
2329,3,-6.21432914,30.49667913,35.41561200,-6.22016309,30.50907769,35.77751946,0.01374603
2330,1,9.32149372,0.00000000,43.03122190,9.10801862,0.02555634,43.39601522,0.21500688
2331,3,-6.21432914,30.49667913,41.79292866,-6.52497941,30.42854088,41.63703543,0.60860236
2332,1,-6.21432914,30.49667913,49.37902122,-6.19531191,30.49378950,49.74716988,0.01991259
2333,2,12.42865829,0.00000000,38.60427033,12.32723651,0.08960046,38.76861492,0.24037198
2334,1,12.42865829,1.79392230,36.68342258,12.43170958,1.84411175,36.99517907,0.07179285
2335,3,13.98224057,0.89696115,35.41561200,13.98224057,0.89696115,35.77861224,0.00000000
2336,1,13.98224057,0.89696115,45.53732572,14.09655558,0.89697301,46.04276496,0.18263841
2337,1,10.87507600,2.69088345,43.03122190,10.86850707,2.62211568,43.34162605,0.08682457
2338,3,12.42865829,1.79392230,44.26951514,12.46741156,1.72345997,44.65683529,0.08401318
2339,2,13.98224057,2.69088345,47.45817347,14.09919279,2.73756108,47.72993131,0.15550498
2340,1,13.98224057,0.89696115,49.37902122,13.98224057,0.89696115,49.74202146,0.00000000
2341,2,10.87507600,2.69088345,38.60427033,10.87185059,2.92986400,38.90444093,0.24712278
2342,1,10.87507600,4.48480575,36.68342258,10.75772077,4.62966564,37.04475720,0.18643876
2343,3,12.42865829,3.58784460,35.41561200,12.15737422,3.74358121,35.77939905,0.31280913
2344,1,10.87507600,4.48480575,40.52511808,10.84037306,4.46308462,40.92842567,0.05745245
2345,1,12.42865829,3.58784460,45.53732572,12.47462677,3.56486885,45.94259625,0.06654145
2346,3,10.87507600,4.48480575,44.26951514,11.06461532,4.26658519,44.58953929,0.29221963
2347,2,12.42865829,5.38176691,47.45817347,12.48398814,5.34665868,47.89490095,0.09863917
2348,2,9.32149372,5.38176691,38.60427033,9.23387692,5.38536503,38.93123059,0.09480785
2349,1,9.32149372,7.17568921,36.68342258,9.25288657,7.21732168,37.10299543,0.09818688
2350,3,10.87507600,6.27872806,35.41561200,10.77114954,6.38067171,35.93928108,0.21681258
2351,1,10.87507600,6.27872806,45.53732572,11.09805020,6.24374378,46.02174429,0.25628852
2352,3,9.32149372,7.17568921,44.26951514,9.42183972,6.64880151,44.84680141,0.57757983
2353,2,10.87507600,8.07265036,47.45817347,10.85848619,7.97972141,47.85099858,0.09899764
2354,1,10.87507600,6.27872806,49.37902122,10.87507600,6.27872806,49.74202146,0.00000000
2355,1,7.76791143,9.86657266,36.68342258,7.86555134,9.90930324,37.13959264,0.14156295
2356,3,9.32149372,8.96961151,35.41561200,9.32389218,8.96959103,35.77845791,0.00240352
2357,1,9.32149372,8.96961151,45.53732572,9.39094611,8.90916638,46.05746584,0.18212685
2358,1,6.21432914,10.76353381,43.03122190,6.25354898,10.90425406,43.27177330,0.19061506
2359,3,7.76791143,9.86657266,44.26951514,7.74987996,10.09724489,44.58205847,0.23681366
2360,2,9.32149372,10.76353381,47.45817347,9.34905992,10.86714294,47.60629599,0.24013992
2361,2,6.21432914,10.76353381,38.60427033,6.27030426,10.87867116,38.88322799,0.15314365
2362,1,6.21432914,12.55745611,36.68342258,6.23981186,12.54237654,37.01288954,0.04473526
2363,3,7.76791143,11.66049496,35.41561200,7.83081465,11.53292958,35.84644408,0.15757823
2364,1,6.21432914,12.55745611,40.52511808,6.22011228,12.56784579,40.86263745,0.02811877
2365,1,7.76791143,11.66049496,45.53732572,7.73873701,11.70223152,45.89054872,0.05185250
2366,3,6.21432914,12.55745611,44.26951514,6.21188923,12.56136388,44.63259573,0.00460763
2367,3,7.76791143,11.66049496,41.79292866,7.80030265,11.67690137,42.13211455,0.04342216
2368,2,7.76791143,13.45441726,47.45817347,7.80490398,13.37411827,47.81562304,0.08858435
2369,2,4.66074686,13.45441726,38.60427033,4.82187052,13.45053571,38.85652476,0.19555187
2370,1,4.66074686,15.24833957,36.68342258,4.66074686,15.24833957,37.04642282,0.00000000
2371,1,6.21432914,14.35137842,45.53732572,6.21432914,14.35137842,45.90032596,0.00000000
2372,2,6.21432914,16.14530072,47.45817347,6.60029719,16.05920862,48.04447440,0.45414356
2373,1,6.21432914,14.35137842,49.37902122,6.21949885,14.30297878,49.77795390,0.06050117
2374,2,3.10716457,16.14530072,38.60427033,3.10508557,16.07036382,38.85010540,0.13909543
2375,1,3.10716457,17.93922302,36.68342258,3.11099652,17.93686686,37.05482111,0.00952715
2376,1,3.10716457,17.93922302,40.52511808,3.12320513,17.73492528,40.71107512,0.27081204
2377,1,4.66074686,17.04226187,45.53732572,4.69966549,17.02649645,45.51987399,0.38276221
2378,1,1.55358229,18.83618417,43.03122190,1.44797626,18.92660581,43.33766172,0.15009260
2379,3,3.10716457,17.93922302,44.26951514,3.03973448,17.95505015,44.68669437,0.08793565
2380,1,4.66074686,17.04226187,49.37902122,4.64754107,16.79463782,49.91675115,0.30335215
2381,2,1.55358229,18.83618417,38.60427033,1.55358229,18.83618417,38.96727057,0.00000000
2382,1,1.55358229,20.63010647,36.68342258,1.55358229,20.63010647,37.04642282,0.00000000
2383,1,3.10716457,19.73314532,45.53732572,3.10716457,19.73314532,45.90032596,0.00000000
2384,3,1.55358229,20.63010647,44.26951514,1.53879454,20.62850785,44.63276141,0.01487594
2385,3,3.10716457,19.73314532,41.79292866,3.07343196,19.27357325,42.09611588,0.46467405
2386,1,0.00000000,23.32098992,36.68342258,0.00000000,23.32098992,37.04642282,0.00000000
2387,3,1.55358229,22.42402877,35.41561200,1.55358229,22.42402877,35.77861224,0.00000000
2388,1,1.55358229,22.42402877,45.53732572,1.63038482,22.42730044,45.99871575,0.12485945
2389,2,1.55358229,24.21795108,47.45817347,1.56345782,24.21791536,47.82038592,0.00990697
2390,1,1.55358229,22.42402877,49.37902122,1.55358229,22.42402877,49.74202146,0.00000000
2391,2,-1.55358229,24.21795108,38.60427033,-1.55358229,24.21795108,38.96727057,0.00000000
2392,1,-1.55358229,26.01187338,40.52511808,-1.55358229,26.01187338,40.88811832,0.00000000
2393,1,0.00000000,25.11491223,49.37902122,0.09118562,25.17308021,49.85319328,0.15510482
2394,2,-3.10716457,26.90883453,38.60427033,-2.75548189,27.28122198,38.97625121,0.51228290
2395,1,-3.10716457,28.70275683,40.52511808,-3.12098618,28.75452779,40.95869408,0.08861268
2396,3,-1.55358229,27.80579568,41.79292866,-1.54099047,27.81131072,42.18944433,0.03622504
2397,2,-4.66074686,29.59971798,38.60427033,-4.60204131,29.58159828,38.86835478,0.11644312
2398,1,-4.66074686,31.39364028,36.68342258,-4.66074686,31.39364028,37.04642282,0.00000000
2399,3,-3.10716457,30.49667913,35.41561200,-3.10716457,30.49667913,35.77861224,0.00000000
2400,1,-4.66074686,31.39364028,40.52511808,-4.70321298,31.60961981,40.59226980,0.36875042
2401,2,-3.10716457,32.29060143,47.45817347,-3.08403228,32.27648173,47.84986182,0.03946488
2402,1,-3.10716457,30.49667913,49.37902122,-3.10716457,30.49667913,49.74202146,0.00000000
2403,2,15.53582286,0.00000000,38.60427033,15.61515104,0.02343025,38.88018962,0.12010424
2404,1,15.53582286,1.79392230,36.68342258,15.73288808,1.55482178,36.91161666,0.33790007
2405,1,17.08940514,0.89696115,45.53732572,17.08009293,0.94638969,46.00121685,0.11273362
2406,3,15.53582286,1.79392230,44.26951514,15.50315325,1.88614558,44.63306377,0.09784036
2407,2,17.08940514,2.69088345,47.45817347,17.08940514,2.69088345,47.82117371,0.00000000
2408,1,17.08940514,0.89696115,49.37902122,17.08940514,0.89696115,49.74202146,0.00000000
2409,2,13.98224057,2.69088345,38.60427033,13.98224057,2.69088345,38.96727057,0.00000000
2410,1,13.98224057,4.48480575,36.68342258,14.32839104,4.10584084,36.60784441,0.67511894
2411,1,13.98224057,4.48480575,40.52511808,14.04903243,4.53076920,40.77968568,0.13539360
2412,1,15.53582286,3.58784460,45.53732572,15.54758270,3.59518549,45.88576522,0.02010467
2413,1,12.42865829,5.38176691,43.03122190,12.42865829,5.38176691,43.39422214,0.00000000
2414,3,13.98224057,4.48480575,44.26951514,13.98224057,4.48480575,44.63251538,0.00000000
2415,2,12.42865829,5.38176691,38.60427033,12.34857510,5.46745382,39.20953654,0.26916233
2416,1,12.42865829,7.17568921,40.52511808,12.33076892,7.26546232,40.94191924,0.14330415
2417,3,12.42865829,7.17568921,44.26951514,12.42865829,7.17568921,44.63251538,0.00000000
2418,3,13.98224057,6.27872806,41.79292866,13.98714268,6.28117326,42.16479464,0.01042166
2419,1,12.42865829,8.96961151,45.53732572,12.42865829,8.96961151,45.90032596,0.00000000
2420,3,12.42865829,8.96961151,41.79292866,12.31335921,8.99896632,42.14301207,0.11967634
2421,2,12.42865829,10.76353381,47.45817347,12.27304612,10.57034015,47.88083832,0.25514467
2422,1,12.42865829,8.96961151,49.37902122,12.43068877,8.94491905,49.76960950,0.03708018
2423,2,9.32149372,10.76353381,38.60427033,9.35936877,10.90803198,38.90481273,0.16191116
2424,1,9.32149372,12.55745611,36.68342258,9.32130406,12.57423434,37.02740323,0.02536316
2425,3,10.87507600,11.66049496,35.41561200,10.90901355,11.50121264,35.85074474,0.17811713
2426,1,9.32149372,12.55745611,40.52511808,9.23391046,12.48396756,40.83742462,0.12506497
2427,1,10.87507600,11.66049496,45.53732572,10.92047864,11.65704464,45.83346598,0.08089228
2428,2,10.87507600,13.45441726,47.45817347,10.84471625,13.47197279,47.54653264,0.27687114
2429,2,7.76791143,13.45441726,38.60427033,7.77251384,13.42469921,38.93524679,0.04393026
2430,1,7.76791143,15.24833957,36.68342258,7.76791143,15.24833957,37.04642282,0.00000000
2431,1,7.76791143,15.24833957,40.52511808,7.81400397,15.04447424,40.85351338,0.21185631
2432,1,9.32149372,14.35137842,45.53732572,9.16274323,14.35064729,45.92381905,0.16048108
2433,2,9.32149372,16.14530072,47.45817347,9.50024719,16.23938458,47.52165009,0.36127410
2434,2,6.21432914,16.14530072,38.60427033,6.21432914,16.14530072,38.96727057,0.00000000
2435,1,6.21432914,17.93922302,36.68342258,6.10157080,17.92567511,37.05264550,0.11373967
2436,1,6.21432914,17.93922302,40.52511808,6.12178501,17.87912982,40.79936854,0.14160555
2437,1,7.76791143,17.04226187,45.53732572,7.63985228,17.02217236,45.98712255,0.15600122
2438,1,4.66074686,18.83618417,43.03122190,4.70890341,18.96922394,43.32934637,0.15565186
2439,3,6.21432914,17.93922302,44.26951514,6.08031779,18.58635163,44.83297007,0.69059146
2440,2,7.76791143,18.83618417,47.45817347,7.49119108,18.87315446,48.01015853,0.33712937
2441,2,4.66074686,18.83618417,38.60427033,4.60767920,18.81849563,38.94740076,0.05936220
2442,1,4.66074686,20.63010647,36.68342258,4.66074686,20.63010647,37.04642282,0.00000000
2443,3,6.21432914,19.73314532,35.41561200,6.25278585,19.77897831,35.79655390,0.06246186
2444,1,4.66074686,20.63010647,40.52511808,4.74707502,20.46948430,40.81531583,0.19634724
2445,1,6.21432914,19.73314532,45.53732572,6.22737303,20.09890148,46.23967563,0.49910511
2446,3,4.66074686,20.63010647,44.26951514,4.42447695,20.95984728,44.57888068,0.40918108
2447,3,6.21432914,19.73314532,41.79292866,6.24319130,19.73742333,42.16999158,0.03238957
2448,2,6.21432914,21.52706762,47.45817347,6.16442460,21.76027772,48.10251433,0.36882239
2449,1,6.21432914,19.73314532,49.37902122,6.14454643,19.81996513,49.88749687,0.18322227
2450,1,3.10716457,23.32098992,36.68342258,3.12183494,23.29537916,37.04662002,0.02951558
2451,3,4.66074686,22.42402877,35.41561200,4.66074686,22.42402877,35.77861224,0.00000000
2452,1,4.66074686,22.42402877,45.53732572,4.61778278,22.52397627,45.92215511,0.11095911
2453,2,4.66074686,24.21795108,47.45817347,4.63112170,24.26634268,47.81654001,0.05692863
2454,2,1.55358229,24.21795108,38.60427033,1.46197702,24.15595955,38.91050114,0.12432716
2455,1,1.55358229,26.01187338,36.68342258,1.66449714,25.83473919,37.02649718,0.20994203
2456,3,3.10716457,25.11491223,35.41561200,3.12979590,25.10329977,35.75915786,0.03202342
2457,1,1.55358229,26.01187338,40.52511808,1.61352272,25.88390533,40.93889599,0.15015674
2458,1,0.00000000,26.90883453,43.03122190,-0.12970715,26.76955311,43.42068040,0.19215436
2459,2,3.10716457,26.90883453,47.45817347,3.13089277,26.89519238,47.85084387,0.04036650
2460,1,3.10716457,25.11491223,49.37902122,3.10716457,25.11491223,49.74202146,0.00000000
2461,2,0.00000000,26.90883453,38.60427033,0.15139920,26.79175011,39.12994209,0.25118221
2462,3,1.55358229,27.80579568,35.41561200,1.69162292,27.76332921,35.61200475,0.22049189
2463,1,0.00000000,28.70275683,40.52511808,0.00000000,28.70275683,40.88811832,0.00000000
2464,1,1.55358229,27.80579568,45.53732572,1.65311174,27.72980427,46.01948197,0.17285532
2465,3,-0.00000000,28.70275683,44.26951514,0.02944049,28.27290450,44.83590457,0.47645244
2466,3,1.55358229,27.80579568,41.79292866,1.45697591,27.45743305,42.28159708,0.38272941
2467,2,1.55358229,29.59971798,47.45817347,1.59353080,29.57367650,47.86738547,0.06640458
2468,1,1.55358229,27.80579568,49.37902122,1.55358229,27.80579568,49.74202146,0.00000000
2469,2,-1.55358229,29.59971798,38.60427033,-1.36734023,29.88338673,39.09900076,0.36401497
2470,1,-1.55358229,31.39364028,40.52511808,-1.48476183,31.74498446,40.75886138,0.38063938
2471,1,0.00000000,30.49667913,45.53732572,0.08503650,30.56646120,46.14311029,0.26654263
2472,3,-0.00000000,30.49667913,41.79292866,-0.03881624,30.46724720,42.46614557,0.31401803
2473,2,0.00000000,32.29060143,47.45817347,18.64034274,0.06345087,47.88412481,0.08941950
2474,1,0.00000000,30.49667913,49.37902122,0.00000000,30.49667913,49.74202146,0.00000000
2475,2,18.64298743,0.00000000,38.60427033,18.79815291,0.11926092,38.98919206,0.19692649
2476,1,18.64298743,1.79392230,40.52511808,18.75374131,1.93468178,40.70283621,0.25769966
2477,3,20.19656972,0.89696115,41.79292866,20.09956141,0.92687793,42.26827265,0.15141580
2478,2,17.08940514,2.69088345,38.60427033,17.02966301,2.61003580,39.02779821,0.11734165
2479,1,17.08940514,4.48480575,36.68342258,17.16641683,4.38102164,37.27303078,0.26086991
2480,3,18.64298743,3.58784460,35.41561200,18.49100973,3.67173968,35.84803094,0.18696139
2481,1,18.64298743,3.58784460,45.53732572,18.62246605,3.60042079,45.93062174,0.03869266
2482,2,18.64298743,5.38176691,47.45817347,18.64298743,5.38176691,47.82117371,0.00000000
2483,1,18.64298743,3.58784460,49.37902122,18.21973407,3.76293891,50.24581579,0.68088923
2484,2,15.53582286,5.38176691,38.60427033,15.54631589,5.37500576,38.96733414,0.01248282
2485,1,15.53582286,7.17568921,36.68342258,15.92630045,7.02903226,37.12223650,0.42394424
2486,3,17.08940514,6.27872806,35.41561200,17.15059418,6.26956907,35.63476431,0.15658931
2487,1,15.53582286,7.17568921,40.52511808,15.48756909,7.08072672,40.80996236,0.13211606
2488,1,13.98224057,8.07265036,43.03122190,13.76454324,8.13553653,43.34188795,0.23256326
2489,2,13.98224057,8.07265036,38.60427033,13.90639949,8.12078842,39.18132003,0.23213426
2490,3,15.53582286,8.96961151,35.41561200,15.53582286,8.96961151,35.77861224,0.00000000
2491,1,13.98224057,9.86657266,40.52511808,13.89830262,9.97498279,40.85350400,0.14140894
2492,3,15.53582286,8.96961151,41.79292866,15.18206899,9.34720664,42.44148295,0.59098308
2493,2,15.53582286,10.76353381,47.45817347,15.40490296,10.65726378,47.97795205,0.23024506
2494,1,15.53582286,8.96961151,49.37902122,15.54206425,8.93021469,49.77594808,0.05236487
2495,2,12.42865829,10.76353381,38.60427033,12.38071594,10.88049525,39.08962210,0.17592141
2496,1,12.42865829,12.55745611,36.68342258,12.42865829,12.55745611,37.04642282,0.00000000
2497,3,13.98224057,11.66049496,35.41561200,13.95300887,11.63266722,35.72788774,0.06482169
2498,1,12.42865829,12.55745611,40.52511808,12.33808586,12.64614504,40.86264991,0.12929706
2499,3,13.98224057,11.66049496,41.79292866,13.84110902,11.89815467,42.07495539,0.28802250
2500,2,13.98224057,13.45441726,47.45817347,13.70197114,13.13207714,48.21074367,0.57811665
2501,1,13.98224057,11.66049496,49.37902122,14.02399402,11.42354765,50.00281782,0.35482688
2502,2,10.87507600,13.45441726,38.60427033,10.89623080,13.42842234,38.95721342,0.03499154
2503,1,10.87507600,15.24833957,36.68342258,10.87507600,15.24833957,37.04642282,0.00000000
2504,3,12.42865829,14.35137842,35.41561200,12.40527468,14.33723500,35.74291230,0.04495903
2505,1,10.87507600,15.24833957,40.52511808,10.91525007,15.20390883,40.93991863,0.07919166
2506,1,12.42865829,14.35137842,45.53732572,12.48062112,14.38161923,45.84419375,0.08225247
2507,2,12.42865829,16.14530072,47.45817347,12.43523461,16.14509780,47.82184928,0.00661404
2508,1,12.42865829,14.35137842,49.37902122,12.34231616,14.42960456,49.85453880,0.16197051
2509,2,9.32149372,16.14530072,38.60427033,9.37151586,15.95037722,39.12498856,0.25568017
2510,1,9.32149372,17.93922302,40.52511808,9.21929740,17.69643721,40.90330391,0.26385533
2511,2,7.76791143,18.83618417,38.60427033,7.55934572,18.80242916,38.88034792,0.22846138
2512,1,7.76791143,20.63010647,36.68342258,7.76791143,20.63010647,37.04642282,0.00000000
2513,1,9.32149372,19.73314532,45.53732572,9.38451896,19.93767753,45.67315755,0.31210750
2514,1,6.21432914,21.52706762,43.03122190,6.21432914,21.52706762,43.39422214,0.00000000
2515,3,7.76791143,20.63010647,44.26951514,7.84816756,20.87829602,44.58487731,0.26515747
2516,1,6.21432914,23.32098992,36.68342258,6.18847957,23.30567092,37.01847915,0.04103317
2517,3,7.76791143,22.42402877,35.41561200,7.76780411,22.43616805,35.79239182,0.01836438
2518,1,7.76791143,22.42402877,45.53732572,7.83156956,22.52307249,45.88962399,0.11822245
2519,1,4.66074686,24.21795108,43.03122190,4.60400639,24.44004651,43.70831845,0.38884747
2520,3,6.21432914,23.32098992,44.26951514,6.21432914,23.32098992,44.63251538,0.00000000
2521,3,7.76791143,22.42402877,41.79292866,7.76745486,22.43762714,42.13501531,0.02495000
2522,2,7.76791143,24.21795108,47.45817347,7.76999495,24.22116288,47.82082526,0.00384424
2523,1,7.76791143,22.42402877,49.37902122,7.83911288,22.45582752,49.81888583,0.10949401
2524,1,4.66074686,26.01187338,36.68342258,4.62656620,25.94293329,37.04688672,0.07694978
2525,1,4.66074686,26.01187338,40.52511808,4.82509789,26.01554631,40.75265482,0.21301435
2526,3,6.21432914,25.11491223,41.79292866,6.21432914,25.11491223,42.15592890,0.00000000
2527,2,3.10716457,26.90883453,38.60427033,3.10716457,26.90883453,38.96727057,0.00000000
2528,1,3.10716457,28.70275683,36.68342258,3.10490454,28.50210426,37.01838948,0.20261399
2529,3,4.66074686,27.80579568,35.41561200,4.61913720,27.75732825,35.70655913,0.09629177
2530,1,3.10716457,28.70275683,40.52511808,3.10215452,28.39913801,41.11258445,0.37761691
2531,1,1.55358229,29.59971798,43.03122190,1.29966047,29.46607864,43.68859989,0.41108882
2532,2,4.66074686,29.59971798,47.45817347,4.65443974,29.60256888,47.82496776,0.00789317
2533,1,4.66074686,27.80579568,49.37902122,4.66074686,27.80579568,49.74202146,0.00000000
2534,3,3.10716457,30.49667913,35.41561200,3.22780569,30.30519625,35.81799158,0.22971875
2535,1,1.55358229,31.39364028,40.52511808,1.44899118,31.36608036,41.34063164,0.46526031
2536,1,3.10716457,30.49667913,45.53732572,3.19822485,30.41565862,45.83232276,0.13957339
2537,1,18.64298743,0.00000000,43.03122190,0.01353955,32.24232124,43.74332508,0.35268563
2538,3,1.55358229,31.39364028,44.26951514,1.61911091,31.35945645,44.70817909,0.10577113
2539,3,3.10716457,30.49667913,41.79292866,2.82969557,30.01600990,42.37739422,0.59756075
2540,3,23.30373429,0.89696115,35.41561200,23.36482479,0.82946935,35.99979695,0.23918584
2541,1,21.75015200,1.79392230,40.52511808,21.65729301,1.83707818,41.25177840,0.37780137
2542,1,23.30373429,0.89696115,45.53732572,23.46715815,0.95560212,45.92045355,0.17478914
2543,1,20.19656972,2.69088345,43.03122190,20.18218991,2.59384506,43.66641006,0.28932593
2544,3,21.75015200,1.79392230,44.26951514,21.79599590,1.79905415,44.69217344,0.07541275
2545,3,23.30373429,0.89696115,41.79292866,23.30847461,1.15225101,42.29717967,0.29179987
2546,2,20.19656972,2.69088345,38.60427033,20.27206739,2.73031682,38.88736046,0.11679261
2547,1,20.19656972,4.48480575,36.68342258,20.17278559,4.50365398,37.08020497,0.04541116
2548,3,21.75015200,3.58784460,35.41561200,21.68435835,3.74757904,35.87883835,0.19972273
2549,1,20.19656972,4.48480575,40.52511808,20.25128093,4.53063143,40.81521057,0.10202377
2550,1,21.75015200,3.58784460,45.53732572,21.71625837,3.59654393,45.94978841,0.06058869
2551,3,20.19656972,4.48480575,44.26951514,20.19656972,4.48480575,44.63251538,0.00000000
2552,3,21.75015200,3.58784460,41.79292866,21.75275714,3.67477132,42.20152749,0.09819507
2553,2,21.75015200,5.38176691,47.45817347,21.75015200,5.38176691,47.82117371,0.00000000
2554,2,18.64298743,5.38176691,38.60427033,18.67707837,5.38649310,38.98803231,0.04019426
2555,1,18.64298743,7.17568921,36.68342258,18.85058354,7.11491626,37.00484730,0.22026806
2556,1,18.64298743,7.17568921,40.52511808,18.58972452,7.09799859,40.80391220,0.12634651
2557,1,20.19656972,6.27872806,45.53732572,20.19656972,6.27872806,45.90032596,0.00000000
2558,2,20.19656972,8.07265036,47.45817347,20.19656972,8.07265036,47.82117371,0.00000000
2559,1,20.19656972,6.27872806,49.37902122,20.19656972,6.27872806,49.74202146,0.00000000
2560,2,17.08940514,8.07265036,38.60427033,17.12668003,8.10767205,39.02747312,0.07899546
2561,1,17.08940514,9.86657266,36.68342258,17.61688657,9.81806238,36.69256792,0.63702684
2562,1,17.08940514,9.86657266,40.52511808,17.09333511,9.88648525,40.87580409,0.02374018
2563,1,18.64298743,8.96961151,45.53732572,18.64298743,8.96961151,45.90032596,0.00000000
2564,2,18.64298743,10.76353381,47.45817347,18.64298743,10.76353381,47.82117371,0.00000000
2565,1,18.64298743,8.96961151,49.37902122,18.64298743,8.96961151,49.74202146,0.00000000
2566,3,17.08940514,11.66049496,35.41561200,17.06004539,11.62345419,35.70888637,0.08423605
2567,1,15.53582286,12.55745611,40.52511808,15.43154069,12.65269706,40.98408774,0.17075051
2568,1,13.98224057,13.45441726,43.03122190,13.89977295,13.52612597,43.35343914,0.11664605
2569,3,17.08940514,11.66049496,41.79292866,17.08288751,11.57913859,42.10601722,0.09566877
2570,3,15.53582286,14.35137842,35.41561200,15.49271513,14.31715745,35.69223332,0.10242397
2571,1,13.98224057,15.24833957,40.52511808,14.02524663,15.32087974,40.78016210,0.13698958
2572,1,15.53582286,14.35137842,45.53732572,15.82004936,14.35361672,45.51557697,0.47835291
2573,1,12.42865829,16.14530072,43.03122190,12.55714953,16.12247348,43.18335192,0.24798656
2574,3,13.98224057,15.24833957,44.26951514,13.98224057,15.24833957,44.63251538,0.00000000
2575,3,15.53582286,14.35137842,41.79292866,15.53652476,14.36685017,42.16640743,0.01869940
2576,2,12.42865829,16.14530072,38.60427033,12.42865829,16.14530072,38.96727057,0.00000000
2577,1,12.42865829,17.93922302,36.68342258,12.42865829,17.93922302,37.04642282,0.00000000
2578,3,13.98224057,17.04226187,35.41561200,13.98224057,17.04226187,35.77861224,0.00000000
2579,1,12.42865829,17.93922302,40.52511808,12.42865829,17.93922302,40.88811832,0.00000000
2580,1,13.98224057,17.04226187,45.53732572,14.09776116,16.91042268,46.01009260,0.20682188
2581,3,12.42865829,17.93922302,44.26951514,13.00944786,18.28189590,44.90424985,0.72703566
2582,3,13.98224057,17.04226187,41.79292866,14.04371942,17.08556047,42.11058622,0.08780875
2583,2,13.98224057,18.83618417,47.45817347,14.07645641,18.93862681,48.14628483,0.35365004
2584,1,13.98224057,17.04226187,49.37902122,13.80641684,17.20271971,49.92054712,0.29754346
2585,3,12.42865829,19.73314532,35.41561200,12.48292302,19.75625928,35.84788330,0.09098019
2586,1,12.42865829,19.73314532,45.53732572,12.51404957,20.10050062,45.77065946,0.39881698
2587,1,9.32149372,21.52706762,43.03122190,9.37767723,21.86830456,43.47197146,0.35446324
2588,3,10.87507600,20.63010647,44.26951514,10.96321429,20.70973242,44.50558514,0.17383883
2589,3,12.42865829,19.73314532,41.79292866,12.42865829,19.73314532,42.15592890,0.00000000
2590,1,9.32149372,23.32098992,36.68342258,9.32463139,23.19998091,37.05174258,0.12116652
2591,3,10.87507600,22.42402877,35.41561200,10.87614892,22.35354745,35.82833015,0.08625914
2592,1,10.87507600,22.42402877,45.53732572,10.84190179,22.49879479,45.92780457,0.08628766
2593,1,7.76791143,24.21795108,43.03122190,7.72442932,24.28350677,43.39350271,0.07866868
2594,3,9.32149372,23.32098992,44.26951514,9.31719390,23.49098281,44.75708233,0.21079135
2595,3,10.87507600,22.42402877,41.79292866,10.87901830,22.42624694,42.15146928,0.00635218
2596,2,10.87507600,24.21795108,47.45817347,10.87507600,24.21795108,47.82117371,0.00000000
2597,1,10.87507600,22.42402877,49.37902122,10.87507600,22.42402877,49.74202146,0.00000000
2598,2,7.76791143,24.21795108,38.60427033,7.83337300,24.29019859,38.73158643,0.25505280
2599,1,7.76791143,26.01187338,36.68342258,7.68448346,26.02727744,36.94421668,0.13282924
2600,3,9.32149372,25.11491223,35.41561200,9.32282730,25.13387988,35.70663664,0.07444486
2601,1,7.76791143,26.01187338,40.52511808,7.75147564,26.00181357,40.90858895,0.02811372
2602,3,7.76791143,26.01187338,44.26951514,7.77148841,25.95516891,44.66623227,0.06606830
2603,3,9.32149372,25.11491223,41.79292866,9.29977273,25.10138722,42.17597925,0.03250759
2604,2,6.21432914,26.90883453,38.60427033,6.26990332,26.91876478,38.92754246,0.06903204
2605,1,6.21432914,28.70275683,36.68342258,6.03278955,28.51087709,37.01881068,0.26558782
2606,3,7.76791143,27.80579568,41.79292866,7.74587149,27.79484019,42.16841920,0.02760053
2607,1,4.66074686,31.39364028,36.68342258,4.87277434,31.22631311,37.05542495,0.27025002
2608,3,6.21432914,30.49667913,35.41561200,6.26930087,30.46635769,35.72861139,0.08025813
2609,1,6.21432914,30.49667913,45.53732572,6.20590254,30.61787539,45.93146427,0.12541585
2610,1,21.75015200,0.00000000,43.03122190,21.70165042,0.05328442,43.58238114,0.20148311
2611,3,4.66074686,31.39364028,44.26951514,4.66091819,31.60592602,44.66702185,0.21507198
2612,2,6.21432914,32.29060143,47.45817347,6.21432914,32.29060143,47.82117371,0.00000000
2613,1,6.21432914,30.49667913,49.37902122,6.21432914,30.49667913,49.74202146,0.00000000
2614,2,24.85731657,0.00000000,38.60427033,6.46386277,32.26247160,38.88258459,0.26500949
2615,3,26.41089886,0.89696115,35.41561200,26.57466050,1.08245386,35.78308469,0.24747813
2616,1,24.85731657,1.79392230,40.52511808,24.96446267,1.80793488,41.24075404,0.36882054
2617,1,26.41089886,0.89696115,45.53732572,26.41089886,0.89696115,45.90032596,0.00000000
2618,1,23.30373429,2.69088345,43.03122190,23.30349013,2.80718500,43.54193730,0.18800499
2619,3,24.85731657,1.79392230,44.26951514,24.87364352,1.80097645,44.65710625,0.03034866
2620,3,26.41089886,0.89696115,41.79292866,26.51355715,0.83948955,42.21577857,0.13199883
2621,2,26.41089886,2.69088345,47.45817347,26.39373966,2.54999537,47.94142648,0.18602317
2622,1,26.41089886,0.89696115,49.37902122,26.41092873,0.86158625,49.78079614,0.05248676
2623,1,23.30373429,4.48480575,40.52511808,23.25378583,4.45945800,40.94717964,0.08139777
2624,1,21.75015200,5.38176691,43.03122190,21.75015200,5.38176691,43.39422214,0.00000000
2625,1,24.85731657,3.58784460,49.37902122,24.85731657,3.58784460,49.74202146,0.00000000
2626,2,21.75015200,5.38176691,38.60427033,21.75554715,5.33365361,38.97074602,0.04853942
2627,1,21.75015200,7.17568921,40.52511808,21.70599014,7.07104789,40.76331589,0.16874751
2628,1,23.30373429,6.27872806,45.53732572,23.30373429,6.27872806,45.90032596,0.00000000
2629,3,21.75015200,7.17568921,44.26951514,21.75015200,7.17568921,44.63251538,0.00000000
2630,3,23.30373429,6.27872806,41.79292866,23.30373429,6.27872806,42.15592890,0.00000000
2631,2,23.30373429,8.07265036,47.45817347,23.30075617,7.96702618,47.84540130,0.10840808
2632,1,23.30373429,6.27872806,49.37902122,23.30373429,6.27872806,49.74202146,0.00000000
2633,2,20.19656972,8.07265036,38.60427033,20.13644071,8.18787986,39.17476231,0.24483904
2634,1,21.75015200,8.96961151,45.53732572,21.73316088,8.93940006,45.89569258,0.03496996
2635,1,18.64298743,10.76353381,43.03122190,18.64298743,10.76353381,43.39422214,0.00000000
2636,3,20.19656972,9.86657266,44.26951514,20.19656972,9.86657266,44.63251538,0.00000000
2637,2,18.64298743,10.76353381,38.60427033,18.59433870,10.77096589,39.02794105,0.07812069
2638,1,18.64298743,12.55745611,40.52511808,18.74057277,12.54621857,40.77762532,0.14784413
2639,1,20.19656972,11.66049496,45.53732572,20.18271364,11.65117490,45.91352655,0.02128638
2640,1,17.08940514,13.45441726,43.03122190,17.25288690,13.34853252,43.16837223,0.29823823
2641,3,18.64298743,12.55745611,44.26951514,18.61533192,12.55741434,44.63261239,0.02765572
2642,3,20.19656972,11.66049496,41.79292866,20.19656972,11.66049496,42.15592890,0.00000000
2643,2,20.19656972,13.45441726,47.45817347,20.29241766,13.49000607,47.73712291,0.13235531
2644,3,18.64298743,14.35137842,35.41561200,18.64298743,14.35137842,35.77861224,0.00000000
2645,1,18.64298743,14.35137842,45.53732572,18.72121069,14.35167348,45.91035152,0.07886366
2646,1,15.53582286,16.14530072,43.03122190,15.52573305,16.23119087,43.28831834,0.13672796
2647,3,17.08940514,15.24833957,44.26951514,17.30501746,15.40482457,44.51730101,0.29025950
2648,3,18.64298743,14.35137842,41.79292866,18.69953761,14.39045938,42.11396033,0.08053947
2649,1,15.53582286,17.93922302,36.68342258,15.53582286,17.93922302,37.04642282,0.00000000
2650,3,17.08940514,17.04226187,35.41561200,17.07413004,17.05138209,35.79101282,0.02168597
2651,1,15.53582286,17.93922302,40.52511808,15.55471513,17.96365091,40.85013067,0.04895612
2652,1,13.98224057,18.83618417,43.03122190,14.17683480,18.82985257,43.28400171,0.22373097
2653,3,17.08940514,17.04226187,41.79292866,17.08777008,17.05569066,42.13669254,0.02351687
2654,2,13.98224057,18.83618417,38.60427033,13.98224057,18.83618417,38.96727057,0.00000000
2655,1,13.98224057,20.63010647,36.68342258,13.98224057,20.63010647,37.04642282,0.00000000
2656,3,15.53582286,19.73314532,35.41561200,15.53582286,19.73314532,35.77861224,0.00000000
2657,1,13.98224057,20.63010647,40.52511808,14.07223262,20.58155512,40.94024739,0.11477474
2658,1,12.42865829,21.52706762,43.03122190,12.42650066,21.60938077,43.25884494,0.15845219
2659,3,13.98224057,20.63010647,44.26951514,14.14349828,20.94063601,44.61290368,0.35045293
2660,3,15.53582286,19.73314532,41.79292866,15.60951841,19.76704467,42.11895171,0.08914882
2661,2,15.53582286,21.52706762,47.45817347,15.53582286,21.52706762,47.82117371,0.00000000
2662,1,15.53582286,19.73314532,49.37902122,15.53750427,19.91296168,49.92119670,0.25385137
2663,1,12.42865829,23.32098992,36.68342258,12.42776147,23.28084959,37.07373531,0.04855948
2664,3,13.98224057,22.42402877,35.41561200,13.98224057,22.42402877,35.77861224,0.00000000
2665,1,13.98224057,22.42402877,45.53732572,14.07596381,22.57352919,45.90728716,0.17658675
2666,1,10.87507600,24.21795108,43.03122190,10.95916798,24.33104987,43.39221998,0.14094965
2667,3,12.42865829,23.32098992,44.26951514,12.42865829,23.32098992,44.63251538,0.00000000
2668,3,13.98224057,22.42402877,41.79292866,13.97460465,22.43435740,42.12675134,0.03187974
2669,2,13.98224057,24.21795108,47.45817347,13.98224057,24.21795108,47.82117371,0.00000000
2670,1,13.98224057,22.42402877,49.37902122,13.98224057,22.42402877,49.74202146,0.00000000
2671,1,10.87507600,26.01187338,36.68342258,10.84138510,25.77767278,37.11649191,0.24676846
2672,3,12.42865829,25.11491223,35.41561200,12.46061007,24.99008688,35.90511148,0.18056671
2673,1,10.87507600,26.01187338,40.52511808,10.68400353,25.96541920,40.90098643,0.19705905
2674,1,9.32149372,26.90883453,43.03122190,9.34047216,26.76333632,43.58299260,0.23909035
2675,2,12.42865829,26.90883453,47.45817347,12.17181878,26.99825262,48.04308425,0.35100771
2676,1,12.42865829,25.11491223,49.37902122,12.42865829,25.11491223,49.74202146,0.00000000
2677,2,9.32149372,26.90883453,38.60427033,9.22439338,26.89638959,39.10178276,0.16636370
2678,3,10.87507600,27.80579568,35.41561200,10.84379779,27.58797737,36.02898132,0.33332839
2679,1,9.32149372,28.70275683,40.52511808,9.54080979,28.64460744,41.34842965,0.51319335
2680,1,7.76791143,29.59971798,43.03122190,7.76289949,29.57074167,43.48241609,0.09296730
2681,3,9.32149372,28.70275683,44.26951514,9.14463933,28.53475646,44.66775630,0.24646201
2682,2,10.87507600,29.59971798,47.45817347,10.64480485,29.68754560,47.94288653,0.27486816
2683,1,10.87507600,27.80579568,49.37902122,10.75282177,27.88081279,49.89830298,0.21212632
2684,1,7.76791143,31.39364028,36.68342258,7.92372181,31.66087778,36.94836702,0.32451147
2685,1,7.76791143,31.39364028,40.52511808,7.83270339,31.45767963,40.80946975,0.12035212
2686,1,9.32149372,30.49667913,45.53732572,9.23449628,30.42918360,45.86360656,0.11607116
2687,1,24.85731657,0.00000000,43.03122190,6.24130660,32.19925602,43.46761168,0.12024056
2688,3,7.76791143,31.39364028,44.26951514,7.76791143,31.39364028,44.63251538,0.00000000
2689,3,9.32149372,30.49667913,41.79292866,9.31851995,30.53161275,42.17186818,0.03851313
2690,2,9.32149372,32.29060143,47.45817347,9.22389191,32.28274506,47.92106374,0.13987799
2691,1,9.32149372,30.49667913,49.37902122,9.25243342,30.53838132,49.83277592,0.12142804
2692,2,27.96448115,0.00000000,38.60427033,28.05583129,0.08526268,38.82083426,0.19250498
2693,1,27.96448115,1.79392230,36.68342258,28.17523496,1.82089451,37.02984950,0.21311815
2694,3,29.51806343,0.89696115,35.41561200,29.57310150,0.91666025,35.79835413,0.06170077
2695,1,27.96448115,1.79392230,40.52511808,27.96763177,1.76800132,40.86923838,0.03222229
2696,3,27.96448115,1.79392230,44.26951514,27.96448115,1.79392230,44.63251538,0.00000000
2697,3,29.51806343,0.89696115,41.79292866,29.51806343,0.89696115,42.15592890,0.00000000
2698,1,27.96448115,3.58784460,49.37902122,27.96448115,3.58784460,49.74202146,0.00000000
2699,2,24.85731657,5.38176691,38.60427033,24.79695170,5.20068667,39.12962065,0.25058236
2700,1,24.85731657,7.17568921,36.68342258,24.84739210,7.19674889,37.03512984,0.02587541
2701,3,26.41089886,6.27872806,35.41561200,26.39050437,6.29178952,35.79414946,0.02877398
2702,1,24.85731657,7.17568921,40.52511808,24.84862006,7.07130415,40.78262463,0.14866334
2703,3,24.85731657,7.17568921,44.26951514,24.85731657,7.17568921,44.63251538,0.00000000
2704,2,23.30373429,8.07265036,38.60427033,23.30373429,8.07265036,38.96727057,0.00000000
2705,1,23.30373429,9.86657266,36.68342258,23.05732584,9.86409776,37.04201438,0.24646031
2706,3,24.85731657,8.96961151,35.41561200,24.82830128,8.91148610,35.75086978,0.07064060
2707,1,24.85731657,8.96961151,45.53732572,24.82944953,8.82283067,46.06635752,0.22335546
2708,2,24.85731657,10.76353381,47.45817347,24.97928563,10.72730597,47.85149080,0.13079768
2709,1,24.85731657,8.96961151,49.37902122,24.85731657,8.96961151,49.74202146,0.00000000
2710,2,21.75015200,10.76353381,38.60427033,21.74909996,10.76425557,38.96881547,0.00200360
2711,1,21.75015200,12.55745611,36.68342258,21.75015200,12.55745611,37.04642282,0.00000000
2712,3,23.30373429,11.66049496,35.41561200,23.30373429,11.66049496,35.77861224,0.00000000
2713,1,21.75015200,12.55745611,40.52511808,21.74319802,12.55246979,40.87840440,0.01294533
2714,1,23.30373429,11.66049496,45.53732572,23.14645250,11.46727070,46.32588390,0.49312547
2715,1,20.19656972,13.45441726,43.03122190,20.17174421,13.48739965,43.35160885,0.05932989
2716,3,21.75015200,12.55745611,44.26951514,21.52044870,12.56123877,44.62104772,0.23002048
2717,2,23.30373429,13.45441726,47.45817347,23.38039202,13.49235373,47.76762331,0.10091198
2718,2,20.19656972,13.45441726,38.60427033,20.19799304,13.45530489,38.96550233,0.00243730
2719,1,20.19656972,15.24833957,36.68342258,20.19656972,15.24833957,37.04642282,0.00000000
2720,3,21.75015200,14.35137842,35.41561200,21.75015200,14.35137842,35.77861224,0.00000000
2721,1,20.19656972,15.24833957,40.52511808,20.19515049,15.24894172,40.87379536,0.01440570
2722,1,21.75015200,14.35137842,45.53732572,21.76421991,14.35996409,45.88295546,0.02394481
2723,1,18.64298743,16.14530072,43.03122190,18.78250180,16.15362449,43.27365924,0.18457779
2724,3,20.19656972,15.24833957,44.26951514,20.20362205,15.24796569,44.63279393,0.00706773
2725,3,21.75015200,14.35137842,41.79292866,21.64048903,14.39628613,42.08714930,0.13701571
2726,2,21.75015200,16.14530072,47.45817347,21.75015200,16.14530072,47.82117371,0.00000000
2727,1,18.64298743,17.93922302,36.68342258,18.63949931,17.93747865,37.04219014,0.00575547
2728,3,20.19656972,17.04226187,35.41561200,20.06547036,17.28502721,35.57833313,0.34093075
2729,2,20.19656972,18.83618417,47.45817347,20.03034769,18.72063654,48.43364934,0.64506388
2730,1,20.19656972,17.04226187,49.37902122,20.21884544,16.76767718,49.97790315,0.36267497
2731,2,17.08940514,18.83618417,38.60427033,17.08940514,18.83618417,38.96727057,0.00000000
2732,1,17.08940514,20.63010647,36.68342258,17.04674656,20.59863210,36.98939265,0.07786418
2733,3,18.64298743,19.73314532,35.41561200,18.60968134,19.79079984,35.78237667,0.06668965
2734,1,17.08940514,20.63010647,40.52511808,17.16051164,20.55225159,40.99373045,0.14923618
2735,1,15.53582286,21.52706762,43.03122190,15.62717467,21.56623717,43.31075922,0.12979009
2736,1,18.64298743,19.73314532,49.37902122,18.46464089,19.89360334,49.98510434,0.34153118
2737,1,15.53582286,23.32098992,36.68342258,15.48440471,23.22467439,37.02197388,0.11188503
2738,3,17.08940514,22.42402877,35.41561200,17.05703723,22.44348879,35.70280952,0.08469019
2739,1,17.08940514,22.42402877,45.53732572,17.08940514,22.42402877,45.90032596,0.00000000
2740,1,13.98224057,24.21795108,43.03122190,13.98224057,24.21795108,43.39422214,0.00000000
2741,3,15.53582286,23.32098992,44.26951514,15.61452720,23.44534411,44.66169703,0.15003301
2742,3,17.08940514,22.42402877,41.79292866,17.14873870,22.33740346,42.13557821,0.10695124
2743,1,13.98224057,26.01187338,36.68342258,13.93474355,25.81505209,37.10286593,0.21019137
2744,3,15.53582286,25.11491223,35.41561200,15.47747175,25.13759138,35.65329148,0.14008744
2745,3,15.53582286,25.11491223,41.79292866,15.63598794,24.81750202,42.10111624,0.31857543
2746,2,12.42865829,26.90883453,38.60427033,12.22687423,26.77348097,39.11188396,0.28275506
2747,1,12.42865829,28.70275683,36.68342258,12.38170203,28.57110588,37.07375536,0.14242167
2748,3,13.98224057,27.80579568,35.41561200,13.96653722,27.82494112,35.73499915,0.05015222
2749,1,12.42865829,28.70275683,40.52511808,12.42774401,28.88244237,40.43333569,0.48899383
2750,3,13.98224057,27.80579568,41.79292866,14.43505821,27.45880002,41.92008756,0.61730943
2751,1,13.98224057,27.80579568,49.37902122,13.98224057,27.80579568,49.74202146,0.00000000
2752,2,10.87507600,29.59971798,38.60427033,10.80341529,29.75226493,38.74832353,0.27630352
2753,1,10.87507600,31.39364028,36.68342258,10.90337285,31.49572335,36.96376123,0.13436741
2754,3,12.42865829,30.49667913,35.41561200,12.40814725,30.67179819,35.66761785,0.20834381
2755,1,10.87507600,31.39364028,40.52511808,10.75912771,31.46689144,40.71703825,0.21926726
2756,1,27.96448115,0.00000000,43.03122190,9.33690414,32.28167876,43.40670800,0.02174837
2757,2,31.07164572,0.00000000,38.60427033,31.07164572,0.00000000,38.96727057,0.00000000
2758,1,31.07164572,1.79392230,36.68342258,31.10295923,1.79373830,37.04660832,0.03131460
2759,3,32.62522800,0.89696115,35.41561200,32.46734056,0.94674358,35.54870015,0.28331308
2760,1,31.07164572,1.79392230,40.52511808,31.07164572,1.79392230,40.88811832,0.00000000
2761,1,29.51806343,2.69088345,43.03122190,29.51806343,2.69088345,43.39422214,0.00000000
2762,3,31.07164572,1.79392230,44.26951514,31.07021725,1.95673728,44.71281207,0.18154425
2763,3,32.62522800,0.89696115,41.79292866,32.62522800,0.89696115,42.15592890,0.00000000
2764,3,31.07164572,3.58784460,35.41561200,31.07164572,3.58784460,35.77861224,0.00000000
2765,1,31.07164572,3.58784460,45.53732572,31.05300026,3.62092955,45.94505417,0.05867605
2766,1,27.96448115,5.38176691,43.03122190,28.04182814,5.35232888,42.90313198,0.49801476
2767,3,29.51806343,4.48480575,44.26951514,29.65107470,4.48929162,44.60301739,0.13631674
2768,3,31.07164572,3.58784460,41.79292866,31.07164572,3.58784460,42.15592890,0.00000000
2769,2,31.07164572,5.38176691,47.45817347,31.10741748,5.27621383,47.90722123,0.14080215
2770,1,31.07164572,3.58784460,49.37902122,31.07159990,3.58568211,49.74437150,0.00319392
2771,1,27.96448115,7.17568921,36.68342258,27.85257680,7.09265040,37.02354843,0.14121354
2772,3,29.51806343,6.27872806,35.41561200,29.28020172,6.07903970,35.58381970,0.36660301
2773,1,27.96448115,7.17568921,40.52511808,27.94260015,7.29972787,40.71901232,0.21085826
2774,1,26.41089886,8.07265036,43.03122190,26.42154666,7.99071422,43.32118343,0.11027946
2775,3,27.96448115,7.17568921,44.26951514,27.96448115,7.17568921,44.63251538,0.00000000
2776,3,29.51806343,6.27872806,41.79292866,29.65838316,6.35153116,42.08002364,0.17536113
2777,2,26.41089886,8.07265036,38.60427033,26.38372814,7.91428201,38.86792006,0.18891614
2778,1,26.41089886,9.86657266,36.68342258,25.98276468,9.90236252,37.15572956,0.44331451
2779,3,27.96448115,8.96961151,35.41561200,27.97215376,8.89761804,35.71289458,0.09777904
2780,1,26.41089886,9.86657266,40.52511808,26.34551430,9.76994882,40.53805225,0.36899534
2781,1,27.96448115,8.96961151,45.53732572,27.73990796,8.92327316,45.76348666,0.26703062
2782,3,27.96448115,8.96961151,41.79292866,27.96448115,8.96961151,42.15592890,0.00000000
2783,2,27.96448115,10.76353381,47.45817347,27.96448115,10.76353381,47.82117371,0.00000000
2784,1,23.30373429,13.45441726,43.03122190,23.31032888,13.67925814,43.08000305,0.38643311
2785,2,26.41089886,13.45441726,47.45817347,26.42830842,13.29334456,48.10676990,0.32834843
2786,1,26.41089886,11.66049496,49.37902122,26.40899915,11.52922041,49.87363001,0.18589628
2787,2,23.30373429,13.45441726,38.60427033,23.30406520,13.44424782,38.95804626,0.01373372
2788,1,23.30373429,15.24833957,36.68342258,23.30373429,15.24833957,37.04642282,0.00000000
2789,1,23.30373429,15.24833957,40.52511808,23.24331160,15.29147982,40.63683881,0.26201790
2790,1,21.75015200,16.14530072,43.03122190,21.79850861,16.17808600,43.28699708,0.12210836
2791,3,23.30373429,15.24833957,44.26951514,23.30318576,15.24848210,44.63354086,0.00117167
2792,3,24.85731657,14.35137842,41.79292866,24.66349284,14.89539272,42.09095469,0.58115476
2793,1,24.85731657,14.35137842,49.37902122,24.84955846,14.34540208,49.74614042,0.01062407
2794,3,23.30373429,17.04226187,35.41561200,23.32889948,16.97691952,35.59367149,0.19775235
2795,1,23.30373429,17.04226187,45.53732572,23.16933791,17.03201305,45.85194069,0.14320810
2796,2,20.19656972,18.83618417,38.60427033,20.15077445,18.69041918,38.88187205,0.17503584
2797,1,20.19656972,20.63010647,36.68342258,20.05448283,20.70457426,37.01676456,0.16313720
2798,1,20.19656972,20.63010647,40.52511808,20.02353849,20.67398353,40.39302558,0.52629062
2799,1,21.75015200,19.73314532,45.53732572,22.17256555,19.73886631,46.35391485,0.61984580
2800,1,18.64298743,21.52706762,43.03122190,18.69738140,21.57317810,43.28599060,0.12961075
2801,2,21.75015200,21.52706762,47.45817347,21.72751985,21.60973822,47.94642045,0.15176755
2802,1,21.75015200,19.73314532,49.37902122,21.82257802,19.77594212,49.81514927,0.11146646
2803,2,18.64298743,21.52706762,38.60427033,18.34149022,21.66703701,38.83775715,0.35674322
2804,1,18.64298743,23.32098992,36.68342258,18.55433714,23.27156809,36.93657916,0.14955608
2805,1,20.19656972,22.42402877,45.53732572,20.14107016,22.39729834,45.94138355,0.07403001
2806,1,17.08940514,24.21795108,43.03122190,17.15758149,24.06018159,43.41412232,0.17301803
2807,3,18.64298743,23.32098992,44.26951514,18.65189331,23.31652979,44.63979214,0.01233526
2808,3,20.19656972,22.42402877,41.79292866,20.13189403,22.64139179,42.12630038,0.22870827
2809,2,20.19656972,24.21795108,47.45817347,20.19656972,24.21795108,47.82117371,0.00000000
2810,1,20.19656972,22.42402877,49.37902122,20.19617167,22.42424057,49.74248843,0.00064912
2811,3,18.64298743,25.11491223,35.41561200,18.60108412,25.09810266,35.74446072,0.05661073
2812,1,18.64298743,25.11491223,45.53732572,18.64298743,25.11491223,45.90032596,0.00000000
2813,1,15.53582286,26.90883453,43.03122190,15.84305857,26.66896557,43.21698711,0.42818589
2814,3,17.08940514,26.01187338,44.26951514,17.16425591,25.96986094,44.71639803,0.12001659
2815,3,17.08940514,27.80579568,35.41561200,17.08940514,27.80579568,35.77861224,0.00000000
2816,1,15.53582286,28.70275683,40.52511808,15.90855049,28.50126501,40.90503088,0.42404112
2817,1,17.08940514,27.80579568,45.53732572,17.17927725,27.90217658,45.88650450,0.13250399
2818,1,13.98224057,29.59971798,43.03122190,14.18436085,29.46208049,43.07270516,0.40394289
2819,3,15.53582286,28.70275683,44.26951514,15.62262786,28.90976943,44.78182366,0.26959653
2820,3,17.08940514,27.80579568,41.79292866,17.32354440,27.65978131,42.16119609,0.27598755
2821,2,17.08940514,29.59971798,47.45817347,17.10237918,29.60589131,47.84880000,0.03113916
2822,3,15.53582286,30.49667913,35.41561200,15.49134730,30.55630885,35.67240961,0.12966409
2823,1,13.98224057,31.39364028,40.52511808,13.95857011,31.41932287,40.85423655,0.04866067
2824,1,15.53582286,30.49667913,45.53732572,15.50348117,30.62259240,45.93953442,0.13578454
2825,3,15.53582286,30.49667913,41.79292866,15.49607975,30.67356038,42.02391579,0.22426313
2826,1,15.53582286,30.49667913,49.37902122,15.94238266,30.31056210,50.35458774,0.75839823
2827,3,35.73239258,0.89696115,35.41561200,35.73239258,0.89696115,35.77861224,0.00000000
2828,1,35.73239258,0.89696115,45.53732572,35.71011879,0.80664724,45.87901831,0.09542924
2829,1,32.62522800,2.69088345,43.03122190,32.56375475,2.66432877,43.46504911,0.09747088
2830,3,34.17881029,1.79392230,44.26951514,34.04586532,1.72079446,44.69908896,0.16569275
2831,3,35.73239258,0.89696115,41.79292866,35.73569344,0.99961579,42.21091813,0.11650187
2832,2,35.73239258,2.69088345,47.45817347,35.60869773,2.56484038,47.69291826,0.21825841
2833,1,32.62522800,4.48480575,36.68342258,32.62522800,4.48480575,37.04642282,0.00000000
2834,3,34.17881029,3.58784460,35.41561200,34.25364478,3.53522241,35.89583744,0.14869782
2835,1,34.17881029,3.58784460,45.53732572,34.10753487,3.54680736,45.95609538,0.09937036
2836,1,31.07164572,5.38176691,43.03122190,31.07393404,5.38323418,43.39225046,0.00335810
2837,3,32.62522800,4.48480575,44.26951514,32.55041559,4.45551378,44.78338753,0.17093075
2838,2,34.17881029,5.38176691,47.45817347,34.17847834,5.38123014,47.82122389,0.00063311
2839,1,34.17881029,3.58784460,49.37902122,34.17881029,3.58784460,49.74202146,0.00000000
2840,1,31.07164572,7.17568921,36.68342258,30.76283159,6.86528936,36.79702745,0.50389710
2841,3,32.62522800,6.27872806,35.41561200,32.65120270,6.32436572,35.91425181,0.14544956
2842,1,29.51806343,8.07265036,43.03122190,29.51529945,8.03728715,43.43465893,0.05378969
2843,3,32.62522800,6.27872806,41.79292866,32.62522800,6.27872806,42.15592890,0.00000000
2844,1,32.62522800,6.27872806,49.37902122,32.62522800,6.27872806,49.74202146,0.00000000
2845,2,29.51806343,8.07265036,38.60427033,29.50669856,7.66081821,38.80550467,0.44260941
2846,3,31.07164572,8.96961151,35.41561200,31.14139585,9.06958365,35.86471240,0.14924057
2847,1,29.51806343,9.86657266,40.52511808,29.72308008,9.99165923,41.26383396,0.44591559
2848,1,27.96448115,10.76353381,43.03122190,28.12085427,10.82360371,43.56889981,0.24201907
2849,3,29.51806343,9.86657266,44.26951514,29.56836295,9.83389122,44.67046264,0.07097966
2850,3,31.07164572,8.96961151,41.79292866,31.18558202,8.88905476,42.23006597,0.15801005
2851,2,31.07164572,10.76353381,47.45817347,31.07164572,10.76353381,47.82117371,0.00000000
2852,1,31.07164572,8.96961151,49.37902122,31.27043300,9.23890484,50.30279313,0.65306978
2853,3,29.51806343,11.66049496,35.41561200,29.75223003,11.82372872,35.88616864,0.30503710
2854,1,29.51806343,11.66049496,45.53732572,29.58241441,11.63712519,45.97194214,0.09907610
2855,3,27.96448115,12.55745611,44.26951514,28.20898890,12.58196864,44.73335440,0.26561892
2856,3,29.51806343,11.66049496,41.79292866,29.47669099,11.80765837,42.22803952,0.16902275
2857,2,29.51806343,13.45441726,47.45817347,-7.76403923,13.45697611,47.83030876,0.01024650
2858,1,29.51806343,11.66049496,49.37902122,29.51806343,11.66049496,49.74202146,0.00000000
2859,2,26.41089886,13.45441726,38.60427033,26.41265802,13.47845441,39.00790015,0.04724025
2860,1,26.41089886,15.24833957,36.68342258,26.35934515,15.27381755,37.08180760,0.06752033
2861,3,27.96448115,14.35137842,35.41561200,27.96376350,14.50519443,36.02194295,0.28787100
2862,1,26.41089886,15.24833957,40.52511808,26.42342634,15.25200977,40.87842062,0.01626203
2863,1,27.96448115,14.35137842,45.53732572,28.12827813,14.35448410,45.85068855,0.17118110
2864,1,24.85731657,16.14530072,43.03122190,24.85737385,16.34003164,43.56190048,0.25697502
2865,3,26.41089886,15.24833957,44.26951514,26.41362697,15.25938372,44.61158419,0.02382291
2866,3,27.96448115,14.35137842,41.79292866,27.95146809,14.35747439,42.17979618,0.02785942
2867,1,27.96448115,14.35137842,49.37902122,27.95887957,14.33364631,49.78290407,0.04491317
2868,2,24.85731657,16.14530072,38.60427033,24.86176670,16.18773847,38.86716002,0.10882504
2869,1,24.85731657,17.93922302,36.68342258,25.12070293,18.03415708,37.04909248,0.27998567
2870,3,26.41089886,17.04226187,35.41561200,26.40847482,17.02557450,35.77706296,0.01693353
2871,1,26.41089886,17.04226187,45.53732572,26.47172613,17.11577681,45.87807704,0.09797662
2872,3,24.85731657,17.93922302,44.26951514,24.86079899,18.05763836,44.71864946,0.14646979
2873,3,26.41089886,17.04226187,41.79292866,26.57917316,17.07875963,42.14507964,0.17252836
2874,2,26.41089886,18.83618417,47.45817347,26.41089886,18.83618417,47.82117371,0.00000000
2875,1,26.41089886,17.04226187,49.37902122,26.39147786,17.23552273,49.92573974,0.26735620
2876,1,23.30373429,20.63010647,36.68342258,23.55334410,20.58763261,37.11165817,0.26146652
2877,1,24.85731657,19.73314532,45.53732572,25.06503003,19.74880877,45.89614052,0.20834524
2878,1,21.75015200,21.52706762,43.03122190,21.97154634,21.57969200,43.47611057,0.24184808
2879,3,23.30373429,20.63010647,44.26951514,23.58404263,20.66692402,44.75571001,0.30839134
2880,2,21.75015200,21.52706762,38.60427033,21.91913138,21.47590774,38.97953817,0.17697982
2881,1,21.75015200,23.32098992,36.68342258,21.66658819,23.15165782,37.14585742,0.21340926
2882,1,21.75015200,23.32098992,40.52511808,21.75015200,23.32098992,40.88811832,0.00000000
2883,1,23.30373429,22.42402877,45.53732572,23.38267978,22.36907391,45.91777352,0.09775912
2884,3,21.75015200,23.32098992,44.26951514,21.72049802,23.13306206,44.82231599,0.26873874
2885,3,23.30373429,22.42402877,41.79292866,23.32043154,22.38306689,42.10237559,0.06945956
2886,2,23.30373429,24.21795108,47.45817347,23.25444107,24.27324299,48.18872386,0.37494017
2887,1,23.30373429,22.42402877,49.37902122,23.22669865,22.45144332,49.89593733,0.17428753
2888,2,20.19656972,24.21795108,38.60427033,20.19704619,24.20352680,38.98650334,0.02404550
2889,1,20.19656972,26.01187338,36.68342258,20.18369312,25.70421417,36.94103537,0.32546353
2890,1,18.64298743,26.90883453,43.03122190,18.78985618,26.86201612,43.38824734,0.15426630
2891,2,21.75015200,26.90883453,47.45817347,21.57022833,27.09272318,48.37528054,0.61091893
2892,1,21.75015200,25.11491223,49.37902122,21.63968460,25.11900378,49.90299421,0.19527420
2893,2,18.64298743,26.90883453,38.60427033,18.64298743,26.90883453,38.96727057,0.00000000
2894,1,18.64298743,28.70275683,36.68342258,18.62592046,28.69104325,37.02491922,0.02984785
2895,1,18.64298743,28.70275683,40.52511808,18.82922662,28.70925746,40.90831673,0.18744404
2896,1,20.19656972,27.80579568,45.53732572,20.09422077,27.82637379,46.21822230,0.33459954
2897,1,17.08940514,29.59971798,43.03122190,17.08635730,29.53084053,43.45516590,0.09201921
2898,3,18.64298743,28.70275683,44.26951514,18.65479924,28.70904161,44.62402577,0.01584584
2899,2,20.19656972,29.59971798,47.45817347,-17.06887226,29.68029447,47.88620902,0.10556401
2900,1,20.19656972,27.80579568,49.37902122,19.92059516,27.90238274,50.06568384,0.43617467
2901,3,18.64298743,30.49667913,35.41561200,18.63346307,30.50222231,35.75788307,0.02347635
2902,1,17.08940514,31.39364028,40.52511808,17.13252573,31.61339601,40.99644871,0.24877186
2903,1,18.64298743,30.49667913,45.53732572,18.64429378,30.46275957,45.86488156,0.04907697
2904,1,34.17881029,0.00000000,43.03122190,15.50940392,32.24154191,43.39354304,0.05572485
2905,3,17.08940514,31.39364028,44.26951514,17.11322036,31.45500948,44.59898006,0.07387801
2906,3,18.64298743,30.49667913,41.79292866,18.38415949,30.36294485,42.07257076,0.30302697
2907,2,18.64298743,32.29060143,47.45817347,18.57036318,32.18817683,47.66814834,0.19794405
2908,1,18.64298743,30.49667913,49.37902122,18.78906872,30.58129179,49.72556340,0.16961696
2909,4,3.39397976,2.53909003,1.52772800,3.65204052,3.06164327,1.92633000,0.58388760
2910,4,1.95990381,5.02298245,1.52772800,1.86242030,5.11530061,1.86322245,0.13704834
2911,4,-5.21047597,17.44244454,1.52772800,-4.67291318,17.20236110,1.89093215,0.58873921
2912,4,-8.07862789,22.41022937,1.52772800,-8.05382350,22.58016028,1.94278626,0.17944863
2913,4,-9.51270384,24.89412179,1.52772800,-9.44433204,24.92327556,1.91979939,0.07981089
2914,4,6.26213168,2.53909003,1.52772800,6.32381710,2.52830433,1.88903268,0.06264421
2915,4,4.82805572,5.02298245,1.52772800,5.05804875,5.39482949,1.86620923,0.43791346
2916,4,1.95990381,9.99076728,1.52772800,2.93167380,10.37608396,2.12134428,1.07050905
2917,4,0.52582785,12.47465970,1.52772800,0.52582785,12.47465970,1.89072824,0.00000000
2918,4,-3.77640002,19.92633695,1.52772800,-3.73965517,19.94387579,1.82750287,0.07520135
2919,4,-9.51270384,29.86190663,1.52772800,-9.65739725,30.25885835,2.00313907,0.43719909
2920,4,-3.77640002,24.89412179,1.52772800,-3.56626612,24.86547869,1.85508070,0.21505216
2921,4,10.56435954,0.05519761,1.52772800,10.64592370,0.11814260,1.78623030,0.14674674
2922,4,-0.90824811,24.89412179,1.52772800,-0.84280628,24.78205160,1.86124597,0.13308480
2923,4,-2.34232406,27.37801421,1.52772800,-1.90559215,27.24015541,1.35880849,0.70191056
2924,4,13.43251146,0.05519761,1.52772800,13.42812654,0.70697159,2.19061577,0.71746852
2925,4,11.99843550,7.50687486,1.52772800,11.18295345,7.74952092,2.03313833,0.86265214
2926,4,10.56435954,9.99076728,1.52772800,10.43071184,10.35764388,1.79637097,0.40170069
2927,4,9.13028359,12.47465970,1.52772800,9.00498855,12.67733115,1.89930625,0.23842849
2928,4,7.69620763,14.95855212,1.52772800,7.64899315,15.04068281,1.89053132,0.09473487
2929,4,6.26213168,17.44244454,1.52772800,6.26213168,17.44244454,1.89072824,0.00000000
2930,4,4.82805572,19.92633695,1.52772800,4.82805572,19.92633695,1.89072824,0.00000000
2931,4,3.39397976,22.41022937,1.52772800,3.40330277,22.43895072,1.83672378,0.06187339
2932,4,1.95990381,24.89412179,1.52772800,1.99346575,24.91246195,1.83819934,0.06497732
2933,4,16.30066337,0.05519761,1.52772800,16.12739215,0.51183079,1.87420340,0.48868174
2934,4,17.73473932,2.53909003,1.52772800,17.73502469,2.71137676,1.91599722,0.17413018
2935,4,13.43251146,9.99076728,1.52772800,13.43251146,9.99076728,1.89072824,0.00000000
2936,4,11.99843550,12.47465970,1.52772800,12.05061709,12.54642999,1.89308669,0.08876630
2937,4,10.56435954,14.95855212,1.52772800,10.56435954,14.95855212,1.89072824,0.00000000
2938,4,9.13028359,17.44244454,1.52772800,9.13028359,17.44244454,1.89072824,0.00000000
2939,4,19.16881528,0.05519761,1.52772800,18.86770034,0.23388616,1.98477117,0.36255190
2940,4,6.26213168,27.37801421,1.52772800,6.26765796,27.45742598,1.59437679,0.30685657
2941,4,20.60289124,7.50687486,1.52772800,20.55740238,7.50368037,1.79161061,0.10910429
2942,4,19.16881528,9.99076728,1.52772800,19.16881528,9.99076728,1.89072824,0.00000000
2943,4,17.73473932,12.47465970,1.52772800,17.72845899,12.51581631,1.96806665,0.08783244
2944,4,13.43251146,19.92633695,1.52772800,13.32763000,19.59727481,2.02503132,0.37056623
2945,4,10.56435954,24.89412179,1.52772800,10.56761639,24.89622180,1.88460117,0.00724970
2946,4,9.13028359,27.37801421,1.52772800,9.12854937,27.49401911,1.39694868,0.50722619
2947,4,7.69620763,29.86190663,1.52772800,7.68324567,29.90426950,1.60274617,0.29136970
2948,4,26.33919506,2.53909003,1.52772800,26.49025006,2.60018877,1.92363172,0.16623269
2949,4,23.47104315,7.50687486,1.52772800,23.28080136,7.58756536,1.77449730,0.23709181
2950,4,20.60289124,12.47465970,1.52772800,20.45196526,12.48138552,1.89350327,0.15110125
2951,4,16.30066337,19.92633695,1.52772800,16.09213628,19.79310061,1.88211991,0.24760770
2952,4,14.86658741,22.41022937,1.52772800,14.53889778,22.03150946,1.84736972,0.50268204
2953,4,27.77327102,0.05519761,1.52772800,27.73075260,0.07173135,1.61307644,0.28137467
2954,4,29.20734697,2.53909003,1.52772800,29.21412396,2.53960948,1.89087889,0.00679853
2955,4,27.77327102,5.02298245,1.52772800,27.76066688,4.99033389,1.61141542,0.28149679
2956,4,23.47104315,12.47465970,1.52772800,23.16551477,12.29044197,1.73723048,0.38838811
2957,4,19.16881528,19.92633695,1.52772800,18.81380842,19.68274542,1.94960365,0.43454921
2958,4,30.64142293,5.02298245,1.52772800,30.64142293,5.02298245,1.89072824,0.00000000
2959,4,23.47104315,17.44244454,1.52772800,23.58278113,17.47490675,2.08490342,0.22636954
2960,4,19.16881528,24.89412179,1.52772800,19.18631981,25.01711191,2.06541655,0.21435713
2961,4,17.73473932,27.37801421,1.52772800,17.86820810,27.95643030,1.39677964,0.77224628
2962,4,16.30066337,29.86190663,1.52772800,16.14499441,30.01675720,1.85483993,0.22248482
2963,4,33.50957484,5.02298245,1.52772800,33.50957484,5.02298245,1.89072824,0.00000000
2964,4,30.64142293,9.99076728,1.52772800,30.92549451,10.04763453,2.28776781,0.49149869
2965,4,29.20734697,12.47465970,1.52772800,29.21419626,12.38310457,1.75391674,0.16476238
2966,4,24.90511911,19.92633695,1.52772800,24.90511911,19.92633695,1.89072824,0.00000000
2967,4,22.03696719,24.89412179,1.52772800,22.06731606,25.20064497,1.87451356,0.30844843
2968,4,20.60289124,27.37801421,1.52772800,20.48363910,27.41696428,1.93876021,0.13433261
2969,4,-0.90824811,5.02298245,1.52772800,-0.94448365,5.00184401,1.82544968,0.07759600
2970,4,-5.21047597,12.47465970,1.52772800,-5.19746444,12.50234731,1.87333449,0.03519157
2971,4,-6.64455193,14.95855212,1.52772800,-6.68632637,14.86062134,1.75711630,0.17084406
2972,4,-9.51270384,19.92633695,1.52772800,-9.59668913,19.91073530,2.14263396,0.26599517
2973,4,-10.94677980,22.41022937,1.52772800,-10.80920343,22.34017772,1.91492757,0.15626932
2974,4,-13.81493171,27.37801421,1.52772800,-13.78695283,27.51887262,1.89139632,0.14361183
2975,4,3.39397976,4.19501831,3.88909300,3.24716808,3.95629084,4.46796641,0.35375937
2976,4,-0.90824811,11.64669556,3.88909300,-0.94242656,11.66751189,4.20741931,0.05997705
2977,4,-3.77640002,16.61448040,3.88909300,-3.69611691,16.61089470,4.36484971,0.13846392
2978,4,-5.21047597,19.09837281,3.88909300,-5.06268310,19.35557475,4.13569059,0.31866150
2979,4,-8.07862789,24.06615765,3.88909300,-8.03579178,24.09113399,4.21013381,0.06495647
2980,4,-9.51270384,26.55005007,3.88909300,-9.29505277,26.62533235,4.11146767,0.26984248
2981,4,-10.94677980,29.03394249,3.88909300,-11.03911887,28.88874969,4.22699912,0.17388837
2982,4,-12.38085576,31.51783490,3.88909300,-12.26293329,31.56768173,4.08214590,0.21277339
2983,4,3.39397976,9.16280314,3.88909300,3.46407786,8.93397789,4.37103484,0.26724865
2984,4,1.95990381,11.64669556,3.88909300,2.02030122,11.89493689,4.19178322,0.26250506
2985,4,0.52582785,14.13058798,3.88909300,0.46629059,14.13297968,4.21292678,0.07130510
2986,4,-0.90824811,16.61448040,3.88909300,-0.91259272,16.50125806,4.09253790,0.19569385
2987,4,-2.34232406,19.09837281,3.88909300,-2.34232406,19.09837281,4.25209324,0.00000000
2988,4,-9.51270384,31.51783490,3.88909300,-9.59265246,31.14288301,4.72784787,0.61100177
2989,4,6.26213168,9.16280314,3.88909300,6.26585209,9.03822007,4.30660729,0.13603883
2990,4,-2.34232406,24.06615765,3.88909300,-2.19350170,24.02677306,4.10774842,0.21103239
2991,4,-3.77640002,26.55005007,3.88909300,-4.36669910,26.45279133,3.92002070,0.68424005
2992,4,11.99843550,4.19501831,3.88909300,11.99843550,4.19501831,4.25209324,0.00000000
2993,4,10.56435954,6.67891072,3.88909300,10.34457092,6.67905847,4.39437878,0.26182482
2994,4,9.13028359,9.16280314,3.88909300,9.06364000,9.08287055,4.32271956,0.12577227
2995,4,0.52582785,24.06615765,3.88909300,0.61013114,23.95735838,4.01370631,0.27526834
2996,4,-0.90824811,26.55005007,3.88909300,-1.22897144,26.52145108,4.62783931,0.49483984
2997,4,-3.77640002,31.51783490,3.88909300,-3.57945821,31.44262916,3.98636235,0.33919742
2998,4,14.86658741,4.19501831,3.88909300,14.86658741,4.19501831,4.25209324,0.00000000
2999,4,13.43251146,6.67891072,3.88909300,13.48745965,6.64507518,4.20839651,0.07793300
3000,4,11.99843550,9.16280314,3.88909300,12.08229012,8.97349489,4.37630069,0.24144710
3001,4,1.95990381,26.55005007,3.88909300,1.83752366,26.37421395,4.29038001,0.21762609
3002,4,-0.90824811,31.51783490,3.88909300,-0.87006829,31.51418892,4.26621420,0.04087044
3003,4,16.30066337,1.71112589,3.88909300,16.30545649,1.73728927,4.30129553,0.05593176
3004,4,16.30066337,6.67891072,3.88909300,16.23927648,6.57043753,4.30660729,0.13603883
3005,4,1.95990381,31.51783490,3.88909300,1.95990381,31.51783490,4.25209324,0.00000000
3006,4,19.16881528,1.71112589,3.88909300,19.16902678,1.71218089,4.25370896,0.00194121
3007,4,14.86658741,14.13058798,3.88909300,15.19361165,14.17327837,4.29360341,0.33240098
3008,4,10.56435954,21.58226523,3.88909300,10.43758922,21.62495588,3.96980165,0.31238077
3009,4,9.13028359,24.06615765,3.88909300,9.34262761,24.11043964,4.18811598,0.22615032
3010,4,22.03696719,1.71112589,3.88909300,22.03696719,1.71112589,4.25209324,0.00000000
3011,4,19.16881528,11.64669556,3.88909300,19.16881528,11.64669556,4.25209324,0.00000000
3012,4,17.73473932,14.13058798,3.88909300,17.91708209,14.11598219,4.23312646,0.18390745
3013,4,16.30066337,16.61448040,3.88909300,16.33007762,16.65804356,4.16787699,0.09927399
3014,4,14.86658741,19.09837281,3.88909300,14.86658741,19.09837281,4.25209324,0.00000000
3015,4,13.43251146,21.58226523,3.88909300,13.15542244,21.64495833,4.16271111,0.29782195
3016,4,11.99843550,24.06615765,3.88909300,12.06678940,24.14173406,4.23496490,0.10333164
3017,4,10.56435954,26.55005007,3.88909300,10.86514195,26.57067252,4.51874825,0.40249253
3018,4,24.90511911,1.71112589,3.88909300,24.90784231,1.83485092,4.30325287,0.13391268
3019,4,26.33919506,4.19501831,3.88909300,26.34026277,4.19418247,4.25261874,0.00145422
3020,4,20.60289124,14.13058798,3.88909300,20.64171960,14.13069937,4.25224295,0.03882881
3021,4,17.73473932,19.09837281,3.88909300,17.70212556,19.09104695,4.36585811,0.11857390
3022,4,29.20734697,4.19501831,3.88909300,29.30365029,4.10097612,4.29599585,0.14158284
3023,4,14.86658741,29.03394249,3.88909300,14.85637155,29.03434216,4.25330235,0.01029493
3024,4,32.07549889,4.19501831,3.88909300,32.07549889,4.19501831,4.25209324,0.00000000
3025,4,27.77327102,11.64669556,3.88909300,27.72163028,11.55767725,4.25965588,0.10319021
3026,4,24.90511911,16.61448040,3.88909300,24.92721283,16.60020080,4.28754376,0.04414497
3027,4,23.47104315,19.09837281,3.88909300,23.47048501,19.10906575,4.26642205,0.01788757
3028,4,20.60289124,24.06615765,3.88909300,20.58131348,23.93425822,4.14042326,0.17416442
3029,4,19.16881528,26.55005007,3.88909300,19.48783249,26.37392273,4.66632062,0.55170385
3030,4,17.73473932,29.03394249,3.88909300,17.55933422,28.93193890,3.92506772,0.38486020
3031,4,16.30066337,31.51783490,3.88909300,16.53994279,31.44978566,4.13842287,0.27350740
3032,4,-2.34232406,4.19501831,3.88909300,-2.37048642,4.25453264,4.30328866,0.08340291
3033,4,-3.77640002,6.67891072,3.88909300,-3.71496266,6.62435495,4.27967852,0.08667081
3034,4,-6.64455193,11.64669556,3.88909300,-6.64907007,11.73927547,4.40420313,0.17812600
3035,4,-8.07862789,14.13058798,3.88909300,29.05432346,13.91984481,3.99826558,0.36367205
3036,4,-15.24900767,26.55005007,3.88909300,-15.15540169,26.74652065,4.11739088,0.25594432
3037,4,-13.81493171,29.03394249,3.88909300,-13.77935163,29.09422401,4.25525499,0.07006997
3038,4,1.95990381,8.33483900,6.25045800,1.95785977,8.32715471,6.63232733,0.02047605
3039,4,0.52582785,10.81873142,6.25045800,0.63489929,10.66806409,6.19170227,0.46095046
3040,4,-2.34232406,15.78651626,6.25045800,-2.38402476,15.84574494,6.62697076,0.07368564
3041,4,-3.77640002,18.27040867,6.25045800,-3.77640002,18.27040867,6.61345824,0.00000000
3042,4,-8.07862789,25.72208593,6.25045800,-8.17650498,25.68885837,6.41279314,0.22572213
3043,4,-9.51270384,28.20597835,6.25045800,-9.52081774,28.24950176,6.57172150,0.06084471
3044,4,7.69620763,3.36705417,6.25045800,8.07030790,3.07950241,6.64735746,0.47306044
3045,4,6.26213168,5.85094658,6.25045800,6.41863976,5.79357829,6.59602474,0.16760021
3046,4,4.82805572,8.33483900,6.25045800,4.83423972,8.34378766,6.65107071,0.03915377
3047,4,3.39397976,10.81873142,6.25045800,3.56874620,10.93487296,6.21782048,0.44784083
3048,4,-0.90824811,18.27040867,6.25045800,-0.86132432,18.08304050,6.31054770,0.35925405
3049,4,10.56435954,3.36705417,6.25045800,10.77749936,3.38561921,6.60687926,0.21404795
3050,4,9.13028359,5.85094658,6.25045800,9.14173460,5.82531315,6.68535001,0.07717917
3051,4,7.69620763,8.33483900,6.25045800,7.55759369,8.27316534,6.60020561,0.15229280
3052,4,11.99843550,5.85094658,6.25045800,12.03184709,5.91953284,6.39449165,0.23187664
3053,4,7.69620763,13.30262384,6.25045800,7.57537731,13.44957976,6.60193929,0.19060088
3054,4,6.26213168,15.78651626,6.25045800,6.21406979,15.80988554,6.59645680,0.05608134
3055,4,4.82805572,18.27040867,6.25045800,4.81372252,18.24359239,6.61447998,0.03042364
3056,4,0.52582785,25.72208593,6.25045800,1.00180429,25.95193037,6.84918466,0.57874777
3057,4,-2.34232406,30.68987077,6.25045800,-2.36074359,30.69916886,6.57972852,0.03954020
3058,4,7.69620763,18.27040867,6.25045800,7.55718571,18.18059657,6.59707284,0.16631834
3059,4,6.26213168,20.75430109,6.25045800,6.07342220,20.65796065,6.52384763,0.23004958
3060,4,3.39397976,25.72208593,6.25045800,3.67649916,26.44150269,6.67437640,0.77529910
3061,4,1.95990381,28.20597835,6.25045800,1.90439258,28.51637064,6.60509293,0.31542804
3062,4,0.52582785,30.68987077,6.25045800,0.44441292,30.81906295,6.60973627,0.15275099
3063,4,17.73473932,0.88316175,6.25045800,17.69244517,0.92426792,6.54985313,0.08674171
3064,4,13.43251146,13.30262384,6.25045800,13.63268762,13.35265853,6.66200221,0.21196812
3065,4,11.99843550,15.78651626,6.25045800,12.28371466,15.71485003,6.81870242,0.35867174
3066,4,9.13028359,20.75430109,6.25045800,9.01112936,21.32852840,6.27231649,0.67846328
3067,4,4.82805572,28.20597835,6.25045800,4.99077013,28.81852239,6.89047988,0.69168430
3068,4,20.60289124,5.85094658,6.25045800,20.55966482,5.97121204,6.60603899,0.12801308
3069,4,19.16881528,8.33483900,6.25045800,19.16881528,8.33483900,6.61345824,0.00000000
3070,4,16.30066337,13.30262384,6.25045800,16.42315678,13.40382006,6.78664303,0.23502825
3071,4,14.86658741,15.78651626,6.25045800,14.99363548,15.70975457,6.53491598,0.16793586
3072,4,11.99843550,20.75430109,6.25045800,11.74091344,21.02982572,6.40882058,0.42907808
3073,4,10.56435954,23.23819351,6.25045800,10.62241780,23.51201901,6.51797893,0.29574898
3074,4,23.47104315,0.88316175,6.25045800,23.47104315,0.88316175,6.61345824,0.00000000
3075,4,24.90511911,3.36705417,6.25045800,24.73122220,3.43945985,6.50844227,0.21566426
3076,4,22.03696719,8.33483900,6.25045800,22.03696719,8.33483900,6.61345824,0.00000000
3077,4,17.73473932,15.78651626,6.25045800,17.71341184,15.80842223,6.35877853,0.25650827
3078,4,16.30066337,18.27040867,6.25045800,16.26941554,18.11645896,6.46865431,0.21364719
3079,4,11.99843550,25.72208593,6.25045800,12.07748090,25.79420117,6.83209174,0.24341197
3080,4,10.56435954,28.20597835,6.25045800,10.61241229,28.15020114,6.78533504,0.18698074
3081,4,9.13028359,30.68987077,6.25045800,9.16446733,30.67523688,6.62004227,0.03776279
3082,4,26.33919506,0.88316175,6.25045800,26.33919506,0.88316175,6.61345824,0.00000000
3083,4,24.90511911,8.33483900,6.25045800,24.88007082,8.52151355,6.72599500,0.21940676
3084,4,14.86658741,25.72208593,6.25045800,14.67480866,25.86380001,6.01155771,0.64741503
3085,4,13.43251146,28.20597835,6.25045800,13.39806337,28.17330144,6.69005329,0.09011799
3086,4,11.99843550,30.68987077,6.25045800,12.03102350,30.53029811,6.69017198,0.18002891
3087,4,27.77327102,8.33483900,6.25045800,27.72734893,8.52530215,6.77412491,0.25337488
3088,4,26.33919506,10.81873142,6.25045800,26.36017648,10.87273487,6.56286531,0.07691708
3089,4,23.47104315,15.78651626,6.25045800,23.55022229,15.70054941,7.01157982,0.41492219
3090,4,22.03696719,18.27040867,6.25045800,22.01197867,17.94955124,7.00619982,0.50775965
3091,4,19.16881528,23.23819351,6.25045800,18.80505404,23.32460319,7.23186070,0.72264132
3092,4,17.73473932,25.72208593,6.25045800,17.82219602,25.81985961,6.75028296,0.18955044
3093,4,32.07549889,5.85094658,6.25045800,32.18366269,5.87808582,6.50286887,0.15705399
3094,4,29.20734697,10.81873142,6.25045800,29.20734697,10.81873142,6.61345824,0.00000000
3095,4,26.33919506,15.78651626,6.25045800,26.27246681,15.81457642,6.98679617,0.38029099
3096,4,24.90511911,18.27040867,6.25045800,24.90740988,18.23062804,6.56147212,0.06550041
3097,4,20.60289124,25.72208593,6.25045800,20.79883198,25.50188411,6.94478159,0.44346000
3098,4,17.73473932,30.68987077,6.25045800,17.20316528,30.95641977,6.73475829,0.60690447
3099,4,34.94365080,0.88316175,6.25045800,34.87270970,1.20843100,6.62630906,0.33316343
3100,4,-2.34232406,5.85094658,6.25045800,-2.34232406,5.85094658,6.61345824,0.00000000
3101,4,-3.77640002,8.33483900,6.25045800,-3.77640002,8.33483900,6.61345824,0.00000000
3102,4,-8.07862789,15.78651626,6.25045800,-8.29054894,15.83332864,7.08361325,0.51782976
3103,4,-9.51270384,18.27040867,6.25045800,-9.46377971,18.71217164,6.83684536,0.49744336
3104,4,-16.68308362,30.68987077,6.25045800,-16.46156476,30.71193480,6.90287175,0.36512683
3105,4,0.52582785,0.88316175,6.25045800,0.56178881,0.73098280,6.77720743,0.22641868
3106,4,-0.90824811,8.33483900,6.25045800,-0.94347788,8.37534957,6.66998241,0.07795655
3107,4,-6.64455193,18.27040867,6.25045800,-6.64327034,18.00004682,6.95697541,0.43715125
3108,4,-10.94677980,25.72208593,6.25045800,-10.80103043,25.90573289,7.11212372,0.55103207
3109,4,-13.81493171,30.68987077,6.25045800,-13.83617894,31.00038920,6.23326395,0.49134595
3110,4,3.39397976,0.88316175,6.25045800,3.28044620,0.90927090,6.73994286,0.17195905
3111,4,3.39397976,2.53909003,8.61182300,3.19213895,2.53336863,9.13779510,0.25948463
3112,4,0.52582785,7.50687486,8.61182300,0.52582785,7.50687486,8.97482324,0.00000000
3113,4,-0.90824811,9.99076728,8.61182300,-1.11308350,9.73887349,9.11592584,0.35400277
3114,4,-3.77640002,14.95855212,8.61182300,-3.77402580,14.96259029,8.97749779,0.00539417
3115,4,-5.21047597,17.44244454,8.61182300,-5.14845861,17.39621921,9.15360048,0.19479280
3116,4,-9.51270384,24.89412179,8.61182300,-9.45432299,24.78458687,9.19866200,0.25594924
3117,4,4.82805572,0.05519761,8.61182300,-13.87420477,32.10827897,8.74431561,0.33624820
3118,4,-2.34232406,17.44244454,8.61182300,-2.43617100,17.35156918,8.89721430,0.15194975
3119,4,-6.64455193,24.89412179,8.61182300,-6.77222776,24.73842808,8.72068064,0.32423774
3120,4,-8.07862789,27.37801421,8.61182300,-8.19048194,27.15618806,8.70865457,0.36409330
3121,4,9.13028359,2.53909003,8.61182300,9.17983953,2.51322532,9.07068192,0.11096693
3122,4,7.69620763,5.02298245,8.61182300,7.69520693,5.00545716,8.95375109,0.02742577
3123,4,10.56435954,5.02298245,8.61182300,10.55515744,4.98192400,8.92735068,0.06343594
3124,4,-3.77640002,29.86190663,8.61182300,-3.83108847,29.89582745,8.88037915,0.11428533
3125,4,7.69620763,14.95855212,8.61182300,7.71031704,14.93608131,8.97536178,0.02653870
3126,4,6.26213168,17.44244454,8.61182300,6.23626330,17.22708780,8.92353151,0.22288683
3127,4,4.82805572,19.92633695,8.61182300,4.66078908,19.68639025,8.98641301,0.29272320
3128,4,3.39397976,22.41022937,8.61182300,3.44973283,22.73375669,9.07700209,0.34382967
3129,4,1.95990381,24.89412179,8.61182300,1.91062177,24.97724277,9.22579283,0.26893039
3130,4,-0.90824811,29.86190663,8.61182300,-1.10041818,30.07388838,8.91314571,0.29269390
3131,4,11.99843550,12.47465970,8.61182300,11.84205764,12.31064052,8.95039867,0.22793176
3132,4,10.56435954,14.95855212,8.61182300,10.57504583,14.94834862,8.98338868,0.01707849
3133,4,7.69620763,19.92633695,8.61182300,7.66034047,19.54896324,8.99515722,0.37961934
3134,4,6.26213168,22.41022937,8.61182300,6.24497216,21.90282427,8.94151526,0.50878661
3135,4,4.82805572,24.89412179,8.61182300,4.68559069,25.15408584,8.87978718,0.31130282
3136,4,3.39397976,27.37801421,8.61182300,3.34071218,27.50723498,9.15947064,0.23158175
3137,4,19.16881528,5.02298245,8.61182300,19.16124214,5.02639996,8.96099309,0.01613397
3138,4,13.43251146,14.95855212,8.61182300,13.33503943,14.58664709,9.07299981,0.39680320
3139,4,10.56435954,19.92633695,8.61182300,10.76194053,19.91265322,9.26028766,0.34744125
3140,4,9.13028359,22.41022937,8.61182300,8.96945904,21.93766567,8.92777257,0.50139281
3141,4,20.60289124,7.50687486,8.61182300,20.60289124,7.50687486,8.97482324,0.00000000
3142,4,16.30066337,14.95855212,8.61182300,16.29894192,14.98934945,9.02022444,0.05488813
3143,4,14.86658741,17.44244454,8.61182300,14.30984676,17.11274638,8.76836139,0.67918151
3144,4,7.69620763,29.86190663,8.61182300,7.59897610,29.93085498,8.95610643,0.12065722
3145,4,24.90511911,0.05519761,8.61182300,24.96027976,0.04458622,8.92960696,0.07210971
3146,4,26.33919506,2.53909003,8.61182300,26.19233075,2.41693087,9.45711316,0.51874420
3147,4,20.60289124,12.47465970,8.61182300,20.56993204,12.09228069,9.02682368,0.38730357
3148,4,11.99843550,27.37801421,8.61182300,11.79151936,27.13218851,9.18841247,0.38583017
3149,4,10.56435954,29.86190663,8.61182300,10.32329660,29.88280506,8.95529346,0.24275399
3150,4,27.77327102,0.05519761,8.61182300,27.77327102,0.05519761,8.97482324,0.00000000
3151,4,26.33919506,7.50687486,8.61182300,26.25995766,7.55663458,8.86822566,0.14183667
3152,4,22.03696719,14.95855212,8.61182300,22.23427087,14.66722508,9.16312017,0.39906881
3153,4,16.30066337,24.89412179,8.61182300,16.40813149,24.95047600,8.91102937,0.13709432
3154,4,13.43251146,29.86190663,8.61182300,13.00561968,29.56813314,9.31634120,0.62062385
3155,4,30.64142293,0.05519761,8.61182300,30.54337497,0.10772488,9.40287342,0.44226628
3156,4,29.20734697,7.50687486,8.61182300,29.23427418,7.58574644,8.84067831,0.15792613
3157,4,27.77327102,9.99076728,8.61182300,27.77843352,10.04387606,9.04289407,0.08649180
3158,4,23.47104315,17.44244454,8.61182300,23.68234264,17.44799357,9.09965526,0.24548177
3159,4,22.03696719,19.92633695,8.61182300,22.08432182,19.93975277,9.07565810,0.11220567
3160,4,20.60289124,22.41022937,8.61182300,20.58746570,22.52936813,9.13313435,0.19873198
3161,4,19.16881528,24.89412179,8.61182300,19.21858272,25.12751437,9.23254481,0.35123966
3162,4,34.94365080,2.53909003,8.61182300,35.19403303,3.16353990,9.36963014,0.78006499
3163,4,26.33919506,17.44244454,8.61182300,26.38975530,17.71957972,8.93138801,0.28503836
3164,4,24.90511911,19.92633695,8.61182300,24.78349279,19.90879866,8.70451191,0.29693226
3165,4,36.37772676,0.05519761,8.61182300,17.65431829,32.25693859,9.08621385,0.16362026
3166,4,0.52582785,2.53909003,8.61182300,0.47445247,2.26492448,9.08447194,0.29971488
3167,4,-2.34232406,7.50687486,8.61182300,-2.42560649,7.35575221,8.96676840,0.17273940
3168,4,-8.07862789,17.44244454,8.61182300,-8.18731513,17.45371870,9.27174267,0.31638769
3169,4,-15.24900767,29.86190663,8.61182300,-14.88461358,29.57877037,8.81425737,0.48860065
3170,4,1.95990381,0.05519761,8.61182300,2.03175007,0.02910628,9.09761453,0.14463866
3171,4,3.39397976,4.19501831,10.97318800,3.79460408,4.39211866,11.20309878,0.46589827
3172,4,-0.90824811,11.64669556,10.97318800,-0.57369567,11.64991661,11.32314562,0.33482207
3173,4,-2.34232406,14.13058798,10.97318800,-2.32392532,14.17486030,11.33463009,0.04796854
3174,4,-3.77640002,16.61448040,10.97318800,-3.76077080,16.60555562,11.36117952,0.03079753
3175,4,-6.64455193,21.58226523,10.97318800,-6.80032784,21.73927959,10.69260262,0.68053075
3176,4,-8.07862789,24.06615765,10.97318800,-8.04091716,24.05628972,11.41137500,0.08469075
3177,4,4.82805572,6.67891072,10.97318800,5.22967756,6.64847155,11.86518517,0.66487923
3178,4,-3.77640002,21.58226523,10.97318800,-3.80330915,21.46682908,11.20410565,0.17746948
3179,4,-5.21047597,24.06615765,10.97318800,-5.10047845,23.86289550,11.22529784,0.25634281
3180,4,6.26213168,9.16280314,10.97318800,6.27637343,9.27409031,11.93768798,0.61187383
3181,4,4.82805572,11.64669556,10.97318800,4.80481263,11.56154574,12.10516800,0.77402881
3182,4,1.95990381,16.61448040,10.97318800,1.94846012,16.62042216,11.31460319,0.02514313
3183,4,-2.34232406,24.06615765,10.97318800,-2.12145723,23.88330450,11.41978374,0.29867313
3184,4,-5.21047597,29.03394249,10.97318800,-5.44340882,29.03134547,11.34818281,0.23325592
3185,4,-6.64455193,31.51783490,10.97318800,-6.64468720,31.51469362,11.33265049,0.00473305
3186,4,10.56435954,1.71112589,10.97318800,10.30988297,2.17643068,11.63617133,0.60930840
3187,4,7.69620763,11.64669556,10.97318800,7.69620763,11.64669556,11.33618824,0.00000000
3188,4,6.26213168,14.13058798,10.97318800,6.35466537,14.16063372,11.29487567,0.10569750
3189,4,4.82805572,16.61448040,10.97318800,4.73279373,16.34531834,11.43950291,0.30363955
3190,4,3.39397976,19.09837281,10.97318800,3.33785445,18.99165955,11.34370181,0.12080656
3191,4,-2.34232406,29.03394249,10.97318800,-2.72086656,29.08332367,11.25178000,0.39097018
3192,4,-3.77640002,31.51783490,10.97318800,-3.85994959,31.55800292,11.30358790,0.09826893
3193,4,13.43251146,6.67891072,10.97318800,13.44989210,6.70144209,11.31787198,0.03384132
3194,4,11.99843550,9.16280314,10.97318800,11.72598067,9.58752128,11.79420351,0.68146542
3195,4,9.13028359,14.13058798,10.97318800,9.13028359,14.13058798,11.33618824,0.00000000
3196,4,4.82805572,21.58226523,10.97318800,4.60787569,21.39436033,11.14798110,0.34526718
3197,4,3.39397976,24.06615765,10.97318800,3.39116648,24.13830831,11.44544899,0.13096390
3198,4,1.95990381,26.55005007,10.97318800,1.95727654,26.59999864,11.41410687,0.09259090
3199,4,17.73473932,4.19501831,10.97318800,17.68859733,4.20643865,11.20237103,0.14200900
3200,4,16.30066337,6.67891072,10.97318800,16.29957867,6.63305854,11.27340074,0.07775519
3201,4,14.86658741,9.16280314,10.97318800,14.61054228,9.41597663,11.68755915,0.50310778
3202,4,13.43251146,11.64669556,10.97318800,13.35423545,11.80412705,11.30985255,0.17777901
3203,4,11.99843550,14.13058798,10.97318800,11.95815026,14.14292404,11.38200775,0.06224553
3204,4,7.69620763,21.58226523,10.97318800,7.68291152,21.07037883,11.45458767,0.52556912
3205,4,6.26213168,24.06615765,10.97318800,6.11930232,24.06514719,11.37976084,0.14933123
3206,4,4.82805572,26.55005007,10.97318800,4.83248686,26.54271785,11.33588555,0.00857252
3207,4,3.39397976,29.03394249,10.97318800,3.40347208,28.90782645,11.49584311,0.20367875
3208,4,19.16881528,1.71112589,10.97318800,18.91192018,1.78653894,11.47032293,0.29945673
3209,4,20.60289124,4.19501831,10.97318800,20.44276309,4.46262816,11.29853390,0.31412403
3210,4,19.16881528,6.67891072,10.97318800,19.11757462,6.84076265,11.18635809,0.22643040
3211,4,10.56435954,21.58226523,10.97318800,10.39816802,21.22693344,11.61922144,0.48372316
3212,4,26.33919506,4.19501831,10.97318800,26.36853346,4.31923958,11.39989607,0.14265466
3213,4,22.03696719,11.64669556,10.97318800,21.81816378,11.30616133,11.31771115,0.40519119
3214,4,20.60289124,14.13058798,10.97318800,20.53057156,13.87560104,11.13668841,0.33173583
3215,4,19.16881528,16.61448040,10.97318800,18.78143379,16.50280993,11.49661185,0.43390142
3216,4,13.43251146,26.55005007,10.97318800,13.69906614,26.45717312,11.05647098,0.39739058
3217,4,11.99843550,29.03394249,10.97318800,12.01709071,28.68378996,11.69646294,0.50274513
3218,4,10.56435954,31.51783490,10.97318800,10.44837236,31.24670404,11.40028414,0.30178346
3219,4,27.77327102,1.71112589,10.97318800,27.97590368,1.80203952,11.42307549,0.23848412
3220,4,27.77327102,6.67891072,10.97318800,27.77573984,6.60296972,10.92179799,0.42129848
3221,4,26.33919506,9.16280314,10.97318800,26.45203493,9.28817322,11.29984148,0.17254443
3222,4,19.16881528,21.58226523,10.97318800,19.11900753,21.61814227,11.25105276,0.10495725
3223,4,17.73473932,24.06615765,10.97318800,17.62969118,24.10109937,11.19369948,0.18044136
3224,4,29.20734697,9.16280314,10.97318800,29.20734697,9.16280314,11.33618824,0.00000000
3225,4,22.03696719,21.58226523,10.97318800,21.93388007,21.51144291,11.38991539,0.13612260
3226,4,20.60289124,24.06615765,10.97318800,20.50972001,23.99847712,11.42658284,0.14639917
3227,4,33.50957484,1.71112589,10.97318800,33.73364126,1.71077034,11.28694234,0.22941457
3228,4,-12.38085576,21.58226523,10.97318800,-12.38758073,21.58461296,11.41736700,0.08149065
3229,4,-16.68308362,29.03394249,10.97318800,-16.32371205,28.95669254,11.04276502,0.47033251
3230,4,-0.90824811,1.71112589,10.97318800,-0.83039280,1.70686841,11.41045213,0.10767868
3231,4,0.52582785,4.19501831,10.97318800,1.09058968,4.28078524,11.51955194,0.59994511
3232,4,-2.34232406,9.16280314,10.97318800,-2.70233512,8.97768039,11.19416932,0.42900789
3233,4,-3.77640002,11.64669556,10.97318800,-3.29789311,11.63044346,11.37414262,0.48028484
3234,4,-5.21047597,14.13058798,10.97318800,-5.23035270,14.08318363,11.17844489,0.16590727
3235,4,-6.64455193,16.61448040,10.97318800,-6.62454807,16.62282486,11.34336188,0.02283080
3236,4,-10.94677980,24.06615765,10.97318800,-10.91805417,24.14930920,11.41258392,0.11651456
3237,4,-13.81493171,29.03394249,10.97318800,-13.61774496,29.03232535,11.35301230,0.19790977
3238,4,-15.24900767,31.51783490,10.97318800,-15.02868210,31.35345904,11.09413999,0.36626512
3239,4,1.95990381,1.71112589,10.97318800,1.92711874,1.68437786,11.39692464,0.07402180
3240,4,4.82805572,3.36705417,13.33455300,5.15789261,3.15811412,13.87756234,0.42994371
3241,4,3.39397976,5.85094658,13.33455300,3.37899453,5.82894157,13.69935625,0.02668387
3242,4,-5.21047597,20.75430109,13.33455300,-4.81378054,20.67273141,13.64543069,0.40833521
3243,4,-6.64455193,23.23819351,13.33455300,-6.70016019,23.32284553,13.66718123,0.10573884
3244,4,7.69620763,3.36705417,13.33455300,7.86223958,3.39306087,13.64189509,0.17703329
3245,4,4.82805572,8.33483900,13.33455300,4.66731378,8.31082539,13.94954557,0.29985789
3246,4,0.52582785,15.78651626,13.33455300,0.46548111,15.96822269,13.57852599,0.22544721
3247,4,-2.34232406,20.75430109,13.33455300,-2.03555479,20.93006678,13.20689429,0.60477034
3248,4,-3.77640002,23.23819351,13.33455300,-3.74757758,23.17527922,13.48827700,0.22042116
3249,4,-8.07862789,30.68987077,13.33455300,-7.79776190,30.94545329,13.86440747,0.41478725
3250,4,9.13028359,0.88316175,13.33455300,9.11377987,0.98561558,13.89106497,0.21958130
3251,4,6.26213168,10.81873142,13.33455300,6.51973482,10.98359004,14.14213650,0.53962210
3252,4,4.82805572,13.30262384,13.33455300,4.79612713,13.40522257,14.11390861,0.42999735
3253,4,3.39397976,15.78651626,13.33455300,3.18909583,15.98363226,13.65544776,0.28741088
3254,4,1.95990381,18.27040867,13.33455300,1.86813201,18.36667473,13.67531615,0.13484697
3255,4,-5.21047597,30.68987077,13.33455300,-5.09227999,30.67452949,13.68777380,0.11958797
3256,4,11.99843550,0.88316175,13.33455300,12.07672884,1.03429964,13.36765159,0.37122447
3257,4,9.13028359,10.81873142,13.33455300,9.19995552,10.91427944,13.65649809,0.12517638
3258,4,7.69620763,13.30262384,13.33455300,7.81017209,13.33200917,13.64824296,0.12760447
3259,4,-2.34232406,30.68987077,13.33455300,-2.37225851,30.74691830,13.83086340,0.14806111
3260,4,14.86658741,0.88316175,13.33455300,15.54418142,1.12035254,13.15060291,0.90252301
3261,4,14.86658741,5.85094658,13.33455300,14.86739297,5.83591566,13.67052128,0.03094034
3262,4,13.43251146,8.33483900,13.33455300,13.23101126,8.44793134,13.82859022,0.26563677
3263,4,11.99843550,10.81873142,13.33455300,12.04277224,11.06142274,14.06389273,0.44166666
3264,4,10.56435954,13.30262384,13.33455300,10.55529864,13.31375785,13.69154826,0.01556040
3265,4,19.16881528,3.36705417,13.33455300,19.46944200,3.38618805,13.60464627,0.31523679
3266,4,17.73473932,5.85094658,13.33455300,18.05291372,5.71433165,13.44240759,0.43011381
3267,4,16.30066337,8.33483900,13.33455300,16.35085917,8.25087352,13.46526674,0.25204531
3268,4,10.56435954,18.27040867,13.33455300,10.39157839,17.99669889,13.82303833,0.34715542
3269,4,6.26213168,25.72208593,13.33455300,6.26628865,25.69458904,13.65700755,0.04916618
3270,4,4.82805572,28.20597835,13.33455300,4.83698721,28.20941236,13.70525111,0.01228093
3271,4,20.60289124,0.88316175,13.33455300,20.57954198,0.90070741,13.72421066,0.03954309
3272,4,11.99843550,20.75430109,13.33455300,11.99650719,20.67737709,13.75639980,0.09687073
3273,4,7.69620763,28.20597835,13.33455300,7.70933068,28.06525798,13.60550934,0.16866095
3274,4,20.60289124,10.81873142,13.33455300,20.48615946,10.22329676,13.43369802,0.66165574
3275,4,19.16881528,13.30262384,13.33455300,19.03726179,13.33447213,13.63989155,0.14712412
3276,4,17.73473932,15.78651626,13.33455300,17.62857144,15.72868524,13.84093925,0.18755157
3277,4,14.86658741,20.75430109,13.33455300,14.98027424,20.75597600,13.50239480,0.22586350
3278,4,13.43251146,23.23819351,13.33455300,13.44080637,22.98777734,13.77319543,0.26172276
3279,4,27.77327102,3.36705417,13.33455300,27.78357331,3.37259453,13.70678805,0.01490351
3280,4,26.33919506,5.85094658,13.33455300,26.15468011,5.55791271,13.81737145,0.36643010
3281,4,23.47104315,10.81873142,13.33455300,23.43576450,10.29023021,13.26077115,0.68653966
3282,4,22.03696719,13.30262384,13.33455300,22.15548498,12.98290389,13.43879115,0.42804804
3283,4,20.60289124,15.78651626,13.33455300,20.59409166,15.54320503,13.29059038,0.47423260
3284,4,19.16881528,18.27040867,13.33455300,18.75762990,18.41433206,13.60360942,0.44565996
3285,4,17.73473932,20.75430109,13.33455300,17.69260898,20.92031970,13.70354906,0.17138580
3286,4,16.30066337,23.23819351,13.33455300,16.15382821,23.23155820,13.70705675,0.14729191
3287,4,29.20734697,5.85094658,13.33455300,29.25438443,5.73828441,13.60293397,0.15446066
3288,4,27.77327102,8.33483900,13.33455300,27.55059415,7.84769529,13.33513570,0.64671513
3289,4,20.60289124,20.75430109,13.33455300,20.38529249,20.59301676,13.43505635,0.37718228
3290,4,19.16881528,23.23819351,13.33455300,18.86775338,23.37087362,13.50847885,0.37946199
3291,4,14.86658741,30.68987077,13.33455300,14.86039277,30.76534361,13.67917316,0.07792529
3292,4,32.07549889,0.88316175,13.33455300,32.11970963,0.92143625,13.75559216,0.08238958
3293,4,33.50957484,3.36705417,13.33455300,33.56772978,3.22032393,13.54923166,0.21658959
3294,4,26.33919506,15.78651626,13.33455300,26.48134398,15.70047061,13.71897718,0.16753851
3295,4,34.94365080,0.88316175,13.33455300,34.94800457,0.87576830,13.69799983,0.00859173
3296,4,-0.90824811,3.36705417,13.33455300,-0.90824811,3.36705417,13.69755324,0.00000000
3297,4,-8.07862789,15.78651626,13.33455300,-8.05617816,15.57437147,13.86021518,0.26826909
3298,4,-10.94677980,20.75430109,13.33455300,-10.89117599,20.80521866,13.58512181,0.13537064
3299,4,-12.38085576,23.23819351,13.33455300,-12.29457989,23.22796489,13.65012617,0.09898221
3300,4,-15.24900767,28.20597835,13.33455300,-15.23429774,28.27302526,13.76419512,0.09567032
3301,4,1.95990381,3.36705417,13.33455300,2.04467706,3.29685796,13.87451181,0.20839468
3302,4,-2.34232406,10.81873142,13.33455300,-2.29984199,10.77908568,13.77146431,0.09401786
3303,4,-3.77640002,13.30262384,13.33455300,-4.17612190,13.06604005,13.51703974,0.49833182
3304,4,-5.21047597,15.78651626,13.33455300,-5.35732226,15.52128481,13.48928356,0.36781492
3305,4,-9.51270384,23.23819351,13.33455300,-9.51547376,23.21268119,13.69083077,0.02652814
3306,4,-0.90824811,9.99076728,15.69591800,-0.54962680,9.61534576,16.16684838,0.53028244
3307,4,-2.34232406,12.47465970,15.69591800,-1.81421363,12.02874760,16.14353973,0.69634691
3308,4,-9.51270384,24.89412179,15.69591800,-9.52026596,24.90176307,16.17886408,0.12042665
3309,4,-10.94677980,27.37801421,15.69591800,-10.94601591,27.35939748,16.17666890,0.11921569
3310,4,-12.38085576,29.86190663,15.69591800,-12.29237926,29.96203720,16.15074779,0.16213232
3311,4,3.39397976,7.50687486,15.69591800,3.05947412,7.35968527,15.93308172,0.38651472
3312,4,-9.51270384,29.86190663,15.69591800,-9.49898630,30.24546685,16.34277703,0.47737032
3313,4,7.69620763,0.05519761,15.69591800,7.61876481,0.19034141,16.02570790,0.15926131
3314,4,9.13028359,2.53909003,15.69591800,9.03050458,2.55347167,16.11797404,0.11683436
3315,4,7.69620763,5.02298245,15.69591800,7.72410570,4.93326617,15.88531175,0.19739941
3316,4,0.52582785,17.44244454,15.69591800,0.67328329,17.07475769,16.05978175,0.39615334
3317,4,-0.90824811,19.92633695,15.69591800,-0.61123579,19.47475330,16.17921116,0.55372782
3318,4,-2.34232406,22.41022937,15.69591800,-1.82468864,22.39116610,16.49154932,0.67489221
3319,4,-3.77640002,24.89412179,15.69591800,-3.62873155,25.02270578,16.36228835,0.36107235
3320,4,11.99843550,2.53909003,15.69591800,11.74085782,2.82452577,16.18689398,0.40521305
3321,4,10.56435954,5.02298245,15.69591800,10.43617807,5.18978520,15.82969639,0.31112105
3322,4,3.39397976,17.44244454,15.69591800,3.87321055,17.33943607,15.91775384,0.51009831
3323,4,1.95990381,19.92633695,15.69591800,2.10833022,19.37686479,16.31563972,0.62438447
3324,4,-0.90824811,24.89412179,15.69591800,-0.91502728,25.16810190,16.16505605,0.29389843
3325,4,-2.34232406,27.37801421,15.69591800,-2.40597334,27.45003463,16.08755198,0.10028989
3326,4,-3.77640002,29.86190663,15.69591800,-3.77640002,29.86190663,16.05891824,0.00000000
3327,4,11.99843550,7.50687486,15.69591800,12.37054427,8.29484019,16.41018994,0.93954568
3328,4,9.13028359,12.47465970,15.69591800,9.18687453,12.41258758,16.03838402,0.08647044
3329,4,7.69620763,14.95855212,15.69591800,7.34574621,14.29809323,16.73073262,1.00516849
3330,4,0.52582785,27.37801421,15.69591800,0.53728948,27.47294990,16.21685413,0.18462909
3331,4,-0.90824811,29.86190663,15.69591800,-0.92986048,29.76889241,16.19813048,0.16881583
3332,4,17.73473932,2.53909003,15.69591800,17.93504944,2.32323636,15.58959074,0.55406250
3333,4,14.86658741,7.50687486,15.69591800,14.81440788,7.14150136,16.06151901,0.36908978
3334,4,10.56435954,14.95855212,15.69591800,10.73924501,14.66144740,16.05250743,0.34481479
3335,4,9.13028359,17.44244454,15.69591800,9.37068281,17.01550232,16.15096810,0.49854249
3336,4,7.69620763,19.92633695,15.69591800,7.63288622,19.09044765,15.83649045,0.86729157
3337,4,1.95990381,29.86190663,15.69591800,1.87305045,29.87017065,16.13829595,0.11795177
3338,4,19.16881528,0.05519761,15.69591800,0.53693103,32.24539110,16.10436541,0.11077220
3339,4,20.60289124,2.53909003,15.69591800,20.64842654,2.55954018,16.08053708,0.05439712
3340,4,17.73473932,7.50687486,15.69591800,17.47133896,7.56957874,16.48778010,0.50718243
3341,4,16.30066337,9.99076728,15.69591800,15.77422490,9.68091537,15.71175396,0.70261562
3342,4,11.99843550,17.44244454,15.69591800,12.35418066,17.61100103,15.77622883,0.48464339
3343,4,10.56435954,19.92633695,15.69591800,10.54791778,19.63966576,15.99109031,0.29504463
3344,4,9.13028359,22.41022937,15.69591800,9.29966650,22.04433210,16.28036529,0.46001106
3345,4,7.69620763,24.89412179,15.69591800,7.66725590,24.91204120,16.06977688,0.03573818
3346,4,6.26213168,27.37801421,15.69591800,6.02019541,27.17513958,15.93113128,0.34061823
3347,4,22.03696719,0.05519761,15.69591800,21.89828270,0.13893261,16.13297919,0.17812906
3348,4,20.60289124,7.50687486,15.69591800,20.17544178,7.49927389,16.16049371,0.43941824
3349,4,13.43251146,19.92633695,15.69591800,13.69041508,20.03006352,15.79008925,0.38670727
3350,4,11.99843550,22.41022937,15.69591800,11.98909449,21.95052509,16.70745886,0.79499699
3351,4,9.13028359,27.37801421,15.69591800,9.28457927,27.37989457,15.77803313,0.32047955
3352,4,7.69620763,29.86190663,15.69591800,7.34856534,29.55306615,15.85950730,0.50596672
3353,4,24.90511911,0.05519761,15.69591800,24.61006942,0.06257972,16.38717026,0.44142745
3354,4,26.33919506,2.53909003,15.69591800,26.34936165,2.65327631,16.27816882,0.24741196
3355,4,23.47104315,7.50687486,15.69591800,23.41943654,7.49807347,16.47027267,0.41467236
3356,4,22.03696719,9.99076728,15.69591800,22.10346636,9.70533612,15.56448819,0.57476444
3357,4,19.16881528,14.95855212,15.69591800,18.95859809,14.73761138,16.00265923,0.31011475
3358,4,17.73473932,17.44244454,15.69591800,17.61583069,17.29765756,16.06858264,0.18760578
3359,4,27.77327102,0.05519761,15.69591800,27.87467705,0.21320425,15.89540318,0.24897079
3360,4,20.60289124,17.44244454,15.69591800,20.34213441,17.07674716,16.19888006,0.47044448
3361,4,19.16881528,19.92633695,15.69591800,18.65102228,19.81725075,16.00331303,0.53207267
3362,4,14.86658741,27.37801421,15.69591800,14.86500901,27.57155991,16.27013098,0.28648429
3363,4,13.43251146,29.86190663,15.69591800,13.42453023,29.87463775,16.05779900,0.01506766
3364,4,30.64142293,5.02298245,15.69591800,30.43171701,5.13668430,15.98541102,0.24961570
3365,4,29.20734697,7.50687486,15.69591800,29.54583013,7.74428399,16.27502317,0.46651396
3366,4,24.90511911,14.95855212,15.69591800,25.09302978,14.82847959,16.07189602,0.22890545
3367,4,17.73473932,27.37801421,15.69591800,17.58534308,27.44239013,16.18451951,0.20552172
3368,4,16.30066337,29.86190663,15.69591800,16.19337425,29.92172689,15.90081733,0.20021319
3369,4,33.50957484,0.05519761,15.69591800,33.50957484,0.05519761,16.05891824,0.00000000
3370,4,33.50957484,5.02298245,15.69591800,33.12506935,4.90710006,15.64280971,0.57829016
3371,4,32.07549889,7.50687486,15.69591800,32.23278804,7.46686224,15.91791525,0.21499472
3372,4,27.77327102,14.95855212,15.69591800,27.81777166,14.82975171,16.06848440,0.13660660
3373,4,26.33919506,17.44244454,15.69591800,26.35391985,17.24144865,15.96249704,0.22341265
3374,4,20.60289124,27.37801421,15.69591800,20.64319387,27.63239980,16.18652565,0.28743692
3375,4,-8.07862789,17.44244454,15.69591800,-8.18241689,17.23153776,16.01940374,0.23835943
3376,4,-10.94677980,22.41022937,15.69591800,-11.00251996,22.54079686,16.06825368,0.14227433
3377,4,-12.38085576,24.89412179,15.69591800,-12.24429767,24.96384204,16.17347594,0.19139616
3378,4,-13.81493171,27.37801421,15.69591800,-13.78922600,27.68936734,16.01417135,0.31560076
3379,4,-15.24900767,29.86190663,15.69591800,-15.27340022,29.98343719,16.03938244,0.12548435
3380,4,-0.90824811,11.64669556,18.05728300,-0.85739635,11.60423775,18.65919544,0.24792661
3381,4,-3.77640002,16.61448040,18.05728300,-3.43409476,16.47873090,18.58783374,0.40456642
3382,4,-9.51270384,26.55005007,18.05728300,-9.41780166,26.60681650,18.32242079,0.14766826
3383,4,-10.94677980,29.03394249,18.05728300,-10.90597513,29.03508845,18.33767006,0.09214811
3384,4,-12.38085576,31.51783490,18.05728300,-12.30353359,31.66828778,18.29003712,0.21349201
3385,4,4.82805572,6.67891072,18.05728300,4.74713900,7.58236950,18.85048795,1.00392299
3386,4,3.39397976,9.16280314,18.05728300,2.86799444,9.48956269,18.34485845,0.62379585
3387,4,1.95990381,11.64669556,18.05728300,1.81801707,12.00384733,18.33253535,0.39419402
3388,4,-2.34232406,19.09837281,18.05728300,-2.22041550,18.90957483,18.38237801,0.22791048
3389,4,-3.77640002,21.58226523,18.05728300,-3.19021132,21.44115724,18.65590703,0.64733857
3390,4,-5.21047597,24.06615765,18.05728300,-4.88207797,24.22251519,18.64549867,0.42780243
3391,4,9.13028359,4.19501831,18.05728300,9.16207963,4.20212513,18.28335192,0.14075398
3392,4,0.52582785,19.09837281,18.05728300,0.61886556,19.06881790,18.57635503,0.18408670
3393,4,-2.34232406,24.06615765,18.05728300,-2.16017250,24.15501078,18.54106978,0.23593105
3394,4,-3.77640002,26.55005007,18.05728300,-3.55152310,26.59948029,18.58311085,0.28200320
3395,4,11.99843550,4.19501831,18.05728300,11.87574105,4.42385382,18.38875407,0.26156014
3396,4,10.56435954,6.67891072,18.05728300,10.56446499,6.78587578,18.03429814,0.40053219
3397,4,3.39397976,19.09837281,18.05728300,3.74432804,19.04278449,18.46880784,0.35803438
3398,4,1.95990381,21.58226523,18.05728300,2.19901213,21.28685161,18.48863595,0.38615294
3399,4,-0.90824811,26.55005007,18.05728300,-0.81985265,26.60438016,18.47855516,0.11900055
3400,4,-2.34232406,29.03394249,18.05728300,-2.19340431,28.95902770,18.47229134,0.17462577
3401,4,13.43251146,6.67891072,18.05728300,13.25030127,6.77416343,18.49296789,0.21807496
3402,4,10.56435954,11.64669556,18.05728300,9.67020106,11.49542039,19.21147876,1.20349238
3403,4,9.13028359,14.13058798,18.05728300,9.31643083,14.12807868,18.60469333,0.26203850
3404,4,6.26213168,19.09837281,18.05728300,6.45697760,19.22721330,18.29062282,0.26716406
3405,4,4.82805572,21.58226523,18.05728300,4.91261860,21.50255546,18.37013301,0.12656846
3406,4,16.30066337,6.67891072,18.05728300,15.89307706,6.83891830,19.15310006,0.85366827
3407,4,14.86658741,9.16280314,18.05728300,14.92719617,9.22548681,18.26113794,0.18146595
3408,4,10.56435954,16.61448040,18.05728300,10.69438142,16.53408014,18.48341024,0.16539319
3409,4,9.13028359,19.09837281,18.05728300,9.17774045,19.36891277,18.33064978,0.28892590
3410,4,7.69620763,21.58226523,18.05728300,7.62819409,21.72265899,18.40802538,0.15648164
3411,4,6.26213168,24.06615765,18.05728300,6.07699682,23.93382363,18.76687036,0.41462011
3412,4,1.95990381,31.51783490,18.05728300,1.69638490,31.68252999,18.51055911,0.32359916
3413,4,19.16881528,1.71112589,18.05728300,19.10418292,1.81800289,18.39690805,0.12706862
3414,4,17.73473932,9.16280314,18.05728300,17.76669487,9.28530525,18.58379509,0.20679470
3415,4,16.30066337,11.64669556,18.05728300,16.56789961,11.72963678,18.69499258,0.39212202
3416,4,11.99843550,19.09837281,18.05728300,11.95274671,19.31675236,18.30332175,0.25190689
3417,4,7.69620763,26.55005007,18.05728300,7.77301941,26.96303550,18.00642675,0.58968993
3418,4,22.03696719,6.67891072,18.05728300,21.75197748,6.93057161,18.69122386,0.46686310
3419,4,20.60289124,9.16280314,18.05728300,20.87111294,9.40792206,17.97635046,0.57367455
3420,4,17.73473932,14.13058798,18.05728300,17.77299284,14.17405721,18.43245416,0.05916956
3421,4,9.13028359,29.03394249,18.05728300,9.26052457,29.23410013,17.77442364,0.68859308
3422,4,7.69620763,31.51783490,18.05728300,7.79221117,31.54779618,18.43787926,0.10209788
3423,4,24.90511911,1.71112589,18.05728300,24.99437621,1.56784048,18.62563578,0.26583304
3424,4,26.33919506,4.19501831,18.05728300,26.39344723,4.34126741,18.60201445,0.23949599
3425,4,24.90511911,6.67891072,18.05728300,24.96352251,6.90758132,18.66163772,0.33756953
3426,4,23.47104315,9.16280314,18.05728300,23.52901652,9.24870134,18.55534479,0.17023817
3427,4,19.16881528,16.61448040,18.05728300,18.98514965,16.61290465,18.51570407,0.20697990
3428,4,13.43251146,26.55005007,18.05728300,13.53705952,26.59288304,18.52967369,0.15726166
3429,4,10.56435954,31.51783490,18.05728300,10.86439630,31.43666037,17.79795446,0.69563242
3430,4,27.77327102,1.71112589,18.05728300,27.71155484,1.70084727,18.43810928,0.06505617
3431,4,29.20734697,4.19501831,18.05728300,29.04806702,4.04558089,18.06368857,0.41816434
3432,4,26.33919506,9.16280314,18.05728300,26.25159232,9.30013436,18.45959925,0.16757044
3433,4,24.90511911,11.64669556,18.05728300,24.54764984,11.81299097,18.44661467,0.39513514
3434,4,16.30066337,26.55005007,18.05728300,16.35303481,26.61839851,18.52224650,0.13345704
3435,4,14.86658741,29.03394249,18.05728300,14.57774652,29.11088226,18.49997371,0.30935313
3436,4,30.64142293,6.67891072,18.05728300,30.63703556,6.58658931,18.48709128,0.11404300
3437,4,26.33919506,14.13058798,18.05728300,26.38548446,13.81455510,18.24577496,0.36396790
3438,4,24.90511911,16.61448040,18.05728300,25.07649639,16.39017093,18.32734216,0.29719178
3439,4,19.16881528,26.55005007,18.05728300,19.11790355,26.81430438,18.34808099,0.27863149
3440,4,17.73473932,29.03394249,18.05728300,17.29275029,29.16408878,18.27602013,0.48280867
3441,4,-3.77640002,6.67891072,18.05728300,-3.79436500,6.71882793,18.44384434,0.04971166
3442,4,-5.21047597,9.16280314,18.05728300,31.84322697,9.00454253,18.13331885,0.40167801
3443,4,-9.51270384,16.61448040,18.05728300,-9.48558393,16.44654455,18.28923553,0.21473575
3444,4,-12.38085576,21.58226523,18.05728300,-12.21720294,21.63138518,18.48318422,0.18207566
3445,4,-13.81493171,24.06615765,18.05728300,-13.73273370,24.18965680,18.74126430,0.35360626
3446,4,-9.51270384,21.58226523,18.05728300,-9.49508244,21.58607163,18.59381105,0.17446175
3447,4,-10.94677980,24.06615765,18.05728300,-10.94677980,24.06615765,18.42028324,0.00000000
3448,4,-13.81493171,29.03394249,18.05728300,-13.96911011,29.51398090,18.38515943,0.50541225
3449,4,4.82805572,3.36705417,20.41864800,4.95580061,3.59037390,20.78452446,0.25729114
3450,4,3.39397976,5.85094658,20.41864800,3.39713725,5.85287806,20.77627436,0.00652526
3451,4,-0.90824811,13.30262384,20.41864800,-0.90791832,13.30577487,20.78674110,0.00599791
3452,4,-2.34232406,15.78651626,20.41864800,-2.10592712,15.75211488,20.85327661,0.24939445
3453,4,-3.77640002,18.27040867,20.41864800,-3.81066140,18.29378149,20.71546093,0.07810821
3454,4,-10.94677980,30.68987077,20.41864800,-10.87282592,31.29655556,20.57895002,0.64391163
3455,4,4.82805572,8.33483900,20.41864800,4.82225392,8.66559002,21.34953230,0.65720788
3456,4,3.39397976,10.81873142,20.41864800,3.34403319,10.84782919,20.65893313,0.13564785
3457,4,1.95990381,13.30262384,20.41864800,1.92353083,13.27388059,20.74087787,0.06173646
3458,4,-5.21047597,25.72208593,20.41864800,-5.22580715,26.00615395,20.67643789,0.30331321
3459,4,10.56435954,3.36705417,20.41864800,10.53744657,3.36377388,20.78297212,0.02714445
3460,4,4.82805572,13.30262384,20.41864800,4.82805572,13.30262384,20.78164824,0.00000000
3461,4,-2.34232406,25.72208593,20.41864800,-2.09938018,25.80801276,20.74854191,0.25980989
3462,4,13.43251146,3.36705417,20.41864800,13.52640004,3.75929549,20.45222654,0.52075616
3463,4,11.99843550,5.85094658,20.41864800,11.50528769,6.48368374,20.57354296,0.82876950
3464,4,3.39397976,20.75430109,20.41864800,3.57982973,20.48642446,20.83567063,0.33047922
3465,4,1.95990381,23.23819351,20.41864800,1.99112428,22.69991433,20.80903849,0.53987908
3466,4,11.99843550,10.81873142,20.41864800,11.99843550,10.81873142,20.78164824,0.00000000
3467,4,10.56435954,13.30262384,20.41864800,10.60631644,13.41614443,20.90225928,0.17086347
3468,4,6.26213168,20.75430109,20.41864800,6.28737464,19.92017867,20.92031202,0.84594626
3469,4,4.82805572,23.23819351,20.41864800,4.63400937,23.33491502,20.99920708,0.30714962
3470,4,3.39397976,25.72208593,20.41864800,3.35805494,25.73518891,20.80954368,0.04733325
3471,4,0.52582785,30.68987077,20.41864800,0.52582785,30.68987077,20.78164824,0.00000000
3472,4,17.73473932,0.88316175,20.41864800,17.68734283,0.83323604,20.77277132,0.06941040
3473,4,19.16881528,3.36705417,20.41864800,19.12091545,3.45702447,20.78529402,0.10199186
3474,4,13.43251146,13.30262384,20.41864800,13.41148369,13.25981219,20.78222678,0.04770051
3475,4,10.56435954,18.27040867,20.41864800,10.63299522,18.30100862,20.85419987,0.10445549
3476,4,6.26213168,25.72208593,20.41864800,6.14552995,25.71671815,20.86232277,0.14189135
3477,4,20.60289124,0.88316175,20.41864800,20.40107413,1.05457747,20.66835834,0.28800711
3478,4,16.30066337,13.30262384,20.41864800,16.27260455,13.33861280,20.87403562,0.10304334
3479,4,14.86658741,15.78651626,20.41864800,14.38469217,15.96139859,20.79330269,0.51277936
3480,4,24.90511911,3.36705417,20.41864800,25.00998755,3.30649422,20.72350885,0.13433200
3481,4,23.47104315,5.85094658,20.41864800,23.35777823,6.17232509,20.75779045,0.34158788
3482,4,22.03696719,8.33483900,20.41864800,21.99149417,8.52516820,20.90485774,0.23124355
3483,4,17.73473932,15.78651626,20.41864800,17.69991171,15.65441326,20.71881306,0.15037428
3484,4,26.33919506,0.88316175,20.41864800,26.49076756,0.95549156,20.81882371,0.17201116
3485,4,27.77327102,3.36705417,20.41864800,27.73323787,3.38242386,20.77223230,0.04390377
3486,4,24.90511911,8.33483900,20.41864800,24.94958091,8.46929329,20.89436989,0.18099994
3487,4,23.47104315,10.81873142,20.41864800,23.56726979,10.81480459,20.78471441,0.09635553
3488,4,20.60289124,15.78651626,20.41864800,20.41110154,15.44435615,20.54353648,0.45886168
3489,4,19.16881528,18.27040867,20.41864800,19.17728230,18.21459507,20.71158759,0.08997413
3490,4,14.86658741,25.72208593,20.41864800,14.80861855,25.73541772,20.78181099,0.05948237
3491,4,29.20734697,0.88316175,20.41864800,29.21182122,0.81552738,20.79628148,0.06934377
3492,4,26.33919506,10.81873142,20.41864800,26.28992199,10.86446387,20.69021254,0.11348912
3493,4,20.60289124,20.75430109,20.41864800,20.87422192,20.71141736,21.01031880,0.35742072
3494,4,17.73473932,25.72208593,20.41864800,17.49416645,25.30467289,20.61895228,0.50850657
3495,4,32.07549889,5.85094658,20.41864800,32.13259658,5.89576828,20.65741259,0.14388755
3496,4,23.47104315,20.75430109,20.41864800,23.57888057,20.78959062,20.68947289,0.14618671
3497,4,22.03696719,23.23819351,20.41864800,21.82443553,23.23541951,20.62206783,0.26578810
3498,4,17.73473932,30.68987077,20.41864800,17.90655890,30.86008824,20.60347525,0.30040235
3499,4,34.94365080,0.88316175,20.41864800,35.03114252,0.83062527,20.68050977,0.14367976
3500,4,-2.34232406,5.85094658,20.41864800,-2.34232406,5.85094658,20.78164824,0.00000000
3501,4,-3.77640002,8.33483900,20.41864800,-3.72606081,8.36103027,20.69206364,0.10604442
3502,4,-10.94677980,20.75430109,20.41864800,-10.98384041,20.70810869,20.73054928,0.07821976
3503,4,-12.38085576,23.23819351,20.41864800,-12.27587342,23.10666243,20.77323801,0.16850058
3504,4,-16.68308362,30.68987077,20.41864800,-16.08245644,31.00185753,20.76827724,0.67695461
3505,4,0.52582785,0.88316175,20.41864800,0.63412351,1.00850709,20.69170629,0.18849127
3506,4,1.95990381,3.36705417,20.41864800,2.05645535,3.39590251,20.74542596,0.10708165
3507,4,-5.21047597,15.78651626,20.41864800,-5.14725138,15.87974609,20.62020752,0.19685594
3508,4,-9.51270384,23.23819351,20.41864800,-9.41449364,23.27435159,20.73096987,0.11627962
3509,4,3.39397976,0.88316175,20.41864800,3.66209442,1.19852458,20.61244090,0.44718041
3510,4,3.39397976,2.53909003,22.78001300,3.60356927,2.58601906,22.95692391,0.28418187
3511,4,1.95990381,5.02298245,22.78001300,2.08060783,5.04837669,23.02210589,0.17272208
3512,4,-3.77640002,14.95855212,22.78001300,-3.71983922,15.14352839,22.96257550,0.26452433
3513,4,-5.21047597,17.44244454,22.78001300,-5.34364900,17.53545462,22.83657407,0.34682978
3514,4,-8.07862789,22.41022937,22.78001300,-8.06890236,22.48791874,23.14018014,0.07834698
3515,4,-9.51270384,24.89412179,22.78001300,-9.43227422,24.85912639,23.08595269,0.10463990
3516,4,4.82805572,5.02298245,22.78001300,4.83356484,5.01281183,23.10531059,0.03943706
3517,4,-0.90824811,14.95855212,22.78001300,-0.99375350,14.92233554,23.19822171,0.10803142
3518,4,-2.34232406,17.44244454,22.78001300,-2.43540948,17.54648332,22.94586002,0.24157474
3519,4,-3.77640002,19.92633695,22.78001300,-3.77640002,19.92633695,23.14301324,0.00000000
3520,4,-6.64455193,24.89412179,22.78001300,-6.65377457,24.98586285,22.76069959,0.39327498
3521,4,-8.07862789,27.37801421,22.78001300,-8.01795376,27.30257478,23.20352297,0.11416603
3522,4,6.26213168,7.50687486,22.78001300,6.34364155,7.44466756,23.25188863,0.14955754
3523,4,3.39397976,12.47465970,22.78001300,3.45537326,11.99093658,23.12979138,0.48778277
3524,4,1.95990381,14.95855212,22.78001300,2.73817611,14.61465329,22.96863756,0.86855112
3525,4,-5.21047597,27.37801421,22.78001300,-5.34250968,27.66420593,22.83548298,0.44035607
3526,4,-6.64455193,29.86190663,22.78001300,-6.78085652,29.95603416,23.15628400,0.16617776
3527,4,10.56435954,0.05519761,22.78001300,10.52051511,0.02508191,22.91889323,0.23034554
3528,4,11.99843550,2.53909003,22.78001300,11.91566589,2.52264397,23.02312791,0.14660755
3529,4,4.82805572,14.95855212,22.78001300,5.42204625,15.07135208,23.08043566,0.60783595
3530,4,-3.77640002,29.86190663,22.78001300,-4.06326131,30.06967530,22.79711269,0.49508021
3531,4,13.43251146,0.05519761,22.78001300,13.32701909,0.18755970,23.02981993,0.20361996
3532,4,3.39397976,22.41022937,22.78001300,3.30407885,22.37293015,23.17408883,0.10217191
3533,4,17.73473932,2.53909003,22.78001300,17.71328312,2.49846629,23.12894256,0.04804832
3534,4,11.99843550,12.47465970,22.78001300,12.03241761,12.49928853,23.10353311,0.05761982
3535,4,4.82805572,24.89412179,22.78001300,4.85030784,24.93584605,23.19339632,0.06909794
3536,4,3.39397976,27.37801421,22.78001300,3.39397976,27.37801421,23.14301324,0.00000000
3537,4,1.95990381,29.86190663,22.78001300,1.90659613,29.83241060,23.08237254,0.08595940
3538,4,19.16881528,0.05519761,22.78001300,19.11867253,0.01428609,23.07964861,0.09057110
3539,4,13.43251146,14.95855212,22.78001300,13.28507315,15.04604856,23.11218258,0.17419590
3540,4,10.56435954,19.92633695,22.78001300,10.56435954,19.92633695,23.14301324,0.00000000
3541,4,6.26213168,27.37801421,22.78001300,6.22540818,27.39761529,23.08663124,0.07008386
3542,4,20.60289124,7.50687486,22.78001300,20.59004918,7.55892020,23.04815339,0.10895884
3543,4,16.30066337,14.95855212,22.78001300,16.00387894,14.89745895,23.21341387,0.31107816
3544,4,13.43251146,19.92633695,22.78001300,13.43251146,19.92633695,23.14301324,0.00000000
3545,4,11.99843550,22.41022937,22.78001300,11.98102116,22.41934539,23.11495282,0.03426002
3546,4,9.13028359,27.37801421,22.78001300,9.07607284,27.55839486,23.15306587,0.18861877
3547,4,23.47104315,7.50687486,22.78001300,23.46610658,7.70297018,23.04757316,0.21814342
3548,4,19.16881528,14.95855212,22.78001300,18.69954187,14.55957614,23.00492381,0.63124327
3549,4,14.86658741,22.41022937,22.78001300,14.97220291,22.21635830,23.15645184,0.22118142
3550,4,13.43251146,24.89412179,22.78001300,13.65300866,24.59308492,22.96902524,0.41172083
3551,4,11.99843550,27.37801421,22.78001300,12.26949428,26.93237586,23.16353999,0.52200358
3552,4,27.77327102,0.05519761,22.78001300,27.75132429,0.16356922,23.10094701,0.11830314
3553,4,29.20734697,2.53909003,22.78001300,29.11604015,2.52017655,23.01048279,0.16204622
3554,4,24.90511911,9.99076728,22.78001300,24.96647667,10.17867270,23.03455614,0.22546871
3555,4,19.16881528,19.92633695,22.78001300,19.03793880,19.89627388,22.85092657,0.32147639
3556,4,17.73473932,22.41022937,22.78001300,17.75885000,22.47674195,23.14160782,0.07076173
3557,4,16.30066337,24.89412179,22.78001300,16.35480654,24.89825151,23.14620765,0.05439432
3558,4,30.64142293,0.05519761,22.78001300,30.76867531,0.09988788,23.17175900,0.13790108
3559,4,32.07549889,2.53909003,22.78001300,32.02400333,2.50926014,22.96365205,0.18897633
3560,4,30.64142293,5.02298245,22.78001300,31.11031824,5.21605265,23.08993490,0.50985903
3561,4,27.77327102,9.99076728,22.78001300,27.68899966,10.17573316,22.92459463,0.29836342
3562,4,26.33919506,12.47465970,22.78001300,26.56612206,12.65831055,22.91092051,0.37294844
3563,4,20.60289124,22.41022937,22.78001300,20.60289124,22.41022937,23.14301324,0.00000000
3564,4,33.50957484,0.05519761,22.78001300,34.00473036,0.65294577,23.19827439,0.77816171
3565,4,33.50957484,5.02298245,22.78001300,33.82611106,5.00226064,23.14466207,0.31721805
3566,4,32.07549889,7.50687486,22.78001300,32.19619426,7.71168550,22.95984919,0.30010638
3567,4,29.20734697,12.47465970,22.78001300,29.27022422,12.44375775,23.16788397,0.07434400
3568,4,19.16881528,29.86190663,22.78001300,19.40500014,30.22959918,22.79473849,0.55881697
3569,4,36.37772676,0.05519761,22.78001300,36.70023774,0.29617853,23.02167618,0.42048523
3570,4,0.52582785,2.53909003,22.78001300,0.77373270,2.65752178,23.03314277,0.29589596
3571,4,-2.34232406,7.50687486,22.78001300,-2.36712472,7.70840506,23.06646188,0.21700139
3572,4,-6.64455193,14.95855212,22.78001300,-6.37361838,14.59181569,22.68454539,0.64660140
3573,4,-15.24900767,29.86190663,22.78001300,-15.19042590,30.20884404,23.22461510,0.36118729
3574,4,1.95990381,0.05519761,22.78001300,2.13803412,0.28898207,22.94921932,0.35205350
3575,4,0.52582785,9.16280314,25.14137800,0.34913120,9.31061456,25.37315238,0.26512290
3576,4,-0.90824811,11.64669556,25.14137800,-0.99450222,11.68093157,25.39501845,0.14342748
3577,4,-6.64455193,21.58226523,25.14137800,-6.76170478,21.20607815,25.46166218,0.39631575
3578,4,-8.07862789,24.06615765,25.14137800,-8.59836543,24.12674884,25.57441624,0.52792398
3579,4,6.26213168,4.19501831,25.14137800,6.32063836,4.09337635,25.48353187,0.11911629
3580,4,4.82805572,6.67891072,25.14137800,4.89460315,6.41476360,25.44091269,0.27969651
3581,4,-2.34232406,19.09837281,25.14137800,-2.36697377,19.03615066,25.45907258,0.08081960
3582,4,-3.77640002,21.58226523,25.14137800,-3.88969367,21.50656308,25.50386420,0.13625905
3583,4,-5.21047597,24.06615765,25.14137800,-5.93876800,23.77770286,25.09593957,0.88342379
3584,4,-9.51270384,31.51783490,25.14137800,-9.91573490,31.38844743,25.92527472,0.59693299
3585,4,7.69620763,1.71112589,25.14137800,7.83906713,1.86995962,25.90189020,0.45127901
3586,4,7.69620763,6.67891072,25.14137800,7.68430848,6.68173522,25.49794696,0.01381771
3587,4,3.39397976,14.13058798,25.14137800,3.32480525,14.11360581,25.58188251,0.10526356
3588,4,0.52582785,19.09837281,25.14137800,0.52850501,19.07217676,25.47731370,0.03776096
3589,4,-0.90824811,21.58226523,25.14137800,-1.15969726,21.46711639,25.22007338,0.39662979
3590,4,-2.34232406,24.06615765,25.14137800,-2.46425768,23.82589106,25.61823892,0.29250657
3591,4,-6.64455193,31.51783490,25.14137800,-6.45452146,31.38229388,25.45487492,0.23860748
3592,4,10.56435954,1.71112589,25.14137800,10.42102489,1.16447482,25.39197169,0.57620087
3593,4,6.26213168,14.13058798,25.14137800,6.04941586,14.12334126,25.55670593,0.21917737
3594,4,4.82805572,16.61448040,25.14137800,4.86678379,16.57481219,25.43059835,0.09228707
3595,4,3.39397976,19.09837281,25.14137800,3.58958425,18.95236664,25.80506838,0.38728991
3596,4,1.95990381,21.58226523,25.14137800,1.56093818,21.58846526,25.30753056,0.44492810
3597,4,0.52582785,24.06615765,25.14137800,0.19380960,23.92878173,25.02804981,0.59665488
3598,4,13.43251146,1.71112589,25.14137800,13.15535375,1.68438067,25.30012598,0.34532693
3599,4,14.86658741,4.19501831,25.14137800,14.41773929,4.08290654,25.65036042,0.48512316
3600,4,11.99843550,9.16280314,25.14137800,11.67154989,9.10759734,26.01134496,0.60573686
3601,4,7.69620763,16.61448040,25.14137800,7.73563954,16.55178402,25.49585938,0.07455388
3602,4,6.26213168,19.09837281,25.14137800,6.31155783,18.84521853,25.86515740,0.44349931
3603,4,0.52582785,29.03394249,25.14137800,0.48191092,29.02102591,25.66510494,0.16711854
3604,4,16.30066337,1.71112589,25.14137800,15.86449375,1.69772886,25.59101060,0.44489165
3605,4,14.86658741,9.16280314,25.14137800,14.48642739,9.08438731,25.79682878,0.48600205
3606,4,13.43251146,11.64669556,25.14137800,13.43251146,11.64669556,25.50437824,0.00000000
3607,4,9.13028359,19.09837281,25.14137800,9.13028359,19.09837281,25.50437824,0.00000000
3608,4,19.16881528,6.67891072,25.14137800,19.00657547,6.59708430,25.52733373,0.18315096
3609,4,17.73473932,9.16280314,25.14137800,17.71169478,8.97593119,25.22967111,0.33304082
3610,4,14.86658741,14.13058798,25.14137800,14.84827950,14.07226177,25.53889687,0.07020443
3611,4,11.99843550,19.09837281,25.14137800,11.94924042,19.10511992,25.49893670,0.04995288
3612,4,10.56435954,21.58226523,25.14137800,10.56435954,21.58226523,25.50437824,0.00000000
3613,4,7.69620763,26.55005007,25.14137800,7.64798887,26.63364749,25.28136334,0.24300047
3614,4,22.03696719,6.67891072,25.14137800,21.71324088,6.43278373,25.26050251,0.47418625
3615,4,20.60289124,9.16280314,25.14137800,20.59065110,9.14572492,25.50243608,0.02110115
3616,4,17.73473932,14.13058798,25.14137800,17.69829339,14.01867152,25.48063689,0.12007186
3617,4,13.43251146,21.58226523,25.14137800,13.37009794,21.70504824,25.34754702,0.20872745
3618,4,10.56435954,26.55005007,25.14137800,10.52144259,26.64427439,25.27427347,0.25232577
3619,4,9.13028359,29.03394249,25.14137800,9.13028359,29.03394249,25.50437824,0.00000000
3620,4,24.90511911,1.71112589,25.14137800,24.93322235,1.80002017,25.45085053,0.10750443
3621,4,26.33919506,4.19501831,25.14137800,26.36984149,4.11526373,25.45293011,0.09973418
3622,4,19.16881528,16.61448040,25.14137800,18.98726344,16.51710131,25.60292945,0.22837710
3623,4,11.99843550,29.03394249,25.14137800,11.96188772,28.93821727,25.56952841,0.12142323
3624,4,22.03696719,16.61448040,25.14137800,22.05767443,16.63251298,25.46718231,0.04623312
3625,4,19.16881528,21.58226523,25.14137800,19.16398295,21.59326990,25.49739208,0.01390182
3626,4,17.73473932,24.06615765,25.14137800,17.73473932,24.06615765,25.50437824,0.00000000
3627,4,30.64142293,1.71112589,25.14137800,30.60349822,1.90300412,25.20839065,0.35477344
3628,4,32.07549889,4.19501831,25.14137800,32.32378430,4.01601538,25.21399705,0.42191105
3629,4,27.77327102,11.64669556,25.14137800,27.96333196,11.69057734,25.47582184,0.19714015
3630,4,26.33919506,14.13058798,25.14137800,26.46005331,14.11320492,25.59035032,0.14933213
3631,4,24.90511911,16.61448040,25.14137800,24.90452793,16.58211837,25.45149135,0.06200543
3632,4,23.47104315,19.09837281,25.14137800,23.47104315,19.09837281,25.50437824,0.00000000
3633,4,16.30066337,31.51783490,25.14137800,16.37272141,31.61090010,25.62322649,0.16726744
3634,4,33.50957484,1.71112589,25.14137800,33.56333236,1.63867895,25.69981973,0.21525753
3635,4,-3.77640002,6.67891072,25.14137800,-4.16103508,7.26570064,25.49817757,0.70164448
3636,4,-8.07862789,14.13058798,25.14137800,-8.09809169,14.12409612,25.42393494,0.08301873
3637,4,-9.51270384,16.61448040,25.14137800,-9.51605330,16.59127471,25.47949812,0.03418689
3638,4,-10.94677980,19.09837281,25.14137800,-10.94677980,19.09837281,25.50437824,0.00000000
3639,4,-15.24900767,26.55005007,25.14137800,-15.23191440,26.63557971,25.56732770,0.10756456
3640,4,-16.68308362,29.03394249,25.14137800,-16.52420035,29.04445245,25.67049666,0.23010798
3641,4,-18.11715958,31.51783490,25.14137800,-17.68093356,31.48919642,25.33969917,0.46715362
3642,4,-0.90824811,1.71112589,25.14137800,-0.49712023,1.49620417,25.46632688,0.46547329
3643,4,-0.90824811,6.67891072,25.14137800,-1.06522703,7.00016081,25.66577135,0.39229037
3644,4,-2.34232406,9.16280314,25.14137800,-2.41762514,9.35968085,25.49869006,0.21086356
3645,4,-12.38085576,26.55005007,25.14137800,-12.46989264,26.67429492,25.52254855,0.15393021
3646,4,-13.81493171,29.03394249,25.14137800,-13.80460506,29.04966808,25.50313895,0.01885390
3647,4,0.52582785,10.81873142,27.50274300,0.10285840,10.61888848,27.75411030,0.48093895
3648,4,6.26213168,5.85094658,27.50274300,6.25191632,5.83499833,27.86608300,0.01894243
3649,4,-0.90824811,18.27040867,27.50274300,-0.80412582,18.50598969,27.78550755,0.26977329
3650,4,-2.34232406,20.75430109,27.50274300,-2.16872244,21.11608578,27.72664021,0.42470618
3651,4,7.69620763,8.33483900,27.50274300,7.75062570,8.11014121,27.82334307,0.23504936
3652,4,4.82805572,13.30262384,27.50274300,4.86303217,13.28223546,27.86089046,0.04077484
3653,4,3.39397976,15.78651626,27.50274300,3.33404719,16.21894638,27.65555665,0.48452671
3654,4,1.95990381,18.27040867,27.50274300,2.04535390,18.64372730,28.02865241,0.41618254
3655,4,0.52582785,20.75430109,27.50274300,0.54612318,20.91062838,27.83449185,0.16070710
3656,4,-0.90824811,23.23819351,27.50274300,-0.78233338,23.45596582,27.89129995,0.25284866
3657,4,13.43251146,3.36705417,27.50274300,13.33729856,3.28113090,28.01975596,0.20042011
3658,4,6.26213168,15.78651626,27.50274300,6.26213168,15.78651626,27.86574324,0.00000000
3659,4,4.82805572,18.27040867,27.50274300,4.87547955,18.41193626,28.14571786,0.31727726
3660,4,0.52582785,25.72208593,27.50274300,0.59665195,25.80545468,27.84096951,0.11216122
3661,4,-0.90824811,28.20597835,27.50274300,-0.97891368,28.20612845,27.86096696,0.07082697
3662,4,16.30066337,3.36705417,27.50274300,16.21526136,3.24602820,27.96763488,0.17978513
3663,4,14.86658741,5.85094658,27.50274300,14.83823006,5.73094046,27.86085265,0.12340797
3664,4,13.43251146,8.33483900,27.50274300,13.30055481,8.24346301,28.10134263,0.28507754
3665,4,11.99843550,10.81873142,27.50274300,12.06581565,10.88235343,28.04088355,0.19814633
3666,4,10.56435954,13.30262384,27.50274300,10.76570127,13.27406170,27.92398296,0.21153286
3667,4,7.69620763,18.27040867,27.50274300,7.82112301,18.21732486,28.04488080,0.22474876
3668,4,1.95990381,28.20597835,27.50274300,1.73514695,28.26798462,28.09395039,0.32624979
3669,4,0.52582785,30.68987077,27.50274300,0.51355327,30.69278651,27.86531029,0.01262356
3670,4,14.86658741,10.81873142,27.50274300,14.93150850,10.80188021,27.92383299,0.08873066
3671,4,13.43251146,13.30262384,27.50274300,13.60117882,13.17599839,27.78960417,0.22423167
3672,4,10.56435954,18.27040867,27.50274300,10.56435954,18.27040867,27.86574324,0.00000000
3673,4,9.13028359,20.75430109,27.50274300,9.13028359,20.75430109,27.86574324,0.00000000
3674,4,3.39397976,30.68987077,27.50274300,3.23499719,30.53850136,27.89876554,0.22198789
3675,4,20.60289124,0.88316175,27.50274300,20.56225626,0.77774407,27.76821459,0.14925122
3676,4,22.03696719,3.36705417,27.50274300,21.90717074,3.14347423,27.63125657,0.34902595
3677,4,20.60289124,5.85094658,27.50274300,20.58748862,5.83223699,27.86659765,0.02424912
3678,4,19.16881528,8.33483900,27.50274300,19.16881528,8.33483900,27.86574324,0.00000000
3679,4,23.47104315,0.88316175,27.50274300,23.46944488,0.89505612,27.86868139,0.01235570
3680,4,24.90511911,3.36705417,27.50274300,25.17710233,3.24947953,27.74515198,0.31990768
3681,4,23.47104315,5.85094658,27.50274300,23.49668605,5.24757940,26.94538987,1.10079964
3682,4,22.03696719,8.33483900,27.50274300,22.58691386,7.84655522,27.41971011,0.86012089
3683,4,19.16881528,13.30262384,27.50274300,19.15836308,13.50986042,28.23523483,0.42376913
3684,4,17.73473932,15.78651626,27.50274300,17.49643102,15.59932306,27.69084588,0.34988745
3685,4,26.33919506,0.88316175,27.50274300,26.39642720,0.81730390,27.89347565,0.09155249
3686,4,26.33919506,5.85094658,27.50274300,25.91616394,5.85530222,28.04130541,0.45803535
3687,4,20.60289124,15.78651626,27.50274300,20.84636847,15.57137576,27.66512618,0.38185573
3688,4,13.43251146,28.20597835,27.50274300,13.28585241,28.20218913,27.84738259,0.14785245
3689,4,29.20734697,5.85094658,27.50274300,28.58428824,5.37159727,27.71658032,0.80014220
3690,4,27.77327102,8.33483900,27.50274300,27.10221226,8.30590754,27.93153027,0.67489616
3691,4,26.33919506,10.81873142,27.50274300,25.82952675,10.82335196,27.80790343,0.51296060
3692,4,23.47104315,15.78651626,27.50274300,23.56137563,15.64633024,27.88272570,0.16763198
3693,4,16.30066337,28.20597835,27.50274300,15.95904240,28.12436766,28.42101468,0.65703239
3694,4,14.86658741,30.68987077,27.50274300,14.95494646,30.56885757,27.75731897,0.18495226
3695,4,32.07549889,0.88316175,27.50274300,32.34974728,0.65345796,28.23132067,0.51149083
3696,4,29.20734697,10.81873142,27.50274300,28.54449170,10.61754650,27.91202578,0.69425828
3697,4,27.77327102,13.30262384,27.50274300,27.77327102,13.30262384,27.86574324,0.00000000
3698,4,26.33919506,15.78651626,27.50274300,26.39926350,15.69185753,27.86860274,0.11214575
3699,4,24.90511911,18.27040867,27.50274300,24.94257452,17.99290790,27.78225452,0.29219849
3700,4,22.03696719,23.23819351,27.50274300,21.79378234,23.36657282,27.69420948,0.32410485
3701,4,20.60289124,25.72208593,27.50274300,20.57332282,25.68457960,28.48556116,0.62165526
3702,4,17.73473932,30.68987077,27.50274300,17.68182634,30.59896867,27.86573849,0.10518067
3703,4,34.94365080,0.88316175,27.50274300,35.03912899,0.89413665,27.86590160,0.09610702
3704,4,-13.81493171,25.72208593,27.50274300,-13.81493171,25.72208593,27.86574324,0.00000000
3705,4,-15.24900767,28.20597835,27.50274300,-15.28556420,28.17685282,27.93705417,0.08526386
3706,4,0.52582785,0.88316175,27.50274300,0.46510798,0.63061278,27.87555146,0.25993092
3707,4,1.95990381,3.36705417,27.50274300,1.79576762,3.00683962,27.95994504,0.40690193
3708,4,-0.90824811,8.33483900,27.50274300,-1.20517578,8.25127298,28.08224901,0.37686081
3709,4,-2.34232406,10.81873142,27.50274300,-2.61285519,10.79187152,27.89270389,0.27319484
3710,4,-9.51270384,23.23819351,27.50274300,-9.55684494,23.14220140,27.92733250,0.12229537
3711,4,-10.94677980,25.72208593,27.50274300,-11.01902515,25.83929572,28.42267198,0.57369604
3712,4,-12.38085576,28.20597835,27.50274300,-12.56577016,28.27692959,27.80691361,0.20661157
3713,4,0.52582785,7.50687486,29.86410800,0.10085167,7.25387836,30.30952027,0.50140176
3714,4,-0.90824811,9.99076728,29.86410800,-0.92298937,9.95814548,30.19035467,0.05130606
3715,4,-2.34232406,12.47465970,29.86410800,-2.33700951,12.42702841,30.15540110,0.08624905
3716,4,-3.77640002,14.95855212,29.86410800,-3.73123015,14.94552541,30.12793533,0.10975099
3717,4,-5.21047597,17.44244454,29.86410800,-5.21189871,17.43486740,30.21452825,0.01475444
3718,4,-8.07862789,22.41022937,29.86410800,-7.86632908,22.58798501,30.25686198,0.27848364
3719,4,-9.51270384,24.89412179,29.86410800,-9.33934433,24.87863305,30.34282251,0.20900530
3720,4,-2.34232406,17.44244454,29.86410800,-2.41909620,17.33211857,30.25153743,0.13661099
3721,4,-8.07862789,27.37801421,29.86410800,-8.07862789,27.37801421,30.22710824,0.00000000
3722,4,6.26213168,7.50687486,29.86410800,6.26213168,7.50687486,30.22710824,0.00000000
3723,4,4.82805572,9.99076728,29.86410800,4.87244415,9.96811787,30.22036641,0.05028698
3724,4,-5.21047597,27.37801421,29.86410800,-5.18256535,27.37261517,30.15127054,0.08099080
3725,4,-6.64455193,29.86190663,29.86410800,-6.47917468,29.90471557,29.98724336,0.29447819
3726,4,9.13028359,7.50687486,29.86410800,9.03986470,7.47741731,30.23300497,0.09527904
3727,4,7.69620763,9.99076728,29.86410800,7.60461676,9.94358237,30.22602928,0.10303624
3728,4,-2.34232406,27.37801421,29.86410800,-2.34308099,27.37539601,30.22417580,0.00400339
3729,4,-3.77640002,29.86190663,29.86410800,-3.59479782,29.94687682,30.03527604,0.27748673
3730,4,14.86658741,2.53909003,29.86410800,14.96678196,2.32294771,30.22679487,0.23823632
3731,4,13.43251146,5.02298245,29.86410800,13.79626786,4.78338547,30.24614540,0.43599065
3732,4,0.52582785,27.37801421,29.86410800,0.47447492,27.33675138,30.32279182,0.11616837
3733,4,16.30066337,5.02298245,29.86410800,16.51493668,4.96043326,30.28768482,0.23128981
3734,4,13.43251146,9.99076728,29.86410800,13.43005219,10.00090483,30.22860807,0.01053885
3735,4,11.99843550,12.47465970,29.86410800,12.00879163,12.47311945,30.25231822,0.02729770
3736,4,10.56435954,14.95855212,29.86410800,10.68458489,14.85440749,30.23907614,0.15951008
3737,4,4.82805572,24.89412179,29.86410800,4.82805572,24.89412179,30.22710824,0.00000000
3738,4,1.95990381,29.86190663,29.86410800,1.93502422,29.86450130,30.29290835,0.07039446
3739,4,20.60289124,2.53909003,29.86410800,20.94254142,2.26114499,30.02190859,0.48448177
3740,4,7.69620763,24.89412179,29.86410800,7.69620763,24.89412179,30.22710824,0.00000000
3741,4,22.03696719,0.05519761,29.86410800,3.48375872,32.09947681,30.11815842,0.28391014
3742,4,23.47104315,2.53909003,29.86410800,23.54721802,3.05455111,29.91994201,0.60485852
3743,4,19.16881528,9.99076728,29.86410800,19.91814150,9.63888756,30.28462846,0.82982992
3744,4,17.73473932,12.47465970,29.86410800,18.22621606,12.57409074,30.77474573,0.74252456
3745,4,13.43251146,19.92633695,29.86410800,13.50312017,20.31335687,30.88328052,0.76506997
3746,4,11.99843550,22.41022937,29.86410800,12.04360722,23.11853388,30.35754367,0.72162952
3747,4,24.90511911,0.05519761,29.86410800,6.24400201,32.05371663,29.90208596,0.43735604
3748,4,20.60289124,12.47465970,29.86410800,20.86547849,12.49729426,30.10196943,0.29176037
3749,4,19.16881528,14.95855212,29.86410800,19.15998808,15.11729521,30.43532175,0.26197358
3750,4,16.30066337,19.92633695,29.86410800,16.16435001,20.21580954,30.24436579,0.32042711
3751,4,14.86658741,22.41022937,29.86410800,14.81723538,22.60399691,30.21223589,0.20050603
3752,4,27.77327102,5.02298245,29.86410800,27.64337030,4.91718640,30.23300951,0.16763599
3753,4,26.33919506,7.50687486,29.86410800,26.04726371,7.42219641,30.28320410,0.30909723
3754,4,22.03696719,14.95855212,29.86410800,22.00763852,14.99318062,30.23003465,0.04547382
3755,4,16.30066337,24.89412179,29.86410800,16.34763768,24.85667604,30.09857897,0.14187510
3756,4,14.86658741,27.37801421,29.86410800,14.64967611,26.97997532,30.51866990,0.53897465
3757,4,13.43251146,29.86190663,29.86410800,13.43251146,29.86190663,30.22710824,0.00000000
3758,4,30.64142293,5.02298245,29.86410800,30.48460269,4.79024494,29.64077892,0.65003185
3759,4,29.20734697,7.50687486,29.86410800,28.86297253,7.32466987,29.85774252,0.53686446
3760,4,27.77327102,9.99076728,29.86410800,27.56646699,9.68410343,30.27771651,0.37332535
3761,4,26.33919506,12.47465970,29.86410800,26.20813203,12.04458954,30.36293856,0.46966769
3762,4,16.30066337,29.86190663,29.86410800,16.40109102,29.96664774,30.37928657,0.21027282
3763,4,33.50957484,0.05519761,29.86410800,33.66100266,0.01857375,30.53387649,0.34406169
3764,4,22.03696719,24.89412179,29.86410800,22.14340237,24.61310991,30.43774826,0.36696777
3765,4,20.60289124,27.37801421,29.86410800,20.70719928,27.59041039,30.42827001,0.31057747
3766,4,0.52582785,2.53909003,29.86410800,0.48668215,2.52272145,30.30006393,0.08439697
3767,4,-2.34232406,7.50687486,29.86410800,-2.62847956,7.50628273,30.28302784,0.29156873
3768,4,-12.38085576,24.89412179,29.86410800,-12.43062832,24.41300617,30.26585025,0.48523241
3769,4,-13.81493171,27.37801421,29.86410800,-13.80426744,27.35227928,30.11896679,0.11167178
3770,4,3.39397976,4.19501831,32.22547300,3.23907725,4.05194806,32.16283834,0.47500417
3771,4,0.52582785,9.16280314,32.22547300,0.29683577,8.97103901,32.41788223,0.34396533
3772,4,-0.90824811,11.64669556,32.22547300,-1.11688818,11.49033101,32.43513581,0.30247797
3773,4,-2.34232406,14.13058798,32.22547300,-2.52032701,13.93929283,32.41453426,0.31390071
3774,4,-3.77640002,16.61448040,32.22547300,-3.74034969,16.39038570,32.44052350,0.27093760
3775,4,-5.21047597,19.09837281,32.22547300,-4.95579671,18.82819314,32.54203480,0.37418593
3776,4,-8.07862789,24.06615765,32.22547300,-8.02309713,24.03092416,32.57352199,0.06744334
3777,4,4.82805572,6.67891072,32.22547300,4.86044504,6.62454591,32.51375044,0.09791884
3778,4,-0.90824811,16.61448040,32.22547300,-0.83291834,16.81004155,32.40503693,0.27850964
3779,4,-6.64455193,26.55005007,32.22547300,-6.45053286,26.84293382,32.50412576,0.36130152
3780,4,-8.07862789,29.03394249,32.22547300,-7.99239392,29.36354512,32.18759189,0.52609890
3781,4,-9.51270384,31.51783490,32.22547300,-9.54564460,31.56460678,32.59621331,0.05772877
3782,4,7.69620763,1.71112589,32.22547300,7.69620763,1.71112589,32.58847324,0.00000000
3783,4,7.69620763,6.67891072,32.22547300,7.58509134,6.63926544,32.53156743,0.13098416
3784,4,6.26213168,9.16280314,32.22547300,6.22674004,9.15464236,32.44036001,0.15250146
3785,4,4.82805572,11.64669556,32.22547300,4.77846975,11.47936138,33.55761186,0.98472796
3786,4,1.95990381,16.61448040,32.22547300,2.03893558,16.30054496,32.51601196,0.33174104
3787,4,0.52582785,19.09837281,32.22547300,0.97958006,18.77810532,32.92060084,0.64712524
3788,4,-2.34232406,24.06615765,32.22547300,-2.33268660,24.33875718,32.52005872,0.28121866
3789,4,-3.77640002,26.55005007,32.22547300,-3.72993560,26.67731627,32.46466733,0.18353074
3790,4,-5.21047597,29.03394249,32.22547300,-5.06248880,29.17858395,32.19857003,0.44141349
3791,4,10.56435954,1.71112589,32.22547300,10.56783221,1.71812230,32.55303832,0.03628557
3792,4,3.39397976,19.09837281,32.22547300,3.68302631,18.45173837,32.82523534,0.74682012
3793,4,-0.90824811,26.55005007,32.22547300,-0.94878993,26.72914970,32.56541515,0.18507294
3794,4,-2.34232406,29.03394249,32.22547300,-1.57255715,29.33111153,32.05069485,0.98491428
3795,4,14.86658741,4.19501831,32.22547300,15.00789059,4.42152430,32.65970259,0.27630631
3796,4,10.56435954,11.64669556,32.22547300,10.55818761,11.68205512,32.57429955,0.03859125
3797,4,9.13028359,14.13058798,32.22547300,9.13074452,14.08462949,32.51475318,0.08687372
3798,4,4.82805572,21.58226523,32.22547300,4.92892207,21.42381724,32.57216857,0.18853549
3799,4,3.39397976,24.06615765,32.22547300,3.43750731,23.68062955,32.89883625,0.49684178
3800,4,16.30066337,1.71112589,32.22547300,15.97118716,1.87834378,32.82859347,0.44065193
3801,4,11.99843550,14.13058798,32.22547300,11.99843550,14.13058798,32.58847324,0.00000000
3802,4,7.69620763,21.58226523,32.22547300,7.68671135,21.95618173,31.66733573,0.99418211
3803,4,6.26213168,24.06615765,32.22547300,6.24842837,24.05839439,32.63615878,0.05021911
3804,4,4.82805572,26.55005007,32.22547300,4.69895630,26.29759944,32.82659360,0.37026921
3805,4,9.13028359,24.06615765,32.22547300,9.12633067,24.01768024,32.71707461,0.13749180
3806,4,7.69620763,26.55005007,32.22547300,7.47794795,26.48996031,32.63551894,0.23121714
3807,4,6.26213168,29.03394249,32.22547300,6.15302059,28.97591505,32.68179164,0.15485715
3808,4,4.82805572,31.51783490,32.22547300,4.88143792,31.38495318,32.61978862,0.14658740
3809,4,22.03696719,1.71112589,32.22547300,22.47002677,1.56911023,32.16949043,0.61907644
3810,4,20.60289124,9.16280314,32.22547300,20.61417077,9.00906473,32.84257647,0.29720562
3811,4,19.16881528,11.64669556,32.22547300,19.17026980,11.38449603,33.03701416,0.51955718
3812,4,14.86658741,19.09837281,32.22547300,14.97696881,19.00320155,32.76357168,0.22781810
3813,4,13.43251146,21.58226523,32.22547300,13.34064206,21.59530471,33.28212235,0.69982791
3814,4,11.99843550,24.06615765,32.22547300,11.83325277,23.84429130,32.97541662,0.47564187
3815,4,10.56435954,26.55005007,32.22547300,10.07060671,26.40409296,31.80186497,0.94013187
3816,4,9.13028359,29.03394249,32.22547300,8.79684334,28.80032764,32.04649491,0.67786342
3817,4,7.69620763,31.51783490,32.22547300,7.63659123,31.32081888,32.70311617,0.23561075
3818,4,24.90511911,1.71112589,32.22547300,25.14882099,1.77828782,31.71723199,0.90717289
3819,4,22.03696719,11.64669556,32.22547300,21.88567545,11.41838781,32.79090705,0.34057755
3820,4,20.60289124,14.13058798,32.22547300,20.78047158,13.88484048,32.44541153,0.33525104
3821,4,17.73473932,19.09837281,32.22547300,17.69562940,18.99665304,32.58171094,0.10918895
3822,4,16.30066337,21.58226523,32.22547300,16.25387862,21.58914068,32.59599880,0.04788234
3823,4,14.86658741,24.06615765,32.22547300,14.76287230,23.86297897,32.77305834,0.29344515
3824,4,29.20734697,4.19501831,32.22547300,29.45029605,4.10893441,32.89300075,0.39896327
3825,4,27.77327102,6.67891072,32.22547300,27.96315256,6.40722650,32.98061370,0.51346027
3826,4,26.33919506,9.16280314,32.22547300,26.58663871,8.88563812,32.80456724,0.42982021
3827,4,20.60289124,19.09837281,32.22547300,20.60289124,19.09837281,32.58847324,0.00000000
3828,4,19.16881528,21.58226523,32.22547300,18.96814595,21.39946505,32.75898922,0.32056167
3829,4,13.43251146,31.51783490,32.22547300,13.42582307,31.51447765,32.59727454,0.01155286
3830,4,30.64142293,1.71112589,32.22547300,30.59071546,1.62263573,32.60679300,0.10362128
3831,4,32.07549889,4.19501831,32.22547300,31.96267939,3.87482075,31.86472438,0.79941674
3832,4,30.64142293,6.67891072,32.22547300,30.60515560,6.35422893,31.86870439,0.79044342
3833,4,29.20734697,9.16280314,32.22547300,29.23333601,8.68663462,32.18843242,0.62245044
3834,4,27.77327102,11.64669556,32.22547300,27.78678781,11.30712303,32.45774659,0.36411766
3835,4,0.52582785,4.19501831,32.22547300,0.48461667,4.19583881,32.59049359,0.04126883
3836,4,-2.34232406,9.16280314,32.22547300,-2.41926327,9.10232899,32.59481383,0.09806614
3837,4,-3.77640002,11.64669556,32.22547300,-3.83621421,11.55997932,32.59212831,0.10540780
3838,4,-5.21047597,14.13058798,32.22547300,-5.24067682,14.11637798,32.39427703,0.19704362
3839,4,-6.64455193,16.61448040,32.22547300,-6.64455193,16.61448040,32.58847324,0.00000000
3840,4,-8.07862789,19.09837281,32.22547300,-8.15526921,19.05934246,32.62036184,0.09172864
3841,4,-9.51270384,21.58226523,32.22547300,-9.51270384,21.58226523,32.58847324,0.00000000
3842,4,-10.94677980,24.06615765,32.22547300,-10.75641530,24.06403763,32.52286282,0.20136500
3843,4,1.95990381,1.71112589,32.22547300,1.94912254,1.69039752,32.59100596,0.02350139
3844,4,3.39397976,5.85094658,34.58683800,3.17329269,6.29413805,35.16036170,0.53799775
3845,4,1.95990381,8.33483900,34.58683800,2.51427256,9.02891740,35.33790947,0.96936516
3846,4,-10.94677980,30.68987077,34.58683800,-10.83030152,31.26137322,35.07371791,0.59626204
3847,4,6.26213168,0.88316175,34.58683800,6.10981670,1.09359060,34.93915082,0.25998918
3848,4,7.69620763,3.36705417,34.58683800,7.83609971,3.37692823,34.90615222,0.14688690
3849,4,4.82805572,8.33483900,34.58683800,5.04152629,8.22605108,34.71131096,0.33808248
3850,4,-0.90824811,18.27040867,34.58683800,-0.32952041,17.72714081,35.06686881,0.80234773
3851,4,-3.77640002,23.23819351,34.58683800,-3.57587473,23.47487876,34.78554518,0.35103064
3852,4,-5.21047597,25.72208593,34.58683800,-4.88614023,25.86388801,34.79399275,0.38676779
3853,4,9.13028359,0.88316175,34.58683800,9.42525240,1.16435175,34.96386414,0.40776358
3854,4,3.39397976,15.78651626,34.58683800,3.35481609,15.89296170,34.86687691,0.14052405
3855,4,1.95990381,18.27040867,34.58683800,2.27740353,18.48513836,35.29842678,0.51810122
3856,4,-2.34232406,25.72208593,34.58683800,-2.16220900,25.80391059,34.82279822,0.23510822
3857,4,-3.77640002,28.20597835,34.58683800,-3.33107943,28.36614315,34.89480043,0.47643715
3858,4,13.43251146,3.36705417,34.58683800,13.74590984,3.12394284,34.69634654,0.47072254
3859,4,11.99843550,5.85094658,34.58683800,12.21043378,5.72785634,34.66826168,0.37333610
3860,4,7.69620763,13.30262384,34.58683800,7.63755848,13.25785251,34.81315185,0.15532986
3861,4,6.26213168,15.78651626,34.58683800,6.04634312,15.46950560,34.84240761,0.39824842
3862,4,4.82805572,18.27040867,34.58683800,4.99513899,18.31144749,35.20912090,0.31117278
3863,4,0.52582785,25.72208593,34.58683800,0.55879383,25.78475547,35.00758778,0.09137415
3864,4,-0.90824811,28.20597835,34.58683800,-0.60966712,28.24588814,34.96567586,0.30165249
3865,4,16.30066337,3.36705417,34.58683800,16.43414433,3.42013903,35.02785031,0.16346575
3866,4,14.86658741,5.85094658,34.58683800,14.93445885,5.86333220,34.97055295,0.07203495
3867,4,13.43251146,8.33483900,34.58683800,12.59303314,8.80243366,35.11004240,0.97418375
3868,4,10.56435954,13.30262384,34.58683800,10.67978094,13.25102411,34.86788559,0.15066807
3869,4,9.13028359,15.78651626,34.58683800,9.16386611,15.51488470,34.83369784,0.29732151
3870,4,7.69620763,18.27040867,34.58683800,7.58071481,17.57546604,35.65337343,0.99561318
3871,4,0.52582785,30.68987077,34.58683800,0.25777485,30.82547330,34.83332769,0.32220362
3872,4,17.73473932,0.88316175,34.58683800,17.53478315,0.92640442,34.91593635,0.20736861
3873,4,10.56435954,18.27040867,34.58683800,10.52396529,17.84302027,35.22631306,0.51061812
3874,4,6.26213168,25.72208593,34.58683800,6.27691574,25.71632381,34.97051389,0.02606248
3875,4,20.60289124,5.85094658,34.58683800,20.56650165,5.91791023,35.02141701,0.10455549
3876,4,19.16881528,8.33483900,34.58683800,19.05503948,8.35750407,34.98920050,0.12250725
3877,4,7.69620763,28.20597835,34.58683800,7.65735654,28.13857326,34.89882301,0.09303444
3878,4,24.90511911,3.36705417,34.58683800,24.87658199,3.48744392,34.96975017,0.12531777
3879,4,23.47104315,5.85094658,34.58683800,23.28801968,5.99838845,35.12674728,0.29416577
3880,4,22.03696719,8.33483900,34.58683800,21.76327744,8.48912947,35.25818672,0.44021633
3881,4,20.60289124,10.81873142,34.58683800,20.71002512,11.00206708,35.25221917,0.36949135
3882,4,10.56435954,28.20597835,34.58683800,10.38043807,27.95982425,34.09832661,0.90525742
3883,4,9.13028359,30.68987077,34.58683800,9.10157952,30.44812261,34.96540752,0.24394363
3884,4,27.77327102,3.36705417,34.58683800,28.16448272,3.51206137,35.21994257,0.49702116
3885,4,26.33919506,10.81873142,34.58683800,26.06878585,10.82563145,35.01589347,0.27844577
3886,4,24.90511911,13.30262384,34.58683800,24.90511911,13.30262384,34.94983824,0.00000000
3887,4,22.03696719,18.27040867,34.58683800,21.94213781,18.27905563,34.91416166,0.10168678
3888,4,20.60289124,20.75430109,34.58683800,20.51702854,20.64385164,34.93892688,0.14032299
3889,4,24.90511911,18.27040867,34.58683800,24.89127355,18.36533380,35.06967740,0.15350538
3890,4,23.47104315,20.75430109,34.58683800,23.23675217,20.66789602,35.11823717,0.30119146
3891,4,22.03696719,23.23819351,34.58683800,21.74164568,23.07046658,35.12888584,0.38393380
3892,4,20.60289124,25.72208593,34.58683800,20.49360382,25.71311143,34.94106853,0.11000541
3893,4,19.16881528,28.20597835,34.58683800,19.18477521,28.16170136,35.08734537,0.14533885
3894,4,-0.90824811,3.36705417,34.58683800,-0.90824811,3.36705417,34.94983824,0.00000000
3895,4,-9.51270384,18.27040867,34.58683800,-9.44707627,18.18074265,34.94047800,0.11151049
3896,4,-10.94677980,20.75430109,34.58683800,-10.75530398,20.56901268,35.03501936,0.27973309
3897,4,-13.81493171,25.72208593,34.58683800,-14.08900198,25.93410741,35.20027522,0.42753515
3898,4,-15.24900767,28.20597835,34.58683800,-15.38178858,28.33085508,35.10789044,0.24125809
3899,4,-16.68308362,30.68987077,34.58683800,-16.69562527,30.71258526,34.94843484,0.02598482
3900,4,0.52582785,0.88316175,34.58683800,0.50906838,0.85421522,34.94865554,0.03346909
3901,4,1.95990381,3.36705417,34.58683800,1.87353335,3.20987179,35.06419382,0.21270485
3902,4,0.52582785,5.85094658,34.58683800,0.49413606,5.84584146,34.94733243,0.03219800
3903,4,-6.64455193,18.27040867,34.58683800,-6.64455193,18.27040867,34.94983824,0.00000000
3904,4,-8.07862789,20.75430109,34.58683800,-8.03475304,20.65911917,34.91371389,0.11085833
3905,4,3.39397976,0.88316175,34.58683800,3.39323561,0.88310438,34.94984115,0.00074637
3906,4,-0.90824811,9.99076728,36.94820300,-0.17820731,9.91265271,37.95060663,0.97360061
3907,4,-2.34232406,12.47465970,36.94820300,-2.32249751,12.54095773,37.30638296,0.06936683
3908,4,-10.94677980,27.37801421,36.94820300,-11.01985307,27.35790627,37.62401201,0.32185922
3909,4,3.39397976,7.50687486,36.94820300,3.45335034,7.57579618,37.54848894,0.25412500
3910,4,1.95990381,9.99076728,36.94820300,2.46162340,10.50521027,37.62745476,0.78510455
3911,4,0.52582785,12.47465970,36.94820300,0.55813626,12.55127977,37.30330159,0.08352786
3912,4,-2.34232406,17.44244454,36.94820300,-1.87425398,17.04572111,37.95670739,0.89059232
3913,4,-9.51270384,29.86190663,36.94820300,-9.51401164,29.81991854,37.24921976,0.07487764
3914,4,7.69620763,0.05519761,36.94820300,7.74379362,0.20977543,37.49948695,0.24821257
3915,4,9.13028359,2.53909003,36.94820300,9.13410260,2.54550356,37.31068383,0.00748251
3916,4,6.26213168,7.50687486,36.94820300,6.26718669,7.49474836,37.31242466,0.01319459
3917,4,4.82805572,9.99076728,36.94820300,5.10993304,9.96228105,37.28300760,0.28471264
3918,4,0.52582785,17.44244454,36.94820300,0.80090546,17.39908010,37.52425464,0.35062668
3919,4,-0.90824811,19.92633695,36.94820300,-0.90824811,19.92633695,37.31120324,0.00000000
3920,4,-3.77640002,24.89412179,36.94820300,-3.73845018,24.93143412,37.08256626,0.23474938
3921,4,-5.21047597,27.37801421,36.94820300,-5.20996028,27.29160009,37.69867089,0.39698721
3922,4,10.56435954,0.05519761,36.94820300,10.56435954,0.05519761,37.31120324,0.00000000
3923,4,-2.34232406,27.37801421,36.94820300,-2.06933850,27.33167190,37.07702632,0.36263971
3924,4,13.43251146,5.02298245,36.94820300,12.92942940,5.40078260,37.27600010,0.63012997
3925,4,11.99843550,7.50687486,36.94820300,11.37520624,7.70727148,37.37887123,0.65814320
3926,4,0.52582785,27.37801421,36.94820300,0.63584610,27.54814411,37.32063879,0.20282314
3927,4,-0.90824811,29.86190663,36.94820300,-0.93900779,29.87490686,37.12494622,0.18922697
3928,4,14.86658741,7.50687486,36.94820300,14.08852295,7.86504921,37.18586810,0.86566857
3929,4,13.43251146,9.99076728,36.94820300,13.09093420,10.39949890,37.26078851,0.53504972
3930,4,9.13028359,17.44244454,36.94820300,9.40803526,17.34168611,37.66097848,0.45786567
3931,4,1.95990381,29.86190663,36.94820300,1.78102119,30.01750997,37.19800966,0.26272453
3932,4,19.16881528,0.05519761,36.94820300,19.12579180,0.17597183,36.99674725,0.33958799
3933,4,16.30066337,9.99076728,36.94820300,15.78689569,9.97926940,37.53253558,0.55953322
3934,4,14.86658741,12.47465970,36.94820300,14.86348930,12.53138172,37.29113360,0.06024763
3935,4,13.43251146,14.95855212,36.94820300,13.45589506,14.97269553,37.34690319,0.04495903
3936,4,10.56435954,19.92633695,36.94820300,10.59900544,19.94714154,37.24534627,0.07726778
3937,4,22.03696719,0.05519761,36.94820300,21.84674595,0.07284667,37.09677303,0.28718622
3938,4,23.47104315,2.53909003,36.94820300,23.34388177,2.62570413,37.05120785,0.30210863
3939,4,20.60289124,7.50687486,36.94820300,20.80232055,7.27512643,37.50028174,0.35948583
3940,4,19.16881528,9.99076728,36.94820300,19.49325595,9.91489307,37.43436423,0.35522848
3941,4,17.73473932,12.47465970,36.94820300,17.76409908,12.51170047,37.38092912,0.08423605
3942,4,16.30066337,14.95855212,36.94820300,16.34378138,14.99138657,37.39561271,0.10031062
3943,4,9.13028359,27.37801421,36.94820300,9.16978583,27.38198979,37.14178009,0.17401275
3944,4,7.69620763,29.86190663,36.94820300,7.68412749,29.66602506,37.15707004,0.24954471
3945,4,26.33919506,2.53909003,36.94820300,26.36717548,2.71742902,37.11671069,0.26535835
3946,4,24.90511911,5.02298245,36.94820300,24.95885671,5.17717638,37.11625679,0.25429829
3947,4,27.77327102,5.02298245,36.94820300,27.75768289,5.08798406,37.40516867,0.11531566
3948,4,20.60289124,17.44244454,36.94820300,20.55121981,17.23602838,37.53844698,0.31131540
3949,4,16.30066337,24.89412179,36.94820300,16.41687193,24.96360228,37.45444893,0.19710732
3950,4,14.86658741,27.37801421,36.94820300,15.06435631,27.46422704,37.39372090,0.23098561
3951,4,13.43251146,29.86190663,36.94820300,13.63510536,30.18245734,37.19585843,0.39636028
3952,4,27.77327102,9.99076728,36.94820300,27.96884653,10.26874336,37.19627048,0.35878967
3953,4,26.33919506,12.47465970,36.94820300,26.26508309,12.44246131,37.26515254,0.09300531
3954,4,23.47104315,17.44244454,36.94820300,23.27836658,17.39029123,37.57027723,0.32705284
3955,4,22.03696719,19.92633695,36.94820300,21.76258857,19.71078565,37.43528453,0.37032709
3956,4,16.30066337,29.86190663,36.94820300,16.44455102,29.81125547,37.29003061,0.15400480
3957,4,33.50957484,0.05519761,36.94820300,33.55282871,0.32003243,37.13279015,0.32224154
3958,4,32.07549889,7.50687486,36.94820300,32.49715743,7.74739881,37.33961024,0.48626603
3959,4,30.64142293,9.99076728,36.94820300,30.66979521,10.12097846,37.52379657,0.25091006
3960,4,29.20734697,12.47465970,36.94820300,28.95939527,12.79206325,37.47177289,0.43359852
3961,4,22.03696719,24.89412179,36.94820300,22.02500759,25.10482448,37.51609449,0.29414125
3962,4,20.60289124,27.37801421,36.94820300,20.46149649,27.62449330,37.50295473,0.34280176
3963,4,-3.77640002,9.99076728,36.94820300,-3.89898759,10.32149617,37.41996551,0.36910505
3964,4,-5.21047597,12.47465970,36.94820300,-5.42720211,12.57353103,37.28908029,0.23923876
3965,4,-12.38085576,24.89412179,36.94820300,-12.47260163,25.05290431,37.65083004,0.38597352
3966,4,-13.81493171,27.37801421,36.94820300,-13.84590110,27.44033522,37.45779850,0.16227501
3967,4,-0.90824811,11.64669556,39.30956800,-0.94252938,11.75691749,39.80498814,0.17566760
3968,4,-2.34232406,14.13058798,39.30956800,-2.44397673,14.05841499,39.56620547,0.16387570
3969,4,-5.21047597,19.09837281,39.30956800,-5.21047597,19.09837281,39.67256824,0.00000000
3970,4,-8.07862789,24.06615765,39.30956800,-8.06693234,24.07284272,39.65074321,0.02564777
3971,4,-9.51270384,26.55005007,39.30956800,-9.46508543,26.52250621,39.69983374,0.06139694
3972,4,-10.94677980,29.03394249,39.30956800,-10.91945634,29.06355263,39.74649230,0.08419084
3973,4,4.82805572,6.67891072,39.30956800,4.84093707,6.63586106,39.69682705,0.05106557
3974,4,3.39397976,9.16280314,39.30956800,3.28736820,9.09294803,39.80642066,0.18483028
3975,4,1.95990381,11.64669556,39.30956800,1.91394054,11.81840391,39.95120120,0.33050371
3976,4,0.52582785,14.13058798,39.30956800,0.49042473,14.12898550,39.67150151,0.03545542
3977,4,-2.34232406,19.09837281,39.30956800,-2.34382587,19.10496627,39.67811472,0.00874600
3978,4,-6.64455193,26.55005007,39.30956800,-6.73927614,26.48765734,39.80558823,0.17481374
3979,4,-8.07862789,29.03394249,39.30956800,-8.06563492,29.01213656,39.67403139,0.02542551
3980,4,-9.51270384,31.51783490,39.30956800,-9.45615055,31.34915552,39.50361946,0.24534609
3981,4,7.69620763,6.67891072,39.30956800,7.67758059,6.54722991,39.48657874,0.22864579
3982,4,6.26213168,9.16280314,39.30956800,6.18002370,9.00818279,39.64054076,0.17797452
3983,4,3.39397976,14.13058798,39.30956800,3.21018746,14.26903224,39.75815722,0.24550336
3984,4,-3.77640002,26.55005007,39.30956800,-3.97596926,25.81845731,39.64791327,0.75872506
3985,4,10.56435954,1.71112589,39.30956800,10.45744913,1.38416389,40.13711366,0.57804536
3986,4,10.56435954,6.67891072,39.30956800,10.57909687,6.64498192,39.75836326,0.09342985
3987,4,9.13028359,9.16280314,39.30956800,9.22162745,9.01375998,39.59267961,0.19219719
3988,4,1.95990381,21.58226523,39.30956800,2.01066556,21.59864815,39.58366193,0.10367974
3989,4,11.99843550,9.16280314,39.30956800,11.96234240,9.01790087,39.75000511,0.16821370
3990,4,4.82805572,21.58226523,39.30956800,4.83038092,21.81398506,39.31006575,0.43024126
3991,4,3.39397976,24.06615765,39.30956800,3.32394669,24.05474398,39.68717622,0.07244512
3992,4,9.13028359,19.09837281,39.30956800,9.42238094,19.24479478,39.61090233,0.33251006
3993,4,7.69620763,21.58226523,39.30956800,7.69190391,21.58523578,39.66532394,0.00893454
3994,4,6.26213168,24.06615765,39.30956800,6.04275738,24.23306391,39.66476980,0.27576003
3995,4,3.39397976,29.03394249,39.30956800,3.41259677,29.00381606,39.21037789,0.46354516
3996,4,1.95990381,31.51783490,39.30956800,1.96297291,31.60886003,39.40226224,0.28523732
3997,4,16.30066337,11.64669556,39.30956800,16.47595907,11.60127991,39.61145807,0.19111677
3998,4,14.86658741,14.13058798,39.30956800,14.98779170,14.02306250,39.56790082,0.19289240
3999,4,10.56435954,21.58226523,39.30956800,10.65802850,21.67245193,39.67325212,0.13003069
4000,4,9.13028359,24.06615765,39.30956800,9.40794564,24.07420705,39.97836975,0.41312900
4001,4,6.26213168,29.03394249,39.30956800,6.26213168,29.03394249,39.67256824,0.00000000
4002,4,4.82805572,31.51783490,39.30956800,4.67892912,31.41468553,39.30171430,0.41280889
4003,4,22.03696719,1.71112589,39.30956800,22.09597759,1.69025121,39.28546267,0.39213353
4004,4,17.73473932,14.13058798,39.30956800,17.73473932,14.13058798,39.67256824,0.00000000
4005,4,16.30066337,16.61448040,39.30956800,16.33266479,16.55964966,39.62376416,0.08007708
4006,4,13.43251146,21.58226523,39.30956800,13.37097221,21.71702712,39.42389085,0.28946207
4007,4,11.99843550,24.06615765,39.30956800,12.11436459,24.12249302,39.66660613,0.12903013
4008,4,9.13028359,29.03394249,39.30956800,9.04746128,29.01859254,39.42563428,0.26090523
4009,4,24.90511911,1.71112589,39.30956800,24.83115489,1.94263847,39.22966408,0.50520578
4010,4,26.33919506,4.19501831,39.30956800,26.41746079,4.13821693,39.70015403,0.10056290
4011,4,19.16881528,16.61448040,39.30956800,19.11214132,16.58524842,39.75875555,0.10721333
4012,4,16.30066337,21.58226523,39.30956800,16.25154603,21.62342911,39.54226215,0.14521245
4013,4,14.86658741,24.06615765,39.30956800,14.89753504,23.98534886,39.65281051,0.08875914
4014,4,13.43251146,26.55005007,39.30956800,13.88083589,26.44771953,40.22489885,0.71870400
4015,4,29.20734697,4.19501831,39.30956800,29.20734697,4.19501831,39.67256824,0.00000000
4016,4,24.90511911,11.64669556,39.30956800,24.90669971,11.57400669,39.54858093,0.14373248
4017,4,22.03696719,16.61448040,39.30956800,21.93026826,16.57391852,39.79323465,0.16610331
4018,4,17.73473932,24.06615765,39.30956800,17.73473932,24.06615765,39.67256824,0.00000000
4019,4,16.30066337,26.55005007,39.30956800,16.54206360,26.56948728,39.65210496,0.24304449
4020,4,14.86658741,29.03394249,39.30956800,14.56794563,29.10006521,39.51772526,0.34283448
4021,4,32.07549889,4.19501831,39.30956800,32.10587931,4.13990184,39.66926608,0.06302142
4022,4,30.64142293,6.67891072,39.30956800,30.78160708,6.51257891,39.87159789,0.29484007
4023,4,29.20734697,9.16280314,39.30956800,28.72466322,9.32655455,39.63865721,0.51083078
4024,4,27.77327102,11.64669556,39.30956800,27.67892810,11.84227015,39.68172288,0.21733342
4025,4,23.47104315,19.09837281,39.30956800,23.47162206,19.10406129,39.67975018,0.00918009
4026,4,16.30066337,31.51783490,39.30956800,15.91625700,31.46440805,39.39056014,0.47974082
4027,4,33.50957484,1.71112589,39.30956800,33.50957484,1.71112589,39.67256824,0.00000000
4028,4,-2.34232406,4.19501831,39.30956800,-2.37032326,4.21484630,39.63031321,0.05442970
4029,4,-3.77640002,6.67891072,39.30956800,-3.79412108,6.64746051,39.62542443,0.05937753
4030,4,-5.21047597,9.16280314,39.30956800,31.91239115,9.12917212,39.73660182,0.17842499
4031,4,-6.64455193,11.64669556,39.30956800,-6.64614370,11.69840609,39.74529514,0.08925085
4032,4,-2.34232406,9.16280314,39.30956800,-2.65575558,9.28793988,39.62509097,0.34081170
4033,4,-3.77640002,11.64669556,39.30956800,-3.85191937,11.73288808,39.75019920,0.13841564
4034,4,-10.94677980,24.06615765,39.30956800,-10.94312018,24.06372286,39.67778512,0.00682179
4035,4,-12.38085576,26.55005007,39.30956800,-12.39267269,26.65726957,39.87094463,0.22580711
4036,4,4.82805572,3.36705417,41.67093300,4.86211298,3.21930846,42.17443334,0.20670986
4037,4,-3.77640002,18.27040867,41.67093300,-3.75963206,18.29243006,42.03091209,0.02784301
4038,4,-5.21047597,20.75430109,41.67093300,-5.18567234,20.61349645,41.97354003,0.15520473
4039,4,-6.64455193,23.23819351,41.67093300,-6.57248241,23.07405727,42.25857561,0.28740027
4040,4,-8.07862789,25.72208593,41.67093300,-8.19836291,25.86551322,42.02104159,0.18728070
4041,4,6.26213168,5.85094658,41.67093300,6.26269372,5.77164753,41.90827391,0.14858979
4042,4,1.95990381,13.30262384,41.67093300,1.96727234,13.56345962,42.07797636,0.26463068
4043,4,9.13028359,5.85094658,41.67093300,9.14452628,5.82725086,42.03725476,0.02784554
4044,4,7.69620763,8.33483900,41.67093300,7.73522054,8.13475365,41.70032616,0.39096015
4045,4,4.82805572,13.30262384,41.67093300,4.75285910,13.54075107,41.93104185,0.27008471
4046,4,3.39397976,15.78651626,41.67093300,3.38103422,15.89266526,42.03509821,0.10694183
4047,4,0.52582785,20.75430109,41.67093300,0.63826279,21.26155903,41.91327846,0.53339461
4048,4,-0.90824811,23.23819351,41.67093300,-0.72981040,23.73881929,41.94947368,0.53814459
4049,4,-5.21047597,30.68987077,41.67093300,-4.62715206,30.55972405,42.31631420,0.66101737
4050,4,11.99843550,0.88316175,41.67093300,12.40407928,0.69640935,41.91527455,0.46206409
4051,4,13.43251146,3.36705417,41.67093300,13.38056219,3.26888411,42.20838914,0.20681137
4052,4,10.56435954,8.33483900,41.67093300,10.44556604,8.25337476,41.95369320,0.16488415
4053,4,6.26213168,15.78651626,41.67093300,6.06809318,15.87553627,41.43792020,0.63309324
4054,4,3.39397976,20.75430109,41.67093300,3.35552286,21.27131726,42.19533075,0.54298600
4055,4,1.95990381,23.23819351,41.67093300,1.99147527,23.62390429,42.02450989,0.38711544
4056,4,-2.34232406,30.68987077,41.67093300,-1.96033464,30.16354218,41.92216226,0.65987155
4057,4,14.86658741,0.88316175,41.67093300,15.11798710,0.90746709,42.03523526,0.25257523
4058,4,16.30066337,3.36705417,41.67093300,16.29453875,3.36509888,42.03330775,0.00645951
4059,4,11.99843550,10.81873142,41.67093300,11.98780766,10.98851147,42.01602281,0.17105262
4060,4,10.56435954,13.30262384,41.67093300,10.64316210,13.35822025,41.99072076,0.10567934
4061,4,9.13028359,15.78651626,41.67093300,9.20454901,15.81753164,42.09818127,0.10298114
4062,4,7.69620763,18.27040867,41.67093300,7.66130302,18.30503305,42.03585174,0.04920223
4063,4,4.82805572,23.23819351,41.67093300,5.09074683,23.36815148,42.06681768,0.29491877
4064,4,3.39397976,25.72208593,41.67093300,3.37572780,25.96698574,42.15884405,0.27552089
4065,4,17.73473932,0.88316175,41.67093300,17.83979781,0.80024764,42.10218106,0.15023248
4066,4,19.16881528,3.36705417,41.67093300,19.19880472,3.35099269,42.07264697,0.05153727
4067,4,17.73473932,5.85094658,41.67093300,17.75749121,5.66330322,42.08083140,0.19474886
4068,4,16.30066337,8.33483900,41.67093300,16.75680206,8.19277400,41.92389167,0.49025923
4069,4,10.56435954,18.27040867,41.67093300,10.70271203,18.37735053,42.09336192,0.18468822
4070,4,9.13028359,20.75430109,41.67093300,8.98713470,20.68068952,41.88532503,0.21907685
4071,4,4.82805572,28.20597835,41.67093300,4.90385162,28.21863134,42.02041986,0.07802390
4072,4,3.39397976,30.68987077,41.67093300,4.09465438,31.53468333,41.96037095,1.10002936
4073,4,19.16881528,8.33483900,41.67093300,19.45395658,8.50238817,42.15568497,0.35242271
4074,4,6.26213168,30.68987077,41.67093300,6.61392096,30.50752899,42.11030910,0.40353128
4075,4,24.90511911,3.36705417,41.67093300,24.87549777,3.61262268,42.14385259,0.27067246
4076,4,22.03696719,8.33483900,41.67093300,22.16416709,8.27425635,42.31983869,0.31873499
4077,4,11.99843550,25.72208593,41.67093300,12.18114897,25.65753064,42.22165298,0.26979677
4078,4,27.77327102,3.36705417,41.67093300,27.77012039,3.39297514,42.05281319,0.03222229
4079,4,26.33919506,5.85094658,41.67093300,26.31221991,5.92313791,41.99694980,0.08548112
4080,4,24.90511911,8.33483900,41.67093300,24.87642166,8.55882028,42.14897847,0.25342960
4081,4,23.47104315,10.81873142,41.67093300,23.26132124,10.75078342,42.02437628,0.22066161
4082,4,19.16881528,18.27040867,41.67093300,19.16401804,18.27427349,42.02535625,0.01056007
4083,4,13.43251146,28.20597835,41.67093300,12.66547725,28.33514604,42.36319279,0.84465237
4084,4,11.99843550,30.68987077,41.67093300,12.14421559,30.99762861,42.11049567,0.34903944
4085,4,26.33919506,10.81873142,41.67093300,26.55351166,10.74059682,42.29730753,0.34842881
4086,4,24.90511911,13.30262384,41.67093300,24.93332622,12.90008104,41.92871736,0.41702126
4087,4,22.03696719,18.27040867,41.67093300,22.04706131,18.24080041,41.94546504,0.09383584
4088,4,20.60289124,20.75430109,41.67093300,20.56875030,20.67559358,42.33805552,0.31599183
4089,4,17.73473932,25.72208593,41.67093300,17.74187459,25.68783023,42.03156168,0.03507121
4090,4,33.50957484,3.36705417,41.67093300,33.58576250,3.43390558,41.90169568,0.16661466
4091,4,24.90511911,18.27040867,41.67093300,24.87660874,18.29365499,42.03162353,0.03685874
4092,4,20.60289124,25.72208593,41.67093300,20.53349808,25.75843297,41.92124635,0.13724013
4093,4,-0.90824811,3.36705417,41.67093300,-0.99236258,3.17760626,41.74016615,0.35953423
4094,4,-2.34232406,5.85094658,41.67093300,-2.45220325,5.99951986,41.90657781,0.22442562
4095,4,-15.24900767,28.20597835,41.67093300,-15.06434856,27.97213138,42.24521922,0.36527408
4096,4,-16.68308362,30.68987077,41.67093300,-16.93503047,30.49254440,42.51452557,0.57739405
4097,4,1.95990381,3.36705417,41.67093300,2.06437163,3.21118321,42.12488477,0.20852209
4098,4,0.52582785,5.85094658,41.67093300,0.22948195,5.61015212,41.62164147,0.56194962
4099,4,-5.21047597,15.78651626,41.67093300,-5.21925573,16.01119713,42.33042274,0.37210832
4100,4,-6.64455193,18.27040867,41.67093300,-6.67759243,18.28908510,42.00070775,0.05044221
4101,4,-8.07862789,20.75430109,41.67093300,-7.84169562,20.68412988,42.57764420,0.59722902
4102,4,-9.51270384,23.23819351,41.67093300,-9.28155048,23.36555262,41.98498293,0.26841824
4103,4,-13.81493171,30.68987077,41.67093300,-14.21911192,30.56201145,42.30668879,0.50408852
4104,4,3.39397976,0.88316175,41.67093300,3.34110827,0.77131344,42.25842051,0.25632006
4105,4,3.39397976,2.53909003,44.03229800,3.42297408,2.47732500,44.38140288,0.06963239
4106,4,-0.90824811,9.99076728,44.03229800,-1.07830207,9.79754810,44.44637551,0.26241359
4107,4,-2.34232406,12.47465970,44.03229800,-2.44880185,12.32706354,44.55088292,0.23943420
4108,4,-3.77640002,14.95855212,44.03229800,-3.88924582,14.85169991,44.40668654,0.15582446
4109,4,-5.21047597,17.44244454,44.03229800,-5.20435123,17.56290915,44.57011021,0.21238752
4110,4,-8.07862789,22.41022937,44.03229800,-8.19825271,22.65458618,44.42545373,0.27373290
4111,4,-9.51270384,24.89412179,44.03229800,-9.51256861,25.03557038,44.25896245,0.19645654
4112,4,-12.38085576,29.86190663,44.03229800,-12.47492237,29.85012081,44.28480163,0.14559167
4113,4,4.82805572,0.05519761,44.03229800,-14.03292600,32.12836878,44.52842035,0.33543840
4114,4,-6.64455193,24.89412179,44.03229800,-6.43590920,24.73570395,44.48134360,0.27573865
4115,4,7.69620763,5.02298245,44.03229800,7.73550050,4.94175485,44.37602169,0.09226829
4116,4,6.26213168,7.50687486,44.03229800,6.22192806,7.20251550,44.22671877,0.35024276
4117,4,3.39397976,12.47465970,44.03229800,3.21885647,12.30048734,44.48922475,0.26424679
4118,4,1.95990381,14.95855212,44.03229800,1.89095193,14.97361949,44.40818149,0.07174514
4119,4,10.56435954,0.05519761,44.03229800,10.74464493,0.06906658,44.57921360,0.25791477
4120,4,9.13028359,7.50687486,44.03229800,8.86050823,8.46361741,44.15996184,1.02152741
4121,4,4.82805572,14.95855212,44.03229800,4.59642189,14.65016880,44.41477921,0.38617872
4122,4,0.52582785,22.41022937,44.03229800,0.44876824,22.44696519,44.36048635,0.09219313
4123,4,-0.90824811,24.89412179,44.03229800,-0.90929503,24.90018182,44.40777673,0.01391160
4124,4,-2.34232406,27.37801421,44.03229800,-2.34232406,27.37801421,44.39529824,0.00000000
4125,4,-3.77640002,29.86190663,44.03229800,-3.70991889,29.74139222,44.74803099,0.37863420
4126,4,13.43251146,0.05519761,44.03229800,-5.18405210,32.28034416,44.35434267,0.08160834
4127,4,7.69620763,14.95855212,44.03229800,7.78384431,14.52153602,44.43895907,0.44784989
4128,4,6.26213168,17.44244454,44.03229800,6.28075729,16.75310502,44.00869414,0.79056854
4129,4,1.95990381,24.89412179,44.03229800,1.95943765,24.91079410,44.42599272,0.03493328
4130,4,-0.90824811,29.86190663,44.03229800,-0.99967500,29.98525436,44.53727562,0.20911987
4131,4,16.30066337,0.05519761,44.03229800,16.26125928,0.03537183,44.34967043,0.06346370
4132,4,17.73473932,2.53909003,44.03229800,17.73473932,2.53909003,44.39529824,0.00000000
4133,4,16.30066337,5.02298245,44.03229800,16.33052131,4.96613914,44.39025548,0.06440564
4134,4,14.86658741,7.50687486,44.03229800,15.08657774,7.37460955,44.66612919,0.37314777
4135,4,13.43251146,9.99076728,44.03229800,13.43837840,9.98020104,44.39544162,0.01208665
4136,4,11.99843550,12.47465970,44.03229800,12.11773802,12.36331004,44.36491160,0.16599755
4137,4,10.56435954,14.95855212,44.03229800,10.50829515,14.56090678,44.43194742,0.40324706
4138,4,9.13028359,17.44244454,44.03229800,8.75442102,17.79431770,44.47890198,0.52160999
4139,4,3.39397976,27.37801421,44.03229800,3.34128758,27.36159158,44.49938246,0.11781211
4140,4,17.73473932,7.50687486,44.03229800,17.79716195,7.50137604,44.41935987,0.06712513
4141,4,16.30066337,9.99076728,44.03229800,16.33790730,9.92405353,44.39271831,0.07644927
4142,4,14.86658741,12.47465970,44.03229800,15.02266166,12.30752142,44.50865507,0.25523351
4143,4,11.99843550,17.44244454,44.03229800,11.39829112,17.13551250,44.49148000,0.68090490
4144,4,6.26213168,27.37801421,44.03229800,6.29151887,27.30199381,44.39027452,0.08165749
4145,4,4.82805572,29.86190663,44.03229800,4.85937032,29.61976589,44.35688620,0.24716032
4146,4,24.90511911,5.02298245,44.03229800,24.90544736,5.05951763,44.45249497,0.06787041
4147,4,17.73473932,17.44244454,44.03229800,17.67441823,17.44572106,44.43661514,0.07318781
4148,4,16.30066337,19.92633695,44.03229800,16.19245628,19.92818463,44.39827194,0.10826371
4149,4,11.99843550,27.37801421,44.03229800,11.69377103,27.18393052,44.63359380,0.43275130
4150,4,10.56435954,29.86190663,44.03229800,10.54670529,29.95187921,44.34160603,0.10625250
4151,4,27.77327102,5.02298245,44.03229800,27.67821358,4.86011387,44.82820569,0.47219799
4152,4,24.90511911,9.99076728,44.03229800,25.04745839,10.01156620,44.44778410,0.15312685
4153,4,23.47104315,12.47465970,44.03229800,23.51515690,12.26386013,44.50657020,0.24241272
4154,4,20.60289124,17.44244454,44.03229800,20.39465964,17.27347708,44.24079287,0.30948717
4155,4,19.16881528,19.92633695,44.03229800,18.91612912,19.86950180,44.34902202,0.26310078
4156,4,14.86658741,27.37801421,44.03229800,14.41089633,27.32136808,44.48335155,0.46756447
4157,4,13.43251146,29.86190663,44.03229800,13.23467412,29.94901305,44.78775282,0.44804881
4158,4,30.64142293,0.05519761,44.03229800,30.54906646,0.01821707,44.48711166,0.13537719
4159,4,26.33919506,12.47465970,44.03229800,26.22617745,12.49300045,44.35793012,0.12043978
4160,4,22.03696719,19.92633695,44.03229800,21.97833643,19.50813840,44.35655668,0.42406191
4161,4,32.07549889,7.50687486,44.03229800,32.01628557,7.52148127,44.35904079,0.07095186
4162,4,22.03696719,24.89412179,44.03229800,21.88360709,25.04001570,44.17631040,0.30456531
4163,4,20.60289124,27.37801421,44.03229800,20.51684204,27.39439258,44.29074119,0.13639975
4164,4,0.52582785,2.53909003,44.03229800,0.55865682,2.43067283,44.25745553,0.17841705
4165,4,-2.34232406,7.50687486,44.03229800,-2.57044554,7.36011985,44.69411881,0.40357177
4166,4,-3.77640002,9.99076728,44.03229800,-3.80299723,9.96934254,44.37329315,0.04062826
4167,4,-13.81493171,27.37801421,44.03229800,-13.69210893,27.42520806,44.53477483,0.19174570
4168,4,-15.24900767,29.86190663,44.03229800,-15.38730175,29.75887961,44.63360565,0.29416023
4169,4,1.95990381,0.05519761,44.03229800,1.89530291,0.06784859,44.49127262,0.11638043
4170,4,-0.90824811,11.64669556,46.39366300,-0.90824811,11.64669556,46.75666324,0.00000000
4171,4,-2.34232406,14.13058798,46.39366300,-2.43689031,14.24463853,46.63073050,0.19444629
4172,4,-3.77640002,16.61448040,46.39366300,-3.69314888,16.65945665,46.75197185,0.09473977
4173,4,-6.64455193,21.58226523,46.39366300,-6.67883787,21.48501562,46.36135529,0.40853567
4174,4,-8.07862789,24.06615765,46.39366300,-7.95789602,23.91951475,46.83443750,0.20525389
4175,4,4.82805572,6.67891072,46.39366300,4.95300348,6.87552124,47.32382617,0.61314062
4176,4,3.39397976,9.16280314,46.39366300,3.39397976,9.16280314,46.75666324,0.00000000
4177,4,1.95990381,11.64669556,46.39366300,1.95393850,11.59087972,46.79588275,0.06847746
4178,4,0.52582785,14.13058798,46.39366300,0.67666348,13.92044170,47.40081340,0.69414859
4179,4,-5.21047597,24.06615765,46.39366300,-5.23863056,24.09201662,46.84280556,0.09424365
4180,4,-9.51270384,31.51783490,46.39366300,-9.66890142,31.87270342,47.00243801,0.45905837
4181,4,6.26213168,9.16280314,46.39366300,6.26563493,9.31758453,47.34111935,0.60461433
4182,4,3.39397976,14.13058798,46.39366300,3.31806384,14.04606166,46.74396079,0.11432094
4183,4,1.95990381,16.61448040,46.39366300,1.97475137,16.32351579,47.40194703,0.70800567
4184,4,-2.34232406,24.06615765,46.39366300,-2.54589609,24.07234784,46.42684185,0.38763648
4185,4,-3.77640002,26.55005007,46.39366300,-3.71990949,26.58261810,46.65138083,0.12383958
4186,4,-6.64455193,31.51783490,46.39366300,-6.60895673,31.49416861,46.81810332,0.07484647
4187,4,10.56435954,1.71112589,46.39366300,10.59709613,1.75203066,46.71699106,0.06571732
4188,4,4.82805572,16.61448040,46.39366300,4.69947145,16.30519943,47.40670482,0.73126102
4189,4,-0.90824811,26.55005007,46.39366300,-0.90824811,26.55005007,46.75666324,0.00000000
4190,4,-2.34232406,29.03394249,46.39366300,-2.23960400,28.97950925,46.91181011,0.19386835
4191,4,16.30066337,6.67891072,46.39366300,16.40123189,6.62149378,46.93079974,0.20912736
4192,4,14.86658741,9.16280314,46.39366300,14.86208729,9.15062672,46.74677542,0.01631826
4193,4,13.43251146,11.64669556,46.39366300,13.50338386,11.72029959,46.69296207,0.12040885
4194,4,9.13028359,19.09837281,46.39366300,9.24286720,18.49361001,47.07850582,0.69425914
4195,4,4.82805572,26.55005007,46.39366300,4.81922582,26.53597869,46.75594797,0.01662776
4196,4,1.95990381,31.51783490,46.39366300,1.88016631,31.57980057,46.82625194,0.12263930
4197,4,19.16881528,1.71112589,46.39366300,19.13275210,1.62331503,46.61908567,0.16714930
4198,4,16.30066337,11.64669556,46.39366300,16.52817854,11.76113672,46.71299494,0.25839283
4199,4,14.86658741,14.13058798,46.39366300,14.40581756,14.54086885,46.94571159,0.64527399
4200,4,11.99843550,19.09837281,46.39366300,11.95814630,18.71665977,47.13314105,0.53764636
4201,4,7.69620763,26.55005007,46.39366300,7.70980989,26.52812060,46.75559244,0.02582769
4202,4,6.26213168,29.03394249,46.39366300,6.27080321,28.83826215,46.88496546,0.23415261
4203,4,22.03696719,1.71112589,46.39366300,21.88886583,1.79986336,46.85673140,0.19955448
4204,4,23.47104315,4.19501831,46.39366300,23.43741838,4.22786074,46.79799077,0.06258766
4205,4,16.30066337,16.61448040,46.39366300,16.30066337,16.61448040,46.75666324,0.00000000
4206,4,10.56435954,26.55005007,46.39366300,10.45405407,26.48844360,46.95816502,0.23783528
4207,4,26.33919506,4.19501831,46.39366300,26.15093081,4.33217899,47.02204335,0.35310491
4208,4,17.73473932,19.09837281,46.39366300,17.64981140,19.10320113,46.76527171,0.08549953
4209,4,13.43251146,26.55005007,46.39366300,13.54466776,26.18589930,46.80382346,0.38393867
4210,4,11.99843550,29.03394249,46.39366300,12.06178228,28.69285284,46.90213639,0.37618798
4211,4,10.56435954,31.51783490,46.39366300,10.69006331,31.48622320,46.78251453,0.13217044
4212,4,27.77327102,6.67891072,46.39366300,27.77481809,6.72736264,46.81019489,0.07221924
4213,4,20.60289124,19.09837281,46.39366300,20.34607789,18.87524259,46.44447585,0.46173711
4214,4,16.30066337,26.55005007,46.39366300,16.26078169,26.39335711,46.86641718,0.19542046
4215,4,14.86658741,29.03394249,46.39366300,14.82147785,28.93397456,46.81437621,0.12393242
4216,4,13.43251146,31.51783490,46.39366300,13.40701024,31.85149472,46.73071325,0.33563758
4217,4,30.64142293,1.71112589,46.39366300,30.55778721,1.84050749,46.76068952,0.15411277
4218,4,30.64142293,6.67891072,46.39366300,30.59615505,6.68675310,46.52945314,0.23180836
4219,4,29.20734697,9.16280314,46.39366300,29.36859941,9.37204602,46.87090125,0.28781113
4220,4,26.33919506,14.13058798,46.39366300,26.18090387,14.32290701,46.38653964,0.44613248
4221,4,24.90511911,16.61448040,46.39366300,24.82355074,16.62075166,46.93584289,0.19697226
4222,4,-5.21047597,9.16280314,46.39366300,-5.20538795,9.13616372,46.75379052,0.02727268
4223,4,-13.81493171,24.06615765,46.39366300,-13.59794511,24.34492370,46.20618108,0.65408280
4224,4,-15.24900767,26.55005007,46.39366300,21.98450519,26.45030811,46.50550050,0.27528793
4225,4,0.52582785,4.19501831,46.39366300,0.98867179,4.67487741,46.83438566,0.67121535
4226,4,-2.34232406,9.16280314,46.39366300,-2.49600259,9.42486884,46.74321399,0.30409933
4227,4,-3.77640002,11.64669556,46.39366300,-3.87840202,11.77212598,46.80310832,0.16820923
4228,4,-5.21047597,14.13058798,46.39366300,-5.50746204,14.08731599,46.46127289,0.42110408
4229,4,-6.64455193,16.61448040,46.39366300,-6.41041312,16.61160460,46.94797398,0.30237237
4230,4,-9.51270384,21.58226523,46.39366300,-9.88820749,21.57752382,46.27159054,0.61345008
4231,4,-10.94677980,24.06615765,46.39366300,-10.95493641,24.03074557,46.78930089,0.04884426
4232,4,-12.38085576,26.55005007,46.39366300,-12.30963088,26.67591262,46.78147986,0.14673183
4233,4,-13.81493171,29.03394249,46.39366300,-13.82043819,29.03769394,46.74288548,0.01530430
4234,4,1.95990381,1.71112589,46.39366300,1.95990381,1.71112589,46.75666324,0.00000000
4235,4,-3.77640002,18.27040867,48.75502800,-3.77640002,18.27040867,49.11802824,0.00000000
4236,4,-10.94677980,30.68987077,48.75502800,-10.94677980,30.68987077,49.11802824,0.00000000
4237,4,6.26213168,5.85094658,48.75502800,6.29746859,5.96722109,49.51415671,0.41435036
4238,4,4.82805572,8.33483900,48.75502800,5.00679131,8.40441237,49.57856127,0.49887627
4239,4,-0.90824811,18.27040867,48.75502800,-0.79317320,18.16935950,49.34975909,0.27776313
4240,4,-5.21047597,25.72208593,48.75502800,-4.96512582,25.85308047,48.96253875,0.31864282
4241,4,-8.07862789,30.68987077,48.75502800,-8.14511494,30.85110637,49.30152401,0.25315637
4242,4,9.13028359,0.88316175,48.75502800,9.13790188,1.00994360,49.31731691,0.23632107
4243,4,10.56435954,3.36705417,48.75502800,10.82965556,3.33548645,48.92217030,0.33126852
4244,4,7.69620763,8.33483900,48.75502800,7.83077028,8.25000711,49.29939956,0.24124492
4245,4,6.26213168,10.81873142,48.75502800,6.39444540,11.05580836,49.43544917,0.41769419
4246,4,1.95990381,18.27040867,48.75502800,1.98539411,18.34328164,49.23078936,0.13665757
4247,4,0.52582785,20.75430109,48.75502800,0.58233458,20.67690346,49.33011065,0.23272806
4248,4,-2.34232406,25.72208593,48.75502800,-2.24845980,25.71779478,49.12271078,0.09407891
4249,4,-3.77640002,28.20597835,48.75502800,-3.73806679,28.28066655,49.12192281,0.08404125
4250,4,11.99843550,0.88316175,48.75502800,12.00265013,0.87472463,49.11870298,0.00945534
4251,4,13.43251146,3.36705417,48.75502800,13.48876292,3.53979742,49.48041445,0.40537417
4252,4,9.13028359,10.81873142,48.75502800,9.10444714,10.83388570,49.61115472,0.49403532
4253,4,4.82805572,18.27040867,48.75502800,4.88360299,18.54840080,48.94258989,0.33338227
4254,4,3.39397976,20.75430109,48.75502800,3.36226939,20.80180241,49.12135474,0.05721004
4255,4,-0.90824811,28.20597835,48.75502800,-0.89123534,28.19610730,49.14618063,0.03434281
4256,4,14.86658741,5.85094658,48.75502800,14.87153351,5.85927712,49.11683366,0.00976160
4257,4,10.56435954,13.30262384,48.75502800,10.47091936,13.25598584,49.51986118,0.41518174
4258,4,9.13028359,15.78651626,48.75502800,9.08140185,15.69531019,49.44775779,0.34558579
4259,4,19.16881528,3.36705417,48.75502800,19.47593013,3.31232652,48.72946493,0.49829318
4260,4,10.56435954,18.27040867,48.75502800,10.57113153,18.19408796,49.43863972,0.32963984
4261,4,9.13028359,20.75430109,48.75502800,9.13028359,20.75430109,49.11802824,0.00000000
4262,4,6.26213168,25.72208593,48.75502800,6.26213168,25.72208593,49.11802824,0.00000000
4263,4,3.39397976,30.68987077,48.75502800,3.39397976,30.68987077,49.11802824,0.00000000
4264,4,20.60289124,0.88316175,48.75502800,20.61123450,0.86576825,49.12058330,0.01945950
4265,4,22.03696719,3.36705417,48.75502800,22.16950284,3.37094671,49.13623427,0.13383688
4266,4,16.30066337,13.30262384,48.75502800,16.30110281,13.30184282,49.11803653,0.00089620
4267,4,14.86658741,15.78651626,48.75502800,15.04777646,15.73005310,49.31171269,0.27116641
4268,4,11.99843550,20.75430109,48.75502800,11.99843550,20.75430109,49.11802824,0.00000000
4269,4,9.13028359,25.72208593,48.75502800,9.09129195,25.69953568,49.18184085,0.07810833
4270,4,7.69620763,28.20597835,48.75502800,7.69679358,28.20571814,49.11894646,0.00111990
4271,4,23.47104315,0.88316175,48.75502800,23.47104315,0.88316175,49.11802824,0.00000000
4272,4,22.03696719,8.33483900,48.75502800,21.90605585,8.36464126,49.25149989,0.18931623
4273,4,20.60289124,10.81873142,48.75502800,20.60289124,10.81873142,49.11802824,0.00000000
4274,4,19.16881528,13.30262384,48.75502800,19.02642065,13.28143164,49.29729863,0.22992001
4275,4,17.73473932,15.78651626,48.75502800,17.76490215,15.78715292,49.11626658,0.03022093
4276,4,16.30066337,18.27040867,48.75502800,16.35600369,18.16457182,49.07287898,0.12768103
4277,4,23.47104315,10.81873142,48.75502800,23.42692214,10.82048820,49.15930331,0.06044320
4278,4,22.03696719,13.30262384,48.75502800,21.96331026,13.29375820,49.19339997,0.10575841
4279,4,16.30066337,23.23819351,48.75502800,16.30066337,23.23819351,49.11802824,0.00000000
4280,4,14.86658741,25.72208593,48.75502800,14.87604632,25.71861531,49.13476928,0.01953915
4281,4,11.99843550,30.68987077,48.75502800,11.89280472,30.71135556,49.15750458,0.11479477
4282,4,29.20734697,0.88316175,48.75502800,29.21764166,0.88972274,49.12769452,0.01557126
4283,4,29.20734697,5.85094658,48.75502800,29.09171682,5.65532225,49.13340096,0.22776201
4284,4,27.77327102,8.33483900,48.75502800,27.77327102,8.33483900,49.11802824,0.00000000
4285,4,23.47104315,15.78651626,48.75502800,23.45837912,15.77872968,49.13846338,0.02527060
4286,4,17.73473932,25.72208593,48.75502800,17.73473932,25.72208593,49.11802824,0.00000000
4287,4,16.30066337,28.20597835,48.75502800,16.30066337,28.20597835,49.11802824,0.00000000
4288,4,14.86658741,30.68987077,48.75502800,14.60488730,30.70595888,48.89336660,0.34528051
4289,4,32.07549889,0.88316175,48.75502800,32.07330568,0.88758187,49.11842467,0.00495023
4290,4,30.64142293,8.33483900,48.75502800,30.49571868,7.98117210,48.92499557,0.42845258
4291,4,26.33919506,15.78651626,48.75502800,26.32885061,15.46757229,48.95063508,0.36035084
4292,4,24.90511911,18.27040867,48.75502800,24.87580506,18.28527557,49.10041864,0.03728855
4293,4,23.47104315,20.75430109,48.75502800,23.49008691,20.63100924,49.06104430,0.13715216
4294,4,-0.90824811,3.36705417,48.75502800,-0.97537199,3.40073136,49.39262864,0.28468429
4295,4,-8.07862789,15.78651626,48.75502800,-8.08089219,15.76985089,49.10121922,0.02377824
4296,4,-10.94677980,20.75430109,48.75502800,-10.94893771,20.75406137,49.11859870,0.00224487
4297,4,-12.38085576,23.23819351,48.75502800,-12.31995918,23.23780894,49.08431773,0.06960560
4298,4,0.52582785,0.88316175,48.75502800,0.51277882,0.83450885,49.35926007,0.24643493
4299,4,1.95990381,3.36705417,48.75502800,1.72267445,3.25508048,49.04111363,0.27337105
4300,4,0.52582785,5.85094658,48.75502800,0.17390085,5.85920274,49.14906780,0.35338963
4301,4,-0.90824811,8.33483900,48.75502800,-1.34841467,8.06891318,49.62231908,0.72025856
4302,4,-5.21047597,15.78651626,48.75502800,-5.15335478,15.73933120,49.20256376,0.11240780
4303,4,-6.64455193,18.27040867,48.75502800,-6.65124933,18.08601612,49.22664469,0.21410979
4304,4,-9.51270384,23.23819351,48.75502800,-9.53549087,23.25371710,49.14344138,0.03749744
4305,4,-12.38085576,28.20597835,48.75502800,-12.39094405,28.33237548,48.95270444,0.20835059
