label,model,index_zero_based,atom_id,element,z_A,error_norm_eV_A,DFT_Fx_eV_A,model_Fx_eV_A,error_Fx_eV_A,DFT_Fy_eV_A,model_Fy_eV_A,error_Fy_eV_A,DFT_Fz_eV_A,model_Fz_eV_A,error_Fz_eV_A
Ag_baseline_k8x8x8_v19,V18,0,1,Ag,0.0,2.763779779359542e-16,-1.0384603748693034e-26,7.113721504220516e-17,7.113721505258976e-17,4.326918228622097e-27,1.5534584252643868e-16,1.5534584252211176e-16,-1.0384603748693034e-26,2.1723708829090809e-16,2.172370883012927e-16
Ag_baseline_k8x8x8_v19,V18,1,2,Ag,2.045,8.060750949643886e-06,0.0,-9.446111427779957e-18,-9.446111427779957e-18,5.699811657971505e-06,8.128128161852266e-17,-5.6998116578902235e-06,5.699811657971502e-06,-3.646307431340312e-17,-5.699811658007965e-06
Ag_baseline_k8x8x8_v19,V18,2,3,Ag,2.045,8.060750949759467e-06,5.699811657971503e-06,-9.554531645028508e-17,-5.699811658067048e-06,3.854418758056564e-24,1.009256697312444e-16,1.0092566587682564e-16,5.699811657971505e-06,-2.3093506273941244e-17,-5.699811657994598e-06
Ag_baseline_k8x8x8_v19,V18,3,4,Ag,0.0,8.060750949527623e-06,5.699811657971502e-06,4.484531235943168e-17,-5.699811657926657e-06,5.699811657971503e-06,1.643921544031146e-16,-5.699811657807111e-06,2.2153821330545137e-25,-2.2307459698889254e-17,-2.2307459920427468e-17
Ag_baseline_k8x8x8_v19,V18,4,5,Ag,4.09,1.465137427840217e-16,0.0,-8.306343893954571e-17,-8.306343893954571e-17,0.0,1.2014727876451138e-16,1.2014727876451138e-16,-1.0384603748693034e-26,-1.1461821052506612e-17,-1.1461821042122008e-17
Ag_baseline_k8x8x8_v19,V18,5,6,Ag,6.135,8.060750949592693e-06,8.861528532218055e-25,-1.1382089932024386e-16,-1.138209002063967e-16,5.699811657971505e-06,2.110331766107254e-16,-5.6998116577604716e-06,-5.699811657971502e-06,9.38173692378863e-17,5.6998116580653196e-06
Ag_baseline_k8x8x8_v19,V18,6,7,Ag,6.135,8.060750949782544e-06,5.699811657971503e-06,-1.917682592583736e-17,-5.69981165799068e-06,3.544611412887222e-24,6.579074307913602e-17,6.57907395345246e-17,-5.699811657971505e-06,1.3209648219020265e-16,5.699811658103601e-06
Ag_baseline_k8x8x8_v19,V18,7,8,Ag,4.09,2.7038121652553436e-05,1.911883917116014e-05,1.073292388124869e-16,-1.9118839171052812e-05,1.9118839171160148e-05,7.825229179914128e-17,-1.9118839171081896e-05,0.0,-3.873440889513619e-17,-3.873440889513619e-17
Ag_baseline_k8x8x8_v19,V18,8,9,Ag,0.0,2.699008052714142e-16,0.0,2.2388774861825667e-17,2.2388774861825667e-17,-1.0384603748693034e-26,-2.6897023020291955e-16,-2.6897023019253493e-16,0.0,4.502405125058231e-19,4.502405125058231e-19
Ag_baseline_k8x8x8_v19,V18,9,10,Ag,2.045,8.06075094967672e-06,2.2153821330545138e-24,2.0050963927403798e-16,2.0050963705865584e-16,-5.699811657971502e-06,-4.476538317598104e-17,5.6998116579267365e-06,5.699811657971505e-06,-4.6383524191645487e-17,-5.699811658017888e-06
Ag_baseline_k8x8x8_v19,V18,10,11,Ag,2.045,2.7038121652904978e-05,1.911883917116014e-05,-8.357843497147632e-17,-1.911883917124372e-05,-7.089222825774444e-24,-1.531435568635775e-17,-1.5314348597134924e-17,1.9118839171160145e-05,-2.2800094061012355e-16,-1.9118839171388146e-05
Ag_baseline_k8x8x8_v19,V18,11,12,Ag,0.0,8.060750949574e-06,5.699811657971502e-06,4.9243107421576005e-17,-5.699811657922259e-06,-5.699811657971501e-06,-9.44068741155353e-17,5.6998116578770944e-06,0.0,2.0137700101202638e-16,2.0137700101202638e-16
Ag_baseline_k8x8x8_v19,V18,12,13,Ag,4.09,1.019246222873194e-16,5.192301874346517e-27,-4.225381439881669e-17,-4.225381440400899e-17,0.0,-2.1534965650993332e-17,-2.1534965650993332e-17,0.0,-9.021911688292468e-17,-9.021911688292468e-17
Ag_baseline_k8x8x8_v19,V18,13,14,Ag,6.135,8.060750949600564e-06,3.544611412887222e-24,8.096279723035504e-17,8.096279368574363e-17,-5.699811657971502e-06,-6.394288353804065e-17,5.69981165790756e-06,-5.699811657971505e-06,-4.214158319179595e-17,5.699811657929363e-06
Ag_baseline_k8x8x8_v19,V18,14,15,Ag,6.135,2.703812165273676e-05,1.9118839171160138e-05,3.272257681832813e-17,-1.9118839171127415e-05,1.3292292798327083e-24,-1.3758525568841051e-16,-1.3758525701763978e-16,-1.9118839171160145e-05,1.0640766696587423e-16,1.9118839171266553e-05
Ag_baseline_k8x8x8_v19,V18,15,16,Ag,4.09,2.7038121652713796e-05,1.9118839171160138e-05,-3.289198340777899e-17,-1.911883917119303e-05,-1.911883917116015e-05,8.310382226613966e-18,1.9118839171168463e-05,1.3292292798327083e-24,-1.0519644214513286e-16,-1.0519644347436214e-16
Ag_baseline_k8x8x8_v19,V18,16,17,Ag,0.0,6.122361251916168e-17,-1.0384603748693034e-26,-5.2631239210593206e-17,-5.2631239200208604e-17,0.0,2.5261910618912253e-17,2.5261910618912253e-17,0.0,-1.8442322576860115e-17,-1.8442322576860115e-17
Ag_baseline_k8x8x8_v19,V18,17,18,Ag,2.045,2.703812165272045e-05,-5.316917119330833e-24,-1.3767334711492496e-16,-1.3767334179800783e-16,1.911883917116014e-05,-7.788637356592742e-17,-1.9118839171238028e-05,1.9118839171160145e-05,2.7267684638010437e-17,-1.9118839171132877e-05
Ag_baseline_k8x8x8_v19,V18,18,19,Ag,2.045,8.060750949733624e-06,-5.699811657971502e-06,6.897474133767218e-17,5.699811658040477e-06,1.772305706443611e-24,8.749511531958021e-17,8.74951135472745e-17,5.699811657971502e-06,-1.3118846287074604e-17,-5.699811657984621e-06
Ag_baseline_k8x8x8_v19,V18,19,20,Ag,0.0,8.06075094964192e-06,-5.699811657971502e-06,5.416769272112331e-17,5.69981165802567e-06,5.699811657971505e-06,1.0176592641492066e-16,-5.699811657869739e-06,0.0,-3.754050022231059e-17,-3.754050022231059e-17
Ag_baseline_k8x8x8_v19,V18,20,21,Ag,4.09,8.567580935475791e-17,0.0,-7.14218181124826e-18,-7.14218181124826e-18,5.192301874346517e-27,6.788594607521365e-17,6.788594607002134e-17,0.0,-5.1776750320448384e-17,-5.1776750320448384e-17
Ag_baseline_k8x8x8_v19,V18,21,22,Ag,6.135,2.703812165269994e-05,1.4123061098222525e-24,1.3210325845378068e-16,1.3210325704147457e-16,1.911883917116014e-05,8.134226799072497e-17,-1.91188391710788e-05,-1.911883917116014e-05,1.0295177254107668e-16,1.9118839171263093e-05
Ag_baseline_k8x8x8_v19,V18,22,23,Ag,6.135,8.06075094965477e-06,-5.699811657971502e-06,2.0596519904024128e-17,5.699811657992099e-06,2.5970163208189828e-24,1.406752318799942e-17,1.40675205909831e-17,-5.699811657971505e-06,-5.002237773304996e-17,5.699811657921482e-06
Ag_baseline_k8x8x8_v19,V18,23,24,Ag,4.09,2.703812165269463e-05,-1.9118839171160145e-05,1.7317563700032424e-17,1.911883917117746e-05,1.9118839171160148e-05,3.2187251995663413e-18,-1.911883917115693e-05,-4.430764266109027e-25,-8.303816772943825e-17,-8.303816728636182e-17
Ag_baseline_k8x8x8_v19,V18,24,25,Ag,0.0,8.051306899602252e-17,2.769227666318142e-26,-5.072710914516554e-17,-5.0727109172857817e-17,0.0,1.8878670328403846e-17,1.8878670328403846e-17,5.192301874346517e-27,-5.960461794303962e-17,-5.960461794823193e-17
Ag_baseline_k8x8x8_v19,V18,25,26,Ag,2.045,2.7038121652673613e-05,1.3846138331590711e-25,-2.0689287956454638e-16,-2.0689287970300777e-16,-1.911883917116014e-05,-7.748952027330521e-17,1.911883917108265e-05,1.9118839171160145e-05,-6.18672864674541e-17,-1.9118839171222012e-05
Ag_baseline_k8x8x8_v19,V18,26,27,Ag,2.045,2.7038121652714392e-05,-1.911883917116014e-05,-5.805035823921839e-17,1.9118839171102093e-05,3.1015349862763194e-24,-2.0659472396711287e-16,-2.0659472706864786e-16,1.911883917116015e-05,-1.0009218931114616e-16,-1.9118839171260244e-05
Ag_baseline_k8x8x8_v19,V18,27,28,Ag,0.0,8.060750949671974e-06,-5.699811657971501e-06,-1.502747791986856e-17,5.699811657956474e-06,-5.6998116579715005e-06,9.936607783682457e-18,5.699811657981437e-06,8.861528532218055e-25,1.180018539478911e-16,1.1800185306173824e-16
Ag_baseline_k8x8x8_v19,V18,28,29,Ag,4.09,1.2562939888836065e-16,-5.192301874346517e-27,1.0631822577043363e-16,1.0631822577562593e-16,-1.384613833159071e-26,-5.095750210681871e-17,-5.095750209297257e-17,-6.923069165795355e-27,4.3387944325789404e-17,4.338794433271247e-17
Ag_baseline_k8x8x8_v19,V18,29,30,Ag,6.135,2.7038121652705546e-05,3.544611412887222e-24,4.2392304944183223e-17,4.2392301399571814e-17,-1.911883917116014e-05,-5.289110751122786e-17,1.911883917110725e-05,-1.9118839171160145e-05,8.243324642678851e-17,1.9118839171242578e-05
Ag_baseline_k8x8x8_v19,V18,30,31,Ag,6.135,2.70381216527777e-05,-1.9118839171160138e-05,-1.1144355472497215e-17,1.9118839171148994e-05,3.544611412887222e-24,-1.1062927917498966e-16,-1.1062928271960107e-16,-1.911883917116015e-05,1.427216634805606e-16,1.9118839171302873e-05
Ag_baseline_k8x8x8_v19,V18,31,32,Ag,4.09,2.703812165250685e-05,-1.911883917116014e-05,-8.367422672793971e-17,1.9118839171076468e-05,-1.9118839171160145e-05,-1.6778706245570985e-16,1.9118839170992358e-05,3.544611412887222e-24,-2.242265617971584e-16,-2.242265653417698e-16
Ti3SiC2_baseline_k10x10x2_v19,V18,0,1,Ti,0.0,2.9541896475174823e-08,0.0,-1.5480146478851446e-13,-1.5480146478851446e-13,0.0,-5.86095687260535e-09,-5.86095687260535e-09,0.0,2.8954668567667e-08,2.8954668567667e-08
Ti3SiC2_baseline_k10x10x2_v19,V18,1,2,Ti,8.81175,7.433837080962023e-09,0.0,2.981266248912566e-15,2.981266248912566e-15,0.0,-7.281470236226301e-09,-7.281470236226301e-09,0.0,-1.4973726808071485e-09,-1.4973726808071485e-09
Ti3SiC2_baseline_k10x10x2_v19,V18,2,3,Ti,2.38798425,4.258188318648901,0.0016939230659937087,2.169475191688081e-05,-0.001672228314076828,-0.0009728059700722137,-5.239940334080765e-06,0.000967566029738133,-0.044117436225991666,-4.302305316597922,-4.25818788037193
Ti3SiC2_baseline_k10x10x2_v19,V18,3,4,Ti,11.19973425,4.2580880510917165,-0.001986844282314575,-6.331931548466015e-06,0.001980512350766109,0.0014801233021999947,-2.1405720073159305e-05,-0.001501529022273154,-0.04421798087194537,-4.3023053066358825,-4.258087325763937
Ti3SiC2_baseline_k10x10x2_v19,V18,4,5,Ti,6.42376575,4.258088040867321,0.001986844287076608,6.331931558458889e-06,-0.001980512355518149,-0.0014801743673752146,2.1369880216016643e-05,0.0015015442475912312,0.044217985449793905,4.302305300983962,4.258087315534168
Ti3SiC2_baseline_k10x10x2_v19,V18,5,6,Ti,15.23551575,4.2581883024877785,-0.0016939230854261852,-2.1694751465194293e-05,0.0016722283339609908,0.000972869036030077,5.261775504386296e-06,-0.0009676072605256907,0.04411744461361931,4.30230530881505,4.25818786420143
Ti3SiC2_baseline_k10x10x2_v19,V18,6,7,Si,4.405875,0.0013502738705499825,-0.001165453938673355,-6.783653174438981e-07,0.0011647755733559112,0.0006826339335922142,-3.9073045036853773e-07,-0.0006830246640425827,3.837090916566121e-06,3.357363498324162e-09,-3.833733553067797e-06
Ti3SiC2_baseline_k10x10x2_v19,V18,7,8,Si,13.217625,0.0013502749029997382,0.001165453938673355,6.783652409313978e-07,-0.0011647755734324238,-0.0006826339335922142,3.9279898755677223e-07,0.0006830267325797709,-3.837090916566121e-06,-8.280719773073875e-09,3.828810196793047e-06
Ti3SiC2_baseline_k10x10x2_v19,V18,8,9,C,1.2724167,2.629580575506085,-0.0005986290519881643,-2.0436362243201288e-05,0.0005781926897449629,0.0003514254528680663,1.1162834772785292e-05,-0.000340262618095281,0.0872503656311157,2.7168308555559775,2.629580489924862
Ti3SiC2_baseline_k10x10x2_v19,V18,9,10,C,10.0841667,2.629595078041231,0.0009639169316834534,5.82358994476455e-07,-0.0009633345726889769,-0.000985200030814649,2.324949372677033e-05,0.0010084495245414194,0.08723614165552385,2.716830849870979,2.629594708215455
Ti3SiC2_baseline_k10x10x2_v19,V18,10,11,C,7.5393333,2.6295950939031356,-0.0009639169184282385,-5.823590068744153e-07,0.0009633345594213641,0.000985154514776521,-2.3267095729556653e-05,-0.0010084216105060776,-0.08723613534839311,-2.716830859436465,-2.6295947240880717
Ti3SiC2_baseline_k10x10x2_v19,V18,11,12,C,16.3510833,2.6295805979719646,0.000598629053172008,2.043636207101074e-05,-0.0005781926911009972,-0.00035136237770222695,-1.1123572307401158e-05,0.0003402388053948258,-0.08725035699698283,-2.7168308693908063,-2.6295805123938236
Ti3SiC2_baseline_k10x10x2_v19,V18,12,13,Ti,0.0,2.9706617784937703e-08,0.0,-2.4688974822884013e-13,-2.4688974822884013e-13,0.0,6.641023945173907e-09,6.641023945173907e-09,0.0,-2.8954791332680144e-08,-2.8954791332680144e-08
Ti3SiC2_baseline_k10x10x2_v19,V18,13,14,Ti,8.81175,9.896320146156495e-09,0.0,1.9180267884853775e-15,1.9180267884853775e-15,0.0,9.782443826343579e-09,9.782443826343579e-09,0.0,1.496978697126865e-09,1.496978697126865e-09
Ti3SiC2_baseline_k10x10x2_v19,V18,14,15,Ti,2.38798425,4.258188286813548,0.0016939230795771016,2.1694755715072713e-05,-0.0016722283238620288,-0.0009728690323940029,-5.188933358477466e-06,0.0009676800990355254,-0.04411744461641497,-4.3023052931270644,-4.25818784851065
Ti3SiC2_baseline_k10x10x2_v19,V18,15,16,Ti,11.19973425,4.258088042988848,-0.0019868442779020865,-6.331931535622664e-06,0.001980512346366464,0.0014801743628391423,-2.1395314659251462e-05,-0.0015015696774983937,-0.04421798545145331,-4.302305303098186,-4.258087317646733
Ti3SiC2_baseline_k10x10x2_v19,V18,16,17,Ti,6.42376575,4.258088053202551,0.001986844274516934,6.33193154848694e-06,-0.0019805123429684473,-0.0014801232974335306,2.139446567002391e-05,0.0015015177631035545,0.04421798087379985,4.302305308752545,4.258087327878745
Ti3SiC2_baseline_k10x10x2_v19,V18,17,18,Ti,15.23551575,4.258188302976511,-0.0016939230603943004,-2.1694755589388853e-05,0.0016722283048049116,0.0009728059672809327,5.158401865608181e-06,-0.0009676475654153246,0.0441174362291933,4.302305300910208,4.258187864681015
Ti3SiC2_baseline_k10x10x2_v19,V18,18,19,Si,4.405875,0.001350269960195867,-0.0011654539523874915,-6.783654363134282e-07,0.001164775586951178,0.0006826349208841968,-3.820327206928687e-07,-0.0006830169536048897,3.822675535107423e-06,-3.3587280032551904e-09,-3.826034263110678e-06
Ti3SiC2_baseline_k10x10x2_v19,V18,19,20,Si,13.217625,0.0013502794929249337,0.0011654539523874915,6.783652370865017e-07,-0.001164775587150405,-0.0006826349208841968,4.0085003936160893e-07,0.0006830357709235584,-3.822675535107423e-06,8.28138271781638e-09,3.830956917825239e-06
Ti3SiC2_baseline_k10x10x2_v19,V18,20,21,C,1.2724167,2.629580593616862,-0.0005986290520074755,-2.0436366079975557e-05,0.0005781926859275,0.00035136237623386923,1.1087176477326145e-05,-0.0003402751997565431,0.08725035699855486,2.716830865032567,2.6295805080340124
Ti3SiC2_baseline_k10x10x2_v19,V18,21,22,C,10.0841667,2.629595105193878,0.0009639169169181374,5.823589892955949e-07,-0.0009633345579288418,-0.0009851545133165189,2.3272969378143257e-05,0.0010084274826946621,0.08723613534929514,2.7168308707258597,2.6295947353765645
Ti3SiC2_baseline_k10x10x2_v19,V18,22,23,C,7.5393333,2.6295950893268683,-0.0009639169280944868,-5.823589992028948e-07,0.0009633345690952839,0.0009852000290078954,-2.3239439081464966e-05,-0.0010084394680893603,-0.0872361416568858,-2.7168308611618377,-2.629594719504952
Ti3SiC2_baseline_k10x10x2_v19,V18,23,24,C,16.3510833,2.629580571151826,0.0005986290502668245,2.043636633664817e-05,-0.0005781926839301763,-0.00035142545123506726,-1.1121148967156106e-05,0.00034030430226791115,-0.08725036563255463,-2.7168308511977646,-2.62958048556521
Ti3SiC2_baseline_k10x10x2_v19,V18,24,25,Ti,0.0,2.954189400871581e-08,0.0,-1.5529235568758482e-13,-1.5529235568758482e-13,0.0,-5.8609563200959225e-09,-5.8609563200959225e-09,0.0,2.8954666163021307e-08,2.8954666163021307e-08
Ti3SiC2_baseline_k10x10x2_v19,V18,25,26,Ti,8.81175,7.43383578877835e-09,0.0,2.2170772624959826e-15,2.2170772624959826e-15,0.0,-7.281468866011595e-09,-7.281468866011595e-09,0.0,-1.4973729287724995e-09,-1.4973729287724995e-09
Ti3SiC2_baseline_k10x10x2_v19,V18,26,27,Ti,2.38798425,4.258188318645695,0.0016939230603943004,2.169475191754911e-05,-0.0016722283084767513,-0.0009728059672809327,-5.239940331847742e-06,0.000967566026949085,-0.0441174362291933,-4.302305316597922,-4.2581878803687285
Ti3SiC2_baseline_k10x10x2_v19,V18,27,28,Ti,11.19973425,4.2580880510898576,-0.001986844274516934,-6.331931545856681e-06,0.0019805123429710776,0.0014801232974335306,-2.1405720072674016e-05,-0.0015015290175062045,-0.04421798087379985,-4.302305306635883,-4.258087325762084
Ti3SiC2_baseline_k10x10x2_v19,V18,28,29,Ti,6.42376575,4.258088040865653,0.0019868442779020865,6.3319315621967745e-06,-0.0019805123463398897,-0.0014801743628391423,2.1369880216784258e-05,0.0015015442430559266,0.04421798545145331,4.30230530098396,4.2580873155325065
Ti3SiC2_baseline_k10x10x2_v19,V18,29,30,Ti,15.23551575,4.258188302484979,-0.0016939230795771016,-2.169475146591212e-05,0.0016722283281111895,0.0009728690323940029,5.261775505103171e-06,-0.0009676072568888997,0.04411744461641497,4.302305308815048,4.258187864198633
Ti3SiC2_baseline_k10x10x2_v19,V18,30,31,Si,4.405875,0.0013502738754477368,-0.0011654539429295071,-6.783653177793326e-07,0.0011647755776117278,0.0006826339360151322,-3.907304511212591e-07,-0.0006830246664662535,3.837091131723461e-06,3.3573669528091238e-09,-3.833733764770652e-06
Ti3SiC2_baseline_k10x10x2_v19,V18,31,32,Si,13.217625,0.0013502749078981864,0.0011654539429295071,6.783652389038414e-07,-0.0011647755776906033,-0.0006826339360151322,3.9279898560561945e-07,0.0006830267350007379,-3.837091131723461e-06,-8.28071480048903e-09,3.828810416922972e-06
Ti3SiC2_baseline_k10x10x2_v19,V18,32,33,C,1.2724167,2.629580575504646,-0.0005986290502668245,-2.0436362242437413e-05,0.0005781926880243871,0.00035142545123506726,1.1162834774560565e-05,-0.0003402626164605067,0.08725036563255463,2.716830855555978,2.6295804899234234
Ti3SiC2_baseline_k10x10x2_v19,V18,33,34,C,10.0841667,2.629595078039866,0.0009639169280944868,5.823589968257521e-07,-0.0009633345690976611,-0.0009852000290078954,2.3249493728520233e-05,0.0010084495227364156,0.0872361416568858,2.716830849870978,2.6295947082140922
Ti3SiC2_baseline_k10x10x2_v19,V18,34,35,C,7.5393333,2.629595093902233,-0.0009639169169181374,-5.823590067553699e-07,0.0009633345579113821,0.0009851545133165189,-2.3267095728949716e-05,-0.0010084216090454686,-0.08723613534929514,-2.7168308594364654,-2.62959472408717
Ti3SiC2_baseline_k10x10x2_v19,V18,35,36,C,16.3510833,2.6295805979703926,0.0005986290520074755,2.043636207290202e-05,-0.0005781926899345735,-0.00035136237623386923,-1.1123572308115864e-05,0.00034023880392575336,-0.08725035699855486,-2.7168308693908063,-2.6295805123922515
Ti3SiC2_baseline_k10x10x2_v19,V18,36,37,Ti,0.0,2.9706619790215245e-08,0.0,-2.449269086157724e-13,-2.449269086157724e-13,0.0,6.641024333318285e-09,6.641024333318285e-09,0.0,-2.8954793301018285e-08,-2.8954793301018285e-08
Ti3SiC2_baseline_k10x10x2_v19,V18,37,38,Ti,8.81175,9.896321273019846e-09,0.0,3.845881946240581e-15,3.845881946240581e-15,0.0,9.782444958467487e-09,9.782444958467487e-09,0.0,1.4969787484678609e-09,1.4969787484678609e-09
Ti3SiC2_baseline_k10x10x2_v19,V18,38,39,Ti,2.38798425,4.258188286816345,0.0016939230854261852,2.1694755717297178e-05,-0.001672228329708888,-0.000972869036030077,-5.188933359231031e-06,0.0009676801026708461,-0.04411744461361931,-4.302305293127064,-4.258187848513444
Ti3SiC2_baseline_k10x10x2_v19,V18,39,40,Ti,11.19973425,4.258088042990515,-0.001986844287076608,-6.331931533639333e-06,0.0019805123555429686,0.0014801743673752146,-2.1395314658513174e-05,-0.0015015696820337278,-0.044217985449793905,-4.302305303098187,-4.2580873176483935
Ti3SiC2_baseline_k10x10x2_v19,V18,40,41,Ti,6.42376575,4.258088053204415,0.001986844282314575,6.3319315496484455e-06,-0.001980512350764927,-0.0014801233021999947,2.139446567216586e-05,0.0015015177678721606,0.04421798087194537,4.302305308752549,4.258087327880604
Ti3SiC2_baseline_k10x10x2_v19,V18,41,42,Ti,15.23551575,4.258188302979716,-0.0016939230659937087,-2.169475558775561e-05,0.001672228310405953,0.0009728059700722137,5.158401862958174e-06,-0.0009676475682092556,0.044117436225991666,4.302305300910208,4.258187864684217
Ti3SiC2_baseline_k10x10x2_v19,V18,42,43,Si,4.405875,0.0013502699553005965,-0.001165453948243311,-6.783654381680034e-07,0.001164775582805143,0.0006826349182788183,-3.8203271934343004e-07,-0.0006830169509981618,3.822675458984502e-06,-3.3587265487844235e-09,-3.826034185533286e-06
Ti3SiC2_baseline_k10x10x2_v19,V18,43,44,Si,13.217625,0.0013502794880312352,0.001165453948243311,6.78365236708332e-07,-0.0011647755830066027,-0.0006826349182788183,4.0085003730444373e-07,0.0006830357683161228,-3.822675458984502e-06,8.281383265988998e-09,3.830956842250491e-06
Ti3SiC2_baseline_k10x10x2_v19,V18,44,45,C,1.2724167,2.6295805936184338,-0.000598629053172008,-2.043636608019153e-05,0.0005781926870918164,0.00035136237770222695,1.1087176476686899e-05,-0.00034027520122554005,0.08725035699698283,2.7168308650325663,2.6295805080355836
Ti3SiC2_baseline_k10x10x2_v19,V18,45,46,C,10.0841667,2.6295951051947815,0.0009639169184282385,5.82358991763998e-07,-0.0009633345594364745,-0.000985154514776521,2.3272969379100174e-05,0.001008427484155621,0.08723613534839311,2.71683087072586,2.629594735377467
Ti3SiC2_baseline_k10x10x2_v19,V18,46,47,C,7.5393333,2.629595089328233,-0.0009639169316834534,-5.823589966846496e-07,0.0009633345726867687,0.000985200030814649,-2.323943908243706e-05,-0.0010084394698970862,-0.08723614165552385,-2.7168308611618386,-2.629594719506315
Ti3SiC2_baseline_k10x10x2_v19,V18,47,48,C,16.3510833,2.6295805711532676,0.0005986290519881643,2.0436366335586193e-05,-0.0005781926856525781,-0.0003514254528680663,-1.1121148968481001e-05,0.0003403043038995853,-0.0872503656311157,-2.7168308511977663,-2.6295804855666507
Ti3SiC2_baseline_k10x10x4_v19,V18,0,1,Ti,0.0,2.9541896475174823e-08,0.0,-1.5480146478851446e-13,-1.5480146478851446e-13,0.0,-5.86095687260535e-09,-5.86095687260535e-09,0.0,2.8954668567667e-08,2.8954668567667e-08
Ti3SiC2_baseline_k10x10x4_v19,V18,1,2,Ti,8.81175,7.433837080962023e-09,0.0,2.981266248912566e-15,2.981266248912566e-15,0.0,-7.281470236226301e-09,-7.281470236226301e-09,0.0,-1.4973726808071485e-09,-1.4973726808071485e-09
Ti3SiC2_baseline_k10x10x4_v19,V18,2,3,Ti,2.38798425,4.257348653684223,0.000719968531872444,2.169475191688081e-05,-0.0006982737799555631,-0.00041202407075390993,-5.239940334080765e-06,0.00040678413041982917,-0.04495673961162263,-4.302305316597922,-4.257348576986299
Ti3SiC2_baseline_k10x10x4_v19,V18,3,4,Ti,11.19973425,4.2573218405090625,-0.0010083543781054393,-6.331931548466015e-06,0.0010020224465569732,0.0009127926990017763,-2.1405720073159305e-05,-0.0009341984190749356,-0.044983686544231044,-4.3023053066358825,-4.257321620091651
Ti3SiC2_baseline_k10x10x4_v19,V18,4,5,Ti,6.42376575,4.2573218308729786,0.0010083544753400878,6.331931558458889e-06,-0.0010020225437816289,-0.0009128428214783012,2.1369880216016643e-05,0.0009342127016943178,0.044983690531552385,4.302305300983962,4.25732161045241
Ti3SiC2_baseline_k10x10x4_v19,V18,5,6,Ti,15.23551575,4.257348639661495,-0.0007199685694501924,-2.1694751465194293e-05,0.0006982738179849981,0.0004120954356816054,5.261775504386296e-06,-0.0004068336601772191,0.04495674585621889,4.30230530881505,4.257348562958831
Ti3SiC2_baseline_k10x10x4_v19,V18,6,7,Si,4.405875,0.0007578774778007532,-0.0006525353817818509,-6.783653174438981e-07,0.000651857016464407,0.00038614735634135257,-3.9073045036853773e-07,-0.0003865380867917211,7.003993273814515e-06,3.357363498324162e-09,-7.000635910316191e-06
Ti3SiC2_baseline_k10x10x4_v19,V18,7,8,Si,13.217625,0.00075787848741699,0.0006525353817818509,6.783652409313978e-07,-0.0006518570165409195,-0.00038614735634135257,3.9279898755677223e-07,0.00038654015532890934,-7.003993273814515e-06,-8.280719773073875e-09,6.995712554041441e-06
Ti3SiC2_baseline_k10x10x4_v19,V18,8,9,C,1.2724167,2.628967095035617,-0.00014770863571377223,-2.0436362243201288e-05,0.00012727227347057095,9.123658817878461e-05,1.1162834772785292e-05,-8.007375340599932e-05,0.0878637648205358,2.7168308555559775,2.6289670907354417
Ti3SiC2_baseline_k10x10x4_v19,V18,9,10,C,10.0841667,2.6289905331155863,0.0005123222699221044,5.82358994476455e-07,-0.0005117399109276279,-0.0007223635371145798,2.324949372677033e-05,0.0007456130308413501,0.08784047229352449,2.716830849870979,2.628990377577454
Ti3SiC2_baseline_k10x10x4_v19,V18,10,11,C,7.5393333,2.6289905486636442,-0.0005123223690592433,-5.823590068744153e-07,0.0005117400100523689,0.0007223181156917318,-2.3267095729556653e-05,-0.0007455852114212885,-0.08784046630308089,-2.716830859436465,-2.628990393133384
Ti3SiC2_baseline_k10x10x4_v19,V18,11,12,C,16.3510833,2.6289671173539215,0.00014770900146071771,2.043636207101074e-05,-0.00012727263938970698,-9.117262584790101e-05,-1.1123572307401158e-05,8.004905354049985e-05,-0.08786375633632497,-2.7168308693908063,-2.628967113054481
Ti3SiC2_baseline_k10x10x4_v19,V18,12,13,Ti,0.0,2.9706617784937703e-08,0.0,-2.4688974822884013e-13,-2.4688974822884013e-13,0.0,6.641023945173907e-09,6.641023945173907e-09,0.0,-2.8954791332680144e-08,-2.8954791332680144e-08
Ti3SiC2_baseline_k10x10x4_v19,V18,13,14,Ti,8.81175,9.896320146156495e-09,0.0,1.9180267884853775e-15,1.9180267884853775e-15,0.0,9.782443826343579e-09,9.782443826343579e-09,0.0,1.496978697126865e-09,1.496978697126865e-09
Ti3SiC2_baseline_k10x10x4_v19,V18,14,15,Ti,2.38798425,4.25734862397996,0.0007199685690058406,2.1694755715072713e-05,-0.0006982738132907679,-0.00041209543557088575,-5.188933358477466e-06,0.0004069065022124083,-0.044956745856729034,-4.3023052931270644,-4.257348547270335
Ti3SiC2_baseline_k10x10x4_v19,V18,15,16,Ti,11.19973425,4.257321832992995,-0.0010083544748323212,-6.331931535622664e-06,0.0010020225432966984,0.000912842821583883,-2.1395314659251462e-05,-0.0009342381362431345,-0.044983690531341505,-4.302305303098186,-4.2573216125668445
Ti3SiC2_baseline_k10x10x4_v19,V18,16,17,Ti,6.42376575,4.257321842623181,0.001008354378750206,6.33193154848694e-06,-0.0010020224472017192,-0.0009127926992588833,2.139446567002391e-05,0.0009341871649289072,0.04498368654430486,4.302305308752545,4.25732162220824
Ti3SiC2_baseline_k10x10x4_v19,V18,17,18,Ti,15.23551575,4.257348638004014,-0.0007199685322682781,-2.1694755589388853e-05,0.0006982737766788893,0.00041202407111023037,5.158401865608181e-06,-0.0004068656692446222,0.04495673961190924,4.302305300910208,4.257348561298299
Ti3SiC2_baseline_k10x10x4_v19,V18,18,19,Si,4.405875,0.000757873243170904,-0.0006525353784490375,-6.783654363134282e-07,0.0006518570130127241,0.00038614790600530045,-3.820327206928687e-07,-0.0003865299387259933,6.989049225873418e-06,-3.3587280032551904e-09,-6.992407953876673e-06
Ti3SiC2_baseline_k10x10x4_v19,V18,19,20,Si,13.217625,0.0007578828861433192,0.0006525353784490375,6.783652370865017e-07,-0.000651857013211951,-0.00038614790600530045,4.0085003936160893e-07,0.00038654875604466206,-6.989049225873418e-06,8.28138271781638e-09,6.997330608591234e-06
Ti3SiC2_baseline_k10x10x4_v19,V18,20,21,C,1.2724167,2.6289671129966985,-0.00014770900247694765,-2.0436366079975557e-05,0.0001272726363969721,9.117262595585593e-05,1.1087176477326145e-05,-8.008544947852978e-05,0.0878637563364177,2.716830865032567,2.6289671086961497
Ti3SiC2_baseline_k10x10x4_v19,V18,21,22,C,10.0841667,2.6289905599544308,0.0005123223698793712,5.823589892955949e-07,-0.0005117400108900756,-0.0007223181154589561,2.3272969378143257e-05,0.0007455910848370994,0.08784046630335456,2.7168308707258597,2.628990404422505
Ti3SiC2_baseline_k10x10x4_v19,V18,22,23,C,7.5393333,2.628990544403139,-0.0005123222687158105,-5.823589992028948e-07,0.0005117399097166076,0.0007223635366107006,-2.3239439081464966e-05,-0.0007456029756921656,-0.08784047229397808,-2.7168308611618377,-2.6289903888678596
Ti3SiC2_baseline_k10x10x4_v19,V18,23,24,C,16.3510833,2.6289670906786444,0.0001477086363084519,2.043636633664817e-05,-0.00012727226997180373,-9.123658815023144e-05,-1.1121148967156106e-05,8.011543918307534e-05,-0.08786376482056493,-2.7168308511977646,-2.6289670863771994
Ti3SiC2_baseline_k10x10x4_v19,V18,24,25,Ti,0.0,2.954189400871581e-08,0.0,-1.5529235568758482e-13,-1.5529235568758482e-13,0.0,-5.8609563200959225e-09,-5.8609563200959225e-09,0.0,2.8954666163021307e-08,2.8954666163021307e-08
Ti3SiC2_baseline_k10x10x4_v19,V18,25,26,Ti,8.81175,7.43383578877835e-09,0.0,2.2170772624959826e-15,2.2170772624959826e-15,0.0,-7.281468866011595e-09,-7.281468866011595e-09,0.0,-1.4973729287724995e-09,-1.4973729287724995e-09
Ti3SiC2_baseline_k10x10x4_v19,V18,26,27,Ti,2.38798425,4.257348653683937,0.0007199685322682781,2.169475191754911e-05,-0.000698273780350729,-0.00041202407111023037,-5.239940331847742e-06,0.00040678413077838263,-0.04495673961190924,-4.302305316597922,-4.257348576986012
Ti3SiC2_baseline_k10x10x4_v19,V18,27,28,Ti,11.19973425,4.25732184050899,-0.001008354378750206,-6.331931545856681e-06,0.0010020224472043493,0.0009127926992588833,-2.1405720072674016e-05,-0.0009341984193315573,-0.04498368654430486,-4.302305306635883,-4.257321620091578
Ti3SiC2_baseline_k10x10x4_v19,V18,28,29,Ti,6.42376575,4.257321830873187,0.0010083544748323212,6.3319315621967745e-06,-0.0010020225432701244,-0.000912842821583883,2.1369880216784258e-05,0.0009342127018006673,0.044983690531341505,4.30230530098396,4.257321610452618
Ti3SiC2_baseline_k10x10x4_v19,V18,29,30,Ti,15.23551575,4.257348639660982,-0.0007199685690058406,-2.169475146591212e-05,0.0006982738175399285,0.00041209543557088575,5.261775505103171e-06,-0.0004068336600657826,0.044956745856729034,4.302305308815048,4.2573485629583185
Ti3SiC2_baseline_k10x10x4_v19,V18,30,31,Si,4.405875,0.0007578774777890038,-0.0006525353816422018,-6.783653177793326e-07,0.0006518570163244224,0.00038614735655342875,-3.907304511212591e-07,-0.00038653808700455,7.0039932885446875e-06,3.3573669528091238e-09,-7.000635921591878e-06
Ti3SiC2_baseline_k10x10x4_v19,V18,31,32,Si,13.217625,0.0007578784874059725,0.0006525353816422018,6.783652389038414e-07,-0.0006518570164032979,-0.00038614735655342875,3.9279898560561945e-07,0.0003865401555390344,-7.0039932885446875e-06,-8.28071480048903e-09,6.9957125737441985e-06
Ti3SiC2_baseline_k10x10x4_v19,V18,32,33,C,1.2724167,2.628967095035588,-0.0001477086363084519,-2.0436362242437413e-05,0.00012727227406601448,9.123658815023144e-05,1.1162834774560565e-05,-8.007375337567088e-05,0.08786376482056493,2.716830855555978,2.628967090735413
Ti3SiC2_baseline_k10x10x4_v19,V18,33,34,C,10.0841667,2.6289905331151315,0.0005123222687158105,5.823589968257521e-07,-0.0005117399097189848,-0.0007223635366107006,2.3249493728520233e-05,0.0007456130303392208,0.08784047229397808,2.716830849870978,2.628990377577
Ti3SiC2_baseline_k10x10x4_v19,V18,34,35,C,7.5393333,2.6289905486633716,-0.0005123223698793712,-5.823590067553699e-07,0.0005117400108726159,0.0007223181154589561,-2.3267095728949716e-05,-0.0007455852111879058,-0.08784046630335456,-2.7168308594364654,-2.628990393133111
Ti3SiC2_baseline_k10x10x4_v19,V18,35,36,C,16.3510833,2.628967117353829,0.00014770900247694765,2.043636207290202e-05,-0.00012727264040404563,-9.117262595585593e-05,-1.1123572308115864e-05,8.004905364774006e-05,-0.0878637563364177,-2.7168308693908063,-2.628967113054389
Ti3SiC2_baseline_k10x10x4_v19,V18,36,37,Ti,0.0,2.9706619790215245e-08,0.0,-2.449269086157724e-13,-2.449269086157724e-13,0.0,6.641024333318285e-09,6.641024333318285e-09,0.0,-2.8954793301018285e-08,-2.8954793301018285e-08
Ti3SiC2_baseline_k10x10x4_v19,V18,37,38,Ti,8.81175,9.896321273019846e-09,0.0,3.845881946240581e-15,3.845881946240581e-15,0.0,9.782444958467487e-09,9.782444958467487e-09,0.0,1.4969787484678609e-09,1.4969787484678609e-09
Ti3SiC2_baseline_k10x10x4_v19,V18,38,39,Ti,2.38798425,4.257348623980469,0.0007199685694501924,2.1694755717297178e-05,-0.0006982738137328952,-0.0004120954356816054,-5.188933359231031e-06,0.00040690650232237435,-0.04495674585621889,-4.302305293127064,-4.257348547270845
Ti3SiC2_baseline_k10x10x4_v19,V18,39,40,Ti,11.19973425,4.257321832992785,-0.0010083544753400878,-6.331931533639333e-06,0.0010020225438064484,0.0009128428214783012,-2.1395314658513174e-05,-0.0009342381361368143,-0.044983690531552385,-4.302305303098187,-4.257321612566635
Ti3SiC2_baseline_k10x10x4_v19,V18,40,41,Ti,6.42376575,4.257321842623259,0.0010083543781054393,6.3319315496484455e-06,-0.0010020224465557908,-0.0009127926990017763,2.139446567216586e-05,0.0009341871646739422,0.044983686544231044,4.302305308752549,4.257321622208318
Ti3SiC2_baseline_k10x10x4_v19,V18,41,42,Ti,15.23551575,4.257348638004301,-0.000719968531872444,-2.169475558775561e-05,0.0006982737762846883,0.00041202407075390993,5.158401862958174e-06,-0.00040686566889095176,0.04495673961162263,4.302305300910208,4.257348561298586
Ti3SiC2_baseline_k10x10x4_v19,V18,42,43,Si,4.405875,0.0007578732430842499,-0.0006525353784151183,-6.783654381680034e-07,0.0006518570129769503,0.0003861479058956145,-3.8203271934343004e-07,-0.00038652993861495793,6.989049308135261e-06,-3.3587265487844235e-09,-6.9924080346840455e-06
Ti3SiC2_baseline_k10x10x4_v19,V18,43,44,Si,13.217625,0.0007578828860582417,0.0006525353784151183,6.78365236708332e-07,-0.00065185701317841,-0.0003861479058956145,4.0085003730444373e-07,0.0003865487559329189,-6.989049308135261e-06,8.281383265988998e-09,6.99733069140125e-06
Ti3SiC2_baseline_k10x10x4_v19,V18,44,45,C,1.2724167,2.62896711299679,-0.00014770900146071771,-2.043636608019153e-05,0.00012727263538052618,9.117262584790101e-05,1.1087176476686899e-05,-8.008544937121411e-05,0.08786375633632497,2.7168308650325663,2.628967108696241
Ti3SiC2_baseline_k10x10x4_v19,V18,45,46,C,10.0841667,2.6289905599547048,0.0005123223690592433,5.82358991763998e-07,-0.0005117400100674793,-0.0007223181156917318,2.3272969379100174e-05,0.000745591085070832,0.08784046630308089,2.71683087072586,2.628990404422779
Ti3SiC2_baseline_k10x10x4_v19,V18,46,47,C,7.5393333,2.6289905444035937,-0.0005123222699221044,-5.823589966846496e-07,0.0005117399109254197,0.0007223635371145798,-2.323943908243706e-05,-0.0007456029761970168,-0.08784047229352449,-2.7168308611618386,-2.628990388868314
Ti3SiC2_baseline_k10x10x4_v19,V18,47,48,C,16.3510833,2.6289670906786755,0.00014770863571377223,2.0436366335586193e-05,-0.00012727226937818604,-9.123658817878461e-05,-1.1121148968481001e-05,8.011543921030361e-05,-0.0878637648205358,-2.7168308511977663,-2.6289670863772305
Ti3SiC2_Ti4f_id0003_z_m020A_k10x10x4_v19,V18,0,1,Ti,0.0,0.01588875852915109,-0.026981689209249145,-0.02090842001096814,0.006073269198281005,-0.015577485459197151,-0.012069494012215373,0.003507991446981778,-0.04278578160684386,-0.02852878175235886,0.014256999854485003
Ti3SiC2_Ti4f_id0003_z_m020A_k10x10x4_v19,V18,1,2,Ti,8.81175,0.0014921460856337505,-0.0011243094824951217,-0.0003590394672438919,0.0007652700152512298,-0.0006418505858419645,-0.0002072504818774741,0.0004346001039644904,-0.0005416455546259179,-0.001746628747149183,-0.0012049831925232653
Ti3SiC2_Ti4f_id0003_z_m020A_k10x10x4_v19,V18,2,3,Ti,2.36798425,4.474293083045513,0.0006854380714498938,7.613417513342756e-06,-0.000677824653936551,-0.00039381885810508757,2.4805666723115224e-06,0.0003962994247773991,0.3082744357162273,-4.166018578435777,-4.474293014152004
Ti3SiC2_Ti4f_id0003_z_m020A_k10x10x4_v19,V18,3,4,Ti,11.19973425,4.2599925963854135,-0.0012774183225750964,-0.00019485871593010384,0.0010825596066449926,0.0010680809537589086,8.741585629655263e-05,-0.0009806650974623558,-0.04347294571420373,-4.303465291672023,-4.259992345957819
Ti3SiC2_Ti4f_id0003_z_m020A_k10x10x4_v19,V18,4,5,Ti,6.42376575,4.269191042230593,0.0010453617588522851,6.289557353084075e-06,-0.001039072201499201,-0.0009344633961004331,2.1571859623198755e-05,0.0009560352557236319,0.06062513439129922,4.3298159431263095,4.269190808735011
Ti3SiC2_Ti4f_id0003_z_m020A_k10x10x4_v19,V18,5,6,Ti,15.23551575,4.248853268489379,-0.0022349974677655974,-0.001369892381869105,0.0008651050858964923,0.0012870399473755138,0.000783647112813693,-0.0005033928345618208,0.05174569658210244,4.3005988471795344,4.248853150597432
Ti3SiC2_Ti4f_id0003_z_m020A_k10x10x4_v19,V18,6,7,Si,4.405875,0.016147403547279757,0.025033829215688995,0.015971174648450277,-0.009062654567238718,0.015176286477988313,0.009220477970534697,-0.0059558085074536155,-0.03115643173296854,-0.019192516047201055,0.011963915685767483
Ti3SiC2_Ti4f_id0003_z_m020A_k10x10x4_v19,V18,7,8,Si,13.217625,0.0020580620755668738,0.0008859385011937562,-0.001102296722222516,-0.001988235223416272,-0.0002353813832095577,-0.0006364378781798805,-0.00040105649497032276,-0.002280401763191788,-0.002629248278289179,-0.00034884651509739083
Ti3SiC2_Ti4f_id0003_z_m020A_k10x10x4_v19,V18,8,9,C,1.2724167,2.662219012780312,-0.03023407324368743,0.024664519787876833,0.05489859303156426,0.017461497310651868,-0.014240693989983087,-0.03170219130063495,0.034190110120713546,2.6956542161268175,2.661464106006104
Ti3SiC2_Ti4f_id0003_z_m020A_k10x10x4_v19,V18,9,10,C,10.0841667,2.6287673608980895,0.0005465532854921399,5.895866611310826e-07,-0.0005459636988310088,-0.0007420732552874752,2.3271135391724146e-05,0.0007653443906791993,0.08775754192485193,2.7165247347159345,2.6287671927910825
Ti3SiC2_Ti4f_id0003_z_m020A_k10x10x4_v19,V18,10,11,C,7.5393333,2.626224513059472,-0.0005136211557298027,-0.0009002928789217293,-0.0003866717231919266,0.0007231852019593572,0.000495951131968448,-0.0002272340699909092,-0.08929247444183765,-2.715516949204823,-2.626224474762985
Ti3SiC2_Ti4f_id0003_z_m020A_k10x10x4_v19,V18,11,12,C,16.3510833,2.6075329974184354,0.00017879290949974282,2.0515516931197096e-05,-0.00015827739256854572,-0.00010931527309960592,-1.1162444287939229e-05,9.81528288116667e-05,-0.09733887980764559,-2.704871870575022,-2.6075329907673765
Ti3SiC2_Ti4f_id0003_z_m020A_k10x10x4_v19,V18,12,13,Ti,0.0,0.004881200801730245,3.0334782205944505e-05,-5.867445758062952e-07,-3.09215267817508e-05,-1.7529516521184535e-05,3.380027776523579e-07,1.7867519298836893e-05,-0.013223339104662798,-0.008342268947643174,0.004881070157019624
Ti3SiC2_Ti4f_id0003_z_m020A_k10x10x4_v19,V18,13,14,Ti,8.81175,0.0013274626647566696,1.3316993057050968e-05,-7.075942217854829e-09,-1.3324068999268823e-05,-7.617330519004351e-06,7.441922345334182e-08,7.691749742457694e-06,-3.057476648815783e-05,-0.0013579482755254899,-0.001327373509037332
Ti3SiC2_Ti4f_id0003_z_m020A_k10x10x4_v19,V18,14,15,Ti,2.38798425,4.256059251534497,0.012942862141135906,0.0016692385484767683,-0.011273623592659137,0.00661301637898126,0.0009482567078438003,-0.00566475967113746,-0.034776729661721274,-4.290817280276968,-4.256040550615247
Ti3SiC2_Ti4f_id0003_z_m020A_k10x10x4_v19,V18,15,16,Ti,11.19973425,4.259936550181689,-0.0010540783506769794,-6.341732566668553e-06,0.0010477366181103108,0.0006736330535850595,-0.00023912784054914526,-0.0009127608941342048,-0.043528965890739874,-4.303465289439416,-4.259936323548676
Ti3SiC2_Ti4f_id0003_z_m020A_k10x10x4_v19,V18,16,17,Ti,6.42376575,4.264043301953046,6.631893119303381e-05,0.00020942881026771924,0.00014310987907468543,-0.0015040306754078943,0.00013922706600685234,0.0016432577414147466,0.04016118500759317,4.304204167923478,4.264042982915885
Ti3SiC2_Ti4f_id0003_z_m020A_k10x10x4_v19,V18,17,18,Ti,15.23551575,4.248762053003078,-0.0007537886520886856,-2.142286471661873e-05,0.0007323657873720669,-0.0013271702828701825,-0.0015515281583627872,-0.00022435787549260474,0.05183614008183376,4.300598124041729,4.248761983959895
Ti3SiC2_Ti4f_id0003_z_m020A_k10x10x4_v19,V18,18,19,Si,4.405875,0.00807888619981137,-0.0007006405048039383,-9.076207460692823e-07,0.000699732884057869,0.00041471695772445734,-2.5735191390047375e-07,-0.0004149743096383578,-0.004720811280876557,-0.0127586326550308,-0.008037821374154243
Ti3SiC2_Ti4f_id0003_z_m020A_k10x10x4_v19,V18,19,20,Si,13.217625,0.002193319157997112,0.0006816119920739676,6.670128258985317e-07,-0.0006809449792480691,-0.0004035037697282016,4.102956480749823e-07,0.00040391406537627656,-0.002334978180416992,-0.0002895402586346621,0.00204543792178233
Ti3SiC2_Ti4f_id0003_z_m020A_k10x10x4_v19,V18,20,21,C,1.2724167,2.662196128608447,-0.00016019856662460128,-1.7840726425373933e-05,0.00014235784019922735,-0.03465251824419944,0.028495868096627092,0.06314838634082653,0.03419619754335825,2.6956432641247314,2.661447066581373
Ti3SiC2_Ti4f_id0003_z_m020A_k10x10x4_v19,V18,21,22,C,10.0841667,2.6293333704738004,0.00046779807083883947,4.7194716572275227e-05,-0.00042060335426656424,-0.0007595085678694379,5.023173985251213e-05,0.00080974030772195,0.08753577414532135,2.71686898629257,2.6293332121472486
Ti3SiC2_Ti4f_id0003_z_m020A_k10x10x4_v19,V18,22,23,C,7.5393333,2.626225721140592,-0.0005313399491091672,-5.908080211895186e-07,0.0005307491410879776,0.0007644629105371468,-0.0010621952873839057,-0.0018266581979210525,-0.08929206680467382,-2.7155170990525956,-2.626225032247922
Ti3SiC2_Ti4f_id0003_z_m020A_k10x10x4_v19,V18,23,24,C,16.3510833,2.6193689184091333,-0.0017389416506837115,-0.005302468265501882,-0.0035635266148181704,-0.0011645796752217778,-0.0030839017681956646,-0.0019193220929738868,-0.08579157762359761,-2.7051573688426482,-2.6193657912190504
Ti3SiC2_Ti4f_id0003_z_m020A_k10x10x4_v19,V18,24,25,Ti,0.0,0.015941791454744662,0.026998431132721545,0.020908063057476667,-0.0060903680752448786,-0.015587700512065183,-0.012071271932610405,0.003516428579454778,-0.04283749416294593,-0.028530752341685523,0.014306741821260408
Ti3SiC2_Ti4f_id0003_z_m020A_k10x10x4_v19,V18,25,26,Ti,8.81175,0.0015044463583080954,0.0011226916688900175,0.0003590552640760332,-0.0007636364048139842,-0.0006481885922249718,-0.00020724832585991624,0.00044094026636505557,-0.0005277001754465684,-0.001746630020748248,-0.0012189298453016797
Ti3SiC2_Ti4f_id0003_z_m020A_k10x10x4_v19,V18,26,27,Ti,2.38798425,4.256059043471705,0.0007471174972183493,1.9743116864099144e-05,-0.0007273743803542502,-0.014510249101911009,-0.0019088321357440658,0.012601416966166942,-0.03477693060956925,-4.290817256632601,-4.256040326023032
Ti3SiC2_Ti4f_id0003_z_m020A_k10x10x4_v19,V18,27,28,Ti,11.19973425,4.259936597592472,-0.0008242149352486394,0.00018219372857647908,0.0010064086638251184,0.0010718607778190323,8.742652425627683e-05,-0.0009844342535627554,-0.04352893646437693,-4.303465301427887,-4.259936364963511
Ti3SiC2_Ti4f_id0003_z_m020A_k10x10x4_v19,V18,28,29,Ti,6.42376575,4.264042982212922,0.001049479061809607,6.10864022082325e-06,-0.0010433704215887837,0.0001984629037864571,-0.0002133937611488038,-0.0004118566649352609,0.04016125379185492,4.304204088463139,4.264042834671285
Ti3SiC2_Ti4f_id0003_z_m020A_k10x10x4_v19,V18,29,30,Ti,15.23551575,4.248762091262298,0.0007695407057757656,0.0013265647593162437,0.0005570240535404781,0.0013113877066313095,0.0007833688872401685,-0.000528018819391141,0.051836116487908444,4.300598138426524,4.2487620219386155
Ti3SiC2_Ti4f_id0003_z_m020A_k10x10x4_v19,V18,30,31,Si,4.405875,0.01691812444340282,-0.026348972790291025,-0.0159724667824286,0.010376506007862427,0.01522277167586742,0.009221037667088762,-0.006001734008778658,-0.031131639039193526,-0.019193035827798625,0.0119386032113949
Ti3SiC2_Ti4f_id0003_z_m020A_k10x10x4_v19,V18,31,32,Si,13.217625,0.0008332711900067189,0.000445572827551097,0.001103646362602329,0.000658073535051232,-0.00026728768880921534,-0.0006363951208131653,-0.00036910743200395,-0.0022756386453494804,-0.0026292483202734534,-0.000353609674923973
Ti3SiC2_Ti4f_id0003_z_m020A_k10x10x4_v19,V18,32,33,C,1.2724167,2.662197744407503,0.02993660059160698,-0.02468764566123787,-0.05462424625284485,0.017474729407687076,-0.01423344502349307,-0.031708174431180146,0.03419479256473262,2.6956431977989856,2.661448405234253
Ti3SiC2_Ti4f_id0003_z_m020A_k10x10x4_v19,V18,33,34,C,10.0841667,2.629333334104414,0.0005223540292276941,5.737884651434667e-07,-0.0005217802407625506,-0.0006651602553572501,-3.056145255912832e-05,0.0006345988027981218,0.08753572901202537,2.716868934762558,2.6293332057505325
Ti3SiC2_Ti4f_id0003_z_m020A_k10x10x4_v19,V18,34,35,C,7.5393333,2.6262252583772154,-0.0005582802531756709,0.0008991477397342601,0.001457427992909931,0.000717846558788666,0.0004959721938869496,-0.00022187436490171642,-0.08929212622754619,-2.715516970831276,-2.6262248446037297
Ti3SiC2_Ti4f_id0003_z_m020A_k10x10x4_v19,V18,35,36,C,16.3510833,2.6193689326824328,0.0001339133661538659,2.0087996185798578e-05,-0.00011382536996806732,0.002079344046957182,0.006135038254971558,0.004055694208014377,-0.08579160555169828,-2.7051573959464235,-2.6193657903947254
Ti3SiC2_Ti4f_id0003_z_m020A_k10x10x4_v19,V18,36,37,Ti,0.0,0.015888954830479675,-4.874218609021955e-07,-1.7182002763900354e-06,-1.23077841548784e-06,0.03115573952777584,0.024141959787209635,-0.007013779740566203,-0.04278598793336078,-0.02852885716167215,0.014257130771688633
Ti3SiC2_Ti4f_id0003_z_m020A_k10x10x4_v19,V18,37,38,Ti,8.81175,0.0014922720331370068,-6.296086405178525e-06,9.766801034160472e-09,6.305853206212686e-06,0.0012947352132090144,0.000414596790490085,-0.0008801384227189294,-0.0005416278856045484,-0.001746697349972488,-0.0012050694643679395
Ti3SiC2_Ti4f_id0003_z_m020A_k10x10x4_v19,V18,38,39,Ti,2.38798425,4.256109138252187,-0.011475637542288095,-0.001627566098192962,0.009848071444095132,0.00662861849049217,0.000946994498350047,-0.005681623992142122,-0.03472253584630774,-4.2908164882105435,-4.256093952364235
Ti3SiC2_Ti4f_id0003_z_m020A_k10x10x4_v19,V18,39,40,Ti,11.19973425,4.260537142495196,-0.0010389441409900816,-6.324605206205398e-06,0.0010326195357838763,0.0009304003462158835,-2.1428410467852943e-05,-0.0009518287566837364,-0.043104247673467516,-4.303641158709451,-4.260536911035984
Ti3SiC2_Ti4f_id0003_z_m020A_k10x10x4_v19,V18,40,41,Ti,6.42376575,4.264103194283736,0.002025232154443496,-0.00019696853070298856,-0.0022222006851464844,-0.0014997615765473078,0.0001390867723552085,0.0016388483489025163,0.04010179931295695,4.3042040996220114,4.264102300309054
Ti3SiC2_Ti4f_id0003_z_m020A_k10x10x4_v19,V18,41,42,Ti,15.23551575,4.260095048834483,-0.0007182879004566,-2.172609462165742e-05,0.0006965618058349426,0.00041132216818631155,5.179621737054323e-06,-0.0004061425464492572,0.049146172578771345,4.309241145106257,4.260094972527486
Ti3SiC2_Ti4f_id0003_z_m020A_k10x10x4_v19,V18,42,43,Si,4.405875,0.01613623922296814,-0.0006173136044217556,-1.6135926261725883e-07,0.0006171522451591383,-0.029253275826276192,-0.018442918146159094,0.010810357680117098,-0.03115641977132663,-0.019192578156064254,0.011963841615262375
Ti3SiC2_Ti4f_id0003_z_m020A_k10x10x4_v19,V18,43,44,Si,13.217625,0.0020702623847404854,0.0006381255587462391,7.118492151183924e-07,-0.0006374137095311207,-0.0006645244327727921,0.0012740269943208203,0.0019385514270936124,-0.002280362834001423,-0.0026292302430359384,-0.00034886740903451556
Ti3SiC2_Ti4f_id0003_z_m020A_k10x10x4_v19,V18,44,45,C,1.2724167,2.6186774119261482,-0.00016848395193298557,-1.9820407798265896e-05,0.00014866354413471967,0.00010330605027247048,1.073141482081381e-05,-9.257463545165667e-05,0.08974098217523088,2.708418388245195,2.6186774060699642
Ti3SiC2_Ti4f_id0003_z_m020A_k10x10x4_v19,V18,45,46,C,10.0841667,2.6293066005666645,0.0005935743376706085,-4.6026867637291666e-05,-0.0006396012053079002,-0.0007691710755544181,5.02200362083728e-05,0.0008193911117627909,0.08756258234784033,2.7168689774436903,2.62930639509585
Ti3SiC2_Ti4f_id0003_z_m020A_k10x10x4_v19,V18,46,47,C,7.5393333,2.6321704543206423,-0.0005307729585570393,-5.86842991597003e-07,0.0005301861155654423,0.0007329826659823986,-2.3303226464144763e-05,-0.0007562858924465434,-0.0853412920695987,-2.717511584344183,-2.632170292274584
Ti3SiC2_Ti4f_id0003_z_m020A_k10x10x4_v19,V18,47,48,C,16.3510833,2.619321000542264,0.002028358758760042,0.0053428397935446365,0.0033144810347845947,-0.00117705940359807,-0.0030840146559472613,-0.0019069552523491913,-0.08583856610552579,-2.7051567754147463,-2.6193182093092204
Ti3SiC2_Ti4f_id0003_z_p020A_k10x10x4_v19,V18,0,1,Ti,0.0,0.01625146127734553,0.02569219388137157,0.019594367316439126,-0.006097826564932445,0.014827817080156463,0.01131086362766955,-0.003516953452486914,0.04131916538676144,0.02667138250858818,-0.014647782878173261
Ti3SiC2_Ti4f_id0003_z_p020A_k10x10x4_v19,V18,1,2,Ti,8.81175,0.0016262292503270847,0.0011394564556914705,0.000362886662971549,-0.0007765697927199216,0.0006503685403001502,0.00020945207699519467,-0.00044091646330495556,0.0003573016066320288,0.001716401898752143,0.0013591002921201141
Ti3SiC2_Ti4f_id0003_z_p020A_k10x10x4_v19,V18,2,3,Ti,2.40798425,4.027124602562098,0.000748692146017165,3.412627187808883e-05,-0.0007145658741390761,-0.00042765001676452376,-1.2019076573701638e-05,0.0004156309401908221,-0.39057548681775406,-4.417700004536007,-4.027124517718253
Ti3SiC2_Ti4f_id0003_z_p020A_k10x10x4_v19,V18,3,4,Ti,11.19973425,4.255971964134989,-0.000727202292181856,0.00016926612458460777,0.0008964684167664638,0.00075035453047053,-0.00012276207458794254,-0.0008731166050584725,-0.045185557645194434,-4.301157337804787,-4.255971780159593
Ti3SiC2_Ti4f_id0003_z_p020A_k10x10x4_v19,V18,4,5,Ti,6.42376575,4.247151465048812,0.0009664131988676812,6.373491305404781e-06,-0.0009600397075622763,-0.0008881650870737304,2.114735406335026e-05,0.0009093124411370807,0.02747252024682903,4.2746237794488025,4.247151259201973
Ti3SiC2_Ti4f_id0003_z_p020A_k10x10x4_v19,V18,5,6,Ti,15.23551575,4.267296423027033,0.0008595350366339405,0.0012789938533128453,0.0004194588166789048,-0.0004995856452919338,-0.000745693961840095,-0.00024610831654816115,0.0366841825723281,4.30398057788685,4.2672963953145215
Ti3SiC2_Ti4f_id0003_z_p020A_k10x10x4_v19,V18,6,7,Si,4.405875,0.019748866038374273,-0.02783201487527108,-0.016162692093753157,0.011669322781517923,-0.015266978688400878,-0.009331040317192757,0.0059359383712081215,0.03328542291774602,0.018499982400953203,-0.014785440516792817
Ti3SiC2_Ti4f_id0003_z_p020A_k10x10x4_v19,V18,7,8,Si,13.217625,0.0013652400307826848,0.0004230134110241956,0.0011036880630871404,0.0006806746520629447,-0.0005338399061086595,0.0006372443027144936,0.001171084208823153,0.002327058111842653,0.0024977160607801254,0.00017065794893747228
Ti3SiC2_Ti4f_id0003_z_p020A_k10x10x4_v19,V18,8,9,C,1.2724167,2.5930513160634625,0.026646614601444237,-0.029741384145456632,-0.05638799874690087,-0.015378129738553101,0.0171705518061781,0.0325486815447312,0.1404050061970907,2.732638812138498,2.592233805941407
Ti3SiC2_Ti4f_id0003_z_p020A_k10x10x4_v19,V18,9,10,C,10.0841667,2.6280710682956885,0.0004661862756610978,5.751603302617085e-07,-0.0004656111153308361,-0.00069570916000077,2.3224960385971128e-05,0.0007189341203867411,0.08900281466499209,2.7170737433792196,2.6280709287142274
Ti3SiC2_Ti4f_id0003_z_p020A_k10x10x4_v19,V18,10,11,C,7.5393333,2.630602199469582,-0.0005365619199512352,0.0009386230780122403,0.0014751849979634754,0.0007360624810578201,-0.0005652720217061416,-0.0013013345027639617,-0.08748064803257215,-2.7180821119970275,-2.6306014639644553
Ti3SiC2_Ti4f_id0003_z_p020A_k10x10x4_v19,V18,11,12,C,16.3510833,2.64907986913152,0.00010305323107838714,2.0326080395738876e-05,-8.272715068264827e-05,-6.548256461988719e-05,-1.1066480717108161e-05,5.441608390277903e-05,-0.07941180256461984,-2.7284916698455177,-2.6490798672808977
Ti3SiC2_Ti4f_id0003_z_p020A_k10x10x4_v19,V18,12,13,Ti,0.0,0.004914854093323288,-3.432769924951804e-05,4.89291307800583e-07,3.4816990557318624e-05,1.9967719634435725e-05,-2.675213085898045e-07,-2.023524094302553e-05,0.013758126482603212,0.008843437370273807,-0.004914689112329404
Ti3SiC2_Ti4f_id0003_z_p020A_k10x10x4_v19,V18,13,14,Ti,8.81175,0.0015788582895337484,-1.396616192912436e-05,7.502513650314233e-09,1.3973664442774674e-05,8.150557657156118e-06,-6.30111700653229e-08,-8.21356882722144e-06,-0.0001487802923534356,0.0014299947937239305,0.001578775086077366
Ti3SiC2_Ti4f_id0003_z_p020A_k10x10x4_v19,V18,14,15,Ti,2.38798425,4.258225593526925,-0.011896188738869242,-0.001693956041884249,0.010202232696984993,-0.007660178078768525,-0.000997783446706721,0.006662394632061804,-0.05461146935607385,-4.312819629170892,-4.258208159814818
Ti3SiC2_Ti4f_id0003_z_p020A_k10x10x4_v19,V18,15,16,Ti,11.19973425,4.2560354278611925,-0.0009575460291416012,-6.32254540905864e-06,0.0009512234837325426,0.0011599258794530217,0.0001814087953342418,-0.00097851708411878,-0.0451221264663396,-4.301157335541543,-4.256035209075203
Ti3SiC2_Ti4f_id0003_z_p020A_k10x10x4_v19,V18,16,17,Ti,6.42376575,4.25134252592595,0.002092918146083761,-0.0001355633305063817,-0.002228481476590143,-0.00023581581467178522,-6.1100442493705e-05,0.00017471537217808022,0.04900695656695073,4.300348894836711,4.251341938269761
Ti3SiC2_Ti4f_id0003_z_p020A_k10x10x4_v19,V18,17,18,Ti,15.23551575,4.267399397868351,-0.0006841907888916911,-2.195404587074061e-05,0.0006622367430209505,0.00221611179951931,0.0015069669850679174,-0.0007091448144513925,0.03658196032667677,4.303981247888516,4.267399287561839
Ti3SiC2_Ti4f_id0003_z_p020A_k10x10x4_v19,V18,18,19,Si,4.405875,0.007787898500089069,-0.000596853434851121,-4.346194748743372e-07,0.0005964188153762467,0.00035445012822565635,-5.139122867637156e-07,-0.00035496404051242006,0.004530275091854583,0.012287184797033435,0.007756909705178852
Ti3SiC2_Ti4f_id0003_z_p020A_k10x10x4_v19,V18,19,20,Si,13.217625,0.0023036851114154153,0.0006154362129188309,6.889749426574124e-07,-0.0006147472379761735,-0.0003652895623101791,3.9155359254808113e-07,0.00036568111590272716,0.0023488584078105333,0.00015903461411619709,-0.0021898237936943364
Ti3SiC2_Ti4f_id0003_z_p020A_k10x10x4_v19,V18,20,21,C,1.2724167,2.5930822148488497,-0.00012257844546174033,-2.29151324951638e-05,9.966331296657653e-05,0.0310126226638054,-0.034290971340549654,-0.06530359400435505,0.14038893832632013,2.732648725392955,2.592259787066635
Ti3SiC2_Ti4f_id0003_z_p020A_k10x10x4_v19,V18,21,22,C,10.0841667,2.627526466823821,0.0005433918147233236,-5.810678833857025e-05,-0.0006014986030618938,-0.0006778725885563655,-1.0660318180768201e-05,0.0006672122703755973,0.0892560833293645,2.7167823965918765,2.627526313262512
Ti3SiC2_Ti4f_id0003_z_p020A_k10x10x4_v19,V18,22,23,C,7.5393333,2.630605976438007,-0.0004799126730601716,-5.724372720529465e-07,0.00047934023578811866,0.0006299982874144491,0.0010613485126386706,0.0004313502252242215,-0.08747607278335823,-2.7180819701844268,-2.6306058974010686
Ti3SiC2_Ti4f_id0003_z_p020A_k10x10x4_v19,V18,23,24,C,16.3510833,2.637451686389132,0.0020021744053733597,0.005165546313714432,0.0031633719083410724,0.0009733806876302146,0.0029590371355150613,0.0019856564478848465,-0.09099266883179045,-2.7284417106681476,-2.637449041836357
Ti3SiC2_Ti4f_id0003_z_p020A_k10x10x4_v19,V18,24,25,Ti,0.0,0.016316284707819463,-0.02571039830085919,-0.01959402737943576,0.00611637092142343,0.014844040100475284,0.011312601473797122,-0.003531438626678162,0.04138180395262649,0.026673299791965064,-0.01470850416066143
Ti3SiC2_Ti4f_id0003_z_p020A_k10x10x4_v19,V18,25,26,Ti,8.81175,0.0016432832713150663,-0.0011392949824445087,-0.00036290175902009114,0.0007763932234244175,0.0006578602206927867,0.00020944907921971781,-0.00044841114147306884,0.00033925734103724904,0.0017163996432730808,0.0013771423022358319
Ti3SiC2_Ti4f_id0003_z_p020A_k10x10x4_v19,V18,26,27,Ti,2.38798425,4.258225874275484,0.0006889886339400432,2.3493189103810166e-05,-0.0006654954448362331,0.014137528020466094,0.001976909541371901,-0.012160618479094193,-0.054611244203638845,-4.312819702325815,-4.2582084581221755
Ti3SiC2_Ti4f_id0003_z_p020A_k10x10x4_v19,V18,27,28,Ti,11.19973425,4.256035362473202,-0.0011969738418715185,-0.00018192823058580884,0.0010150456112857096,0.0007451104821706245,-0.00012277189811973807,-0.0008678823802903625,-0.045122176287389126,-4.301157329230206,-4.256035152942816
Ti3SiC2_Ti4f_id0003_z_p020A_k10x10x4_v19,V18,28,29,Ti,6.42376575,4.251342827456289,0.0009643327047121899,6.548645851207638e-06,-0.0009577840588609822,-0.002190171564431154,0.0001854570048337714,0.0023756285692649254,0.04900689859000047,4.300348954412213,4.251342055822213
Ti3SiC2_Ti4f_id0003_z_p020A_k10x10x4_v19,V18,29,30,Ti,15.23551575,4.267399422309886,-0.0022644112357828074,-0.0013224217760384937,0.0009419894597443136,-0.0005206550140573667,-0.0007454167411749227,-0.00022476172711755602,0.036581935525348074,4.303981247948404,4.2673993124230565
Ti3SiC2_Ti4f_id0003_z_p020A_k10x10x4_v19,V18,30,31,Si,4.405875,0.019012661492347004,0.02654538092671314,0.016161323670191286,-0.010384057256521854,-0.015316207866579402,-0.009331641944581696,0.005984565921997706,0.03325990300514677,0.01850057976046126,-0.014759323244685513
Ti3SiC2_Ti4f_id0003_z_p020A_k10x10x4_v19,V18,31,32,Si,13.217625,0.0022629761952085528,0.0008469186789172483,-0.0011023223208471399,-0.0019492409997643881,-0.0004989364605904767,0.0006371996384415098,0.0011361360990319864,0.0023224571308402687,0.0024977156524433166,0.00017525852160304783
Ti3SiC2_Ti4f_id0003_z_p020A_k10x10x4_v19,V18,32,33,C,1.2724167,2.5930808018876803,-0.02691533693834833,0.02968473890613023,0.056600075844478556,-0.015391733143311995,0.017164307769972322,0.03255604091328432,0.14039019055614788,2.732648777335813,2.592258586779665
Ti3SiC2_Ti4f_id0003_z_p020A_k10x10x4_v19,V18,33,34,C,10.0841667,2.6275264452797935,0.0004893720024548278,5.911504759897439e-07,-0.000488780851978838,-0.0007714409327704353,9.100533887922038e-05,0.0008624462716496557,0.08925614611191794,2.716782404386871,2.627526258274953
Ti3SiC2_Ti4f_id0003_z_p020A_k10x10x4_v19,V18,34,35,C,7.5393333,2.630606502243558,-0.00041632353524660384,-0.0009398055905498594,-0.0005234820553032555,0.0007400713506755471,-0.0005652937542677818,-0.001305365104943329,-0.08747596095295762,-2.7180820872353717,-2.630606126282414
Ti3SiC2_Ti4f_id0003_z_p020A_k10x10x4_v19,V18,35,36,C,16.3510833,2.6374517676499982,0.0001529288600285182,2.0761143912509297e-05,-0.0001321677161160089,-0.002229759810601471,-0.005951999745180101,-0.00372223993457863,-0.0909925824868043,-2.7284417202222913,-2.637449137735487
Ti3SiC2_Ti4f_id0003_z_p020A_k10x10x4_v19,V18,36,37,Ti,0.0,0.016251697874740824,4.945237988042196e-06,1.6749866229522938e-06,-3.270251365089902e-06,-0.02966405974862105,-0.022624633256705523,0.007039426491915527,0.041319349373797165,0.026671341052450906,-0.01464800832134626
Ti3SiC2_Ti4f_id0003_z_p020A_k10x10x4_v19,V18,37,38,Ti,8.81175,0.001626297777245153,6.571160152989828e-06,-1.0145341375160377e-08,-6.581305494364988e-06,-0.0013119161624803167,-0.0004190228576734709,0.0008928933048068459,0.0003572345335502754,0.0017164779602114547,0.0013592434266611793
Ti3SiC2_Ti4f_id0003_z_p020A_k10x10x4_v19,V18,38,39,Ti,2.38798425,4.25818032602914,0.013297771515822718,0.0017388154473497233,-0.011558956068472995,-0.007673804211836997,-0.0009965554329078928,0.006677248778929104,-0.05466094036290986,-4.312820342483148,-4.2581594021202385
Ti3SiC2_Ti4f_id0003_z_p020A_k10x10x4_v19,V18,39,40,Ti,11.19973425,4.2554314569351845,-0.0009743467493376112,-6.338694767726036e-06,0.0009680080545698852,0.0008930919827848072,-2.1361743474639344e-05,-0.0009144537262594466,-0.0455602025524217,-4.300991451134438,-4.255431248582016
Ti3SiC2_Ti4f_id0003_z_p020A_k10x10x4_v19,V18,40,41,Ti,6.42376575,4.251284887661096,-0.00015937059160115304,0.00014842569333935846,0.0003077962849405115,-0.0002386351079722256,-6.096480791792022e-05,0.00017767030005430537,0.04906409295365403,4.300348965759795,4.251284872806141
Ti3SiC2_Ti4f_id0003_z_p020A_k10x10x4_v19,V18,41,42,Ti,15.23551575,4.256021495483006,-0.0007138290559743456,-2.1655958872182374e-05,0.0006921730971021633,0.0004085264466721173,5.132956525578502e-06,-0.0004033934901465388,0.03950147102353747,4.295522891103974,4.256021420080437
Ti3SiC2_Ti4f_id0003_z_p020A_k10x10x4_v19,V18,42,43,Si,4.405875,0.019759406571144944,-0.0006859425860160825,-1.2052330650303686e-06,0.0006847373529510521,0.03175200682824008,0.018661735803225332,-0.013090271025014748,0.03328550033661278,0.01850003154820641,-0.014785468788406371
Ti3SiC2_Ti4f_id0003_z_p020A_k10x10x4_v19,V18,43,44,Si,13.217625,0.0013467749781070951,0.0006652023430227098,6.441906675071218e-07,-0.0006645581523552027,-0.00011436910187871723,-0.0012732655541043277,-0.0011588964522256104,0.0023270726651181605,0.002497731145166763,0.0001706584800486026
Ti3SiC2_Ti4f_id0003_z_p020A_k10x10x4_v19,V18,44,45,C,1.2724167,2.6385198767213756,-0.00011562878571062868,-2.0940337884997216e-05,9.468844782563146e-05,7.257104875979571e-05,1.1378660909495031e-05,-6.119238785030068e-05,0.08694126843655416,2.7254611427493045,2.6385198743127503
Ti3SiC2_Ti4f_id0003_z_p020A_k10x10x4_v19,V18,45,46,C,10.0841667,2.6275568616806284,0.00041864784459831324,5.9268562858394024e-05,-0.0003593792817399192,-0.000668224253190127,-1.0648467677685895e-05,0.0006575757855124411,0.08922565016202685,2.716782404983047,2.62755675482102
Ti3SiC2_Ti4f_id0003_z_p020A_k10x10x4_v19,V18,46,47,C,7.5393333,2.624809972769325,-0.00048105626632327154,-5.796779872927274e-07,0.0004804765883359788,0.0007041427306629986,-2.316615504717196e-05,-0.0007273088857101705,-0.09133718771738315,-2.7161470157455656,-2.6248098280281824
Ti3SiC2_Ti4f_id0003_z_p020A_k10x10x4_v19,V18,47,48,C,16.3510833,2.6375012418489527,-0.0017242344830614635,-0.005124205486441843,-0.0033999710033803796,0.000989497975870287,0.0029591419068168328,0.0019696439309465456,-0.09094394414887946,-2.728442259116062,-2.637498314967183
Ti3SiC2_C4f_id0009_z_m020A_k10x10x4_v19,V18,0,1,Ti,0.0,0.06442566327474039,-2.667207327708457e-05,1.6011653830464336e-07,2.6832189815389213e-05,-0.009984086858508079,0.045958198606882106,0.055942285465390186,-0.024735987134778144,0.0072190760842583196,0.03195506321903646
Ti3SiC2_C4f_id0009_z_m020A_k10x10x4_v19,V18,1,2,Ti,8.81175,0.0004399424850119237,-9.592153128572792e-06,-1.1305297529712102e-08,9.58084783104308e-06,0.0002723851142817545,-6.1676426848652e-05,-0.0003340615411304065,-0.0001367405831508052,-0.0004228532955752671,-0.0002861127124244619
Ti3SiC2_C4f_id0009_z_m020A_k10x10x4_v19,V18,2,3,Ti,2.38798425,4.222004842717059,-0.03774501830070035,0.016922669812100534,0.054667688112800886,0.021794956358965396,-0.00976299969554746,-0.03155795605451286,-0.0962827360720039,-4.3178156840912845,-4.221532948019281
Ti3SiC2_C4f_id0009_z_m020A_k10x10x4_v19,V18,3,4,Ti,11.19973425,4.258133737451096,-0.000997086340759233,-6.344779605659684e-06,0.0009907415611535733,0.0009062371746607019,-2.141420717767311e-05,-0.000927651381838375,-0.04443693374093751,-4.30257045488765,-4.258133521146713
Ti3SiC2_C4f_id0009_z_m020A_k10x10x4_v19,V18,4,5,Ti,6.42376575,4.260610658813904,0.0015378154843467126,0.0003085378880745857,-0.001229277596272127,-0.001218342668217501,-0.0001530121222191802,0.0010653305459983207,0.04301540875870949,4.303625757047563,4.2606103482888535
Ti3SiC2_C4f_id0009_z_m020A_k10x10x4_v19,V18,5,6,Ti,15.23551575,4.279437368273745,-0.0007234425596481771,-2.202947223387868e-05,0.0007014130874142985,0.00041444221096851333,5.446588332868631e-06,-0.0004089956226356447,0.034900000074423905,4.3143372913219515,4.279437291247528
Ti3SiC2_C4f_id0009_z_m020A_k10x10x4_v19,V18,6,7,Si,4.405875,0.0020865409755555946,-0.0006400270045217656,-1.0237543176714162e-06,0.0006390032502040942,0.008130439785601835,0.006146736508194844,-0.0019837032774069913,-0.005440525142695048,-0.005339285841502983,0.00010123930119206558
Ti3SiC2_C4f_id0009_z_m020A_k10x10x4_v19,V18,7,8,Si,13.217625,0.0014850491117481387,0.0006296466373585794,6.9672989476493e-07,-0.0006289499074638144,-1.9819010248120374e-05,0.0013119904929610599,0.0013318095032091803,0.00026316698816133163,7.322930004517291e-05,-0.00018993768811615872
Ti3SiC2_C4f_id0009_z_m020A_k10x10x4_v19,V18,8,9,C,1.2524167,2.3984019098559366,-0.00011893384938754219,-3.384217972615939e-05,8.50916696613828e-05,7.37496135830077e-05,1.885165736293889e-05,-5.489795622006881e-05,0.3936045314781197,2.792006439196304,2.3984019077181844
Ti3SiC2_C4f_id0009_z_m020A_k10x10x4_v19,V18,9,10,C,10.0841667,2.628311250301734,0.000302137162985977,9.335428595696766e-05,-0.00020878287702900933,-0.0006009857429716566,-3.0302272781823018e-05,0.0005706834701898336,0.08888312571577825,2.7171943057689987,2.6283111800532204
Ti3SiC2_C4f_id0009_z_m020A_k10x10x4_v19,V18,10,11,C,7.5393333,2.6294642076021257,-0.0005011303919335746,-5.897629640604779e-07,0.0005005406289695141,0.0007157731182469336,-2.3417208100247507e-05,-0.0007391903263471811,-0.08839016114828166,-2.717854217209405,-2.6294640560611233
Ti3SiC2_C4f_id0009_z_m020A_k10x10x4_v19,V18,11,12,C,16.3510833,2.6476337980842897,0.008973452468395838,0.02013487272658429,0.011161420258188453,-0.005186860682522909,-0.011624201632671579,-0.00643734095014867,-0.10325994071039322,-2.7508623867165065,-2.6476024460061134
Ti3SiC2_C4f_id0009_z_m020A_k10x10x4_v19,V18,12,13,Ti,0.0,0.06445799739464496,-0.008645140319669613,0.03980171659737143,0.048446856917041044,0.004991167347639493,-0.022979523456144686,-0.027970690803784178,-0.024801190303653912,0.007220301525224257,0.03202149182887817
Ti3SiC2_C4f_id0009_z_m020A_k10x10x4_v19,V18,13,14,Ti,8.81175,0.00045674129268941105,0.00024198232082247732,-5.344244423973707e-05,-0.0002954247650622144,-0.00013962186670368276,3.0890106727199124e-05,0.0001705119734308819,-0.0001191453569371748,-0.0004228927578350852,-0.0003037474008979104
Ti3SiC2_C4f_id0009_z_m020A_k10x10x4_v19,V18,14,15,Ti,2.38798425,4.222044722707368,0.0007014787850887903,2.2735497950110905e-05,-0.0006787432871386794,-0.04483109090630265,0.019495606306242624,0.06432669721254528,-0.0962708736683932,-4.317825475456035,-4.221554601787641
Ti3SiC2_C4f_id0009_z_m020A_k10x10x4_v19,V18,15,16,Ti,11.19973425,4.2575426627271025,-0.0007371049083340641,-0.00011556601594692672,0.0006215388923871374,0.0010471291725353792,-8.444618274601684e-05,-0.001131575355281396,-0.044721031056440305,-4.302263498039947,-4.257542466983507
Ti3SiC2_C4f_id0009_z_m020A_k10x10x4_v19,V18,16,17,Ti,6.42376575,4.260611935252615,0.000987490625665271,6.379560132121825e-06,-0.0009811110655331492,-0.00028130062848123126,0.0003703899430116675,0.0006516905714928987,0.043014148153603105,4.303625920603366,4.260611772449763
Ti3SiC2_C4f_id0009_z_m020A_k10x10x4_v19,V18,17,18,Ti,15.23551575,4.267381547965571,-0.00011271546752509749,-0.0031922985641061634,-0.003079583096581066,0.000768401872282495,-0.001824794187354774,-0.002593196059637269,0.04663053363769854,4.314010182487702,4.267379648850003
Ti3SiC2_C4f_id0009_z_m020A_k10x10x4_v19,V18,18,19,Si,4.405875,0.0008514841628595723,0.006060254152513124,0.0053230063884038385,-0.0007372477641092853,-0.0034888028922969035,-0.003074021761602991,0.00041478113069391264,-0.005436066325696568,-0.0053388674186203786,9.719890707618906e-05
Ti3SiC2_C4f_id0009_z_m020A_k10x10x4_v19,V18,19,20,Si,13.217625,0.00027091349522962474,0.0009673605732137702,0.0011365353026048072,0.00016917472939103706,-0.0005684174444313361,-0.0006553850163954936,-8.696757196415743e-05,0.00026598457641932523,7.308389145511789e-05,-0.00019290068496420734
Ti3SiC2_C4f_id0009_z_m020A_k10x10x4_v19,V18,20,21,C,1.2724167,2.657483119409831,0.0031990209224208783,0.01102150798964448,0.007822487067223603,0.002024844803716544,0.006387044149735585,0.0043621993460190404,0.09386110989719872,2.7513291360192733,2.6574680261220744
Ti3SiC2_C4f_id0009_z_m020A_k10x10x4_v19,V18,21,22,C,10.0841667,2.628343125081552,0.0004985767572899931,5.83047243137751e-07,-0.0004979937100468554,-0.0009434079356452083,0.00013039888696960095,0.0010738068226148092,0.08885146834717214,2.717194326899806,2.628342858552634
Ti3SiC2_C4f_id0009_z_m020A_k10x10x4_v19,V18,22,23,C,7.5393333,2.6286521915518506,-0.0012041871197258857,0.0010187719971520167,0.0022229591168779024,0.0003073584532796412,0.0005651554478984227,0.0002577969946187815,-0.08880692766140488,-2.717458166632414,-2.628651238971009
Ti3SiC2_C4f_id0009_z_m020A_k10x10x4_v19,V18,23,24,C,16.3510833,2.647650503274519,0.0001447924133085774,2.142277545714854e-05,-0.00012336963785142887,0.010087468603198408,0.023214948932614218,0.01312748032941581,-0.10324701144492263,-2.7508649675575385,-2.647617956112616
Ti3SiC2_C4f_id0009_z_m020A_k10x10x4_v19,V18,24,25,Ti,0.0,0.010313109629322754,7.252975178711769e-06,8.701765448497052e-08,-7.165957524226798e-06,-4.108369220946697e-06,-5.822371723467057e-08,4.050145503712026e-06,0.0013136664503977566,-0.008999439894045894,-0.010313106344443651
Ti3SiC2_C4f_id0009_z_m020A_k10x10x4_v19,V18,25,26,Ti,8.81175,0.0009783955173932818,1.3135769837657488e-05,1.176511762783525e-08,-1.3124004720029651e-05,-7.536224193926571e-06,4.104757976922113e-08,7.577271773695792e-06,0.00032549170627781555,-0.0006527864412384435,-0.0009782781475162592
Ti3SiC2_C4f_id0009_z_m020A_k10x10x4_v19,V18,26,27,Ti,2.38798425,4.222043547238768,0.0391804223408068,-0.01686590134186243,-0.05604632368266923,0.021813693850693452,-0.009756477089582136,-0.03157017094027559,-0.096272074848998,-4.317825562451516,-4.221553487602518
Ti3SiC2_C4f_id0009_z_m020A_k10x10x4_v19,V18,27,28,Ti,11.19973425,4.257542587296149,-0.0009891741929593941,-6.343851803989506e-06,0.0009828303411554046,0.0006105072807521596,0.00010471261852311811,-0.0005057946622290415,-0.044721066511508506,-4.30226351032304,-4.2575424438115315
Ti3SiC2_C4f_id0009_z_m020A_k10x10x4_v19,V18,28,29,Ti,6.42376575,4.260611914178134,0.00045110000596441084,-0.0002958420271673047,-0.0007469420331317155,-0.001210305774621685,-0.00015304864294889923,0.0010572571316727858,0.04301417206871691,4.303625889594924,4.260611717526207
Ti3SiC2_C4f_id0009_z_m020A_k10x10x4_v19,V18,29,30,Ti,15.23551575,4.267381608900923,-0.0007248603056495233,-2.223035918465059e-05,0.0007026299464648727,-0.0002916552210363331,0.0036660527229564056,0.0039577079439927386,0.04663046562243993,4.314010181425196,4.267379715802757
Ti3SiC2_C4f_id0009_z_m020A_k10x10x4_v19,V18,30,31,Si,4.405875,0.007915816790329726,-0.000654905332633751,-2.303188559203348e-07,0.0006546750137778306,0.0003881025326277616,-6.38025709307552e-07,-0.0003887405583370691,-0.006913429118668595,-0.014792543082986206,-0.007879113964317612
Ti3SiC2_C4f_id0009_z_m020A_k10x10x4_v19,V18,31,32,Si,13.217625,0.003911012959472687,0.0006746416996777801,6.703489619308903e-07,-0.0006739713507158493,-0.00039948850102745806,4.0931225581192823e-07,0.00039989781328326996,0.0012293812515383107,-0.0026023111586779392,-0.00383169241021625
Ti3SiC2_C4f_id0009_z_m020A_k10x10x4_v19,V18,32,33,C,1.2724167,2.657483495264674,-0.0001488582964204335,-2.1212698348068988e-05,0.00012764559807236452,-0.003773669546337409,-0.012739423130963974,-0.008965753584626566,0.09386075984567804,2.751329127780358,2.6574683679346798
Ti3SiC2_C4f_id0009_z_m020A_k10x10x4_v19,V18,33,34,C,10.0841667,2.6283430178861553,0.0006969233748588482,-9.219002081170514e-05,-0.0007891133956705533,-0.000599893198719721,-3.0303328665805263e-05,0.0005695898700539158,0.08885147081888155,2.7171943085282875,2.628342837709406
Ti3SiC2_C4f_id0009_z_m020A_k10x10x4_v19,V18,34,35,C,7.5393333,2.6286528108349905,-0.0004989015772490178,-5.73208912574329e-07,0.0004983283683364435,0.0015287685511180397,-0.001200401559715801,-0.0027291701108338407,-0.08880686312858012,-2.7174582099621687,-2.6286513468335886
Ti3SiC2_C4f_id0009_z_m020A_k10x10x4_v19,V18,35,36,C,16.3510833,2.647650785153536,-0.008668733572389434,-0.020093426505432496,-0.011424692933043061,-0.0051781292788493725,-0.01162500953030089,-0.006446880251451518,-0.10324667767286926,-2.750864964784995,-2.6476182871121257
Ti3SiC2_C4f_id0009_z_m020A_k10x10x4_v19,V18,36,37,Ti,0.0,0.06442475064031097,0.00863264989731022,-0.039800903115874836,-0.048433553013185054,0.005014743717564263,-0.02297923867819664,-0.027993982395760904,-0.024735263885118656,0.007219022012254645,0.0319542858973733
Ti3SiC2_C4f_id0009_z_m020A_k10x10x4_v19,V18,37,38,Ti,8.81175,0.0004399651289504685,-0.00024066997806763035,5.344598427553743e-05,0.0002941159623431678,-0.00012779153659654992,3.090520547979173e-05,0.00015869674207634165,-0.00013671566859843802,-0.0004228632868686409,-0.0002861476182702029
Ti3SiC2_C4f_id0009_z_m020A_k10x10x4_v19,V18,38,39,Ti,2.38798425,4.26810653408072,0.0007080259337204169,2.2398649782043565e-05,-0.0006856272839383733,-0.00040528706088790176,-5.579842521253551e-06,0.00039970721836664824,-0.042630548526478775,-4.3107370088214765,-4.268106460294998
Ti3SiC2_C4f_id0009_z_m020A_k10x10x4_v19,V18,39,40,Ti,11.19973425,4.257574016074251,-0.0012555993152182216,0.00010287556892144998,0.0013584748841396716,0.0010554155449857539,-8.44445996793913e-05,-0.0011398601446651452,-0.04468988105491938,-4.302263527818469,-4.257573646763549
Ti3SiC2_C4f_id0009_z_m020A_k10x10x4_v19,V18,40,41,Ti,6.42376575,4.25466554360483,0.0009988164190860693,6.440045380194095e-06,-0.0009923763737058752,-0.0009071512138343042,2.133609365317403e-05,0.0009284873074874783,0.04695948318376007,4.30162480974455,4.25466532656079
Ti3SiC2_C4f_id0009_z_m020A_k10x10x4_v19,V18,41,42,Ti,15.23551575,4.2674329493873095,-0.0013295858958289317,0.003148710393654645,0.004478296289483577,0.000764116666564919,-0.0018252979593356092,-0.0025894146259005284,0.046580937179880245,4.314010751167535,4.267429813987655
Ti3SiC2_C4f_id0009_z_m020A_k10x10x4_v19,V18,42,43,Si,4.405875,0.002074158335898971,-0.0073525759266477074,-0.005324381948339588,0.0020281939783081196,-0.0034958930189031697,-0.003073633813290192,0.00042225920561297795,-0.005440528509678102,-0.00533924103755559,0.00010128747212251148
Ti3SiC2_C4f_id0009_z_m020A_k10x10x4_v19,V18,43,44,Si,13.217625,0.0014745793350855068,0.00032332444118756754,-0.0011351839733858807,-0.0014585084145734483,-0.0005502916565714287,-0.0006554093395447669,-0.0001051176829733382,0.00026320976512082974,7.324215523435863e-05,-0.0001899676098864711
Ti3SiC2_C4f_id0009_z_m020A_k10x10x4_v19,V18,44,45,C,1.2724167,2.6575180936061518,-0.003459224683158596,-0.011064112885915394,-0.007604888202756798,0.0020031854772524786,0.006387147780148505,0.004383962302896026,0.09382669274102806,2.751330289049794,2.657503596308766
Ti3SiC2_C4f_id0009_z_m020A_k10x10x4_v19,V18,45,46,C,10.0841667,2.627388712683702,0.0005041116938752005,5.81859964374383e-07,-0.0005035298339108261,-0.0007175491997129088,2.327204478713143e-05,0.0007408212445000402,0.09001981694696974,2.7174083769394413,2.6273885599924713
Ti3SiC2_C4f_id0009_z_m020A_k10x10x4_v19,V18,46,47,C,7.5393333,2.6286674878156377,0.00020090446960892405,-0.001019926739475755,-0.001220831209084679,0.0003105141228785211,0.0005651602508672946,0.00025464612798877347,-0.08879102429343957,-2.7174582162798053,-2.6286671919863656
Ti3SiC2_C4f_id0009_z_m020A_k10x10x4_v19,V18,47,48,C,16.3510833,2.6515093026466077,0.0001497124778006248,1.943492498627424e-05,-0.00013027755281435057,-9.245082179075925e-05,-1.053676942263694e-05,8.19140523681223e-05,-0.11350681511554697,-2.7650161132963675,-2.6515092981808204
AgSi_COD9009647_pilot_k6x6,V18,0,19101000,Ti,10.3882515,0.11498558296324946,0.0007207236684202524,4.3810574027183794e-05,-0.0006769130943930686,-0.0004132781698143659,-2.572294948216189e-05,0.000387555220332204,0.1598120449755807,0.044829107636981835,-0.11498293733859888
AgSi_COD9009647_pilot_k6x6,V18,1,19101001,Ti,19.2000015,0.04619766476197942,0.0010342955824952735,0.007493562218107207,0.006459266635611934,-0.001244811005569584,0.004498588800571666,0.00574339980614125,-0.01656307223169859,-0.06194495697282765,-0.04538188474112906
AgSi_COD9009647_pilot_k6x6,V18,2,19101002,Ti,12.77623575,4.557741694303202,8.876071837958982e-05,-4.6947380398220176e-05,-0.00013570809877781,-1.9436055679876598e-05,-3.904004628894767e-05,-1.9603990609071072e-05,-0.25591236869388984,-4.813654060934557,-4.557741692240667
AgSi_COD9009647_pilot_k6x6,V18,3,19101003,Ti,21.58798575,3.495329992245634,0.009421024463955324,0.00813434241771055,-0.0012866820462447744,0.008371712241825115,0.008876027600052289,0.0005043153582271736,-0.07303006822964388,-3.568359787270066,-3.4953297190404222
AgSi_COD9009647_pilot_k6x6,V18,4,19101004,Ti,16.81201725,4.430760372470728,0.00023703094851608493,0.00047804075104675376,0.00024100980253066883,-0.0013153348821301253,0.0004871336111896954,0.0018024684933198208,0.014333653852922392,4.445093653139563,4.43075999928664
AgSi_COD9009647_pilot_k6x6,V18,5,19101005,Ti,8.00026725,2.4228481062641256,0.0007471757513534189,3.1617276902288485e-05,-0.0007155584744511304,-0.0005472448785511763,-1.8137743877299703e-05,0.0005291071346738766,0.5498298615002214,2.9726778043248157,2.4228479428245944
AgSi_COD9009647_pilot_k6x6,V18,6,19101006,Si,14.7941265,0.14887536533855375,0.0009561068196272177,0.00032496966301238326,-0.0006311371566148345,-0.0003543413220015896,0.00017976160669556492,0.0005341029286971545,0.07337200035696181,0.22224506979747194,0.14887306944051013
AgSi_COD9009647_pilot_k6x6,V18,7,19101007,Si,23.6058765,1.1774864120187016,0.040811402611031534,0.14366205429814705,0.10285065168711552,0.02071694559840032,0.0875062841561613,0.06678933855776098,0.9469877934410433,2.1180707017747054,1.171082908333662
AgSi_COD9009647_pilot_k6x6,V18,8,19101008,C,11.6606682,2.9029371299741356,-0.0013536339634063507,-1.5502224251237143e-05,0.0013381317391551136,0.0007961660502456812,5.707460762638958e-06,-0.0007904585894830422,0.17218278829971986,3.075119502243229,2.902936713943509
AgSi_COD9009647_pilot_k6x6,V18,9,19101009,C,20.4724182,2.8536728160188347,-0.001771282861234948,-0.006372860419058671,-0.004601577557823723,-0.002314458324094385,-0.0027285450026458672,-0.00041408667855148207,0.08349154828688236,2.937160624213709,2.8536690759268266
AgSi_COD9009647_pilot_k6x6,V18,10,19101010,C,17.9275848,2.8056029095927735,-0.0010351262950039845,-0.0016580004579988478,-0.0006228741629948633,0.002297557287182067,-0.0011913886885928787,-0.003488945975774946,-0.10036091796989839,-2.905961589056073,-2.8056006710861743
AgSi_COD9009647_pilot_k6x6,V18,11,19101011,C,9.1158348,2.340272369741085,-0.0007241376694728107,-8.589358728732627e-05,0.0006382440821854844,0.0005415457213660949,4.945746206726222e-05,-0.0004920882592988327,-0.8958455460439527,-3.2361177770177747,-2.340272230973822
AgSi_COD9009647_pilot_k6x6,V18,12,19101012,Ti,10.3882515,0.11498558370327715,0.0007207708495115547,4.3810573381883235e-05,-0.0006769602761296714,-0.00041312081202997375,-2.5697619798057368e-05,0.0003874231922319164,0.15981199965491774,0.0448290614091153,-0.11498293824580244
AgSi_COD9009647_pilot_k6x6,V18,13,19101013,Ti,19.2000015,0.04619764353805347,0.0010343367648669548,0.007493562216314236,0.006459225451447281,-0.0012447799502021593,0.004498606108751892,0.005743386058954051,-0.016563083938355996,-0.06194495467562554,-0.04538187073726954
AgSi_COD9009647_pilot_k6x6,V18,14,19101014,Ti,12.77623575,4.557741758607573,8.875171507842066e-05,-4.6947376646930966e-05,-0.00013569909172535163,-1.944355839642265e-05,-3.8991555485219556e-05,-1.9547997088796905e-05,-0.2559122804525574,-4.813654036998105,-4.557741756545547
AgSi_COD9009647_pilot_k6x6,V18,15,19101015,Ti,21.58798575,3.4953298364338816,0.009420950764998912,0.008134342359504066,-0.0012866084054948459,0.008371734959343794,0.008876046484615444,0.0005043115252716494,-0.07303022055204324,-3.5683597838083614,-3.495329563256318
AgSi_COD9009647_pilot_k6x6,V18,16,19101016,Ti,16.81201725,4.430760317012194,0.00023706519125924155,0.0004780407474571963,0.00024097555619795473,-0.0013152296702999373,0.00048715777046069725,0.0018023874407606345,0.01433371717210285,4.445093661035039,4.430759943862936
AgSi_COD9009647_pilot_k6x6,V18,17,19101017,Ti,8.00026725,2.4228486959539723,0.0007473028892978643,3.161727361776479e-05,-0.0007156856156800995,-0.0005474027376595478,-1.8258761858896662e-05,0.0005291439758006512,0.5498292793134087,2.972677811782291,2.4228485324688824
AgSi_COD9009647_pilot_k6x6,V18,18,19101018,Si,14.7941265,0.14887537230516612,0.000956112129770007,0.0003249696612484425,-0.0006311424685215645,-0.00035435205683304304,0.00017977010414856043,0.0005341221609816034,0.07337198588348341,0.22224506219919404,0.14887307631571062
AgSi_COD9009647_pilot_k6x6,V18,19,19101019,Si,23.6058765,1.1774863792508847,0.04081143434116701,0.14366205441686591,0.1028506200756989,0.0207169542929225,0.08750628553385567,0.06678933124093317,0.9469878258454567,2.1180707044257012,1.1710828785802445
AgSi_COD9009647_pilot_k6x6,V18,20,19101020,C,11.6606682,2.9029370776559023,-0.0013536440062086217,-1.5502228005238525e-05,0.0013381417782033832,0.0007958918027443024,5.623013103073162e-06,-0.0007902687896412293,0.17218284941518153,3.0751195110874976,2.902936661672316
AgSi_COD9009647_pilot_k6x6,V18,21,19101021,C,20.4724182,2.853672809148831,-0.0017713035008692373,-0.006372860437350058,-0.004601556936480821,-0.0023143458784432025,-0.002728520578030959,-0.00041417469958775644,0.08349157807640305,2.937160647153695,2.853669069077292
AgSi_COD9009647_pilot_k6x6,V18,22,19101022,C,17.9275848,2.8056029839000436,-0.00103515467941008,-0.001658000453807309,-0.000622845774397229,0.00229770448364884,-0.0011913607592518478,-0.003489065242900688,-0.10036084563603234,-2.9059615908875194,-2.805600745251487
AgSi_COD9009647_pilot_k6x6,V18,23,19101023,C,9.1158348,2.3402723310782783,-0.0007241197303276833,-8.589358311007627e-05,0.000638226147217607,0.0005414953645211446,4.948363316812474e-05,-0.0004920117313530199,-0.8958455745680379,-3.2361177669000325,-2.3402721923319945
AgSi_COD9009647_pilot_k6x6,V18,24,19101024,Ti,10.3882515,0.11498557857497425,0.0007207297995675446,4.381057402582343e-05,-0.0006769192255417212,-0.0004132825977444824,-2.5722949482280013e-05,0.0003875596482622024,0.1598120405361809,0.044829107636977505,-0.11498293289920339
AgSi_COD9009647_pilot_k6x6,V18,25,19101025,Ti,19.2000015,0.04619766514040915,0.0010342961517454004,0.007493562218107672,0.0064592660663622715,-0.0012448144001573243,0.004498588800568478,0.0057434032007258025,-0.016563072195056344,-0.06194495697283092,-0.04538188477777458
AgSi_COD9009647_pilot_k6x6,V18,26,19101026,Ti,12.77623575,4.5577416867494875,8.87688600565822e-05,-4.694738039784504e-05,-0.00013571624045442723,-1.943888061526808e-05,-3.9040046286751076e-05,-1.9601165671482996e-05,-0.25591237624783375,-4.813654060934557,-4.5577416846867225
AgSi_COD9009647_pilot_k6x6,V18,27,19101027,Ti,21.58798575,3.4953299920728074,0.009421024559563172,0.008134342417711847,-0.0012866821418513249,0.008371714649386122,0.008876027600053023,0.0005043129506669009,-0.07303006840215341,-3.5683597872700608,-3.4953297188679073
AgSi_COD9009647_pilot_k6x6,V18,28,19101028,Ti,16.81201725,4.43076036227441,0.0002370247129446645,0.00047804075104964934,0.00024101603810498484,-0.0013153347024350277,0.00048713361119034546,0.0018024683136253733,0.014333664049510086,4.4450936531395655,4.430759989090055
AgSi_COD9009647_pilot_k6x6,V18,29,19101029,Ti,8.00026725,2.4228481622772984,0.0007471719731106266,3.1617276899869196e-05,-0.0007155546962107574,-0.0005472312629060037,-1.8137743877112353e-05,0.0005290935190288914,0.549829805482951,2.972677804324811,2.4228479988418603
AgSi_COD9009647_pilot_k6x6,V18,30,19101030,Si,14.7941265,0.14887536029192375,0.000956105068350069,0.00032496966301246235,-0.0006311354053376067,-0.00035434485216141997,0.00017976160669533803,0.000534106458856758,0.07337200540891028,0.222245069797472,0.1488730643885617
AgSi_COD9009647_pilot_k6x6,V18,31,19101031,Si,23.6058765,1.1774864046797082,0.040811406559755625,0.14366205429814688,0.10285064773839125,0.020716944869596278,0.08750628415616114,0.06678933928656486,0.9469878005149359,2.118070701774707,1.1710829012597712
AgSi_COD9009647_pilot_k6x6,V18,32,19101032,C,11.6606682,2.9029371272587086,-0.0013536311564114362,-1.5502224248331305e-05,0.001338128932163105,0.0007961713197639034,5.70746076380556e-06,-0.0007904638590000979,0.1721827910152862,3.0751195022432265,2.9029367112279405
AgSi_COD9009647_pilot_k6x6,V18,33,19101033,C,20.4724182,2.8536728166449095,-0.0017712761087387652,-0.006372860419054206,-0.0046015843103154415,-0.002314459167083512,-0.0027285450026459735,-0.00041408583556246147,0.08349154767157763,2.937160624213714,2.853669076542136
AgSi_COD9009647_pilot_k6x6,V18,34,19101034,C,17.9275848,2.805602914927657,-0.0010351336712981182,-0.0016580004579947814,-0.0006228667866966632,0.002297547631795269,-0.0011913886885922867,-0.0034889363203875557,-0.10036091262136983,-2.905961589056077,-2.805600676434707
AgSi_COD9009647_pilot_k6x6,V18,35,19101035,C,9.1158348,2.34027236207256,-0.0007241114749549614,-8.589358729223405e-05,0.0006382178876627273,0.0005415285749976943,4.9457462067140786e-05,-0.0004920711129305535,-0.895845553701725,-3.2361177770177707,-2.340272223316046
AgSi_COD9009647_pilot_k6x6,V18,36,19101036,Ti,10.3882515,0.11498556912852204,0.000720771954839978,4.381057338252378e-05,-0.0006769613814574542,-0.00041312543223598965,-2.5697619798766003e-05,0.00038742781243722365,0.15981198505775113,0.044829061409114135,-0.11498292364863699
AgSi_COD9009647_pilot_k6x6,V18,37,19101037,Ti,19.2000015,0.04619764409517463,0.001034333035960133,0.007493562216312475,0.006459229180352343,-0.0012447780821269402,0.004498606108751674,0.005743384190878614,-0.016563083665537884,-0.06194495467562376,-0.04538187101008588
AgSi_COD9009647_pilot_k6x6,V18,38,19101038,Ti,12.77623575,4.557741762627631,8.874837490147073e-05,-4.6947376644899944e-05,-0.00013569575154637068,-1.943731495707125e-05,-3.899155548314622e-05,-1.955424052607497e-05,-0.2559122764324322,-4.813654036998109,-4.557741760565677
AgSi_COD9009647_pilot_k6x6,V18,39,19101039,Ti,21.58798575,3.495329840789688,0.009420949239588541,0.008134342359504903,-0.0012866068800836388,0.008371754273754474,0.008876046484613924,0.0005042922108594496,-0.07303021619288935,-3.5683597838083623,-3.4953295676154728
AgSi_COD9009647_pilot_k6x6,V18,40,19101040,Ti,16.81201725,4.430760296035957,0.00023706492163468458,0.0004780407474567485,0.00024097582582206393,-0.0013152316047051076,0.0004871577704587442,0.001802389375163852,0.014333738149144069,4.44509366103504,4.430759922885896
AgSi_COD9009647_pilot_k6x6,V18,41,19101041,Ti,8.00026725,2.422848555337081,0.0007472785863564491,3.161727361749309e-05,-0.000715661312738956,-0.0005474070551815874,-1.8258761861804492e-05,0.0005291482933197829,0.5498294199240733,2.9726778117822903,2.422848391858217
AgSi_COD9009647_pilot_k6x6,V18,42,19101042,Si,14.7941265,0.14887536770649765,0.0009561060916424454,0.0003249696612464778,-0.0006311364303959676,-0.000354352754479591,0.0001797701041480697,0.0005341228586276607,0.0733719904591295,0.22224506219919604,0.14887307174006653
AgSi_COD9009647_pilot_k6x6,V18,43,19101043,Si,23.6058765,1.1774863820170753,0.04081143088456549,0.14366205441686464,0.10285062353229915,0.020716956305945836,0.08750628553385825,0.06678932922791242,0.9469878232529119,2.1180707044257026,1.1710828811727907
AgSi_COD9009647_pilot_k6x6,V18,44,19101044,C,11.6606682,2.9029370757833153,-0.0013536335819431188,-1.5502228005622224e-05,0.0013381313539374967,0.0007958947417349015,5.623013103920899e-06,-0.0007902717286309806,0.17218285128376376,3.0751195110874976,2.902936659803734
AgSi_COD9009647_pilot_k6x6,V18,45,19101045,C,20.4724182,2.8536728115407306,-0.001771302364977757,-0.006372860437348834,-0.004601558072371077,-0.0023143416297240326,-0.0027285205780278455,-0.00041417894830381293,0.08349157568694938,2.937160647153696,2.8536690714667468
AgSi_COD9009647_pilot_k6x6,V18,46,19101046,C,17.9275848,2.8056029880951874,-0.0010351710091369099,-0.0016580004538042973,-0.0006228294446673874,0.0022976994102112697,-0.001191360759252016,-0.003489060169463286,-0.10036084143095265,-2.9059615908875216,-2.805600749456569
AgSi_COD9009647_pilot_k6x6,V18,47,19101047,C,9.1158348,2.340272353689402,-0.0007241367609587305,-8.589358310734195e-05,0.0006382431778513885,0.0005415062355542888,4.948363316583938e-05,-0.0004920226023884494,-0.8958455519638437,-3.2361177669000334,-2.3402722149361894
AgSi_COD9009647_pilot_k6x6,V18,48,19101048,Ag,26.2058765,0.584423437028723,-0.04856147929692319,-0.15198919314636694,-0.10342771384944374,-0.025914048546458002,-0.09760013812107782,-0.07168608957461982,-0.6584442240846138,-1.2291583086469653,-0.5707140845623515
AgSi_COD9009647_pilot_k6x6,V18,49,19101049,Ag,26.2058765,0.5844221317365975,-0.0485617935072704,-0.15198919315306814,-0.10342739964579774,-0.025914362480028437,-0.09760013151921447,-0.07168576903918603,-0.6584454639365405,-1.2291583090550973,-0.5707128451185568
AgSi_COD9009647_pilot_k6x6,V18,50,19101050,Ag,26.2058765,0.5844234106375092,-0.048561464612638425,-0.1519891931463671,-0.10342772853372868,-0.02591399989530505,-0.09760013812107672,-0.07168613822577168,-0.6584442598819055,-1.2291583086469657,-0.5707140487650603
AgSi_COD9009647_pilot_k6x6,V18,51,19101051,Ag,26.2058765,0.5844221659270132,-0.048561804638837636,-0.15198919315306816,-0.10342738851423053,-0.02591437406345996,-0.09760013151921434,-0.07168575745575438,-0.6584454254525419,-1.2291583090550962,-0.5707128836025542
AgSi_COD9009647_vacuum26_k6x6_sigma0p10,V18,0,19101000,Ti,15.3882515,0.11536877538466236,0.0008305174523419699,4.381057402812579e-05,-0.000786706878313844,-0.00037156233351371917,-2.5722949483398747e-05,0.0003458393840303204,0.1601946823166377,0.044829107636992716,-0.11536557467964498
AgSi_COD9009647_vacuum26_k6x6_sigma0p10,V18,1,19101001,Ti,24.2000015,0.04736062152404953,0.0009765573805606051,0.007493562218106053,0.006517004837545448,-0.001269096604615808,0.004498588800572324,0.005767685405188132,-0.0153907850420711,-0.06194495697282777,-0.04655417193075667
AgSi_COD9009647_vacuum26_k6x6_sigma0p10,V18,2,19101002,Ti,17.77623575,4.557063662169115,5.293573011859093e-05,-4.694738039868378e-05,-9.988311051727471e-05,-1.2045724394494775e-05,-3.904004628432116e-05,-2.6994321889826388e-05,-0.2565903999400551,-4.813654060934585,-4.55706366099453
AgSi_COD9009647_vacuum26_k6x6_sigma0p10,V18,3,19101003,Ti,26.58798575,3.495267338537103,0.009411035520073304,0.008134342417709916,-0.0012766931023633875,0.008396563756333127,0.008876027600052922,0.00047946384371979484,-0.07309271478284247,-3.568359787270064,-3.4952670724872212
AgSi_COD9009647_vacuum26_k6x6_sigma0p10,V18,4,19101004,Ti,21.81201725,4.431311718059568,0.0003157049582772107,0.0004780407510441393,0.0001623357927669286,-0.0013116131599348391,0.00048713361118893524,0.0017987467711237744,0.013782303124848135,4.4450936531395575,4.43131135001471
AgSi_COD9009647_vacuum26_k6x6_sigma0p10,V18,5,19101005,Ti,13.00026725,2.4219335188074247,0.000627997491579542,3.161727690240205e-05,-0.00059638021467714,-0.0006478085810809126,-1.8137743875936644e-05,0.000629670837204976,0.5507444407972018,2.9726778043248174,2.4219333635276157
AgSi_COD9009647_vacuum26_k6x6_sigma0p10,V18,6,19101006,Si,19.7941265,0.14870516456367902,0.0009237704464969294,0.0003249696630108614,-0.0005988007834860679,-0.00029610938919387707,0.00017976160669524763,0.00047587099588912473,0.07354187227864148,0.22224506979748376,0.14870319751884228
AgSi_COD9009647_vacuum26_k6x6_sigma0p10,V18,7,19101007,Si,28.6058765,1.1764570536819792,0.04091628155012558,0.14366205429814696,0.10274577274802138,0.020655167970295308,0.08750628415616077,0.06685111618586546,0.9480170988978099,2.1180707017747036,1.1700536028768935
AgSi_COD9009647_vacuum26_k6x6_sigma0p10,V18,8,19101008,C,16.6606682,2.90295607022881,-0.001343648414247114,-1.550222424854496e-05,0.001328146189998569,0.0009115821891320507,5.707460761560177e-06,-0.0009058747283704905,0.17216387717816248,3.075119502243239,2.9029556250650765
AgSi_COD9009647_vacuum26_k6x6_sigma0p10,V18,9,19101009,C,25.4724182,2.853994883643043,-0.0017266305727780026,-0.006372860419057384,-0.004646229846279381,-0.0022415312344839567,-0.0027285450026458104,-0.0004870137681618537,0.08316956409693635,2.9371606242137114,2.853991060116775
AgSi_COD9009647_vacuum26_k6x6_sigma0p10,V18,10,19101010,C,22.9275848,2.805947491906661,-0.0009358330879963844,-0.0016580004579992876,-0.0007221673700029031,0.002361787427589591,-0.0011913886885919654,-0.0035531761161815565,-0.10001643977908754,-2.9059615890560755,-2.805945149276988
AgSi_COD9009647_vacuum26_k6x6_sigma0p10,V18,11,19101011,C,14.1158348,2.3378045738403728,-0.0007752446857504794,-8.589358728984162e-05,0.0006893510984606378,0.0005399129006895151,4.945746207025057e-05,-0.0004904554386192645,-0.898313356259387,-3.2361177770177814,-2.3378044207583946
AgSi_COD9009647_vacuum26_k6x6_sigma0p10,V18,12,19101012,Ti,15.3882515,0.11536767734322668,0.0008304708615593511,4.3810573382478245e-05,-0.0007866602881768729,-0.00037233085055880805,-2.569761979977995e-05,0.0003466332307590281,0.16019353595204433,0.0448290614091193,-0.11536447454292503
AgSi_COD9009647_vacuum26_k6x6_sigma0p10,V18,13,19101013,Ti,24.2000015,0.04736047160380094,0.0009768559351845147,0.007493562216312246,0.006516706281127732,-0.001269237777061071,0.004498606108751202,0.005767843885812273,-0.015390913103608874,-0.06194495467562326,-0.046554041572014385
AgSi_COD9009647_vacuum26_k6x6_sigma0p10,V18,14,19101014,Ti,17.77623575,4.557063472263801,5.3172093453209837e-05,-4.694737664342509e-05,-0.00010011947009663493,-1.2517135682368548e-05,-3.899155548534657e-05,-2.6474419802978022e-05,-0.2565905659110436,-4.813654036998121,-4.557063471087077
AgSi_COD9009647_vacuum26_k6x6_sigma0p10,V18,15,19101015,Ti,26.58798575,3.4952682321024344,0.009411154566947195,0.00813434235950501,-0.0012768122074421854,0.008397820109650797,0.008876046484616453,0.00047822637496565575,-0.07309181762971685,-3.5683597838083614,-3.4952679661786443
AgSi_COD9009647_vacuum26_k6x6_sigma0p10,V18,16,19101016,Ti,21.81201725,4.431312652673198,0.00031489105552446597,0.0004780407474541755,0.0001631496919297095,-0.0013105053592904101,0.0004871577704556639,0.001797663129746074,0.013781375996779349,4.445093661035042,4.4313122850382625
AgSi_COD9009647_vacuum26_k6x6_sigma0p10,V18,17,19101017,Ti,13.00026725,2.421932737831223,0.0006298665739734773,3.161727361850378e-05,-0.0005982493003549736,-0.0006471784766326977,-1.825876186118086e-05,0.0006289197147715168,0.5507452294967345,2.972677811782297,2.4219325822855624
AgSi_COD9009647_vacuum26_k6x6_sigma0p10,V18,18,19101018,Si,19.7941265,0.14870514856437828,0.000924323221389343,0.0003249696612499167,-0.0005993535601394263,-0.0002966225026580866,0.00017977010415084699,0.0004763926068089336,0.0735418845769716,0.22224506219919976,0.14870317762222818
AgSi_COD9009647_vacuum26_k6x6_sigma0p10,V18,19,19101019,Si,28.6058765,1.1764560592371933,0.04091629144236863,0.14366205441686566,0.10274576297449703,0.020654822236857558,0.0875062855338571,0.06685146329699954,0.9480181204100308,2.1180707044257,1.1700525840156693
AgSi_COD9009647_vacuum26_k6x6_sigma0p10,V18,20,19101020,C,16.6606682,2.902956278932099,-0.0013439619516083204,-1.5502228007271837e-05,0.0013284597236010486,0.0009118159422799216,5.623013107350773e-06,-0.0009061929291725708,0.17216367756188508,3.0751195110875065,2.9029558335256214
AgSi_COD9009647_vacuum26_k6x6_sigma0p10,V18,21,19101021,C,25.4724182,2.8539948965277184,-0.0017270286281940346,-0.006372860437350539,-0.004645831809156504,-0.002240810717889703,-0.002728520578029537,-0.0004877098601398337,0.08316957362312936,2.9371606471536955,2.8539910735305662
AgSi_COD9009647_vacuum26_k6x6_sigma0p10,V18,22,19101022,C,22.9275848,2.805948264342593,-0.0009363214951990647,-0.001658000453805964,-0.0007216789586068992,0.002363093961854331,-0.0011913607592534785,-0.0035544547211078096,-0.10001567066768931,-2.9059615908875225,-2.805945920219833
AgSi_COD9009647_vacuum26_k6x6_sigma0p10,V18,23,19101023,C,14.1158348,2.3378039828061827,-0.0007779924408132928,-8.5893583108057e-05,0.0006920988577052358,0.0005407288368618692,4.9483633165021465e-05,-0.0004912452036968477,-0.8983139381535429,-3.236117766900038,-2.337803828746495
AgSi_COD9009647_vacuum26_k6x6_sigma0p10,V18,24,19101024,Ti,15.3882515,0.11536877230291985,0.0008305257396711033,4.381057402693886e-05,-0.0007867151656441644,-0.00037155577200939963,-2.5722949482396076e-05,0.00034583282252700356,0.16019467919796357,0.044829107636990606,-0.11536557156097296
AgSi_COD9009647_vacuum26_k6x6_sigma0p10,V18,25,19101025,Ti,24.2000015,0.04736075926508387,0.0009763831570021536,0.007493562218106865,0.006517179061104711,-0.0012690487867863284,0.00449858880057024,0.005767637587356569,-0.015390663380167244,-0.06194495697282782,-0.04655429359266058
AgSi_COD9009647_vacuum26_k6x6_sigma0p10,V18,26,19101026,Ti,17.77623575,4.557063625996215,5.29564209229246e-05,-4.694738039885812e-05,-9.990380132178273e-05,-1.2079386878922074e-05,-3.90400462857857e-05,-2.696065940686363e-05,-0.25659043611321014,-4.813654060934585,-4.5570636248213745
AgSi_COD9009647_vacuum26_k6x6_sigma0p10,V18,27,19101027,Ti,26.58798575,3.495267465587721,0.009411040794163113,0.008134342417712857,-0.001276698376450256,0.00839678947207185,0.008876027600052284,0.00047923812798043343,-0.07309258770318489,-3.568359787270062,-3.4952671995668774
AgSi_COD9009647_vacuum26_k6x6_sigma0p10,V18,28,19101028,Ti,21.81201725,4.4313116861767545,0.0003156872065801305,0.00047804075104726344,0.00016235354446713295,-0.0013115765466945866,0.00048713361118838793,0.0017987101578829745,0.013782334993461355,4.4450936531395655,4.431311318146104
AgSi_COD9009647_vacuum26_k6x6_sigma0p10,V18,29,19101029,Ti,13.00026725,2.4219334998929263,0.0006279704280876856,3.161727689938868e-05,-0.0005963531511882969,-0.0006477870696269587,-1.8137743876186444e-05,0.0006296493257507723,0.5507444596994419,2.9726778043248148,2.421933344625373
AgSi_COD9009647_vacuum26_k6x6_sigma0p10,V18,30,19101030,Si,19.7941265,0.1487051705793328,0.0009237511290712202,0.00032496966301369607,-0.0005987814660575241,-0.00029609218272813777,0.00017976160669523674,0.0004758537894233745,0.07354186613005337,0.22224506979747763,0.14870320366742426
AgSi_COD9009647_vacuum26_k6x6_sigma0p10,V18,31,19101031,Si,28.6058765,1.176457042349765,0.04091619168489348,0.14366205429814605,0.10274586261325257,0.020655080817746467,0.0875062841561598,0.06685120333841332,0.9480171231628436,2.118070701774704,1.1700535786118604
AgSi_COD9009647_vacuum26_k6x6_sigma0p10,V18,32,19101032,C,16.6606682,2.9029560162593797,-0.0013436211955614342,-1.550222424972548e-05,0.0013281189713117087,0.0009115753054769928,5.707460760499827e-06,-0.000905867844716493,0.17216393113299888,3.075119502243238,2.902955571110239
AgSi_COD9009647_vacuum26_k6x6_sigma0p10,V18,33,19101033,C,25.4724182,2.853995026454629,-0.0017263541547543285,-0.006372860419053492,-0.004646506264299163,-0.0022414007994032924,-0.0027285450026464987,-0.00048714420324320624,0.08316942175743765,2.937160624213714,2.8539912024562764
AgSi_COD9009647_vacuum26_k6x6_sigma0p10,V18,34,19101034,C,22.9275848,2.805947638642686,-0.000935735095151809,-0.0016580004579941593,-0.0007222653628423503,0.002361717796435833,-0.001191388688591699,-0.003553106485027532,-0.10001629297998954,-2.9059615890560764,-2.8059452960760867
AgSi_COD9009647_vacuum26_k6x6_sigma0p10,V18,35,19101035,C,14.1158348,2.3378045543569668,-0.0007752621591547911,-8.589358729170973e-05,0.0006893685718630814,0.0005400272340033675,4.9457462070210095e-05,-0.0004905697719331573,-0.8983133757719381,-3.2361177770177836,-2.3378044012458457
AgSi_COD9009647_vacuum26_k6x6_sigma0p10,V18,36,19101036,Ti,15.3882515,0.11536768839231576,0.0008304769221740491,4.3810573384570756e-05,-0.0007866663487894783,-0.0003723046533540527,-2.5697619801114818e-05,0.0003466070335529379,0.16019354703882555,0.04482906140912041,-0.11536448562970514
AgSi_COD9009647_vacuum26_k6x6_sigma0p10,V18,37,19101037,Ti,24.2000015,0.04736018101730049,0.0009768726587121856,0.0074935622163126445,0.006516689557600459,-0.0012690858213891462,0.004498606108751338,0.005767691930140485,-0.01539118755629885,-0.06194495467562361,-0.04655376711932476
AgSi_COD9009647_vacuum26_k6x6_sigma0p10,V18,38,19101038,Ti,17.77623575,4.557063531318364,5.316186352557923e-05,-4.694737664466813e-05,-0.00010010924017024735,-1.2518231488427701e-05,-3.899155548343969e-05,-2.6473323995011987e-05,-0.25659050685624984,-4.8136540369981216,-4.557063530141872
AgSi_COD9009647_vacuum26_k6x6_sigma0p10,V18,39,19101039,Ti,26.58798575,3.495268094209362,0.009411093087524582,0.00813434235950355,-0.0012767507280210325,0.008397763230093173,0.008876046484614524,0.0004782832545213514,-0.07309195550812432,-3.568359783808361,-3.4952678283002365
AgSi_COD9009647_vacuum26_k6x6_sigma0p10,V18,40,19101040,Ti,21.81201725,4.431312716962346,0.00031500830651798767,0.0004780407474535124,0.0001630324409355247,-0.0013106012625083013,0.00048715777045779847,0.0017977590329660998,0.013781311742213925,4.445093661035038,4.431312349292824
AgSi_COD9009647_vacuum26_k6x6_sigma0p10,V18,41,19101041,Ti,13.00026725,2.4219328350741582,0.0006299095605263871,3.161727361751651e-05,-0.0005982922869088706,-0.0006472471960866855,-1.8258761863945792e-05,0.0006289884342227397,0.5507451322822567,2.9726778117822956,2.421932679500039
AgSi_COD9009647_vacuum26_k6x6_sigma0p10,V18,42,19101042,Si,19.7941265,0.1487051662893224,0.000924337288226959,0.0003249696612487702,-0.0005993676269781888,-0.00029662662926851195,0.00017977010414972297,0.0004763967334182349,0.07354186692171069,0.2222450621992001,0.1487031952774894
AgSi_COD9009647_vacuum26_k6x6_sigma0p10,V18,43,19101043,Si,28.6058765,1.1764560657993741,0.04091639485508823,0.14366205441686575,0.10274565956177752,0.02065492365146729,0.08750628553385702,0.06685136188238973,0.9480180989366006,2.118070704425698,1.1700526054890976
AgSi_COD9009647_vacuum26_k6x6_sigma0p10,V18,44,19101044,C,16.6606682,2.9029563299427217,-0.001343943091501442,-1.5502228005579344e-05,0.0013284408634958627,0.0009118058294106505,5.623013105756237e-06,-0.0009061828163048943,0.17216362653946712,3.075119511087507,2.9029558845480397
AgSi_COD9009647_vacuum26_k6x6_sigma0p10,V18,45,19101045,C,25.4724182,2.853994881468891,-0.0017269206353844736,-0.006372860437348001,-0.004645939801963527,-0.0022407822335697254,-0.0027285205780282163,-0.00048773834445849096,0.08316958886263966,2.9371606471536937,2.853991058291054
AgSi_COD9009647_vacuum26_k6x6_sigma0p10,V18,46,19101046,C,22.9275848,2.8059480553212954,-0.0009365128826211421,-0.0016580004538029691,-0.000721487571181827,0.002363045378874718,-0.001191360759250423,-0.003554406138125141,-0.10001587957840408,-2.905961590887525,-2.8059457113091213
AgSi_COD9009647_vacuum26_k6x6_sigma0p10,V18,47,19101047,C,14.1158348,2.3378039942904434,-0.0007779794754043415,-8.589358310722659e-05,0.0006920858922971149,0.0005407390566317891,4.948363316313278e-05,-0.0004912554234686563,-0.8983139266675921,-3.236117766900039,-2.3378038402324473
AgSi_COD9009647_vacuum26_k6x6_sigma0p10,V18,48,19101048,Ag,31.2058765,0.5837791076183451,-0.048564328748973234,-0.15198919314636755,-0.10342486439739432,-0.02601026316177479,-0.09760013812107697,-0.07158987495930218,-0.6590914408855038,-1.229158308646965,-0.5700668677614613
AgSi_COD9009647_vacuum26_k6x6_sigma0p10,V18,49,19101049,Ag,31.2058765,0.583773635027289,-0.04856483638801903,-0.15198919315306791,-0.10342435676504888,-0.026011365396794647,-0.09760013151921493,-0.07158876612242028,-0.6590968141742537,-1.2291583090550953,-0.5700614948808416
AgSi_COD9009647_vacuum26_k6x6_sigma0p10,V18,50,19101050,Ag,31.2058765,0.5837773423376648,-0.04856449530195652,-0.15198919314636655,-0.10342469784441002,-0.026010250496663844,-0.0976001381210767,-0.07158988762441285,-0.6590932200013407,-1.229158308646965,-0.5700650886456243
AgSi_COD9009647_vacuum26_k6x6_sigma0p10,V18,51,19101051,Ag,31.2058765,0.5837732468688396,-0.048564667259906484,-0.1519891931530684,-0.10342452589316192,-0.026011199828512334,-0.09760013151921403,-0.07158893169070168,-0.6590972631460235,-1.2291583090550962,-0.5700610459090727
Ag_baseline_k8x8x8_v19,foundation,0,1,Ag,0.0,2.4399811405269526e-16,-1.0384603748693034e-26,-5.941427905220564e-17,-5.941427904182104e-17,4.326918228622097e-27,-2.0399263875314766e-16,-2.0399263875747459e-16,-1.0384603748693034e-26,-1.1996677224326243e-16,-1.1996677223287781e-16
Ag_baseline_k8x8x8_v19,foundation,1,2,Ag,2.045,8.06075094977777e-06,0.0,-1.833385873672988e-16,-1.833385873672988e-16,5.699811657971505e-06,6.08237418764368e-17,-5.699811657910681e-06,5.699811657971502e-06,-2.0534789146875454e-16,-5.69981165817685e-06
Ag_baseline_k8x8x8_v19,foundation,2,3,Ag,2.045,8.060750949756765e-06,5.699811657971503e-06,-2.280077168737016e-16,-5.699811658199511e-06,3.854418758056564e-24,-6.841315708383533e-17,-6.841316093825409e-17,5.699811657971505e-06,1.1319070680748666e-16,-5.699811657858314e-06
Ag_baseline_k8x8x8_v19,foundation,3,4,Ag,0.0,8.060750949871608e-06,5.699811657971502e-06,-1.7477339020466331e-16,-5.699811658146276e-06,5.699811657971503e-06,-1.0245710529988017e-16,-5.69981165807396e-06,2.2153821330545137e-25,-4.2609145378680324e-17,-4.2609145600218536e-17
Ag_baseline_k8x8x8_v19,foundation,4,5,Ag,4.09,1.762024372815109e-16,0.0,1.2148485342700077e-16,1.2148485342700077e-16,0.0,-5.642819091965364e-17,-5.642819091965364e-17,-1.0384603748693034e-26,1.1447527488030978e-16,1.144752748906944e-16
Ag_baseline_k8x8x8_v19,foundation,5,6,Ag,6.135,8.060750949811963e-06,8.861528532218055e-25,1.2956215961201778e-16,1.2956215872586493e-16,5.699811657971505e-06,-8.922983879555701e-17,-5.6998116580607346e-06,-5.699811657971502e-06,1.0364972768961422e-16,5.699811658075152e-06
Ag_baseline_k8x8x8_v19,foundation,6,7,Ag,6.135,8.060750949630576e-06,5.699811657971503e-06,-1.0690233420707074e-16,-5.699811658078405e-06,3.544611412887222e-24,-2.200930410145574e-17,-2.2009307646067153e-17,-5.699811657971505e-06,-1.7054500173196985e-16,5.69981165780096e-06
Ag_baseline_k8x8x8_v19,foundation,7,8,Ag,4.09,2.7038121652756727e-05,1.911883917116014e-05,-1.2847795743953228e-16,-1.911883917128862e-05,1.9118839171160148e-05,2.656295322589486e-17,-1.9118839171133585e-05,0.0,3.708044765795347e-17,3.708044765795347e-17
Ag_baseline_k8x8x8_v19,foundation,8,9,Ag,0.0,3.9760164480059987e-16,0.0,3.5691935518222806e-16,3.5691935518222806e-16,-1.0384603748693034e-26,2.6400322900022033e-17,2.6400322910406638e-17,0.0,-1.7320122630821982e-16,-1.7320122630821982e-16
Ag_baseline_k8x8x8_v19,foundation,9,10,Ag,2.045,8.060750949987602e-06,2.2153821330545138e-24,-6.7220534694101275e-18,-6.72205568479226e-18,-5.699811657971502e-06,3.197313744067652e-16,5.699811658291233e-06,5.699811657971505e-06,-1.2153906353562505e-16,-5.699811658093044e-06
Ag_baseline_k8x8x8_v19,foundation,10,11,Ag,2.045,2.7038121652942634e-05,1.911883917116014e-05,-1.9678269430611905e-16,-1.9118839171356924e-05,-7.089222825774444e-24,2.4557179206796675e-16,2.4557179915718957e-16,1.9118839171160145e-05,-1.6805133673525319e-16,-1.9118839171328196e-05
Ag_baseline_k8x8x8_v19,foundation,11,12,Ag,0.0,8.060750949512364e-06,5.699811657971502e-06,-1.5851035761738075e-16,-5.6998116581300126e-06,-5.699811657971501e-06,-3.8932426512460453e-16,5.699811657582177e-06,0.0,-1.1470858984896637e-16,-1.1470858984896637e-16
Ag_baseline_k8x8x8_v19,foundation,12,13,Ag,4.09,4.4793078552097426e-17,5.192301874346517e-27,-2.5374240036778625e-17,-2.5374240041970926e-17,0.0,-2.5478751053409354e-18,-2.5478751053409354e-18,0.0,3.682493938778981e-17,3.682493938778981e-17
Ag_baseline_k8x8x8_v19,foundation,13,14,Ag,6.135,8.060750949962449e-06,3.544611412887222e-24,-5.854691731421724e-17,-5.854692085882865e-17,-5.699811657971502e-06,1.4191122951326035e-16,5.699811658113413e-06,-5.699811657971505e-06,2.6378638856572323e-16,5.699811658235291e-06
Ag_baseline_k8x8x8_v19,foundation,14,15,Ag,6.135,2.7038121652776043e-05,1.9118839171160138e-05,4.206704429243757e-17,-1.911883917111807e-05,1.3292292798327083e-24,9.085614205428527e-17,9.085614072505599e-17,-1.9118839171160145e-05,1.713039432527097e-16,1.911883917133145e-05
Ag_baseline_k8x8x8_v19,foundation,15,16,Ag,4.09,2.7038121652444694e-05,1.9118839171160138e-05,1.6067876196235176e-16,-1.911883917099946e-05,-1.911883917116015e-05,-1.786844027074035e-16,1.911883917098147e-05,1.3292292798327083e-24,2.190243203057292e-16,2.1902431897649993e-16
Ag_baseline_k8x8x8_v19,foundation,16,17,Ag,0.0,2.7449906814292143e-16,-1.0384603748693034e-26,-9.432558900623889e-17,-9.432558899585428e-17,0.0,-2.4275286641950444e-16,-2.4275286641950444e-16,0.0,8.673792432973955e-17,8.673792432973955e-17
Ag_baseline_k8x8x8_v19,foundation,17,18,Ag,2.045,2.7038121652835074e-05,-5.316917119330833e-24,-5.854691731421724e-17,-5.854691199730012e-17,1.911883917116014e-05,-3.6396666930338384e-16,-1.9118839171524108e-05,1.9118839171160145e-05,1.5124620306172787e-16,-1.91188391710089e-05
Ag_baseline_k8x8x8_v19,foundation,18,19,Ag,2.045,8.060750949847896e-06,-5.699811657971502e-06,3.2928571876881246e-17,5.699811658004431e-06,1.772305706443611e-24,-2.0404684886177193e-16,-2.0404685063407765e-16,5.699811657971502e-06,-2.1076890233118206e-16,-5.699811658182271e-06
Ag_baseline_k8x8x8_v19,foundation,19,20,Ag,0.0,8.06075094971273e-06,-5.699811657971502e-06,1.4090371953688937e-16,5.699811658112406e-06,5.699811657971505e-06,8.836247705756861e-17,-5.699811657883142e-06,0.0,-1.2977900004651488e-16,-1.2977900004651488e-16
Ag_baseline_k8x8x8_v19,foundation,20,21,Ag,4.09,1.5074374370121095e-16,0.0,3.415236843329339e-18,3.415236843329339e-18,5.192301874346517e-27,1.2327554082818658e-16,1.2327554082299427e-16,0.0,-8.668998475694073e-17,-8.668998475694073e-17
Ag_baseline_k8x8x8_v19,foundation,21,22,Ag,6.135,2.7038121652671624e-05,1.4123061098222525e-24,1.7488181042191187e-16,1.7488180900960576e-16,1.911883917116014e-05,2.2442984970449942e-17,-1.91188391711377e-05,-1.911883917116014e-05,4.0115480381963664e-18,1.9118839171164153e-05
Ag_baseline_k8x8x8_v19,foundation,22,23,Ag,6.135,8.060750949941612e-06,-5.699811657971502e-06,2.5371460190715806e-16,5.6998116582252165e-06,2.5970163208189828e-24,1.2728533504979822e-16,1.272853324527819e-16,-5.699811657971505e-06,1.22514845490862e-16,5.69981165809402e-06
Ag_baseline_k8x8x8_v19,foundation,23,24,Ag,4.09,2.703812165264029e-05,-1.9118839171160145e-05,-2.1335093592538915e-17,1.911883917113881e-05,1.9118839171160148e-05,4.141652298894627e-17,-1.9118839171118732e-05,-4.430764266109027e-25,5.0580236729088917e-17,5.0580237172165346e-17
Ag_baseline_k8x8x8_v19,foundation,24,25,Ag,0.0,3.0824818297854207e-16,2.769227666318142e-26,-8.250778532614689e-17,-8.250778535383916e-17,0.0,1.487525380650112e-16,1.487525380650112e-16,5.192301874346517e-27,2.570643695409079e-16,2.570643695357156e-16
Ag_baseline_k8x8x8_v19,foundation,25,26,Ag,2.045,2.703812165258338e-05,1.3846138331590711e-25,1.8171228410857054e-16,1.8171228397010916e-16,-1.911883917116014e-05,-7.232451214334225e-17,1.911883917108782e-05,1.9118839171160145e-05,7.090682208055199e-17,-1.9118839171089238e-05
Ag_baseline_k8x8x8_v19,foundation,26,27,Ag,2.045,2.7038121652751994e-05,-1.911883917116014e-05,-1.2438975405551041e-17,1.9118839171147704e-05,3.1015349862763194e-24,2.6194324487249787e-16,2.619432417709629e-16,1.911883917116015e-05,-1.0766127572781059e-16,-1.9118839171267813e-05
Ag_baseline_k8x8x8_v19,foundation,27,28,Ag,0.0,8.0607509498662e-06,-5.699811657971501e-06,3.5774576073304423e-16,5.699811658329247e-06,-5.6998116579715005e-06,-8.815823714803517e-17,5.699811657883342e-06,8.861528532218055e-25,-7.567731163948821e-17,-7.567731252564107e-17
Ag_baseline_k8x8x8_v19,foundation,28,29,Ag,4.09,3.845563014313015e-16,-5.192301874346517e-27,-2.8118203869104083e-16,-2.8118203868584854e-16,-1.384613833159071e-26,2.297424403496784e-16,2.2974244036352453e-16,-6.923069165795355e-27,-1.2664367804417987e-16,-1.266436780372568e-16
Ag_baseline_k8x8x8_v19,foundation,29,30,Ag,6.135,2.7038121652860353e-05,3.544611412887222e-24,-2.0339632755828063e-16,-2.0339633110289204e-16,-1.911883917116014e-05,2.524785443776478e-16,1.911883917141262e-05,-1.9118839171160145e-05,-4.0115480381963664e-18,1.9118839171156133e-05
Ag_baseline_k8x8x8_v19,foundation,30,31,Ag,6.135,2.7038121652989834e-05,-1.9118839171160138e-05,2.110544461762899e-16,1.911883917137119e-05,3.544611412887222e-24,-1.5222198501696482e-16,-1.5222198856157623e-16,-1.911883917116015e-05,2.205267218835516e-16,1.911883917138068e-05
Ag_baseline_k8x8x8_v19,foundation,31,32,Ag,4.09,2.703812165281965e-05,-1.911883917116014e-05,2.0912414664079632e-16,1.9118839171369267e-05,-1.9118839171160145e-05,-1.8214596497756474e-17,1.911883917114193e-05,3.544611412887222e-24,-8.608565249534905e-17,-8.608565603996046e-17
Ti3SiC2_baseline_k10x10x2_v19,foundation,0,1,Ti,0.0,1.5376683230777757e-08,0.0,-2.858700379334821e-13,-2.858700379334821e-13,0.0,-1.2909960013561886e-08,-1.2909960013561886e-08,0.0,8.353162248286176e-09,8.353162248286176e-09
Ti3SiC2_baseline_k10x10x2_v19,foundation,1,2,Ti,8.81175,1.5580302371883226e-08,0.0,-3.5374993153088956e-15,-3.5374993153088956e-15,0.0,1.554560999166791e-08,1.554560999166791e-08,0.0,-1.0391496457452104e-09,-1.0391496457452104e-09
Ti3SiC2_baseline_k10x10x2_v19,foundation,2,3,Ti,2.38798425,0.05690106850345014,0.0016939230659937087,-0.00020569041928351689,-0.0018996134852772256,-0.0009728059700722137,0.00012170836798632402,0.0010945143380585378,-0.044117436225991666,-0.10097625351763662,-0.05685881729164495
Ti3SiC2_baseline_k10x10x2_v19,foundation,3,4,Ti,11.19973425,0.056806517928791884,-0.001986844282314575,-2.6023479944110514e-06,0.001984241934320164,0.0014801233021999947,0.00023894491183654013,-0.0012411783903634546,-0.04421798087194537,-0.10097626431448381,-0.05675828344253844
Ti3SiC2_baseline_k10x10x2_v19,foundation,4,5,Ti,6.42376575,0.05680651778936485,0.001986844287076608,2.6023480035010024e-06,-0.001984241939073107,-0.0014801743673752146,-0.0002389952844081885,0.001241179082967026,0.044217985449793905,0.10097626873747495,0.056758283287681045
Ti3SiC2_baseline_k10x10x2_v19,foundation,5,6,Ti,15.23551575,0.05690106700660388,-0.0016939230854261852,0.00020569041989854873,0.001899613505324734,0.000972869036030077,-0.00012165718615368953,-0.0010945262221837666,0.04411744461361931,0.10097626017786901,0.0568588155642497
Ti3SiC2_baseline_k10x10x2_v19,foundation,6,7,Si,4.405875,0.0013558582903758132,-0.001165453938673355,9.050357795155889e-06,0.001174504296468511,0.0006826339335922142,5.229578534184861e-06,-0.0006774043550580293,3.837090916566121e-06,2.914832148226553e-09,-3.8341760844178944e-06
Ti3SiC2_baseline_k10x10x2_v19,foundation,7,8,Si,13.217625,0.0013558634991897361,0.001165453938673355,-9.050357997446406e-06,-0.0011745042966708015,-0.0006826339335922142,-5.21912854086005e-06,0.0006774148050513541,-3.837090916566121e-06,-7.282292447340598e-09,3.82980862411878e-06
Ti3SiC2_baseline_k10x10x2_v19,foundation,8,9,C,1.2724167,0.03572842654232448,-0.0005986290519881643,0.0002804090154660883,0.0008790380674542525,0.0003514254528680663,-0.00016205312475943082,-0.0005134785776274971,0.0872503656311157,0.12296428581661983,0.035713920185504136
Ti3SiC2_baseline_k10x10x2_v19,foundation,9,10,C,10.0841667,0.035747261781346615,0.0009639169316834534,2.27804646160001e-07,-0.0009636891270372933,-0.000985200030814649,-0.00032389583690539854,0.0006613041939092506,0.08723614165552385,0.12296429169010684,0.03572815003458299
Ti3SiC2_baseline_k10x10x2_v19,foundation,10,11,C,7.5393333,0.03574726299774365,-0.0009639169184282385,-2.2780465232512693e-07,0.0009636891137759134,0.000985154514776521,0.0003238221995973808,-0.0006613323151791401,-0.08723613534839311,-0.12296428607986454,-0.035728150731471425
Ti3SiC2_baseline_k10x10x2_v19,foundation,11,12,C,16.3510833,0.035728427269602445,0.000598629053172008,-0.00028040901567414695,-0.0008790380688461549,-0.00035136237770222695,0.0001621007790642611,0.0005134631567664881,-0.08725035699698283,-0.12296427813173691,-0.03571392113475408
Ti3SiC2_baseline_k10x10x2_v19,foundation,12,13,Ti,0.0,3.757212276888933e-08,0.0,-5.085121776784995e-13,-5.085121776784995e-13,0.0,3.66316668442895e-08,3.66316668442895e-08,0.0,-8.353765217606274e-09,-8.353765217606274e-09
Ti3SiC2_baseline_k10x10x2_v19,foundation,13,14,Ti,8.81175,4.8988096185559375e-08,0.0,-8.242762838150417e-16,-8.242762838150417e-16,0.0,4.897713231836022e-08,4.897713231836022e-08,0.0,1.036377226424223e-09,1.036377226424223e-09
Ti3SiC2_baseline_k10x10x2_v19,foundation,14,15,Ti,2.38798425,0.05690108769446764,0.0016939230795771016,-0.000205690415394995,-0.0018996134949720966,-0.0009728690323940029,0.00012174853711343367,0.0010946175695074364,-0.04411744461641497,-0.10097627912574819,-0.05685883450933322
Ti3SiC2_baseline_k10x10x2_v19,foundation,15,16,Ti,11.19973425,0.05680651775151107,-0.0019868442779020865,-2.602347989627931e-06,0.0019842419299124585,0.0014801743628391423,0.0002389785044396401,-0.0012411958583995021,-0.04421798545145331,-0.10097626833472428,-0.05675828288327098
Ti3SiC2_baseline_k10x10x2_v19,foundation,16,17,Ti,6.42376575,0.056806517365570984,0.001986844274516934,2.602348003928178e-06,-0.001984241926513006,-0.0014801232974335306,-0.0002389522382856761,0.0012411710591478545,0.04421798087379985,0.10097626391322873,0.056758283039428876
Ti3SiC2_baseline_k10x10x2_v19,foundation,17,18,Ti,15.23551575,0.056901089326858986,-0.0016939230603943004,0.00020569041530834904,0.0018996134757026494,0.0009728059672809327,-0.00012180676628431109,-0.0010946127335652437,0.0441174362291933,0.10097627246587362,0.056858836236680324
Ti3SiC2_baseline_k10x10x2_v19,foundation,18,19,Si,4.405875,0.001355856338028884,-0.0011654539523874915,9.050357734091935e-06,0.0011745043101215834,0.0006826349208841968,5.23444868778686e-06,-0.0006774004721964099,3.822675535107423e-06,-2.915530294731692e-09,-3.825591065402155e-06
Ti3SiC2_baseline_k10x10x2_v19,foundation,19,20,Si,13.217625,0.001355866068179352,0.0011654539523874915,-9.050357851149473e-06,-0.001174504310238641,-0.0006826349208841968,-5.214998312755726e-06,0.0006774199225714411,-3.822675535107423e-06,7.28194403897247e-09,3.8299574791463954e-06
Ti3SiC2_baseline_k10x10x2_v19,foundation,20,21,C,1.2724167,0.035728442784255944,-0.0005986290520074755,0.00028040901118476136,0.0008790380631922369,0.00035136237623386923,-0.00016219262824685354,-0.0005135550044807228,0.08725035699855486,0.12296429233378056,0.0357139353352257
Ti3SiC2_baseline_k10x10x2_v19,foundation,21,22,C,10.0841667,0.035747262823755,0.0009639169169181374,2.2780464578652047e-07,-0.0009636891122723509,-0.0009851545133165189,-0.00032385236952913636,0.0006613021437873825,0.08723613534929514,0.1229642864651887,0.03572815111589356
Ti3SiC2_baseline_k10x10x2_v19,foundation,22,23,C,7.5393333,0.035747262772759636,-0.0009639169280944868,-2.278046464265798e-07,0.0009636891234480601,0.0009852000290078954,0.0003238628695811676,-0.0006613371594267278,-0.0872361416568858,-0.12296429207332404,-0.035728150416438245
Ti3SiC2_baseline_k10x10x2_v19,foundation,23,24,C,16.3510833,0.03572844171379464,0.0005986290502668245,-0.00028040901041896915,-0.0008790380606857936,-0.00035142545123506726,0.00016212112013579139,0.0005135465713708586,-0.08725036563255463,-0.12296430001821032,-0.03571393438565569
Ti3SiC2_baseline_k10x10x2_v19,foundation,24,25,Ti,0.0,1.5376683537287118e-08,0.0,-2.862108612142119e-13,-2.862108612142119e-13,0.0,-1.2909960116994773e-08,-1.2909960116994773e-08,0.0,8.353162652646257e-09,8.353162652646257e-09
Ti3SiC2_baseline_k10x10x2_v19,foundation,25,26,Ti,8.81175,1.5580300677686452e-08,0.0,-1.2147786207691487e-15,-1.2147786207691487e-15,0.0,1.5545608181538172e-08,1.5545608181538172e-08,0.0,-1.0391513235370476e-09,-1.0391513235370476e-09
Ti3SiC2_baseline_k10x10x2_v19,foundation,26,27,Ti,2.38798425,0.05690106850000784,0.0016939230603943004,-0.00020569041928691196,-0.0018996134796812124,-0.0009728059672809327,0.00012170836798325942,0.0010945143352641923,-0.0441174362291933,-0.10097625351763415,-0.05685881728844085
Ti3SiC2_baseline_k10x10x2_v19,foundation,27,28,Ti,11.19973425,0.05680651792656124,-0.001986844274516934,-2.6023479922233974e-06,0.0019842419265247106,0.0014801232974335306,0.00023894491183742463,-0.001241178385596106,-0.04421798087379985,-0.10097626431448253,-0.056758283440682684
Ti3SiC2_baseline_k10x10x2_v19,foundation,28,29,Ti,6.42376575,0.05680651778729074,0.0019868442779020865,2.6023480099979306e-06,-0.0019842419298920885,-0.0014801743628391423,-0.00023899528440828564,0.0012411790784308567,0.04421798545145331,0.10097626873747864,0.056758283286025335
Ti3SiC2_baseline_k10x10x2_v19,foundation,29,30,Ti,15.23551575,0.056901067003544206,-0.0016939230795771016,0.00020569041989697626,0.0018996134994740778,0.0009728690323940029,-0.0001216571861529759,-0.0010945262185469789,0.04411744461641497,0.1009762601778682,0.05685881556145323
Ti3SiC2_baseline_k10x10x2_v19,foundation,30,31,Si,4.405875,0.0013558582952742585,-0.0011654539429295071,9.05035779613181e-06,0.0011745043007256389,0.0006826339360151322,5.229578534977918e-06,-0.0006774043574801544,3.837091131723461e-06,2.9148322185828038e-09,-3.834176299504878e-06
Ti3SiC2_baseline_k10x10x2_v19,foundation,31,32,Si,13.217625,0.0013558635040883701,0.0011654539429295071,-9.050357998328901e-06,-0.001174504300927836,-0.0006826339360151322,-5.219128541116293e-06,0.0006774148074740159,-3.837091131723461e-06,-7.282291782074145e-09,3.829808839941387e-06
Ti3SiC2_baseline_k10x10x2_v19,foundation,32,33,C,1.2724167,0.0357284265408214,-0.0005986290502668245,0.00028040901546097735,0.0008790380657278018,0.00035142545123506726,-0.00016205312476123205,-0.0005134785759962993,0.08725036563255463,0.12296428581662103,0.0357139201840664
Ti3SiC2_baseline_k10x10x2_v19,foundation,33,34,C,10.0841667,0.03574726177985554,0.0009639169280944868,2.278046521660764e-07,-0.0009636891234423207,-0.0009852000290078954,-0.00032389583690470487,0.0006613041921031905,0.0872361416568858,0.12296429169010731,0.03572815003322151
Ti3SiC2_baseline_k10x10x2_v19,foundation,34,35,C,7.5393333,0.035747262996772465,-0.0009639169169181374,-2.2780464886251045e-07,0.0009636891122692749,0.0009851545133165189,0.0003238221995984517,-0.0006613323137180672,-0.08723613534929514,-0.12296428607986254,-0.0357281507305674
Ti3SiC2_baseline_k10x10x2_v19,foundation,35,36,C,16.3510833,0.03572842726798153,0.0005986290520074755,-0.0002804090156724818,-0.0008790380676799573,-0.00035136237623386923,0.00016210077906452262,0.0005134631552983918,-0.08725035699855486,-0.12296427813173719,-0.03571392113318232
Ti3SiC2_baseline_k10x10x2_v19,foundation,36,37,Ti,0.0,3.757212331281366e-08,0.0,-5.089338239033792e-13,-5.089338239033792e-13,0.0,3.663166722430236e-08,3.663166722430236e-08,0.0,-8.353765997574635e-09,-8.353765997574635e-09
Ti3SiC2_baseline_k10x10x2_v19,foundation,37,38,Ti,8.81175,4.8988094808105965e-08,0.0,1.3164382778318995e-15,1.3164382778318995e-15,0.0,4.8977130971347444e-08,4.8977130971347444e-08,0.0,1.0363757732869623e-09,1.0363757732869623e-09
Ti3SiC2_baseline_k10x10x2_v19,foundation,38,39,Ti,2.38798425,0.056901087697525776,0.0016939230854261852,-0.00020569041539691534,-0.0018996135008231005,-0.000972869036030077,0.0001217485371129503,0.0010946175731430274,-0.04411744461361931,-0.10097627912574747,-0.05685883451212816
Ti3SiC2_baseline_k10x10x2_v19,foundation,39,40,Ti,11.19973425,0.05680651775358823,-0.001986844287076608,-2.6023479848076222e-06,0.0019842419390918003,0.0014801743673752146,0.0002389785044432093,-0.0012411958629320052,-0.044217985449793905,-0.10097626833472378,-0.05675828288492988
Ti3SiC2_baseline_k10x10x2_v19,foundation,40,41,Ti,6.42376575,0.056806517367802796,0.001986844282314575,2.6023480074537867e-06,-0.0019842419343071216,-0.0014801233021999947,-0.0002389522382823324,0.0012411710639176623,0.04421798087194537,0.10097626391323117,0.0567582830412858
Ti3SiC2_baseline_k10x10x2_v19,foundation,41,42,Ti,15.23551575,0.056901089330298714,-0.0016939230659937087,0.00020569041530963967,0.0018996134813033484,0.0009728059700722137,-0.00012180676628547812,-0.0010946127363576919,0.044117436225991666,0.1009762724658734,0.056858836239881735
Ti3SiC2_baseline_k10x10x2_v19,foundation,42,43,Si,4.405875,0.0013558563331368008,-0.001165453948243311,9.050357733868537e-06,0.0011745043059771796,0.0006826349182788183,5.23444868802312e-06,-0.0006774004695907952,3.822675458984502e-06,-2.9155287748733696e-09,-3.825590987759375e-06
Ti3SiC2_baseline_k10x10x2_v19,foundation,43,44,Si,13.217625,0.0013558660632877523,0.001165453948243311,-9.050357851626237e-06,-0.0011745043060949372,-0.0006826349182788183,-5.214998313256519e-06,0.0006774199199655618,-3.822675458984502e-06,7.281946640190322e-09,3.829957405624692e-06
Ti3SiC2_baseline_k10x10x2_v19,foundation,44,45,C,1.2724167,0.035728442785877994,-0.000598629053172008,0.0002804090111865644,0.0008790380643585724,0.00035136237770222695,-0.00016219262825027843,-0.0005135550059525054,0.08725035699698283,0.12296429233378137,0.035713935336798536
Ti3SiC2_baseline_k10x10x2_v19,foundation,45,46,C,10.0841667,0.03574726282472676,0.0009639169184282385,2.2780465149712173e-07,-0.0009636891137767414,-0.000985154514776521,-0.0003238523695266709,0.00066130214524985,0.08723613534839311,0.12296428646519131,0.035728151116798196
Ti3SiC2_baseline_k10x10x2_v19,foundation,46,47,C,7.5393333,0.03574726277425108,-0.0009639169316834534,-2.2780464272375775e-07,0.0009636891270407296,0.000985200030814649,0.00032386286958262857,-0.0006613371612320205,-0.08723614165552385,-0.12296429207332402,-0.03572815041780017
Ti3SiC2_baseline_k10x10x2_v19,foundation,47,48,C,16.3510833,0.03572844171529963,0.0005986290519881643,-0.0002804090104189038,-0.0008790380624070681,-0.0003514254528680663,0.00016212112013518271,0.0005135465730032489,-0.0872503656311157,-0.12296430001821115,-0.035713934387095456
Ti3SiC2_baseline_k10x10x4_v19,foundation,0,1,Ti,0.0,1.5376683230777757e-08,0.0,-2.858700379334821e-13,-2.858700379334821e-13,0.0,-1.2909960013561886e-08,-1.2909960013561886e-08,0.0,8.353162248286176e-09,8.353162248286176e-09
Ti3SiC2_baseline_k10x10x4_v19,foundation,1,2,Ti,8.81175,1.5580302371883226e-08,0.0,-3.5374993153088956e-15,-3.5374993153088956e-15,0.0,1.554560999166791e-08,1.554560999166791e-08,0.0,-1.0391496457452104e-09,-1.0391496457452104e-09
Ti3SiC2_baseline_k10x10x4_v19,foundation,2,3,Ti,2.38798425,0.0560297033106201,0.000719968531872444,-0.00020569041928351689,-0.0009256589511559608,-0.00041202407075390993,0.00012170836798632402,0.0005337324387402339,-0.04495673961162263,-0.10097625351763662,-0.056019513906013986
Ti3SiC2_baseline_k10x10x4_v19,foundation,3,4,Ti,11.19973425,0.05600566376130314,-0.0010083543781054393,-2.6023479944110514e-06,0.0010057520301110282,0.0009127926990017763,0.00023894491183654013,-0.0006738477871652362,-0.044983686544231044,-0.10097626431448381,-0.055992577770252766
Ti3SiC2_baseline_k10x10x4_v19,foundation,4,5,Ti,6.42376575,0.05600566419560804,0.0010083544753400878,2.6023480035010024e-06,-0.0010057521273365868,-0.0009128428214783012,-0.0002389952844081885,0.0006738475370701127,0.044983690531552385,0.10097626873747495,0.055992578205922565
Ti3SiC2_baseline_k10x10x4_v19,foundation,5,6,Ti,15.23551575,0.05602970391907708,-0.0007199685694501924,0.00020569041989854873,0.0009256589893487412,0.0004120954356816054,-0.00012165718615368953,-0.0005337526218352949,0.04495674585621889,0.10097626017786901,0.05601951432165012
Ti3SiC2_baseline_k10x10x4_v19,foundation,6,7,Si,4.405875,0.0007634415887024706,-0.0006525353817818509,9.050357795155889e-06,0.0006615857395770067,0.00038614735634135257,5.229578534184861e-06,-0.0003809177778071677,7.003993273814515e-06,2.914832148226553e-09,-7.001078441666289e-06
Ti3SiC2_baseline_k10x10x4_v19,foundation,7,8,Si,13.217625,0.0007634467628977812,0.0006525353817818509,-9.050357997446406e-06,-0.0006615857397792973,-0.00038614735634135257,-5.21912854086005e-06,0.00038092822780049255,-7.003993273814515e-06,-7.282292447340598e-09,6.996710981367175e-06
Ti3SiC2_baseline_k10x10x4_v19,foundation,8,9,C,1.2724167,0.03510404555885928,-0.00014770863571377223,0.0002804090154660883,0.0004281176511798605,9.123658817878461e-05,-0.00016205312475943082,-0.00025328971293821543,0.0878637648205358,0.12296428581661983,0.03510052099608403
Ti3SiC2_baseline_k10x10x4_v19,foundation,9,10,C,10.0841667,0.03512981221488681,0.0005123222699221044,2.27804646160001e-07,-0.0005120944652759443,-0.0007223635371145798,-0.00032389583690539854,0.0003984677002091812,0.08784047229352449,0.12296429169010684,0.03512381939658235
Ti3SiC2_baseline_k10x10x4_v19,foundation,10,11,C,7.5393333,0.03512981291652458,-0.0005123223690592433,-2.2780465232512693e-07,0.0005120945644069182,0.0007223181156917318,0.0003238221995973808,-0.000398495916094351,-0.08784046630308089,-0.12296428607986454,-0.03512381977678365
Ti3SiC2_baseline_k10x10x4_v19,foundation,11,12,C,16.3510833,0.035104046244904874,0.00014770900146071771,-0.00028040901567414695,-0.00042811801713486466,-9.117262584790101e-05,0.0001621007790642611,0.0002532734049121621,-0.08786375633632497,-0.12296427813173691,-0.03510052179541194
Ti3SiC2_baseline_k10x10x4_v19,foundation,12,13,Ti,0.0,3.757212276888933e-08,0.0,-5.085121776784995e-13,-5.085121776784995e-13,0.0,3.66316668442895e-08,3.66316668442895e-08,0.0,-8.353765217606274e-09,-8.353765217606274e-09
Ti3SiC2_baseline_k10x10x4_v19,foundation,13,14,Ti,8.81175,4.8988096185559375e-08,0.0,-8.242762838150417e-16,-8.242762838150417e-16,0.0,4.897713231836022e-08,4.897713231836022e-08,0.0,1.036377226424223e-09,1.036377226424223e-09
Ti3SiC2_baseline_k10x10x4_v19,foundation,14,15,Ti,2.38798425,0.05602972373322322,0.0007199685690058406,-0.000205690415394995,-0.0009256589844008356,-0.00041209543557088575,0.00012174853711343367,0.0005338439726843194,-0.044956745856729034,-0.10097627912574819,-0.05601953326901916
Ti3SiC2_baseline_k10x10x4_v19,foundation,15,16,Ti,11.19973425,0.056005663995050026,-0.0010083544748323212,-2.602347989627931e-06,0.0010057521268426932,0.000912842821583883,0.0002389785044396401,-0.0006738643171442429,-0.044983690531341505,-0.10097626833472428,-0.05599257780338278
Ti3SiC2_baseline_k10x10x4_v19,foundation,16,17,Ti,6.42376575,0.05600566327193278,0.001008354378750206,2.602348003928178e-06,-0.0010057520307462779,-0.0009127926992588833,-0.0002389522382856761,0.0006738404609732072,0.04498368654430486,0.10097626391322873,0.055992577368923865
Ti3SiC2_baseline_k10x10x4_v19,foundation,17,18,Ti,15.23551575,0.05602972319248576,-0.0007199685322682781,0.00020569041530834904,0.0009256589475766272,0.00041202407111023037,-0.00012180676628431109,-0.0005338308373945414,0.04495673961190924,0.10097627246587362,0.05601953285396438
Ti3SiC2_baseline_k10x10x4_v19,foundation,18,19,Si,4.405875,0.000763439346548045,-0.0006525353784490375,9.050357734091935e-06,0.0006615857361831294,0.00038614790600530045,5.23444868778686e-06,-0.0003809134573175136,6.989049225873418e-06,-2.915530294731692e-09,-6.991964756168149e-06
Ti3SiC2_baseline_k10x10x4_v19,foundation,19,20,Si,13.217625,0.0007634490914846886,0.0006525353784490375,-9.050357851149473e-06,-0.000661585736300187,-0.00038614790600530045,-5.214998312755726e-06,0.0003809329076925447,-6.989049225873418e-06,7.28194403897247e-09,6.99633116991239e-06
Ti3SiC2_baseline_k10x10x4_v19,foundation,20,21,C,1.2724167,0.03510406110819409,-0.00014770900247694765,0.00028040901118476136,0.00042811801366170904,9.117262595585593e-05,-0.00016219262824685354,-0.00025336525420270947,0.0878637563364177,0.12296429233378056,0.03510053599736286
Ti3SiC2_baseline_k10x10x4_v19,foundation,21,22,C,10.0841667,0.03512981295929837,0.0005123223698793712,2.2780464578652047e-07,-0.0005120945652335847,-0.0007223181154589561,-0.00032385236952913636,0.00039846574592981973,0.08784046630335456,0.1229642864651887,0.03512382016183414
Ti3SiC2_baseline_k10x10x4_v19,foundation,22,23,C,7.5393333,0.03512981297151649,-0.0005123222687158105,-2.278046464265798e-07,0.0005120944640693839,0.0007223635366107006,0.0003238628695811676,-0.000398500667029533,-0.08784047229397808,-0.12296429207332404,-0.03512381977934596
Ti3SiC2_baseline_k10x10x4_v19,foundation,23,24,C,16.3510833,0.0351040602496197,0.0001477086363084519,-0.00028040901041896915,-0.00042811764672742107,-9.123658815023144e-05,0.00016212112013579139,0.00025335770828602283,-0.08786376482056493,-0.12296430001821032,-0.03510053519764539
Ti3SiC2_baseline_k10x10x4_v19,foundation,24,25,Ti,0.0,1.5376683537287118e-08,0.0,-2.862108612142119e-13,-2.862108612142119e-13,0.0,-1.2909960116994773e-08,-1.2909960116994773e-08,0.0,8.353162652646257e-09,8.353162652646257e-09
Ti3SiC2_baseline_k10x10x4_v19,foundation,25,26,Ti,8.81175,1.5580300677686452e-08,0.0,-1.2147786207691487e-15,-1.2147786207691487e-15,0.0,1.5545608181538172e-08,1.5545608181538172e-08,0.0,-1.0391513235370476e-09,-1.0391513235370476e-09
Ti3SiC2_baseline_k10x10x4_v19,foundation,26,27,Ti,2.38798425,0.05602970331034103,0.0007199685322682781,-0.00020569041928691196,-0.0009256589515551901,-0.00041202407111023037,0.00012170836798325942,0.0005337324390934897,-0.04495673961190924,-0.10097625351763415,-0.056019513905724905
Ti3SiC2_baseline_k10x10x4_v19,foundation,27,28,Ti,11.19973425,0.05600566376124277,-0.001008354378750206,-2.6023479922233974e-06,0.0010057520307579827,0.0009127926992588833,0.00023894491183742463,-0.0006738477874214586,-0.04498368654430486,-0.10097626431448253,-0.05599257777017767
Ti3SiC2_baseline_k10x10x4_v19,foundation,28,29,Ti,6.42376575,0.05600566419581459,0.0010083544748323212,2.6023480099979306e-06,-0.0010057521268223232,-0.000912842821583883,-0.00023899528440828564,0.0006738475371755974,0.044983690531341505,0.10097626873747864,0.055992578206137136
Ti3SiC2_baseline_k10x10x4_v19,foundation,29,30,Ti,15.23551575,0.05602970391855779,-0.0007199685690058406,0.00020569041989697626,0.0009256589889028168,0.00041209543557088575,-0.0001216571861529759,-0.0005337526217238616,0.044956745856729034,0.1009762601778682,0.05601951432113917
Ti3SiC2_baseline_k10x10x4_v19,foundation,30,31,Si,4.405875,0.0007634415886878525,-0.0006525353816422018,9.05035779613181e-06,0.0006615857394383336,0.00038614735655342875,5.229578534977918e-06,-0.0003809177780184508,7.0039932885446875e-06,2.9148322185828038e-09,-7.001078456326105e-06
Ti3SiC2_baseline_k10x10x4_v19,foundation,31,32,Si,13.217625,0.0007634467628833595,0.0006525353816422018,-9.050357998328901e-06,-0.0006615857396405307,-0.00038614735655342875,-5.219128541116293e-06,0.0003809282280123125,-7.0039932885446875e-06,-7.282291782074145e-09,6.996710996762613e-06
Ti3SiC2_baseline_k10x10x4_v19,foundation,32,33,C,1.2724167,0.035104045558838344,-0.0001477086363084519,0.00028040901546097735,0.0004281176517694292,9.123658815023144e-05,-0.00016205312476123205,-0.0002532897129114635,0.08786376482056493,0.12296428581662103,0.035100520996056095
Ti3SiC2_baseline_k10x10x4_v19,foundation,33,34,C,10.0841667,0.03512981221441039,0.0005123222687158105,2.278046521660764e-07,-0.0005120944640636444,-0.0007223635366107006,-0.00032389583690470487,0.00039846769970599573,0.08784047229397808,0.12296429169010731,0.03512381939612923
Ti3SiC2_baseline_k10x10x4_v19,foundation,34,35,C,7.5393333,0.035129812916258316,-0.0005123223698793712,-2.2780464886251045e-07,0.0005120945652305087,0.0007223181154589561,0.0003238221995984517,-0.0003984959158605044,-0.08784046630335456,-0.12296428607986254,-0.035123819776507983
Ti3SiC2_baseline_k10x10x4_v19,foundation,35,36,C,16.3510833,0.03510404624482558,0.00014770900247694765,-0.0002804090156724818,-0.00042811801814942945,-9.117262595585593e-05,0.00016210077906452262,0.00025327340502037855,-0.0878637563364177,-0.12296427813173719,-0.035100521795319486
Ti3SiC2_baseline_k10x10x4_v19,foundation,36,37,Ti,0.0,3.757212331281366e-08,0.0,-5.089338239033792e-13,-5.089338239033792e-13,0.0,3.663166722430236e-08,3.663166722430236e-08,0.0,-8.353765997574635e-09,-8.353765997574635e-09
Ti3SiC2_baseline_k10x10x4_v19,foundation,37,38,Ti,8.81175,4.8988094808105965e-08,0.0,1.3164382778318995e-15,1.3164382778318995e-15,0.0,4.8977130971347444e-08,4.8977130971347444e-08,0.0,1.0363757732869623e-09,1.0363757732869623e-09
Ti3SiC2_baseline_k10x10x4_v19,foundation,38,39,Ti,2.38798425,0.05602972373374098,0.0007199685694501924,-0.00020569041539691534,-0.0009256589848471077,-0.0004120954356816054,0.0001217485371129503,0.0005338439727945557,-0.04495674585621889,-0.10097627912574747,-0.05601953326952858
Ti3SiC2_baseline_k10x10x4_v19,foundation,39,40,Ti,11.19973425,0.056005663994846584,-0.0010083544753400878,-2.6023479848076222e-06,0.0010057521273552801,0.0009128428214783012,0.0002389785044432093,-0.0006738643170350919,-0.044983690531552385,-0.10097626833472378,-0.0559925778031714
Ti3SiC2_baseline_k10x10x4_v19,foundation,40,41,Ti,6.42376575,0.05600566327199432,0.0010083543781054393,2.6023480074537867e-06,-0.0010057520300979855,-0.0009127926990017763,-0.0002389522382823324,0.0006738404607194439,0.044983686544231044,0.10097626391323117,0.055992577369000124
Ti3SiC2_baseline_k10x10x4_v19,foundation,41,42,Ti,15.23551575,0.0560297231927622,-0.000719968531872444,0.00020569041530963967,0.0009256589471820836,0.00041202407075390993,-0.00012180676628547812,-0.000533830837039388,0.04495673961162263,0.1009762724658734,0.05601953285425077
Ti3SiC2_baseline_k10x10x4_v19,foundation,42,43,Si,4.405875,0.000763439346464352,-0.0006525353784151183,9.050357733868537e-06,0.0006615857361489868,0.0003861479058956145,5.23444868802312e-06,-0.00038091345720759137,6.989049308135261e-06,-2.9155287748733696e-09,-6.991964836910134e-06
Ti3SiC2_baseline_k10x10x4_v19,foundation,43,44,Si,13.217625,0.0007634490914015068,0.0006525353784151183,-9.050357851626237e-06,-0.0006615857362667445,-0.0003861479058956145,-5.214998313256519e-06,0.00038093290758235796,-6.989049308135261e-06,7.281946640190322e-09,6.996331254775451e-06
Ti3SiC2_baseline_k10x10x4_v19,foundation,44,45,C,1.2724167,0.03510406110827449,-0.00014770900146071771,0.0002804090111865644,0.0004281180126472821,9.117262584790101e-05,-0.00016219262825027843,-0.0002533652540981794,0.08786375633632497,0.12296429233378137,0.0351005359974564
Ti3SiC2_baseline_k10x10x4_v19,foundation,45,46,C,10.0841667,0.035129812959565236,0.0005123223690592433,2.2780465149712173e-07,-0.0005120945644077462,-0.0007223181156917318,-0.0003238523695266709,0.0003984657461650609,0.08784046630308089,0.12296428646519131,0.03512382016211042
Ti3SiC2_baseline_k10x10x4_v19,foundation,46,47,C,7.5393333,0.035129812971993316,-0.0005123222699221044,-2.2780464272375775e-07,0.0005120944652793806,0.0007223635371145798,0.00032386286958262857,-0.0003985006675319512,-0.08784047229352449,-0.12296429207332402,-0.03512381977979953
Ti3SiC2_baseline_k10x10x4_v19,foundation,47,48,C,16.3510833,0.03510406024964261,0.00014770863571377223,-0.0002804090104189038,-0.00042811764613267606,-9.123658817878461e-05,0.00016212112013518271,0.00025335770831396733,-0.0878637648205358,-0.12296430001821115,-0.03510053519767535
Ti3SiC2_Ti4f_id0003_z_m020A_k10x10x4_v19,foundation,0,1,Ti,0.0,0.012187287232594405,-0.026981689209249145,-0.0216289824823842,0.0053527067268649454,-0.015577485459197151,-0.01248635349619728,0.0030911319629998713,-0.04278578160684386,-0.03228228676116255,0.010503494845681312
Ti3SiC2_Ti4f_id0003_z_m020A_k10x10x4_v19,foundation,1,2,Ti,8.81175,0.0016877992238162635,-0.0011243094824951217,7.471879753495226e-05,0.001199028280030074,-0.0006418505858419645,4.3228291738766364e-05,0.0006850788775807308,-0.0005416455546259179,0.00042874835255591855,0.0009703939071818364
Ti3SiC2_Ti4f_id0003_z_m020A_k10x10x4_v19,foundation,2,3,Ti,2.36798425,0.12813092632021766,0.0006854380714498938,-0.00021815260398427914,-0.0009035906754341729,-0.00039381885810508757,0.00012873080804291347,0.0005225496661480011,0.3082744357162273,0.18014776111091835,-0.12812667460530897
Ti3SiC2_Ti4f_id0003_z_m020A_k10x10x4_v19,foundation,3,4,Ti,11.19973425,0.05758257798883846,-0.0012774183225750964,2.1878726518690392e-05,0.0012992970490937868,0.0010680809537589086,0.00022482640783168706,-0.0008432545459272215,-0.04347294571420373,-0.10103468679966476,-0.057561741085461034
Ti3SiC2_Ti4f_id0003_z_m020A_k10x10x4_v19,foundation,4,5,Ti,6.42376575,0.03968238043150442,0.0010453617588522851,2.675289486011711e-06,-0.0010426864693662734,-0.0009344633961004331,-0.00023894495308011618,0.0006955184430203169,0.06062513439129922,0.10028771594788305,0.03966258155658383
Ti3SiC2_Ti4f_id0003_z_m020A_k10x10x4_v19,foundation,5,6,Ti,15.23551575,0.046773258916377736,-0.0022349974677655974,-0.0006995042799876705,0.0015354931877779269,0.0012870399473755138,0.00040096009819633877,-0.000886079849179175,0.05174569658210244,0.09848534648269194,0.0467396499005895
Ti3SiC2_Ti4f_id0003_z_m020A_k10x10x4_v19,foundation,6,7,Si,4.405875,0.006865462048148739,0.025033829215688995,0.02112409273054605,-0.003909736485142944,0.015176286477988313,0.01219574810914056,-0.0029805383688477523,-0.03115643173296854,-0.026364258866393382,0.004792172866575156
Ti3SiC2_Ti4f_id0003_z_m020A_k10x10x4_v19,foundation,7,8,Si,13.217625,0.00201009001950491,0.0008859385011937562,-0.0006495030269718637,-0.00153544152816562,-0.0002353813832095577,-0.000375012660321981,-0.0001396312771124233,-0.002280401763191788,-0.00099067919358636,0.001289722569605428
Ti3SiC2_Ti4f_id0003_z_m020A_k10x10x4_v19,foundation,8,9,C,1.2724167,0.04481616082828764,-0.03023407324368743,-0.027444309563529026,0.002789763680158406,0.017461497310651868,0.015844823925240586,-0.0016166733854112818,0.034190110120713546,0.07889013089431851,0.044700020773604965
Ti3SiC2_Ti4f_id0003_z_m020A_k10x10x4_v19,foundation,9,10,C,10.0841667,0.0343634713809158,0.0005465532854921399,2.2906619599147868e-07,-0.0005463242192961485,-0.0007420732552874752,-0.00032389650881970436,0.0004181767464677708,0.08775754192485193,0.12211412533186641,0.03435658340701449
Ti3SiC2_Ti4f_id0003_z_m020A_k10x10x4_v19,foundation,10,11,C,7.5393333,0.03180856743791313,-0.0005136211557298027,-0.00048781654040284494,2.580461532695772e-05,0.0007231852019593572,0.0006052328221489606,-0.00011795237981039662,-0.08929247444183765,-0.12110081271673331,-0.03180833827489567
Ti3SiC2_Ti4f_id0003_z_m020A_k10x10x4_v19,foundation,11,12,C,16.3510833,0.03105217843647883,0.00017879290949974282,-0.0002803358660845573,-0.0004591287755843001,-0.00010931527309960592,0.00016206340976397367,0.0002713786828635796,-0.09733887980764559,-0.12838647778283263,-0.03104759797518704
Ti3SiC2_Ti4f_id0003_z_m020A_k10x10x4_v19,foundation,12,13,Ti,0.0,0.009731589454560739,3.0334782205944505e-05,-1.6398831842820037e-07,-3.0498770524372705e-05,-1.7529516521184535e-05,1.2801554291147705e-07,1.7657532064096012e-05,-0.013223339104662798,-0.003491813461235881,0.009731525643426917
Ti3SiC2_Ti4f_id0003_z_m020A_k10x10x4_v19,foundation,13,14,Ti,8.81175,0.0003951097969270213,1.3316993057050968e-05,2.563654840976835e-09,-1.3314429402209992e-05,-7.617330519004351e-06,1.1444266489129369e-07,7.731773183895646e-06,-3.057476648815783e-05,-0.00042538446403982437,-0.00039480969755166653
Ti3SiC2_Ti4f_id0003_z_m020A_k10x10x4_v19,foundation,14,15,Ti,2.38798425,0.05347349745317413,0.012942862141135906,0.008160912164855726,-0.004781949976280181,0.00661301637898126,0.004951788743552717,-0.0016612276354285426,-0.034776729661721274,-0.08801006702696884,-0.05323333736524757
Ti3SiC2_Ti4f_id0003_z_m020A_k10x10x4_v19,foundation,15,16,Ti,11.19973425,0.057516773526151976,-0.0010540783506769794,-2.6053272752985836e-06,0.0010514730234016808,0.0006736330535850595,0.00026723570703241796,-0.0004063973465526416,-0.043528965890739874,-0.1010346915407691,-0.05750572565002923
Ti3SiC2_Ti4f_id0003_z_m020A_k10x10x4_v19,foundation,16,17,Ti,6.42376575,0.05821508900921485,6.631893119303381e-05,-0.0011871357023638751,-0.001253454633556909,-0.0015040306754078943,-0.0009256392603250395,0.0005783914150828547,0.04016118500759317,0.09835990409318285,0.05819871908558968
Ti3SiC2_Ti4f_id0003_z_m020A_k10x10x4_v19,foundation,17,18,Ti,15.23551575,0.046658949841015956,-0.0007537886520886856,0.00020574070270376003,0.0009595293547924456,-0.0013271702828701825,-0.0011668686284258582,0.00016030165444432432,0.05183614008183376,0.09848494721624307,0.04664880713440931
Ti3SiC2_Ti4f_id0003_z_m020A_k10x10x4_v19,foundation,18,19,Si,4.405875,0.00212932314918679,-0.0007006405048039383,8.944947832469386e-06,0.0007095854526364077,0.00041471695772445734,5.293406068039967e-06,-0.0004094235516564174,-0.004720811280876557,-0.00668623182478531,-0.001965420543908753
Ti3SiC2_Ti4f_id0003_z_m020A_k10x10x4_v19,foundation,19,20,Si,13.217625,0.0027925023077764095,0.0006816119920739676,-9.063249457027535e-06,-0.0006906752415309952,-0.0004035037697282016,-5.206379925787395e-06,0.0003982973898024142,-0.002334978180416992,0.00034128713508318413,0.002676265315500176
Ti3SiC2_Ti4f_id0003_z_m020A_k10x10x4_v19,foundation,20,21,C,1.2724167,0.0447560493877571,-0.00016019856662460128,0.00028072432933670135,0.0004409228959613026,-0.03465251824419944,-0.03219117380022224,0.0024613444439771995,0.03419619754335825,0.07888233999632988,0.044686142452971624
Ti3SiC2_Ti4f_id0003_z_m020A_k10x10x4_v19,foundation,21,22,C,10.0841667,0.03523255725939301,0.00046779807083883947,3.17221117621684e-05,-0.00043607595907667107,-0.0007595085678694379,-0.00030567769541875044,0.00045383087245068744,0.08753577414532135,0.12276270938433317,0.035226935239011825
Ti3SiC2_Ti4f_id0003_z_m020A_k10x10x4_v19,foundation,22,23,C,7.5393333,0.03182913748494453,-0.0005313399491091672,-2.217420421982303e-07,0.000531118207066969,0.0007644629105371468,-0.0002391857180051645,-0.0010036486285423113,-0.08929206680467382,-0.12110094286020348,-0.031808876055529664
Ti3SiC2_Ti4f_id0003_z_m020A_k10x10x4_v19,foundation,23,24,C,16.3510833,0.032801601401383405,-0.0017389416506837115,-0.002705478842016035,-0.0009665371913323234,-0.0011645796752217778,-0.0012379483015322829,-7.336862631050507e-05,-0.08579157762359761,-0.11857885377453278,-0.03278727615093517
Ti3SiC2_Ti4f_id0003_z_m020A_k10x10x4_v19,foundation,24,25,Ti,0.0,0.0122396334913127,0.026998431132721545,0.0216293916101112,-0.005369039522610346,-0.015587700512065183,-0.012487744021800678,0.0030999564902645053,-0.04283749416294593,-0.03228418603872353,0.0105533081242224
Ti3SiC2_Ti4f_id0003_z_m020A_k10x10x4_v19,foundation,25,26,Ti,8.81175,0.001681257532816667,0.0011226916688900175,-7.470988084087412e-05,-0.0011974015497308915,-0.0006481885922249718,4.3216161323731284e-05,0.0006914047535487031,-0.0005277001754465684,0.0004287599058558882,0.0009564600813024566
Ti3SiC2_Ti4f_id0003_z_m020A_k10x10x4_v19,foundation,26,27,Ti,2.38798425,0.053473184226178756,0.0007471174972183493,-0.00020533893903184296,-0.0009524564362501923,-0.014510249101911009,-0.00953896815262339,0.004971280949287619,-0.03477693060956925,-0.08801000889504085,-0.0532330782854716
Ti3SiC2_Ti4f_id0003_z_m020A_k10x10x4_v19,foundation,27,28,Ti,11.19973425,0.05751752692356081,-0.0008242149352486394,-2.7084917210315145e-05,0.0007971300180383243,0.0010718607778190323,0.0002248289850599563,-0.000847031792759076,-0.04352893646437693,-0.10103470160387351,-0.05750576513949658
Ti3SiC2_Ti4f_id0003_z_m020A_k10x10x4_v19,foundation,28,29,Ti,6.42376575,0.05821550479487421,0.001049479061809607,2.5176504862445844e-06,-0.0010469614113233624,0.0001984629037864571,0.0011345361872683469,0.0009360732834818898,0.04016125379185492,0.09835981594877743,0.05819856215692251
Ti3SiC2_Ti4f_id0003_z_m020A_k10x10x4_v19,foundation,29,30,Ti,15.23551575,0.04665895660055919,0.0007695407057757656,0.001110761704756481,0.00034122099898071547,0.0013113877066313095,0.0004008307777055094,-0.0009105569289258001,0.051836116487908444,0.09848493946729245,0.046648822979384004
Ti3SiC2_Ti4f_id0003_z_m020A_k10x10x4_v19,foundation,30,31,Si,4.405875,0.007703860726478196,-0.026348972790291025,-0.021106933232881257,0.005242039557409768,0.01522277167586742,0.012196702419982379,-0.0030260692558850416,-0.031131639039193526,-0.02636578169448505,0.004765857344708475
Ti3SiC2_Ti4f_id0003_z_m020A_k10x10x4_v19,foundation,31,32,Si,13.217625,0.0013027805044175296,0.000445572827551097,0.0006313999202728879,0.00018582709272179087,-0.00026728768880921534,-0.0003749755837496047,-0.00010768789494038935,-0.0022756386453494804,-0.000990683917904086,0.0012849547274453943
Ti3SiC2_Ti4f_id0003_z_m020A_k10x10x4_v19,foundation,32,33,C,1.2724167,0.04475806547536283,0.02993660059160698,0.02801850121151668,-0.001918099380090299,0.017474729407687076,0.015852181089106694,-0.0016225483185803823,0.03419479256473262,0.07888229257109722,0.044687500006364594
Ti3SiC2_Ti4f_id0003_z_m020A_k10x10x4_v19,foundation,33,34,C,10.0841667,0.03523216670361441,0.0005223540292276941,2.2595099265504478e-07,-0.0005221280782350391,-0.0006651602553572501,-0.0003602874442656804,0.00030487281109156975,0.08753572901202537,0.12276270738755812,0.03522697837553275
Ti3SiC2_Ti4f_id0003_z_m020A_k10x10x4_v19,foundation,34,35,C,7.5393333,0.03182612131246287,-0.0005582802531756709,0.0004873755133203016,0.0010456557664959725,0.000717846558788666,0.0006052342416169366,-0.00011261231717172942,-0.08929212622754619,-0.12110086591146982,-0.03180873968392363
Ti3SiC2_Ti4f_id0003_z_m020A_k10x10x4_v19,foundation,35,36,C,16.3510833,0.03280173346824618,0.0001339133661538659,-0.0002804492861343874,-0.0004143626522882533,0.002079344046957182,0.0029623075052566308,0.0008829634582994488,-0.08579160555169828,-0.11857883473693986,-0.03278722918524159
Ti3SiC2_Ti4f_id0003_z_m020A_k10x10x4_v19,foundation,36,37,Ti,0.0,0.012187498954523009,-4.874218609021955e-07,-9.996670287789537e-07,-5.122451678767582e-07,0.03115573952777584,0.024974461991032065,-0.006181277536743773,-0.04278598793336078,-0.032282324833382225,0.010503663099978557
Ti3SiC2_Ti4f_id0003_z_m020A_k10x10x4_v19,foundation,37,38,Ti,8.81175,0.001687848871928167,-6.296086405178525e-06,-6.046330027582522e-09,6.290040075150943e-06,0.0012947352132090144,-8.626080230572197e-05,-0.0013809960155147364,-0.0005416278856045484,0.0004287556751576179,0.0009703835607621663
Ti3SiC2_Ti4f_id0003_z_m020A_k10x10x4_v19,foundation,38,39,Ti,2.38798425,0.05339264444440474,-0.011475637542288095,-0.008572021511747593,0.002903616030540502,0.00662861849049217,0.00495203785574523,-0.0016765806347469395,-0.03472253584630774,-0.08800980047951071,-0.05328726463320297
Ti3SiC2_Ti4f_id0003_z_m020A_k10x10x4_v19,foundation,39,40,Ti,11.19973425,0.05790041262416776,-0.0010389441409900816,-2.600511976725943e-06,0.0010363436290133556,0.0009304003462158835,0.0002389813713198777,-0.0006914189748960058,-0.043104247673467516,-0.10099125583361207,-0.057887008160144554
Ti3SiC2_Ti4f_id0003_z_m020A_k10x10x4_v19,foundation,40,41,Ti,6.42376575,0.05826679834315725,0.002025232154443496,0.001192192034382932,-0.0008330401200605639,-0.0014997615765473078,-0.0009256514029077358,0.000574110173639572,0.04010179931295695,0.09835981361853594,0.05825801430557898
Ti3SiC2_Ti4f_id0003_z_m020A_k10x10x4_v19,foundation,41,42,Ti,15.23551575,0.056517232307504675,-0.0007182879004566,0.0002055759650741078,0.0009238638655307078,0.00041132216818631155,-0.00012173968059892275,-0.0005330618487852343,0.049146172578771345,0.1056533391005833,0.05650716652181196
Ti3SiC2_Ti4f_id0003_z_m020A_k10x10x4_v19,foundation,42,43,Si,4.405875,0.00686600454602514,-0.0006173136044217556,9.406197387998739e-06,0.0006267198018097543,-0.029253275826276192,-0.024376361434100456,0.004876914392175736,-0.03115641977132663,-0.02636424419780612,0.004792175573520508
Ti3SiC2_Ti4f_id0003_z_m020A_k10x10x4_v19,foundation,43,44,Si,13.217625,0.0020097055482388394,0.0006381255587462391,-9.01944374431636e-06,-0.0006471450024905554,-0.0006645244327727921,0.0007343340251484274,0.0013988584579212194,-0.002280362834001423,-0.000990667229963113,0.0012896956040383098
Ti3SiC2_Ti4f_id0003_z_m020A_k10x10x4_v19,foundation,44,45,C,1.2724167,0.03251390118162244,-0.00016848395193298557,0.00028032583105448814,0.0004488097829874737,0.00010330605027247048,-0.00016214480781334982,-0.0002654508580858203,0.08974098217523088,0.12225070188594117,0.03250971971071029
Ti3SiC2_Ti4f_id0003_z_m020A_k10x10x4_v19,foundation,45,46,C,10.0841667,0.03520872457426833,0.0005935743376706085,-3.126313019732592e-05,-0.0006248374678679344,-0.0007691710755544181,-0.0003056817826383308,0.0004634892929160873,0.08756258234784033,0.122762710784549,0.03520012843670868
Ti3SiC2_Ti4f_id0003_z_m020A_k10x10x4_v19,foundation,46,47,C,7.5393333,0.03715441684419272,-0.0005307729585570393,-2.3960286644304166e-07,0.0005305333556905963,0.0007329826659823986,0.00032386947156942946,-0.0004091131944129692,-0.0853412920695987,-0.12248966823578783,-0.03714837616618913
Ti3SiC2_Ti4f_id0003_z_m020A_k10x10x4_v19,foundation,47,48,C,16.3510833,0.032740338609201336,0.002028358758760042,0.0021446243650239515,0.00011626560626390968,-0.00117705940359807,-0.0012379737540217258,-6.0914350423655825e-05,-0.08583856610552579,-0.11857864160934636,-0.032740075503820576
Ti3SiC2_Ti4f_id0003_z_p020A_k10x10x4_v19,foundation,0,1,Ti,0.0,0.01190557097493106,0.02569219388137157,0.02048727180236643,-0.00520492207900514,0.014827817080156463,0.011827130819395716,-0.003000686260760747,0.04131916538676144,0.031040678710451186,-0.010278486676310254
Ti3SiC2_Ti4f_id0003_z_p020A_k10x10x4_v19,foundation,1,2,Ti,8.81175,0.001612049024426398,0.0011394564556914705,-8.349529234750249e-05,-0.0012229517480389731,0.0006503685403001502,-4.826669560647481e-05,-0.000698635235906625,0.0003573016066320288,-0.0004269176779256868,-0.0007842192845577156
Ti3SiC2_Ti4f_id0003_z_p020A_k10x10x4_v19,foundation,2,3,Ti,2.40798425,0.01603554867536318,0.000748692146017165,-0.00019423774264980525,-0.0009429298886669702,-0.00042765001676452376,0.00011527105790718004,0.0005429210746717037,-0.39057548681775406,-0.37457689496560415,0.015998591852149913
Ti3SiC2_Ti4f_id0003_z_p020A_k10x10x4_v19,foundation,3,4,Ti,11.19973425,0.05572881643044908,-0.000727202292181856,-3.4605040245220186e-05,0.0006925972519366358,0.00075035453047053,0.00025740609996398713,-0.0004929484305065428,-0.045185557645194434,-0.10090788971798337,-0.055722332072788934
Ti3SiC2_Ti4f_id0003_z_p020A_k10x10x4_v19,foundation,4,5,Ti,6.42376575,0.07429367408427798,0.0009664131988676812,2.532478953853976e-06,-0.0009638807199138272,-0.0008881650870737304,-0.0002390480472851007,0.0006491170397886297,0.02747252024682903,0.10175710539050034,0.07428458514367131
Ti3SiC2_Ti4f_id0003_z_p020A_k10x10x4_v19,foundation,5,6,Ti,15.23551575,0.06682947336821192,0.0008595350366339405,0.0010681238091299016,0.00020858877249596108,-0.0004995856452919338,-0.0006195863344686326,-0.00012000068917669877,0.0366841825723281,0.10351322267639612,0.06682904010406802
Ti3SiC2_Ti4f_id0003_z_p020A_k10x10x4_v19,foundation,6,7,Si,4.405875,0.00912911888358782,-0.02783201487527108,-0.021904485503421372,0.005927529371849708,-0.015266978688400878,-0.012646285794844947,0.0026206928935559315,0.03328542291774602,0.026856023576111984,-0.006429399341634036
Ti3SiC2_Ti4f_id0003_z_p020A_k10x10x4_v19,foundation,7,8,Si,13.217625,0.0016890733120868689,0.0004230134110241956,0.0006313783641466665,0.00020836495312247092,-0.0005338399061086595,0.0003645595487519578,0.0008983994548606173,0.002327058111842653,0.0009119852799995279,-0.001415072831843125
Ti3SiC2_Ti4f_id0003_z_p020A_k10x10x4_v19,foundation,8,9,C,1.2724167,0.024887326625034657,0.026646614601444237,0.02449632213920644,-0.002150292462237798,-0.015378129738553101,-0.014143120170321934,0.0012350095682311674,0.1404050061970907,0.16516848778257015,0.024763481585479447
Ti3SiC2_Ti4f_id0003_z_p020A_k10x10x4_v19,foundation,9,10,C,10.0841667,0.03478498711078525,0.0004661862756610978,2.2666869196034554e-07,-0.00046595960696913744,-0.00069570916000077,-0.0003238961314602298,0.0003718130285405402,0.08900281466499209,0.12378269340276196,0.03477987873776987
Ti3SiC2_Ti4f_id0003_z_p020A_k10x10x4_v19,foundation,10,11,C,7.5393333,0.03736639065799611,-0.0005365619199512352,0.0005067005888506428,0.001043262508801878,0.0007360624810578201,3.1249810031954285e-05,-0.0007048126710258658,-0.08748064803257215,-0.12482582165972869,-0.037345173627156544
Ti3SiC2_Ti4f_id0003_z_p020A_k10x10x4_v19,foundation,11,12,C,16.3510833,0.03815706401552297,0.00010305323107838714,-0.0002804891322711685,-0.00038354236334955564,-6.548256461988719e-05,0.00016214234312821106,0.00022762490774809826,-0.07941180256461984,-0.11756625992469255,-0.03815445736007271
Ti3SiC2_Ti4f_id0003_z_p020A_k10x10x4_v19,foundation,12,13,Ti,0.0,0.00995447914297909,-3.432769924951804e-05,1.5055153601231273e-07,3.4478250785530354e-05,1.9967719634435725e-05,-4.6525422253522464e-08,-2.0014245056689247e-05,0.013758126482603212,0.0038037271693235138,-0.009954399313279698
Ti3SiC2_Ti4f_id0003_z_p020A_k10x10x4_v19,foundation,13,14,Ti,8.81175,0.0006293955009344894,-1.396616192912436e-05,-2.9044768612092338e-09,1.396325745226315e-05,8.150557657156118e-06,-1.9666869072306956e-08,-8.170224526228425e-06,-0.0001487802923534356,0.00048040725637038463,0.0006291875487238202
Ti3SiC2_Ti4f_id0003_z_p020A_k10x10x4_v19,foundation,14,15,Ti,2.38798425,0.05957069252923421,-0.011896188738869242,-0.008588155135312543,0.0033080336035566996,-0.007660178078768525,-0.0047174360683534915,0.0029427420104150333,-0.05461146935607385,-0.1140173999653189,-0.05940593060924505
Ti3SiC2_Ti4f_id0003_z_p020A_k10x10x4_v19,foundation,15,16,Ti,11.19973425,0.055802162876520206,-0.0009575460291416012,-2.599546350749032e-06,0.0009549464827908521,0.0011599258794530217,0.00020203656411149824,-0.0009578893153415235,-0.0451221264663396,-0.10090789442710402,-0.05578576796076442
Ti3SiC2_Ti4f_id0003_z_p020A_k10x10x4_v19,foundation,16,17,Ti,6.42376575,0.054777051899570384,0.002092918146083761,0.0012940658069061774,-0.0007988523391775837,-0.00023581581467178522,0.0005064630613016408,0.000742278875973426,0.04900695656695073,0.10377315300068804,0.05476619643373731
Ti3SiC2_Ti4f_id0003_z_p020A_k10x10x4_v19,foundation,17,18,Ti,15.23551575,0.06695105138959233,-0.0006841907888916911,0.00020564031605092414,0.0008898311049426153,0.00221611179951931,0.0008738803350771154,-0.0013422314644421945,0.03658196032667677,0.10351364114728945,0.06693168082061268
Ti3SiC2_Ti4f_id0003_z_p020A_k10x10x4_v19,foundation,18,19,Si,4.405875,0.002077103668284425,-0.000596853434851121,9.160778140489834e-06,0.0006060142129916108,0.00035445012822565635,5.173185436502346e-06,-0.000349276942789154,0.004530275091854583,0.0064860644567118104,0.001955789364857227
Ti3SiC2_Ti4f_id0003_z_p020A_k10x10x4_v19,foundation,19,20,Si,13.217625,0.002840604931118674,0.0006154362129188309,-9.038721059121866e-06,-0.0006244749339779528,-0.0003652895623101791,-5.22282019242362e-06,0.00036006674211775546,0.0023488584078105333,-0.00039876226701881167,-0.002747620674829345
Ti3SiC2_Ti4f_id0003_z_p020A_k10x10x4_v19,foundation,20,21,C,1.2724167,0.02499568848413344,-0.00012257844546174033,0.00028002489206633554,0.0004026033375280759,0.0310126226638054,0.027814045881539767,-0.0031985767822656323,0.14038893832632013,0.16517585947269092,0.024786921146370794
Ti3SiC2_Ti4f_id0003_z_p020A_k10x10x4_v19,foundation,21,22,C,10.0841667,0.03391597262651308,0.0005433918147233236,-3.413270880349385e-05,-0.0005775245235268174,-0.0006778725885563655,-0.00034368275598171223,0.00033418983257465324,0.0892560833293645,0.12316549178458402,0.03390940845521953
Ti3SiC2_Ti4f_id0003_z_p020A_k10x10x4_v19,foundation,22,23,C,7.5393333,0.0373537514743524,-0.0004799126730601716,-2.335978706203001e-07,0.0004796790751895513,0.0006299982874144491,0.0009092476419872953,0.0002792493545728462,-0.08747607278335823,-0.12482570031818754,-0.037349627534829316
Ti3SiC2_Ti4f_id0003_z_p020A_k10x10x4_v19,foundation,23,24,C,16.3510833,0.03654761913995108,0.0020021744053733597,0.0021450877552800073,0.00014291334990664765,0.0009733806876302146,0.0015624431757070578,0.0005890624880768432,-0.09099266883179045,-0.12753526104907134,-0.036542592217280886
Ti3SiC2_Ti4f_id0003_z_p020A_k10x10x4_v19,foundation,24,25,Ti,0.0,0.011969626192171673,-0.02571039830085919,-0.02048762274679396,0.00522277555406523,0.014844040100475284,0.011828517467093885,-0.003015522633381399,0.04138180395262649,0.031042500787531405,-0.010339303165095088
Ti3SiC2_Ti4f_id0003_z_p020A_k10x10x4_v19,foundation,25,26,Ti,8.81175,0.0016064985025564156,-0.0011392949824445087,8.348624483141105e-05,0.0012227812272759197,0.0006578602206927867,-4.825405228999589e-05,-0.0007061142729827825,0.00033925734103724904,-0.0004269320235636947,-0.0007661893646009437
Ti3SiC2_Ti4f_id0003_z_p020A_k10x10x4_v19,foundation,26,27,Ti,2.38798425,0.05957098111407328,0.0006889886339400432,-0.00020605471906768886,-0.0008950433530077321,0.014137528020466094,0.009800696147172062,-0.004336831873294032,-0.054611244203638845,-0.11401741036164212,-0.059406166158003273
Ti3SiC2_Ti4f_id0003_z_p020A_k10x10x4_v19,foundation,27,28,Ti,11.19973425,0.05580130906454154,-0.0011969738418715185,2.9401861461564923e-05,0.0012263757033330834,0.0007451104821706245,0.0002574037408643074,-0.0004877067413063171,-0.045122176287389126,-0.10090787551295449,-0.055785699225565366
Ti3SiC2_Ti4f_id0003_z_p020A_k10x10x4_v19,foundation,28,29,Ti,6.42376575,0.05477672440718318,0.0009643327047121899,2.6863682336556167e-06,-0.0009616463364785343,-0.002190171564431154,-0.0017299863253337966,0.00046018523909735747,0.04900689859000047,0.10377324777131575,0.054766349181315274
Ti3SiC2_Ti4f_id0003_z_p020A_k10x10x4_v19,foundation,29,30,Ti,15.23551575,0.06695106887974289,-0.0022644112357828074,-0.0006566207358569792,0.0016077904999258282,-0.0005206550140573667,-0.0006194579133867385,-9.880289932937187e-05,0.036581935525348074,0.10351362362474917,0.06693168809940109
Ti3SiC2_Ti4f_id0003_z_p020A_k10x10x4_v19,foundation,30,31,Si,4.405875,0.008335043737093666,0.02654538092671314,0.021923607423805398,-0.004621773502907742,-0.015316207866579402,-0.012647301519952678,0.0026689063466267243,0.03325990300514677,0.02685762976042972,-0.006402273244717052
Ti3SiC2_Ti4f_id0003_z_p020A_k10x10x4_v19,foundation,31,32,Si,13.217625,0.0022302862892207417,0.0008469186789172483,-0.0006494757706134884,-0.0014963944495307367,-0.0004989364605904767,0.00036452314349150986,0.0008634596040819866,0.0023224571308402687,0.0009119897985641154,-0.0014104673322761533
Ti3SiC2_Ti4f_id0003_z_p020A_k10x10x4_v19,foundation,32,33,C,1.2724167,0.024993577269508443,-0.02691533693834833,-0.023947939795122976,0.0029673971432253553,-0.015391733143311995,-0.014149856375274883,0.0012418767680371125,0.14039019055614788,0.16517589613445,0.02478570557830212
Ti3SiC2_Ti4f_id0003_z_p020A_k10x10x4_v19,foundation,33,34,C,10.0841667,0.03391638503945132,0.0004893720024548278,2.2981745225788828e-07,-0.0004891421850025698,-0.0007714409327704353,-0.0002841941089433231,0.0004872468238271122,0.08925614611191794,0.12316550329544235,0.033909357183524405
Ti3SiC2_Ti4f_id0003_z_p020A_k10x10x4_v19,foundation,34,35,C,7.5393333,0.03735664039713679,-0.00041632353524660384,-0.000507170056621845,-9.084652137524111e-05,0.0007400713506755471,3.124849725333529e-05,-0.0007088228534222118,-0.08747596095295762,-0.12482576548836333,-0.037349804535405706
Ti3SiC2_Ti4f_id0003_z_p020A_k10x10x4_v19,foundation,35,36,C,16.3510833,0.036547509708441735,0.0001529288600285182,-0.00028037411938228933,-0.00043330297941080755,-0.002229759810601471,-0.0026386020038007686,-0.0004088421931992977,-0.0909925824868043,-0.12753523650204704,-0.036542654015242745
Ti3SiC2_Ti4f_id0003_z_p020A_k10x10x4_v19,foundation,36,37,Ti,0.0,0.01190576920545122,4.945237988042196e-06,1.0253999037480128e-06,-3.919838084294183e-06,-0.02966405974862105,-0.023656038520944715,0.006008021227676335,0.041319349373797165,0.031040681856257232,-0.010278667517539933
Ti3SiC2_Ti4f_id0003_z_p020A_k10x10x4_v19,foundation,37,38,Ti,8.81175,0.0016120037649797014,6.571160152989828e-06,6.425151739862869e-09,-6.564735001249965e-06,-0.0013119161624803167,9.649330102919101e-05,0.0014084094635095077,0.0003572345335502754,-0.00042691840157141163,-0.0007841529351216871
Ti3SiC2_Ti4f_id0003_z_p020A_k10x10x4_v19,foundation,38,39,Ti,2.38798425,0.059650575471498615,0.013297771515822718,0.00817650144769977,-0.005121270068122947,-0.007673804211836997,-0.00471769919072217,0.0029561050211148266,-0.05466094036290986,-0.11401770232036876,-0.0593567619574589
Ti3SiC2_Ti4f_id0003_z_p020A_k10x10x4_v19,foundation,39,40,Ti,11.19973425,0.05541044575505158,-0.0009743467493376112,-2.6042223602333256e-06,0.0009717425269773779,0.0008930919827848072,0.00023897629784638732,-0.0006541156849384199,-0.0455602025524217,-0.10095826522527601,-0.05539806267285431
Ti3SiC2_Ti4f_id0003_z_p020A_k10x10x4_v19,foundation,40,41,Ti,6.42376575,0.05472588024534669,-0.00015937059160115304,-0.0012887130299517255,-0.0011293424383505724,-0.0002386351079722256,0.0005064745855485101,0.0007451096935207357,0.04906409295365403,0.1037732454405057,0.054709152486851674
Ti3SiC2_Ti4f_id0003_z_p020A_k10x10x4_v19,foundation,41,42,Ti,15.23551575,0.057016023647873365,-0.0007138290559743456,0.00020580347975825662,0.0009196325357326022,0.0004085264466721173,-0.00012187322873872652,-0.0005303996754108438,0.03950147102353747,0.09650761020870244,0.05700613918516497
Ti3SiC2_Ti4f_id0003_z_p020A_k10x10x4_v19,foundation,42,43,Si,4.405875,0.009128822580050471,-0.0006859425860160825,8.68132501843595e-06,0.0006946239110345184,0.03175200682824008,0.025308840680678953,-0.006443166147561127,0.03328550033661278,0.02685599729864937,-0.006429503037963413
Ti3SiC2_Ti4f_id0003_z_p020A_k10x10x4_v19,foundation,43,44,Si,13.217625,0.001689509649566436,0.0006652023430227098,-9.080231154529587e-06,-0.0006742825741772394,-0.00011436910187871723,-0.0007447356104711782,-0.0006303665085924609,0.0023270726651181605,0.0009120023732301679,-0.0014150702918879926
Ti3SiC2_Ti4f_id0003_z_p020A_k10x10x4_v19,foundation,44,45,C,1.2724167,0.03709552566895926,-0.00011562878571062868,0.000280509845833639,0.00039613863154426765,7.257104875979571e-05,-0.00016225065103131096,-0.00023482169979110667,0.08694126843655416,0.12403393560420767,0.03709266716765351
Ti3SiC2_Ti4f_id0003_z_p020A_k10x10x4_v19,foundation,45,46,C,10.0841667,0.03394356435121336,0.00041864784459831324,3.45850957613593e-05,-0.00038406274883695394,-0.000668224253190127,-0.0003436785715860821,0.0003245456816040449,0.08922565016202685,0.12316548997853852,0.03393983981651166
Ti3SiC2_Ti4f_id0003_z_p020A_k10x10x4_v19,foundation,46,47,C,7.5393333,0.032186189692928885,-0.00048105626632327154,-2.167830306684486e-07,0.0004808394832926031,0.0007041427306629986,0.00032385683671888236,-0.0003802858939441162,-0.09133718771738315,-0.12351753860079298,-0.03218035088340983
Ti3SiC2_Ti4f_id0003_z_p020A_k10x10x4_v19,foundation,47,48,C,16.3510833,0.03660915294289955,-0.0017242344830614635,-0.002705863151471824,-0.0009816286684103605,0.000989497975870287,0.0015624588612457215,0.0005729608853754346,-0.09094394414887946,-0.12753544862980776,-0.036591504480928294
Ti3SiC2_C4f_id0009_z_m020A_k10x10x4_v19,foundation,0,1,Ti,0.0,0.008545403893133817,-2.667207327708457e-05,-6.939465552649458e-08,2.6602678621558074e-05,-0.009984086858508079,-0.002817568002111301,0.0071665188563967775,-0.024735987134778144,-0.020081502472091395,0.00465448466268675
Ti3SiC2_C4f_id0009_z_m020A_k10x10x4_v19,foundation,1,2,Ti,8.81175,0.00043675045942765956,-9.592153128572792e-06,-5.5695872371705564e-09,9.586583541335622e-06,0.0002723851142817545,1.7585798809697725e-06,-0.00027062653440078474,-0.0001367405831508052,-0.0004794070975704339,-0.0003426665144196287
Ti3SiC2_C4f_id0009_z_m020A_k10x10x4_v19,foundation,2,3,Ti,2.38798425,0.047901115250696194,-0.03774501830070035,-0.030480942463674745,0.007264075837025607,0.021794956358965396,0.017601148797020114,-0.004193807561945283,-0.0962827360720039,-0.14344375835341538,-0.04716102228141149
Ti3SiC2_C4f_id0009_z_m020A_k10x10x4_v19,foundation,3,4,Ti,11.19973425,0.057384121065865365,-0.000997086340759233,-2.5977931180217947e-06,0.0009944885476412112,0.0009062371746607019,0.00023892632584342427,-0.0006673108488172776,-0.04443693374093751,-0.10180855598801672,-0.05737162224707921
Ti3SiC2_C4f_id0009_z_m020A_k10x10x4_v19,foundation,4,5,Ti,6.42376575,0.05986813933918357,0.0015378154843467126,0.0008014007442102853,-0.0007364147401364273,-0.001218342668217501,-0.0007001377322898798,0.0005182049359276212,0.04301540875870949,0.1028767758071723,0.059861367048462816
Ti3SiC2_C4f_id0009_z_m020A_k10x10x4_v19,foundation,5,6,Ti,15.23551575,0.06075871074451399,-0.0007234425596481771,0.0002055835201815463,0.0009290260798297235,0.00041444221096851333,-0.00012159293713788315,-0.0005360351481063965,0.034900000074423905,0.09564924293553709,0.06074924286111318
Ti3SiC2_C4f_id0009_z_m020A_k10x10x4_v19,foundation,6,7,Si,4.405875,0.0034117806519477285,-0.0006400270045217656,8.89528453559616e-06,0.0006489222890573617,0.008130439785601835,0.004873674710428703,-0.0032567650751731316,-0.005440525142695048,-0.0062232309142988915,-0.0007827057716038432
Ti3SiC2_C4f_id0009_z_m020A_k10x10x4_v19,foundation,7,8,Si,13.217625,0.0008658443978097252,0.0006296466373585794,-9.045533157258923e-06,-0.0006386921705158384,-1.9819010248120374e-05,0.0005610038279059175,0.0005808228381540379,0.00026316698816133163,0.0003295270907753366,6.636010261400498e-05
Ti3SiC2_C4f_id0009_z_m020A_k10x10x4_v19,foundation,8,9,C,1.2524167,0.02016491605247571,-0.00011893384938754219,0.000274802308672467,0.0003937361580600092,7.37496135830077e-05,-0.0001588430035437572,-0.0002325926171267649,0.3936045314781197,0.37344480152170195,-0.020159729956417738
Ti3SiC2_C4f_id0009_z_m020A_k10x10x4_v19,foundation,9,10,C,10.0841667,0.03414906373723659,0.000302137162985977,5.2321348488139905e-05,-0.0002498158144978371,-0.0006009857429716566,-0.00035397432288093803,0.00024701142009071856,0.08888312571577825,0.12303038229001886,0.034147256574240614
Ti3SiC2_C4f_id0009_z_m020A_k10x10x4_v19,foundation,10,11,C,7.5393333,0.03523529733744867,-0.0005011303919335746,-2.2646807094797543e-07,0.0005009039238626266,0.0007157731182469336,0.0003237923038901391,-0.00039198081435679445,-0.08839016114828166,-0.12361971727319832,-0.035229556124916656
Ti3SiC2_C4f_id0009_z_m020A_k10x10x4_v19,foundation,11,12,C,16.3510833,0.03762270228452033,0.008973452468395838,0.009304790537605617,0.000331338069209779,-0.005186860682522909,-0.005371916179932443,-0.0001850554974095345,-0.10325994071039322,-0.1408807288033668,-0.037620788092973576
Ti3SiC2_C4f_id0009_z_m020A_k10x10x4_v19,foundation,12,13,Ti,0.0,0.008576822248209154,-0.008645140319669613,-0.0024426693435803002,0.0062024709760893125,0.004991167347639493,0.0014103107214627224,-0.0035808566261767705,-0.024801190303653912,-0.020082218011839608,0.004718972291814304
Ti3SiC2_C4f_id0009_z_m020A_k10x10x4_v19,foundation,13,14,Ti,8.81175,0.0004548465830081104,0.00024198232082247732,1.507658804060358e-06,-0.00024047466201841696,-0.00013962186670368276,-8.212804416059434e-07,0.00013880058626207682,-0.0001191453569371748,-0.0004794115755236331,-0.0003602662185864583
Ti3SiC2_C4f_id0009_z_m020A_k10x10x4_v19,foundation,14,15,Ti,2.38798425,0.04823328574813826,0.0007014787850887903,-0.00020616685896616776,-0.000907645644054958,-0.04483109090630265,-0.034848946697007874,0.009982144209294774,-0.0962708736683932,-0.14345119616020358,-0.04718032249181038
Ti3SiC2_C4f_id0009_z_m020A_k10x10x4_v19,foundation,15,16,Ti,11.19973425,0.05646732989122126,-0.0007371049083340641,-2.3744032444573092e-05,0.000713360875889491,0.0010471291725353792,0.00022678297438932907,-0.0008203461981460501,-0.044721031056440305,-0.10117789506268801,-0.056456864006247706
Ti3SiC2_C4f_id0009_z_m020A_k10x10x4_v19,foundation,16,17,Ti,6.42376575,0.059878625304887835,0.000987490625665271,2.6359018366203194e-06,-0.0009848547238286507,-0.00028130062848123126,0.0006834331394733372,0.0009647337679545684,0.043014148153603105,0.1028769004987223,0.0598627523451192
Ti3SiC2_C4f_id0009_z_m020A_k10x10x4_v19,foundation,17,18,Ti,15.23551575,0.0589382700111474,-0.00011271546752509749,-0.002335793512865613,-0.0022230780453405155,0.000768401872282495,-0.0015890969228903725,-0.0023574987951728676,0.04663053363769854,0.10547966103430487,0.058849127396606325
Ti3SiC2_C4f_id0009_z_m020A_k10x10x4_v19,foundation,18,19,Si,4.405875,0.0022605317135584026,0.006060254152513124,0.004225203972666567,-0.0018350501798465564,-0.0034888028922969035,-0.002428985095337924,0.0010598177969589795,-0.005436066325696568,-0.006223073760666165,-0.000787007434969597
Ti3SiC2_C4f_id0009_z_m020A_k10x10x4_v19,foundation,19,20,Si,13.217625,0.0005645906421074359,0.0009673605732137702,0.00048129534270992865,-0.00048606523050384153,-0.0005684174444313361,-0.0002883084702109964,0.0002801089742203397,0.00026598457641932523,0.0003295624610315332,6.357788461220797e-05
Ti3SiC2_C4f_id0009_z_m020A_k10x10x4_v19,foundation,20,21,C,1.2724167,0.04310786947713234,0.0031990209224208783,0.003470621742107353,0.0002716008196864748,0.002024844803716544,0.0016797146774304975,-0.0003451301262860464,0.09386110989719872,0.13696674211676085,0.04310563221956214
Ti3SiC2_C4f_id0009_z_m020A_k10x10x4_v19,foundation,21,22,C,10.0841667,0.03418929871851064,0.0004985767572899931,2.2789529416529768e-07,-0.0004983488619958278,-0.0009434079356452083,-0.000263707137731428,0.0006797007979137803,0.08885146834717214,0.12303037707902922,0.03417890873185708
Ti3SiC2_C4f_id0009_z_m020A_k10x10x4_v19,foundation,22,23,C,7.5393333,0.03424147886067249,-0.0012041871197258857,0.00020412436199556625,0.001408311481721452,0.0003073584532796412,0.00044182876401904113,0.00013447031073939996,-0.08880692766140488,-0.12301916890736628,-0.034212241245961394
Ti3SiC2_C4f_id0009_z_m020A_k10x10x4_v19,foundation,23,24,C,16.3510833,0.03765524734678842,0.0001447924133085774,-0.00028014226342428666,-0.00042493467673286405,0.010087468603198408,0.011230644349882763,0.0011431757466843547,-0.10324701144492263,-0.1408825031047976,-0.03763549165987498
Ti3SiC2_C4f_id0009_z_m020A_k10x10x4_v19,foundation,24,25,Ti,0.0,0.0063991924747005356,7.252975178711769e-06,1.2983753576503982e-07,-7.123137642946729e-06,-4.108369220946697e-06,-8.584184282844909e-08,4.0225273781182475e-06,0.0013136664503977566,-0.005085520795530243,-0.006399187245927999
Ti3SiC2_C4f_id0009_z_m020A_k10x10x4_v19,foundation,25,26,Ti,8.81175,0.0010946374209338432,1.3135769837657488e-05,5.465274064872106e-09,-1.3130304563592616e-05,-7.536224193926571e-06,2.9308669140238035e-08,7.565532863066809e-06,0.00032549170627781555,-0.0007690408154515576,-0.0010945325217293733
Ti3SiC2_C4f_id0009_z_m020A_k10x10x4_v19,foundation,26,27,Ti,2.38798425,0.04823264853884891,0.0391804223408068,0.030079592746222288,-0.009100829594584511,0.021813693850693452,0.01760749041687895,-0.0042062034338145,-0.096272074848998,-0.1434512136545742,-0.0471791388055762
Ti3SiC2_C4f_id0009_z_m020A_k10x10x4_v19,foundation,27,28,Ti,11.19973425,0.056466509406894,-0.0009891741929593941,-2.610199289051579e-06,0.0009865639936703426,0.0006105072807521596,0.0002633385787104306,-0.000347168702041729,-0.044721066511508506,-0.10117788939393402,-0.05645682288242551
Ti3SiC2_C4f_id0009_z_m020A_k10x10x4_v19,foundation,28,29,Ti,6.42376575,0.05987784474757216,0.00045110000596441084,-0.0007961976426054582,-0.0012472976485698691,-0.001210305774621685,-0.0007001773972865654,0.0005101283773351196,0.04301417206871691,0.10287685083628348,0.05986267876756657
Ti3SiC2_C4f_id0009_z_m020A_k10x10x4_v19,foundation,29,30,Ti,15.23551575,0.05893836278201479,-0.0007248603056495233,0.00020565228797998335,0.0009305125936295066,-0.0002916552210363331,0.002812974622008005,0.003104629843044338,0.04663046562243993,0.10547964596741297,0.05884918034497304
Ti3SiC2_C4f_id0009_z_m020A_k10x10x4_v19,foundation,30,31,Si,4.405875,0.002397943347418053,-0.000654905332633751,9.47113112615894e-06,0.0006643764637599099,0.0003881025326277616,4.987714165071127e-06,-0.00038311481846269046,-0.006913429118668595,-0.009185423671413534,-0.0022719945527449386
Ti3SiC2_C4f_id0009_z_m020A_k10x10x4_v19,foundation,31,32,Si,13.217625,0.0024548997558980286,0.0006746416996777801,-9.054326644910324e-06,-0.0006836960263226905,-0.00039948850102745806,-5.205644070795143e-06,0.0003942828569566629,0.0012293812515383107,-0.0010951904474653688,-0.0023245716990036797
Ti3SiC2_C4f_id0009_z_m020A_k10x10x4_v19,foundation,32,33,C,1.2724167,0.04310817423171511,-0.0001488582964204335,0.0002803784645916815,0.00042923676101211503,-0.003773669546337409,-0.0038458137278554907,-7.214418151808193e-05,0.09386075984567804,0.13696673665414366,0.04310597680846562
Ti3SiC2_C4f_id0009_z_m020A_k10x10x4_v19,foundation,33,34,C,10.0841667,0.03418799101880985,0.0006969233748588482,-5.1865711515606415e-05,-0.0007487890863744546,-0.000599893198719721,-0.00035397441151742686,0.00024591878720229415,0.08885147081888155,0.12303037613716888,0.034178905318287336
Ti3SiC2_C4f_id0009_z_m020A_k10x10x4_v19,foundation,34,35,C,7.5393333,0.03424628835117921,-0.0004989015772490178,-2.2559612630290802e-07,0.0004986759811227149,0.0015287685511180397,8.785064125185022e-05,-0.0014409179098661894,-0.08880686312858012,-0.12301919049277724,-0.03421232736419712
Ti3SiC2_C4f_id0009_z_m020A_k10x10x4_v19,foundation,35,36,C,16.3510833,0.03765533756984292,-0.008668733572389434,-0.009865897836199055,-0.0011971642638096205,-0.0051781292788493725,-0.005372391201181747,-0.0001942619223323748,-0.10324667767286926,-0.1408824785482301,-0.03763580087536085
Ti3SiC2_C4f_id0009_z_m020A_k10x10x4_v19,foundation,36,37,Ti,0.0,0.00854447695433651,0.00863264989731022,0.002440035293268564,-0.006192614604041656,0.005014743717564263,0.001408870082415681,-0.0036058736351485816,-0.024735263885118656,-0.02008152494569177,0.0046537389394268845
Ti3SiC2_C4f_id0009_z_m020A_k10x10x4_v19,foundation,37,38,Ti,8.81175,0.00043676248921862784,-0.00024066997806763035,-1.5045336652987377e-06,0.00023916544440233162,-0.00012779153659654992,-8.130447525504683e-07,0.00012697849184399945,-0.00013671566859843802,-0.0004794076947696208,-0.00034269202617118275
Ti3SiC2_C4f_id0009_z_m020A_k10x10x4_v19,foundation,38,39,Ti,2.38798425,0.05933982865113607,0.0007080259337204169,-0.00020572043644831624,-0.0009137463701687331,-0.00040528706088790176,0.0001217762602995851,0.0005270633211874869,-0.042630548526478775,-0.10196100054037002,-0.05933045201389125
Ti3SiC2_C4f_id0009_z_m020A_k10x10x4_v19,foundation,39,40,Ti,11.19973425,0.05650846418533255,-0.0012555993152182216,1.8533143191915892e-05,0.0012741324584101374,0.0010554155449857539,0.00022677748380158706,-0.0008286380611841668,-0.04468988105491938,-0.10117790164359813,-0.05648802058867875
Ti3SiC2_C4f_id0009_z_m020A_k10x10x4_v19,foundation,40,41,Ti,6.42376575,0.05455202310811496,0.0009988164190860693,2.6428376909504257e-06,-0.0009961735813951188,-0.0009071512138343042,-0.0002389928839416815,0.0006681583298926227,0.04695948318376007,0.10149831730982325,0.05453883412606318
Ti3SiC2_C4f_id0009_z_m020A_k10x10x4_v19,foundation,41,42,Ti,15.23551575,0.0590867319650766,-0.0013295858958289317,0.0027471823555032214,0.004076768251332153,0.000764116666564919,-0.0015891455799547883,-0.0023532622465197075,0.046580937179880245,0.10547986766029593,0.05889893048041569
Ti3SiC2_C4f_id0009_z_m020A_k10x10x4_v19,foundation,42,43,Si,4.405875,0.003412393912555721,-0.0073525759266477074,-0.004207215853986292,0.0031453600726614158,-0.0034958930189031697,-0.002428871042058099,0.0010670219768450706,-0.005440528509678102,-0.00622322022975974,-0.0007826917200816378
Ti3SiC2_C4f_id0009_z_m020A_k10x10x4_v19,foundation,43,44,Si,13.217625,0.0008659741297848017,0.00032332444118756754,-0.000499403385853443,-0.0008227278270410105,-0.0005502916565714287,-0.0002883182713842978,0.00026197338518713087,0.00026320976512082974,0.0003295427246697352,6.633295954890545e-05
Ti3SiC2_C4f_id0009_z_m020A_k10x10x4_v19,foundation,44,45,C,1.2724167,0.04314563452735539,-0.003459224683158596,-0.002910317859295534,0.000548906823863062,0.0020031854772524786,0.0016799762399033714,-0.00032320923734910725,0.09382669274102806,0.13696762476452207,0.043140932023494005
Ti3SiC2_C4f_id0009_z_m020A_k10x10x4_v19,foundation,45,46,C,10.0841667,0.03308229378693996,0.0005041116938752005,2.275421931639517e-07,-0.0005038841516820365,-0.0007175491997129088,-0.0003238533944364523,0.0003936958052764565,0.09001981694696974,0.12309593017963355,0.03307611323266381
Ti3SiC2_C4f_id0009_z_m020A_k10x10x4_v19,foundation,46,47,C,7.5393333,0.034230825609507055,0.00020090446960892405,-0.00020458178165740873,-0.00040548625126633276,0.0003105141228785211,0.0004418323577890437,0.00013131823491052257,-0.08879102429343957,-0.123019196291513,-0.03422817199807343
Ti3SiC2_C4f_id0009_z_m020A_k10x10x4_v19,foundation,47,48,C,16.3510833,0.03677489339537776,0.0001497124778006248,-0.0002812633268544943,-0.0004309758046551191,-9.245082179075925e-05,0.00016261734427944316,0.0002550681660702024,-0.11350681511554697,-0.1502782984188876,-0.036771483303340624
AgSi_COD9009647_pilot_k6x6,foundation,0,19101000,Ti,10.3882515,0.2266915029416484,0.0007207236684202524,7.579635346764899e-07,-0.0007199657048855758,-0.0004132781698143659,-2.1294960037563163e-07,0.0004130652202139903,0.1598120449755807,-0.06687793833301414,-0.22668998330859486
AgSi_COD9009647_pilot_k6x6,foundation,1,19101001,Ti,19.2000015,0.048989791354193776,0.0010342955824952735,0.004261080899731453,0.0032267853172361794,-0.001244811005569584,0.002555020795445933,0.003799831801015517,-0.01656307223169859,-0.0652985705027525,-0.04873549827105392
AgSi_COD9009647_pilot_k6x6,foundation,2,19101002,Ti,12.77623575,0.214744794716446,8.876071837958982e-05,-0.00022859318313078313,-0.00031735390151037295,-1.9436055679876598e-05,0.00011075041577432486,0.00013018647145420146,-0.25591236869388984,-0.04116784793540254,0.2147445207584873
AgSi_COD9009647_pilot_k6x6,foundation,3,19101003,Ti,21.58798575,0.0968983289423653,0.009421024463955324,-0.006577881324858735,-0.01599890578881406,0.008371712241825115,0.0006628493034477349,-0.0077088629383773805,-0.07303006822964388,0.022226924151917238,0.09525699238156111
AgSi_COD9009647_pilot_k6x6,foundation,4,19101004,Ti,16.81201725,0.09823483917573682,0.00023703094851608493,0.0005426836128105953,0.00030565266429451036,-0.0013153348821301253,0.00018370611388350045,0.0014990409960136258,0.014333653852922392,0.11255657928494135,0.09822292543201896
AgSi_COD9009647_pilot_k6x6,foundation,5,19101005,Ti,8.00026725,0.2194770156221892,0.0007471757513534189,0.00021322116648355078,-0.0005339545848698681,-0.0005472448785511763,-0.0001229001427416011,0.00042434473580957516,0.5498298615002214,0.7693058173825666,0.21947595588234525
AgSi_COD9009647_pilot_k6x6,foundation,6,19101006,Si,14.7941265,0.07279206720523716,0.0009561068196272177,0.00014424682253561641,-0.0008118599970916013,-0.0003543413220015896,8.179243224513612e-05,0.00043613375424672574,0.07337200035696181,0.0005857673269080311,-0.07278623303005378
AgSi_COD9009647_pilot_k6x6,foundation,7,19101007,Si,23.6058765,0.19663046845649343,0.040811402611031534,0.16385824629888546,0.12304684368785393,0.02071694559840032,0.10392231132389956,0.08320536572549925,0.9469877934410433,1.0758283247127003,0.12884053127165696
AgSi_COD9009647_pilot_k6x6,foundation,8,19101008,C,11.6606682,0.005664692982750504,-0.0013536339634063507,0.0002827060260407837,0.0016363399894471344,0.0007961660502456812,-0.00016408313595873557,-0.0009602491862044167,0.17218278829971986,0.1775203026583097,0.00533751435858984
AgSi_COD9009647_pilot_k6x6,foundation,9,19101009,C,20.4724182,0.22816189370703444,-0.001771282861234948,-0.003489120891652428,-0.0017178380304174801,-0.002314458324094385,-0.0015866124583877581,0.000727845865706627,0.08349154828688236,0.3116458141091043,0.22815426582222192
AgSi_COD9009647_pilot_k6x6,foundation,10,19101010,C,17.9275848,0.031776548675656976,-0.0010351262950039845,-0.0007326315408495348,0.00030249475415444966,0.002297557287182067,-8.508324040067648e-05,-0.0023826405275827437,-0.10036091796989839,-0.13204657035037537,-0.03168565238047698
AgSi_COD9009647_pilot_k6x6,foundation,11,19101011,C,9.1158348,0.14663889666796212,-0.0007241376694728107,-0.0003017965832532815,0.00042234108621952914,0.0005415457213660949,0.00017402988047336823,-0.0003675158408927267,-0.8958455460439527,-1.0424833739605952,-0.14663782791664248
AgSi_COD9009647_pilot_k6x6,foundation,12,19101012,Ti,10.3882515,0.22669147175245696,0.0007207708495115547,7.579631345364189e-07,-0.0007200128863770182,-0.00041312081202997375,-1.597045422006317e-07,0.0004129611074877731,0.15981199965491774,-0.06687795250410969,-0.22668995215902743
AgSi_COD9009647_pilot_k6x6,foundation,13,19101013,Ti,19.2000015,0.04898977497519589,0.0010343367648669548,0.004261080904837509,0.0032267441399705544,-0.0012447799502021593,0.002555054619396216,0.003799834569598375,-0.016563083938355996,-0.06529856825542399,-0.04873548431706799
AgSi_COD9009647_pilot_k6x6,foundation,14,19101014,Ti,12.77623575,0.2147446805668948,8.875171507842066e-05,-0.00022859317928257904,-0.0003173448943609997,-1.944355839642265e-05,0.00011078810692490004,0.0001302316653213227,-0.2559122804525574,-0.041167873857859166,0.2147444065946982
AgSi_COD9009647_pilot_k6x6,foundation,15,19101015,Ti,21.58798575,0.09689845846028172,0.009420950764998912,-0.006577881389740225,-0.015998832154739136,0.008371734959343794,0.0006628853698356814,-0.007708849589508113,-0.07303022055204324,0.02222691702656432,0.09525713757860756
AgSi_COD9009647_pilot_k6x6,foundation,16,19101016,Ti,16.81201725,0.09823476978906988,0.00023706519125924155,0.0005426836114153534,0.00030561842015611185,-0.0013152296702999373,0.0001837491477500679,0.0014989788180500051,0.01433371717210285,0.11255657426451213,0.09822285709240927
AgSi_COD9009647_pilot_k6x6,foundation,17,19101017,Ti,8.00026725,0.21947761960087409,0.0007473028892978643,0.0002132211612525057,-0.0005340817280453586,-0.0005474027376595478,-0.000123041516727802,0.0004243612209317458,0.5498292793134087,0.7693058388361239,0.21947655952271516
AgSi_COD9009647_pilot_k6x6,foundation,18,19101018,Si,14.7941265,0.07279205901456406,0.000956112129770007,0.00014424682192879247,-0.0008118653078412145,-0.00035435205683304304,8.179728818754276e-05,0.0004361493450205858,0.07337198588348341,0.0005857611974170304,-0.07278622468606638
AgSi_COD9009647_pilot_k6x6,foundation,19,19101019,Si,23.6058765,0.1966304233414829,0.04081143434116701,0.16385824627835152,0.1230468119371845,0.0207169542929225,0.10392230705100221,0.0832053527580797,0.9469878258454567,1.0758283269619513,0.1288405011164946
AgSi_COD9009647_pilot_k6x6,foundation,20,19101020,C,11.6606682,0.005664621691827584,-0.0013536440062086217,0.0002827060218688925,0.0016363500280775142,0.0007958918027443024,-0.00016422517752260962,-0.000960116980266912,0.17218284941518153,0.17752030881843112,0.005337459403249589
AgSi_COD9009647_pilot_k6x6,foundation,21,19101021,C,20.4724182,0.228161859571235,-0.0017713035008692373,-0.003489120881080647,-0.0017178173802114096,-0.0023143458784432025,-0.0015865683418405778,0.0007277775366026247,0.08349157807640305,0.31164581013513437,0.2281542320587313
AgSi_COD9009647_pilot_k6x6,foundation,22,19101022,C,17.9275848,0.03177663522134715,-0.00103515467941008,-0.0007326315395051968,0.0003025231399048832,0.00229770448364884,-8.504213746394815e-05,-0.002382746621112788,-0.10036084563603234,-0.1320465765614814,-0.031685730925449046
AgSi_COD9009647_pilot_k6x6,foundation,23,19101023,C,9.1158348,0.14663889350604808,-0.0007241197303276833,-0.00030179657756888026,0.000422323152758803,0.0005414953645211446,0.00017405693139535528,-0.00036743843312578935,-0.8958455745680379,-1.0424833995683789,-0.14663782500034095
AgSi_COD9009647_pilot_k6x6,foundation,24,19101024,Ti,10.3882515,0.22669149852981876,0.0007207297995675446,7.579635350712759e-07,-0.0007199718360324733,-0.0004132825977444824,-2.1294960041953165e-07,0.00041306964814406285,0.1598120405361809,-0.06687793833301378,-0.22668997886919467
AgSi_COD9009647_pilot_k6x6,foundation,25,19101025,Ti,19.2000015,0.04898979161644872,0.0010342961517454004,0.004261080899733066,0.0032267847479876656,-0.0012448144001573243,0.002555020795445705,0.003799835195603029,-0.016563072195056344,-0.06529857050275276,-0.04873549830769641
AgSi_COD9009647_pilot_k6x6,foundation,26,19101026,Ti,12.77623575,0.2147448022841207,8.87688600565822e-05,-0.00022859318313123156,-0.00031736204318781375,-1.943888061526808e-05,0.00011075041577301601,0.0001301892963882841,-0.25591237624783375,-0.04116784793540679,0.21474452831242696
AgSi_COD9009647_pilot_k6x6,foundation,27,19101027,Ti,21.58798575,0.09689832931927521,0.009421024559563172,-0.006577881324857947,-0.01599890588442112,0.008371714649386122,0.0006628493034477514,-0.0077088653459383705,-0.07303006840215341,0.02222692415191757,0.09525699255407098
AgSi_COD9009647_pilot_k6x6,foundation,28,19101028,Ti,16.81201725,0.09823482899704514,0.0002370247129446645,0.0005426836128131518,0.0003056588998684872,-0.0013153347024350277,0.00018370611388273284,0.0014990408163177604,0.014333664049510086,0.11255657928494099,0.0982229152354309
AgSi_COD9009647_pilot_k6x6,foundation,29,19101029,Ti,8.00026725,0.21947707160367222,0.0007471719731106266,0.000213221166484083,-0.0005339508066265436,-0.0005472312629060037,-0.0001229001427429223,0.00042433112016308143,0.549829805482951,0.7693058173825662,0.2194760118996152
AgSi_COD9009647_pilot_k6x6,foundation,30,19101030,Si,14.7941265,0.07279207225840004,0.000956105068350069,0.00014424682253730205,-0.000811858245812767,-0.00035434485216141997,8.179243224451754e-05,0.0004361372844059375,0.07337200540891028,0.0005857673269075332,-0.07278623808200275
AgSi_COD9009647_pilot_k6x6,foundation,31,19101031,Si,23.6058765,0.19663046165875686,0.040811406559755625,0.16385824629888446,0.12304683973912883,0.020716944869596278,0.10392231132389931,0.08320536645430304,0.9469878005149359,1.075828324712698,0.12884052419776215
AgSi_COD9009647_pilot_k6x6,foundation,32,19101032,C,11.6606682,0.005664690506446274,-0.0013536311564114362,0.0002827060260414072,0.0016363371824528435,0.0007961713197639034,-0.0001640831359583626,-0.000960254455722266,0.1721827910152862,0.1775203026583096,0.0053375116430234015
AgSi_COD9009647_pilot_k6x6,foundation,33,19101033,C,20.4724182,0.22816189437584472,-0.0017712761087387652,-0.0034891208916495915,-0.0017178447829108263,-0.002314459167083512,-0.0015866124583902208,0.0007278467086932912,0.08349154767157763,0.3116458141091014,0.2281542664375238
AgSi_COD9009647_pilot_k6x6,foundation,34,19101034,C,17.9275848,0.03177655335513565,-0.0010351336712981182,-0.0007326315408495913,0.00030250213044852683,0.002297547631795269,-8.508324040189274e-05,-0.002382630872197162,-0.10036091262136983,-0.1320465703503757,-0.031685657729005876
AgSi_COD9009647_pilot_k6x6,foundation,35,19101035,C,9.1158348,0.14663888889182985,-0.0007241114749549614,-0.0003017965832532469,0.00042231489170171444,0.0005415285749976943,0.00017402988047494038,-0.00036749869452275393,-0.895845553701725,-1.0424833739605934,-0.1466378202588684
AgSi_COD9009647_pilot_k6x6,foundation,36,19101036,Ti,10.3882515,0.2266914571673157,0.000720771954839978,7.579631355961181e-07,-0.0007200139917043818,-0.00041312543223598965,-1.5970454205014445e-07,0.0004129657276939395,0.15981198505775113,-0.06687795250410983,-0.22668993756186095
AgSi_COD9009647_pilot_k6x6,foundation,37,19101037,Ti,19.2000015,0.04898977534731225,0.001034333035960133,0.004261080904838068,0.0032267478688779347,-0.0012447780821269402,0.002555054619394453,0.0037998327015213934,-0.016563083665537884,-0.06529856825542642,-0.048735484589888536
AgSi_COD9009647_pilot_k6x6,foundation,38,19101038,Ti,12.77623575,0.2147446765380531,8.874837490147073e-05,-0.00022859317928298649,-0.00031734155418445723,-1.943731495707125e-05,0.00011078810692292856,0.0001302254218799998,-0.2559122764324322,-0.04116787385785858,0.2147444025745736
AgSi_COD9009647_pilot_k6x6,foundation,39,19101039,Ti,21.58798575,0.09689845545968043,0.009420949239588541,-0.006577881389742209,-0.01599883062933075,0.008371754273754474,0.0006628853698365592,-0.007708868903917915,-0.07303021619288935,0.02222691702655971,0.09525713321944906
AgSi_COD9009647_pilot_k6x6,foundation,40,19101040,Ti,16.81201725,0.09823474884492756,0.00023706492163468458,0.0005426836114159597,0.00030561868978127514,-0.0013152316047051076,0.00018374914775131016,0.0014989807524564177,0.014333738149144069,0.11255657426451095,0.09822283611536688
AgSi_COD9009647_pilot_k6x6,foundation,41,19101041,Ti,8.00026725,0.21947747894009678,0.0007472785863564491,0.0002132211612533583,-0.0005340574251030907,-0.0005474070551815874,-0.00012304151673247544,0.0004243655384491119,0.5498294199240733,0.769305838836122,0.21947641891204872
AgSi_COD9009647_pilot_k6x6,foundation,42,19101042,Si,14.7941265,0.07279206352668,0.0009561060916424454,0.0001442468219286656,-0.0008118592697137798,-0.000354352754479591,8.179728818764466e-05,0.0004361500426672357,0.0733719904591295,0.0005857611974162801,-0.07278622926171321
AgSi_COD9009647_pilot_k6x6,foundation,43,19101043,Si,23.6058765,0.19663042635146624,0.04081143088456549,0.16385824627835058,0.12304681539378509,0.020716956305945836,0.10392230705100199,0.08320535074505615,0.9469878232529119,1.0758283269619526,0.12884050370904077
AgSi_COD9009647_pilot_k6x6,foundation,44,19101044,C,11.6606682,0.005664617418039556,-0.0013536335819431188,0.0002827060218672418,0.0016363396038103608,0.0007958947417349015,-0.00016422517752298795,-0.0009601199192578894,0.17218285128376376,0.17752030881843353,0.005337457534669771
AgSi_COD9009647_pilot_k6x6,foundation,45,19101045,C,20.4724182,0.2281618619556082,-0.001771302364977757,-0.0034891208810797253,-0.0017178185161019683,-0.0023143416297240326,-0.0015865683418410967,0.0007277732878829359,0.08349157568694938,0.311645810135134,0.2281542344481846
AgSi_COD9009647_pilot_k6x6,foundation,46,19101046,C,17.9275848,0.03177663918943731,-0.0010351710091369099,-0.000732631539502829,0.00030253946963408086,0.0022976994102112697,-8.504213746435727e-05,-0.002382741547675627,-0.10036084143095265,-0.13204657656148067,-0.03168573513052801
AgSi_COD9009647_pilot_k6x6,foundation,47,19101047,C,9.1158348,0.146638916186367,-0.0007241367609587305,-0.00030179657756705414,0.00042234018339167636,0.0005415062355542888,0.0001740569313960077,-0.00036744930415828113,-0.8958455519638437,-1.0424833995683784,-0.1466378476045347
AgSi_COD9009647_pilot_k6x6,foundation,48,19101048,Ag,26.2058765,0.4827378454067062,-0.04856147929692319,-0.15797291913723668,-0.10941143984031348,-0.025914048546458002,-0.10573158968813792,-0.07981754114167992,-0.6584442240846138,-1.1217951972637739,-0.4633509731791601
AgSi_COD9009647_pilot_k6x6,foundation,49,19101049,Ag,26.2058765,0.4827365312027516,-0.0485617935072704,-0.15797291932466032,-0.10941112581738992,-0.025914362480028437,-0.10573158028633159,-0.07981721780630316,-0.6584454639365405,-1.1217951977734097,-0.4633497338368693
AgSi_COD9009647_pilot_k6x6,foundation,50,19101050,Ag,26.2058765,0.482737822419352,-0.048561464612638425,-0.15797291913723538,-0.10941145452459695,-0.02591399989530505,-0.10573158968813723,-0.07981758979283218,-0.6584442598819055,-1.1217951972637705,-0.46335093738186506
AgSi_COD9009647_pilot_k6x6,foundation,51,19101051,Ag,26.2058765,0.4827365637030398,-0.048561804638837636,-0.15797291932465812,-0.10941111468582049,-0.02591437406345996,-0.10573158028633106,-0.0798172062228711,-0.6584454254525419,-1.1217951977734106,-0.4633497723208687
AgSi_COD9009647_vacuum26_k6x6_sigma0p10,foundation,0,19101000,Ti,15.3882515,0.22707444032710658,0.0008305174523419699,7.57963535487651e-07,-0.0008297594888064823,-0.00037156233351371917,-2.1294960403416344e-07,0.000371349383909685,0.1601946823166377,-0.06687793833300049,-0.22707262064963818
AgSi_COD9009647_vacuum26_k6x6_sigma0p10,foundation,1,19101001,Ti,24.2000015,0.050161728620799824,0.0009765573805606051,0.004261080899731156,0.0032845235191705513,-0.001269096604615808,0.002555020795445851,0.0038241174000616593,-0.0153907850420711,-0.06529857050275177,-0.04990778546068067
AgSi_COD9009647_vacuum26_k6x6_sigma0p10,foundation,2,19101002,Ti,17.77623575,0.21542277096352316,5.293573011859093e-05,-0.0002285931831313131,-0.00028152891324990405,-1.2045724394494775e-05,0.00011075041576831903,0.0001227961401628138,-0.2565903999400551,-0.04116784793543904,0.21542255200461607
AgSi_COD9009647_vacuum26_k6x6_sigma0p10,foundation,3,19101003,Ti,26.58798575,0.09696024632686213,0.009411035520073304,-0.006577881324858618,-0.015988916844931922,0.008396563756333127,0.0006628493034476568,-0.0077337144528854705,-0.07309271478284247,0.022226924151916738,0.09531963893475921
AgSi_COD9009647_vacuum26_k6x6_sigma0p10,foundation,4,19101004,Ti,21.81201725,0.0987858549084394,0.0003157049582772107,0.0005426836128099334,0.0002269786545327227,-0.0013116131599348391,0.00018370611388449255,0.0014953192738193317,0.013782303124848135,0.11255657928494445,0.09877427616009632
AgSi_COD9009647_vacuum26_k6x6_sigma0p10,foundation,5,19101005,Ti,13.00026725,0.2185624004790397,0.000627997491579542,0.00021322116648388612,-0.00041477632509565585,-0.0006478085810809126,-0.00012290014274351276,0.0005249084383373998,0.5507444407972018,0.7693058173825711,0.21856137658536934
AgSi_COD9009647_vacuum26_k6x6_sigma0p10,foundation,6,19101006,Si,19.7941265,0.07296124804712546,0.0009237704464969294,0.000144246822536025,-0.0007795236239609044,-0.00029610938919387707,8.179243224418304e-05,0.0003779018214380601,0.07354187227864148,0.0005857673269158191,-0.07295610495172566
AgSi_COD9009647_vacuum26_k6x6_sigma0p10,foundation,7,19101007,Si,28.6058765,0.19591797595641824,0.04091628155012558,0.1638582462988849,0.12294196474875932,0.020655167970295308,0.10392231132389942,0.08326714335360412,0.9480170988978099,1.0758283247127,0.12781122581489013
AgSi_COD9009647_vacuum26_k6x6_sigma0p10,foundation,8,19101008,C,16.6606682,0.005700296359099591,-0.001343648414247114,0.00028270602604137823,0.0016263544402884923,0.0009115821891320507,-0.00016408313595640974,-0.0010756653250884604,0.17216387717816248,0.1775203026583237,0.005356425480161214
AgSi_COD9009647_vacuum26_k6x6_sigma0p10,foundation,9,19101009,C,25.4724182,0.22848398655124588,-0.0017266305727780026,-0.003489120891652782,-0.0017624903188747795,-0.0022415312344839567,-0.0015866124583876753,0.0006549187760962814,0.08316956409693635,0.3116458141091039,0.22847625001216756
AgSi_COD9009647_vacuum26_k6x6_sigma0p10,foundation,10,19101010,C,22.9275848,0.032124098918856495,-0.0009358330879963844,-0.0007326315408503819,0.00020320154714600252,0.002361787427589591,-8.508324039996264e-05,-0.0024468706679895537,-0.10001643977908754,-0.13204657035037692,-0.03203013057128938
AgSi_COD9009647_vacuum26_k6x6_sigma0p10,foundation,11,19101011,C,14.1158348,0.14417125936697153,-0.0007752446857504794,-0.000301796583255477,0.0004734481024950024,0.0005399129006895151,0.00017402988047948579,-0.0003658830202100293,-0.898313356259387,-1.042483373960601,-0.14417001770121396
AgSi_COD9009647_vacuum26_k6x6_sigma0p10,foundation,12,19101012,Ti,15.3882515,0.2270733093178183,0.0008304708615593511,7.579631356726627e-07,-0.0008297128984236785,-0.00037233085055880805,-1.5970454157873334e-07,0.0003721711460172293,0.16019353595204433,-0.06687795250410211,-0.22707148845614644
AgSi_COD9009647_vacuum26_k6x6_sigma0p10,foundation,13,19101013,Ti,24.2000015,0.05016159276515881,0.0009768559351845147,0.0042610809048374675,0.003284224969652953,-0.001269237777061071,0.0025550546193970603,0.003824292396458131,-0.015390913103608874,-0.06529856825542635,-0.04990765515181747
AgSi_COD9009647_vacuum26_k6x6_sigma0p10,foundation,14,19101014,Ti,17.77623575,0.21542291161173693,5.3172093453209837e-05,-0.00022859317927882618,-0.000281765272732036,-1.2517135682368548e-05,0.0001107881069236029,0.00012330524260597146,-0.2565905659110436,-0.04116787385789325,0.21542269205315037
AgSi_COD9009647_vacuum26_k6x6_sigma0p10,foundation,15,19101015,Ti,26.58798575,0.09695947433195053,0.009411154566947195,-0.006577881389740574,-0.01598903595668777,0.008397820109650797,0.0006628853698361866,-0.007734934739814611,-0.07309181762971685,0.022226917026565318,0.09531873465628217
AgSi_COD9009647_vacuum26_k6x6_sigma0p10,foundation,16,19101016,Ti,21.81201725,0.09878676266995726,0.00031489105552446597,0.0005426836114150673,0.00022779255589060134,-0.0013105053592904101,0.000183749147749217,0.001494254507039627,0.013781375996779349,0.11255657426451321,0.09877519826773386
AgSi_COD9009647_vacuum26_k6x6_sigma0p10,foundation,17,19101017,Ti,13.00026725,0.21856163494025949,0.0006298665739734773,0.00021322116125285263,-0.0004166454127206247,-0.0006471784766326977,-0.00012304151672799888,0.0005241369599046988,0.5507452294967345,0.7693058388361271,0.2185606093393926
AgSi_COD9009647_vacuum26_k6x6_sigma0p10,foundation,18,19101018,Si,19.7941265,0.07296127506628892,0.000924323221389343,0.0001442468219293083,-0.0007800763994600347,-0.0002966225026580866,8.179728818755741e-05,0.00037841979084564403,0.0735418845769716,0.0005857611974253449,-0.07295612337954625
AgSi_COD9009647_vacuum26_k6x6_sigma0p10,foundation,19,19101019,Si,28.6058765,0.19591744992473561,0.04091629144236863,0.1638582462783509,0.12294195483598228,0.020654822236857558,0.10392230705100053,0.08326748481414298,0.9480181204100308,1.075828326961953,0.12781020655192232
AgSi_COD9009647_vacuum26_k6x6_sigma0p10,foundation,20,19101020,C,16.6606682,0.005700650103821284,-0.0013439619516083204,0.000282706021868296,0.0016266679734766164,0.0009118159422799216,-0.00016422517751496333,-0.001076041119794885,0.17216367756188508,0.17752030881844677,0.005356631256561689
AgSi_COD9009647_vacuum26_k6x6_sigma0p10,foundation,21,19101021,C,25.4724182,0.22848396804345975,-0.0017270286281940346,-0.0034891208810807965,-0.001762092252886762,-0.002240810717889703,-0.0015865683418411637,0.0006542423760485395,0.08316957362312936,0.3116458101351361,0.22847623651200671
AgSi_COD9009647_vacuum26_k6x6_sigma0p10,foundation,22,19101022,C,22.9275848,0.032124971476029315,-0.0009363214951990647,-0.0007326315395048274,0.00020368995569423735,0.002363093961854331,-8.504213746357851e-05,-0.00244813609931791,-0.10001567066768931,-0.1320465765614798,-0.0320309058937905
AgSi_COD9009647_vacuum26_k6x6_sigma0p10,foundation,23,19101023,C,14.1158348,0.14417071413928048,-0.0007779924408132928,-0.0003017965775669139,0.0004761958632463789,0.0005407288368618692,0.00017405693139161297,-0.00036667190547025623,-0.8983139381535429,-1.0424833995683782,-0.14416946141483533
AgSi_COD9009647_vacuum26_k6x6_sigma0p10,foundation,24,19101024,Ti,15.3882515,0.22707443722800905,0.0008305257396711033,7.579635355001862e-07,-0.0008297677761356031,-0.00037155577200939963,-2.1294960305828661e-07,0.00037134282240634136,0.16019467919796357,-0.06687793833299932,-0.2270726175309629
AgSi_COD9009647_vacuum26_k6x6_sigma0p10,foundation,25,19101025,Ti,24.2000015,0.05016185742960116,0.0009763831570021536,0.004261080899733674,0.003284697742731521,-0.0012690487867863284,0.0025550207954461997,0.003824069582232528,-0.015390663380167244,-0.06529857050275426,-0.04990790712258701
AgSi_COD9009647_vacuum26_k6x6_sigma0p10,foundation,26,19101026,Ti,17.77623575,0.21542280718287438,5.29564209229246e-05,-0.00022859318313169874,-0.00028154960405462335,-1.2079386878922074e-05,0.0001107504157690281,0.00012282980264795017,-0.25659043611321014,-0.041167847935438234,0.2154225881777719
AgSi_COD9009647_vacuum26_k6x6_sigma0p10,foundation,27,19101027,Ti,26.58798575,0.09696014027091125,0.009411040794163113,-0.006577881324858218,-0.01598892211902133,0.00839678947207185,0.00066284930344691,-0.00773394016862494,-0.07309258770318489,0.02222692415191635,0.09531951185510124
AgSi_COD9009647_vacuum26_k6x6_sigma0p10,foundation,28,19101028,Ti,21.81201725,0.0987858225301442,0.0003156872065801305,0.0005426836128137239,0.0002269964062335934,-0.0013115765466945866,0.00018370611388219063,0.0014952826605767772,0.013782334993461355,0.11255657928494495,0.0987742442914836
AgSi_COD9009647_vacuum26_k6x6_sigma0p10,foundation,29,19101029,Ti,13.00026725,0.21856238147386617,0.0006279704280876856,0.0002132211664847138,-0.00041474926160297177,-0.0006477870696269587,-0.00012290014274148183,0.0005248869268854769,0.5507444596994419,0.7693058173825689,0.218561357683127
AgSi_COD9009647_vacuum26_k6x6_sigma0p10,foundation,30,19101030,Si,19.7941265,0.07296124160346802,0.0009237511290712202,0.00014424682253676543,-0.0007795043065344548,-0.00029609218272813777,8.17924322439724e-05,0.00037788461497211017,0.07354186613005337,0.0005857673269135787,-0.07295609880313979
AgSi_COD9009647_vacuum26_k6x6_sigma0p10,foundation,31,19101031,Si,28.6058765,0.19591805355936875,0.04091619168489348,0.16385824629888346,0.12294205461398998,0.020655080817746467,0.10392231132390012,0.08326723050615364,0.9480171231628436,1.0758283247126978,0.12781120154985426
AgSi_COD9009647_vacuum26_k6x6_sigma0p10,foundation,32,19101032,C,16.6606682,0.005700236594356057,-0.0013436211955614342,0.0002827060260409747,0.0016263272216024088,0.0009115753054769928,-0.00016408313595724848,-0.0010756584414342413,0.17216393113299888,0.17752030265832106,0.005356371525322173
AgSi_COD9009647_vacuum26_k6x6_sigma0p10,foundation,33,19101033,C,25.4724182,0.22848413064450002,-0.0017263541547543285,-0.0034891208916493065,-0.001762766736894978,-0.0022414007994032924,-0.0015866124583906681,0.0006547883410126243,0.08316942175743765,0.3116458141091043,0.22847639235166667
AgSi_COD9009647_vacuum26_k6x6_sigma0p10,foundation,34,19101034,C,22.9275848,0.03212423936518416,-0.000935735095151809,-0.0007326315408500237,0.0002031035543017853,0.002361717796435833,-8.508324040194869e-05,-0.0024468010368377813,-0.10001629297998954,-0.1320465703503778,-0.03203027737038827
AgSi_COD9009647_vacuum26_k6x6_sigma0p10,foundation,35,19101035,C,14.1158348,0.14417124020217575,-0.0007752621591547911,-0.0003017965832549139,0.0004734655758998772,0.0005400272340033675,0.0001740298804793113,-0.0003659973535240561,-0.8983133757719381,-1.0424833739606012,-0.14416999818866305
AgSi_COD9009647_vacuum26_k6x6_sigma0p10,foundation,36,19101036,Ti,15.3882515,0.22707332038372072,0.0008304769221740491,7.579631351747971e-07,-0.0008297189590388743,-0.0003723046533540527,-1.5970454328093076e-07,0.0003721449488107718,0.16019354703882555,-0.06687795250410247,-0.22707149954292802
AgSi_COD9009647_vacuum26_k6x6_sigma0p10,foundation,37,19101037,Ti,24.2000015,0.050161307022069834,0.0009768726587121856,0.004261080904838159,0.003284208246125973,-0.0012690858213891462,0.002555054619395483,0.0038241404407846295,-0.01539118755629885,-0.06529856825542577,-0.04990738069912692
AgSi_COD9009647_vacuum26_k6x6_sigma0p10,foundation,38,19101038,Ti,17.77623575,0.2154228525442522,5.316186352557923e-05,-0.00022859317928275777,-0.000281755042808337,-1.2518231488427701e-05,0.00011078810692321718,0.0001233063384116449,-0.25659050685624984,-0.04116787385789153,0.21542263299835832
AgSi_COD9009647_vacuum26_k6x6_sigma0p10,foundation,39,19101039,Ti,26.58798575,0.09695959520146075,0.009411093087524582,-0.006577881389741918,-0.0159889744772665,0.008397763230093173,0.0006628853698359138,-0.007734877860257259,-0.07309195550812432,0.022226917026559767,0.09531887253468409
AgSi_COD9009647_vacuum26_k6x6_sigma0p10,foundation,40,19101040,Ti,21.81201725,0.09878682809738333,0.00031500830651798767,0.0005426836114154597,0.000227675304897472,-0.0013106012625083013,0.0001837491477499392,0.0014943504102582405,0.013781311742213925,0.11255657426451181,0.09877526252229789
AgSi_COD9009647_vacuum26_k6x6_sigma0p10,foundation,41,19101041,Ti,13.00026725,0.21856173240103727,0.0006299095605263871,0.00021322116125214964,-0.0004166883992742375,-0.0006472471960866855,-0.00012304151672838128,0.0005242056793583042,0.5507451322822567,0.7693058388361254,0.2185607065538686
AgSi_COD9009647_vacuum26_k6x6_sigma0p10,foundation,42,19101042,Si,19.7941265,0.0729612575840784,0.000924337288226959,0.00014424682192870977,-0.0007800904662982492,-0.00029662662926851195,8.179728818674125e-05,0.00037842391745525317,0.07354186692171069,0.0005857611974238019,-0.07295610572428689
AgSi_COD9009647_vacuum26_k6x6_sigma0p10,foundation,43,19101043,Si,28.6058765,0.19591735593733642,0.04091639485508823,0.1638582462783506,0.12294185142326237,0.02065492365146729,0.10392230705100253,0.08326738339953524,0.9480180989366006,1.0758283269619517,0.12781022802535114
AgSi_COD9009647_vacuum26_k6x6_sigma0p10,foundation,44,19101044,C,16.6606682,0.005700690756727239,-0.001343943091501442,0.0002827060218645464,0.0016266491133659884,0.0009118058294106505,-0.0001642251775175769,-0.0010760310069282274,0.17216362653946712,0.1775203088184482,0.00535668227898109
AgSi_COD9009647_vacuum26_k6x6_sigma0p10,foundation,45,19101045,C,25.4724182,0.2284839535557792,-0.0017269206353844736,-0.0034891208810788957,-0.001762200245694422,-0.0022407822335697254,-0.0015865683418406521,0.0006542138917290732,0.08316958886263966,0.31164581013513315,0.2284762212724935
AgSi_COD9009647_vacuum26_k6x6_sigma0p10,foundation,46,19101046,C,22.9275848,0.032124760688780576,-0.0009365128826211421,-0.0007326315395040234,0.00020388134311711875,0.002363045378874718,-8.504213746449185e-05,-0.00244808751633921,-0.10001587957840408,-0.13204657656148103,-0.03203069698307695
AgSi_COD9009647_vacuum26_k6x6_sigma0p10,foundation,47,19101047,C,14.1158348,0.14417072560830108,-0.0007779794754043415,-0.0003017965775649021,0.00047618289783943937,0.0005407390566317891,0.0001740569313912861,-0.00036668212524050304,-0.8983139266675921,-1.0424833995683795,-0.1441694729007874
AgSi_COD9009647_vacuum26_k6x6_sigma0p10,foundation,48,19101048,Ag,31.2058765,0.4821000889031552,-0.048564328748973234,-0.15797291913723685,-0.10940859038826362,-0.02601026316177479,-0.10573158968813784,-0.07972132652636305,-0.6590914408855038,-1.1217951972637725,-0.46270375637826877
AgSi_COD9009647_vacuum26_k6x6_sigma0p10,foundation,49,19101049,Ag,31.2058765,0.48209463330260943,-0.04856483638801903,-0.15797291932465918,-0.10940808293664014,-0.026011365396794647,-0.10573158028633164,-0.079720214889537,-0.6590968141742537,-1.1217951977734109,-0.46269838359915716
AgSi_COD9009647_vacuum26_k6x6_sigma0p10,foundation,50,19101050,Ag,31.2058765,0.48209834566316945,-0.04856449530195652,-0.15797291913723546,-0.10940842383527893,-0.026010250496663844,-0.105731589688138,-0.07972133919147416,-0.6590932200013407,-1.1217951972637712,-0.46270197726243045
AgSi_COD9009647_vacuum26_k6x6_sigma0p10,foundation,51,19101051,Ag,31.2058765,0.48209426815577583,-0.048564667259906484,-0.15797291932465748,-0.109408252064751,-0.026011199828512334,-0.1057315802863307,-0.07972038045781837,-0.6590972631460235,-1.1217951977734104,-0.46269793462738695
