label,model,parent_family_id,dataset_role,index_zero_based,local_new_id,element,x_A,y_A,z_A,error_norm_eV_A,DFT_Fx_eV_A,model_Fx_eV_A,error_Fx_eV_A,DFT_Fy_eV_A,model_Fy_eV_A,error_Fy_eV_A,DFT_Fz_eV_A,model_Fz_eV_A,error_Fz_eV_A
Ti3SiC2_Ti4f_id0003_z_m020A_k10x10x4_v19,MACE-MP-0b3-medium,Ti3SiC2_bulk_parent_v19,numerical_pure_phase_control_not_training_or_independent_validation,0,1,Ti,0.0,0.0,0.0,0.012187287232438128,-0.026981689209249145,-0.021628982482467713,0.005352706726781432,-0.015577485459197151,-0.012486353496245373,0.0030911319629517778,-0.04278578160684386,-0.032282286761287166,0.010503494845556696
Ti3SiC2_Ti4f_id0003_z_m020A_k10x10x4_v19,MACE-MP-0b3-medium,Ti3SiC2_bulk_parent_v19,numerical_pure_phase_control_not_training_or_independent_validation,1,2,Ti,0.0,0.0,8.81175,0.0016877992238162865,-0.0011243094824951217,7.471879753511186e-05,0.0011990282800302336,-0.0006418505858419645,4.3228291738641464e-05,0.0006850788775806059,-0.0005416455546259179,0.00042874835255584916,0.000970393907181767
Ti3SiC2_Ti4f_id0003_z_m020A_k10x10x4_v19,MACE-MP-0b3-medium,Ti3SiC2_bulk_parent_v19,numerical_pure_phase_control_not_training_or_independent_validation,2,3,Ti,1.52876529,0.8826154,2.36798425,0.1281309262726054,0.0006854380714498938,-0.000218152603993651,-0.0009035906754435448,-0.00039381885810508757,0.00012873080804827724,0.0005225496661533649,0.3082744357162273,0.1801477611585323,-0.12812667455769503
Ti3SiC2_Ti4f_id0003_z_m020A_k10x10x4_v19,MACE-MP-0b3-medium,Ti3SiC2_bulk_parent_v19,numerical_pure_phase_control_not_training_or_independent_validation,3,4,Ti,0.0,1.7652308,11.19973425,0.05758257794576995,-0.0012774183225750964,2.187872651864876e-05,0.0012992970490937452,0.0010680809537589086,0.00022482640784128702,-0.0008432545459176215,-0.04347294571420373,-0.10103468675658081,-0.05756174104237708
Ti3SiC2_Ti4f_id0003_z_m020A_k10x10x4_v19,MACE-MP-0b3-medium,Ti3SiC2_bulk_parent_v19,numerical_pure_phase_control_not_training_or_independent_validation,4,5,Ti,1.52875,0.88264188,6.42376575,0.03968238038844182,0.0010453617588522851,2.6752894860967123e-06,-0.0010426864693661884,-0.0009344633961004331,-0.00023894495308973002,0.0006955184430107031,0.06062513439129922,0.10028771590479912,0.039662581513499905
Ti3SiC2_Ti4f_id0003_z_m020A_k10x10x4_v19,MACE-MP-0b3-medium,Ti3SiC2_bulk_parent_v19,numerical_pure_phase_control_not_training_or_independent_validation,5,6,Ti,-1.529e-05,1.76525727,15.23551575,0.04677325887332497,-0.0022349974677655974,-0.00069950427997933,0.0015354931877862674,0.0012870399473755138,0.00040096009819137746,-0.0008860798491841363,0.05174569658210244,0.09848534643960785,0.04673964985750541
Ti3SiC2_Ti4f_id0003_z_m020A_k10x10x4_v19,MACE-MP-0b3-medium,Ti3SiC2_bulk_parent_v19,numerical_pure_phase_control_not_training_or_independent_validation,6,7,Si,0.0,0.0,4.405875,0.00686546204822167,0.025033829215688995,0.021124092730504168,-0.003909736485184827,0.015176286477988313,0.012195748109116247,-0.002980538368872066,-0.03115643173296854,-0.02636425886633819,0.004792172866630348
Ti3SiC2_Ti4f_id0003_z_m020A_k10x10x4_v19,MACE-MP-0b3-medium,Ti3SiC2_bulk_parent_v19,numerical_pure_phase_control_not_training_or_independent_validation,7,8,Si,0.0,0.0,13.217625,0.0020100900195048873,0.0008859385011937562,-0.0006495030269717804,-0.0015354415281655367,-0.0002353813832095577,-0.0003750126603219602,-0.00013963127711240247,-0.002280401763191788,-0.000990679193586294,0.001289722569605494
Ti3SiC2_Ti4f_id0003_z_m020A_k10x10x4_v19,MACE-MP-0b3-medium,Ti3SiC2_bulk_parent_v19,numerical_pure_phase_control_not_training_or_independent_validation,8,9,C,-1.529e-05,1.76525727,1.2724167,0.04481616080077966,-0.03023407324368743,-0.027444309565875246,0.0027897636778121855,0.017461497310651868,0.015844823926594948,-0.0016166733840569207,0.034190110120713546,0.07889013086693447,0.044700020746220925
Ti3SiC2_Ti4f_id0003_z_m020A_k10x10x4_v19,MACE-MP-0b3-medium,Ti3SiC2_bulk_parent_v19,numerical_pure_phase_control_not_training_or_independent_validation,9,10,C,1.52875,0.88264188,10.0841667,0.03436347135497949,0.0005465532854921399,2.2906619604698983e-07,-0.0005463242192960929,-0.0007420732552874752,-0.00032389650883147273,0.00041817674645600245,0.08775754192485193,0.12211412530592505,0.03435658338107313
Ti3SiC2_Ti4f_id0003_z_m020A_k10x10x4_v19,MACE-MP-0b3-medium,Ti3SiC2_bulk_parent_v19,numerical_pure_phase_control_not_training_or_independent_validation,10,11,C,0.0,1.7652308,7.5393333,0.03180856741197192,-0.0005136211557298027,-0.0004878165404029629,2.580461532683976e-05,0.0007231852019593572,0.0006052328221606075,-0.00011795237979874969,-0.08929247444183765,-0.12110081269079195,-0.03180833824895431
Ti3SiC2_Ti4f_id0003_z_m020A_k10x10x4_v19,MACE-MP-0b3-medium,Ti3SiC2_bulk_parent_v19,numerical_pure_phase_control_not_training_or_independent_validation,11,12,C,1.52876529,0.8826154,16.3510833,0.031052178410541274,0.00017879290949974282,-0.0002803358660947545,-0.0004591287755944973,-0.00010931527309960592,0.00016206340976995478,0.0002713786828695607,-0.09733887980764559,-0.12838647775689105,-0.031047597949245456
Ti3SiC2_Ti4f_id0003_z_m020A_k10x10x4_v19,MACE-MP-0b3-medium,Ti3SiC2_bulk_parent_v19,numerical_pure_phase_control_not_training_or_independent_validation,12,13,Ti,-1.52875,2.64787267,0.0,0.009731589454560803,3.0334782205944505e-05,-1.6398831820615576e-07,-3.049877052415066e-05,-1.7529516521184535e-05,1.2801554289066036e-07,1.7657532064075196e-05,-0.013223339104662798,-0.003491813461235815,0.009731525643426983
Ti3SiC2_Ti4f_id0003_z_m020A_k10x10x4_v19,MACE-MP-0b3-medium,Ti3SiC2_bulk_parent_v19,numerical_pure_phase_control_not_training_or_independent_validation,13,14,Ti,-1.52875,2.64787267,8.81175,0.0003951097969271034,1.3316993057050968e-05,2.5636549311824557e-09,-1.3314429402119786e-05,-7.617330519004351e-06,1.1444266507517438e-07,7.731773184079527e-06,-3.057476648815783e-05,-0.0004253844640399059,-0.00039480969755174806
Ti3SiC2_Ti4f_id0003_z_m020A_k10x10x4_v19,MACE-MP-0b3-medium,Ti3SiC2_bulk_parent_v19,numerical_pure_phase_control_not_training_or_independent_validation,14,15,Ti,1.529e-05,3.53048807,2.38798425,0.053473497410281984,0.012942862141135906,0.008160912164847371,-0.004781949976288535,0.00661301637898126,0.004951788743557581,-0.0016612276354236784,-0.034776729661721274,-0.08801006698388258,-0.05323333732216131
Ti3SiC2_Ti4f_id0003_z_m020A_k10x10x4_v19,MACE-MP-0b3-medium,Ti3SiC2_bulk_parent_v19,numerical_pure_phase_control_not_training_or_independent_validation,15,16,Ti,-1.52875,4.41310347,11.19973425,0.05751677348307628,-0.0010540783506769794,-2.6053272752707738e-06,0.0010514730234017086,0.0006736330535850595,0.00026723570704202145,-0.0004063973465430381,-0.043528965890739874,-0.10103469149768521,-0.057505725606945335
Ti3SiC2_Ti4f_id0003_z_m020A_k10x10x4_v19,MACE-MP-0b3-medium,Ti3SiC2_bulk_parent_v19,numerical_pure_phase_control_not_training_or_independent_validation,16,17,Ti,0.0,3.53051455,6.42376575,0.05821508896614297,6.631893119303381e-05,-0.001187135702363903,-0.0012534546335569367,-0.0015040306754078943,-0.0009256392603346638,0.0005783914150732305,0.04016118500759317,0.09835990405009895,0.05819871904250578
Ti3SiC2_Ti4f_id0003_z_m020A_k10x10x4_v19,MACE-MP-0b3-medium,Ti3SiC2_bulk_parent_v19,numerical_pure_phase_control_not_training_or_independent_validation,17,18,Ti,-1.52876529,4.41312995,15.23551575,0.04665894979794158,-0.0007537886520886856,0.00020574070271197568,0.0009595293548006613,-0.0013271702828701825,-0.0011668686284306946,0.0001603016544394879,0.05183614008183376,0.09848494717315917,0.04664880709132541
Ti3SiC2_Ti4f_id0003_z_m020A_k10x10x4_v19,MACE-MP-0b3-medium,Ti3SiC2_bulk_parent_v19,numerical_pure_phase_control_not_training_or_independent_validation,18,19,Si,-1.52875,2.64787267,4.405875,0.002129323149186801,-0.0007006405048039383,8.944947832403467e-06,0.0007095854526363418,0.00041471695772445734,5.293406067942822e-06,-0.00040942355165651454,-0.004720811280876557,-0.006686231824785326,-0.0019654205439087686
Ti3SiC2_Ti4f_id0003_z_m020A_k10x10x4_v19,MACE-MP-0b3-medium,Ti3SiC2_bulk_parent_v19,numerical_pure_phase_control_not_training_or_independent_validation,19,20,Si,-1.52875,2.64787267,13.217625,0.0027925023077764177,0.0006816119920739676,-9.063249456944269e-06,-0.0006906752415309119,-0.0004035037697282016,-5.206379925829028e-06,0.00039829738980237255,-0.002334978180416992,0.00034128713508322056,0.0026762653155002125
Ti3SiC2_Ti4f_id0003_z_m020A_k10x10x4_v19,MACE-MP-0b3-medium,Ti3SiC2_bulk_parent_v19,numerical_pure_phase_control_not_training_or_independent_validation,20,21,C,-1.52876529,4.41312995,1.2724167,0.044756049360265546,-0.00016019856662460128,0.0002807243293466656,0.00044092289597126686,-0.03465251824419944,-0.03219117380294988,0.002461344441249562,0.03419619754335825,0.07888233996894545,0.044686142425587196
Ti3SiC2_Ti4f_id0003_z_m020A_k10x10x4_v19,MACE-MP-0b3-medium,Ti3SiC2_bulk_parent_v19,numerical_pure_phase_control_not_training_or_independent_validation,21,22,C,0.0,3.53051455,10.0841667,0.03523255723345542,0.00046779807083883947,3.17221117621684e-05,-0.00043607595907667107,-0.0007595085678694379,-0.00030567769543039043,0.00045383087243904745,0.08753577414532135,0.12276270935839159,0.03522693521307024
Ti3SiC2_Ti4f_id0003_z_m020A_k10x10x4_v19,MACE-MP-0b3-medium,Ti3SiC2_bulk_parent_v19,numerical_pure_phase_control_not_training_or_independent_validation,22,23,C,-1.52875,4.41310347,7.5393333,0.031829137459019156,-0.0005313399491091672,-2.2174204217047472e-07,0.0005311182070669967,0.0007644629105371468,-0.00023918571799358347,-0.0010036486285307303,-0.08929206680467382,-0.12110094283426195,-0.03180887602958814
Ti3SiC2_Ti4f_id0003_z_m020A_k10x10x4_v19,MACE-MP-0b3-medium,Ti3SiC2_bulk_parent_v19,numerical_pure_phase_control_not_training_or_independent_validation,23,24,C,1.529e-05,3.53048807,16.3510833,0.03280160137545332,-0.0017389416506837115,-0.002705478842025968,-0.0009665371913422564,-0.0011645796752217778,-0.0012379483015263293,-7.33686263045515e-05,-0.08579157762359761,-0.11857885374859109,-0.03278727612499348
Ti3SiC2_Ti4f_id0003_z_m020A_k10x10x4_v19,MACE-MP-0b3-medium,Ti3SiC2_bulk_parent_v19,numerical_pure_phase_control_not_training_or_independent_validation,24,25,Ti,3.0575,0.0,0.0,0.012239633491155902,0.026998431132721545,0.021629391610195125,-0.0053690395225264205,-0.015587700512065183,-0.012487744021848757,0.0030999564902164257,-0.04283749416294593,-0.03228418603884856,0.010553308124097369
Ti3SiC2_Ti4f_id0003_z_m020A_k10x10x4_v19,MACE-MP-0b3-medium,Ti3SiC2_bulk_parent_v19,numerical_pure_phase_control_not_training_or_independent_validation,25,26,Ti,3.0575,0.0,8.81175,0.0016812575328165474,0.0011226916688900175,-7.470988084086718e-05,-0.0011974015497308846,-0.0006481885922249718,4.321616132358557e-05,0.0006914047535485574,-0.0005277001754465684,0.00042875990585579236,0.0009564600813023608
Ti3SiC2_Ti4f_id0003_z_m020A_k10x10x4_v19,MACE-MP-0b3-medium,Ti3SiC2_bulk_parent_v19,numerical_pure_phase_control_not_training_or_independent_validation,26,27,Ti,4.58626529,0.8826154,2.38798425,0.05347318418328685,0.0007471174972183493,-0.00020533893904016182,-0.0009524564362585112,-0.014510249101911009,-0.009538968152618755,0.004971280949292254,-0.03477693060956925,-0.0880100088519549,-0.05323307824238565
Ti3SiC2_Ti4f_id0003_z_m020A_k10x10x4_v19,MACE-MP-0b3-medium,Ti3SiC2_bulk_parent_v19,numerical_pure_phase_control_not_training_or_independent_validation,27,28,Ti,3.0575,1.7652308,11.19973425,0.05751752688048549,-0.0008242149352486394,-2.708491721040188e-05,0.0007971300180382375,0.0010718607778190323,0.00022482898506969806,-0.0008470317927493342,-0.04352893646437693,-0.10103470156078953,-0.0575057650964126
Ti3SiC2_Ti4f_id0003_z_m020A_k10x10x4_v19,MACE-MP-0b3-medium,Ti3SiC2_bulk_parent_v19,numerical_pure_phase_control_not_training_or_independent_validation,28,29,Ti,4.58625,0.88264188,6.42376575,0.058215504751802725,0.001049479061809607,2.5176504862797125e-06,-0.0010469614113233273,0.0001984629037864571,0.0011345361872587226,0.0009360732834722656,0.04016125379185492,0.09835981590569357,0.05819856211383864
Ti3SiC2_Ti4f_id0003_z_m020A_k10x10x4_v19,MACE-MP-0b3-medium,Ti3SiC2_bulk_parent_v19,numerical_pure_phase_control_not_training_or_independent_validation,29,30,Ti,3.05748471,1.76525727,15.23551575,0.04665895655748475,0.0007695407057757656,0.0011107617047647757,0.00034122099898901005,0.0013113877066313095,0.00040083077770050645,-0.000910556928930803,0.051836116487908444,0.0984849394242085,0.04664882293630005
Ti3SiC2_Ti4f_id0003_z_m020A_k10x10x4_v19,MACE-MP-0b3-medium,Ti3SiC2_bulk_parent_v19,numerical_pure_phase_control_not_training_or_independent_validation,30,31,Si,3.0575,0.0,4.405875,0.0077038607265503805,-0.026348972790291025,-0.02110693323283936,0.005242039557451665,0.01522277167586742,0.012196702419958145,-0.0030260692559092757,-0.031131639039193526,-0.026365781694429838,0.004765857344763688
Ti3SiC2_Ti4f_id0003_z_m020A_k10x10x4_v19,MACE-MP-0b3-medium,Ti3SiC2_bulk_parent_v19,numerical_pure_phase_control_not_training_or_independent_validation,31,32,Si,3.0575,0.0,13.217625,0.001302780504417551,0.000445572827551097,0.0006313999202729573,0.00018582709272186025,-0.00026728768880921534,-0.00037497558374957867,-0.00010768789494036333,-0.0022756386453494804,-0.0009906839179040722,0.0012849547274454082
Ti3SiC2_Ti4f_id0003_z_m020A_k10x10x4_v19,MACE-MP-0b3-medium,Ti3SiC2_bulk_parent_v19,numerical_pure_phase_control_not_training_or_independent_validation,32,33,C,3.05748471,1.76525727,1.2724167,0.04475806544787085,0.02993660059160698,0.028018501213883718,-0.0019180993777232619,0.017474729407687076,0.015852181090461777,-0.0016225483172252995,0.03419479256473262,0.07888229254371262,0.04468749997898
Ti3SiC2_Ti4f_id0003_z_m020A_k10x10x4_v19,MACE-MP-0b3-medium,Ti3SiC2_bulk_parent_v19,numerical_pure_phase_control_not_training_or_independent_validation,33,34,C,4.58625,0.88264188,10.0841667,0.03523216667767667,0.0005223540292276941,2.2595099259953363e-07,-0.0005221280782350946,-0.0006651602553572501,-0.0003602874442772822,0.0003048728110799679,0.08753572901202537,0.12276270736161665,0.03522697834959128
Ti3SiC2_Ti4f_id0003_z_m020A_k10x10x4_v19,MACE-MP-0b3-medium,Ti3SiC2_bulk_parent_v19,numerical_pure_phase_control_not_training_or_independent_validation,34,35,C,3.0575,1.7652308,7.5393333,0.03182612128653574,-0.0005582802531756709,0.0004873755133202183,0.0010456557664958893,0.000717846558788666,0.0006052342416286494,-0.00011261231716001656,-0.08929212622754619,-0.12110086588552857,-0.03180873965798238
Ti3SiC2_Ti4f_id0003_z_m020A_k10x10x4_v19,MACE-MP-0b3-medium,Ti3SiC2_bulk_parent_v19,numerical_pure_phase_control_not_training_or_independent_validation,35,36,C,4.58626529,0.8826154,16.3510833,0.03280173344231635,0.0001339133661538659,-0.00028044928614467084,-0.00041436265229853673,0.002079344046957182,0.002962307505262515,0.000882963458305333,-0.08579160555169828,-0.11857883471099828,-0.032787229159300005
Ti3SiC2_Ti4f_id0003_z_m020A_k10x10x4_v19,MACE-MP-0b3-medium,Ti3SiC2_bulk_parent_v19,numerical_pure_phase_control_not_training_or_independent_validation,36,37,Ti,1.52875,2.64787267,0.0,0.012187498954366528,-4.874218609021955e-07,-9.996670286471147e-07,-5.122451677449192e-07,0.03115573952777584,0.02497446199112858,-0.00618127753664726,-0.04278598793336078,-0.032282324833506994,0.010503663099853788
Ti3SiC2_Ti4f_id0003_z_m020A_k10x10x4_v19,MACE-MP-0b3-medium,Ti3SiC2_bulk_parent_v19,numerical_pure_phase_control_not_training_or_independent_validation,37,38,Ti,1.52875,2.64787267,8.81175,0.0016878488719280402,-6.296086405178525e-06,-6.046330069324306e-09,6.290040075109201e-06,0.0012947352132090144,-8.626080230561117e-05,-0.0013809960155146256,-0.0005416278856045484,0.00042875567515755547,0.0009703835607621039
Ti3SiC2_Ti4f_id0003_z_m020A_k10x10x4_v19,MACE-MP-0b3-medium,Ti3SiC2_bulk_parent_v19,numerical_pure_phase_control_not_training_or_independent_validation,38,39,Ti,3.05751529,3.53048807,2.38798425,0.05339264440140287,-0.011475637542288095,-0.008572021511755788,0.002903616030532307,0.00662861849049217,0.004952037855749949,-0.001676580634742221,-0.03472253584630774,-0.0880098004364244,-0.05328726459011666
Ti3SiC2_Ti4f_id0003_z_m020A_k10x10x4_v19,MACE-MP-0b3-medium,Ti3SiC2_bulk_parent_v19,numerical_pure_phase_control_not_training_or_independent_validation,39,40,Ti,1.52875,4.41310347,11.19973425,0.0579004125810938,-0.0010389441409900816,-2.6005119766981874e-06,0.0010363436290133834,0.0009304003462158835,0.0002389813713294395,-0.000691418974886444,-0.043104247673467516,-0.10099125579052826,-0.05788700811706074
Ti3SiC2_Ti4f_id0003_z_m020A_k10x10x4_v19,MACE-MP-0b3-medium,Ti3SiC2_bulk_parent_v19,numerical_pure_phase_control_not_training_or_independent_validation,40,41,Ti,3.0575,3.53051455,6.42376575,0.058266798300079886,0.002025232154443496,0.0011921920343829944,-0.0008330401200605014,-0.0014997615765473078,-0.0009256514029173739,0.0005741101736299339,0.04010179931295695,0.09835981357545218,0.058258014262495224
Ti3SiC2_Ti4f_id0003_z_m020A_k10x10x4_v19,MACE-MP-0b3-medium,Ti3SiC2_bulk_parent_v19,numerical_pure_phase_control_not_training_or_independent_validation,41,42,Ti,1.52873471,4.41312995,15.23551575,0.05651723226442854,-0.0007182879004566,0.0002055759650823304,0.0009238638655389304,0.00041132216818631155,-0.00012173968060375222,-0.0005330618487900638,0.049146172578771345,0.10565333905749932,0.05650716647872798
Ti3SiC2_Ti4f_id0003_z_m020A_k10x10x4_v19,MACE-MP-0b3-medium,Ti3SiC2_bulk_parent_v19,numerical_pure_phase_control_not_training_or_independent_validation,42,43,Si,1.52875,2.64787267,4.405875,0.006866004546097928,-0.0006173136044217556,9.4061973880124e-06,0.000626719801809768,-0.029253275826276192,-0.024376361434052148,0.0048769143922240445,-0.03115641977132663,-0.026364244197750998,0.004792175573575631
Ti3SiC2_Ti4f_id0003_z_m020A_k10x10x4_v19,MACE-MP-0b3-medium,Ti3SiC2_bulk_parent_v19,numerical_pure_phase_control_not_training_or_independent_validation,43,44,Si,1.52875,2.64787267,13.217625,0.0020097055482387756,0.0006381255587462391,-9.019443744205338e-06,-0.0006471450024904444,-0.0006645244327727921,0.0007343340251483996,0.0013988584579211916,-0.002280362834001423,-0.0009906672299631266,0.0012896956040382962
Ti3SiC2_Ti4f_id0003_z_m020A_k10x10x4_v19,MACE-MP-0b3-medium,Ti3SiC2_bulk_parent_v19,numerical_pure_phase_control_not_training_or_independent_validation,44,45,C,1.52873471,4.41312995,1.2724167,0.032513901155684206,-0.00016848395193298557,0.0002803258310644526,0.00044880978299743815,0.00010330605027247048,-0.00016214480781894257,-0.00026545085809141306,0.08974098217523088,0.12225070185999942,0.03250971968476854
Ti3SiC2_Ti4f_id0003_z_m020A_k10x10x4_v19,MACE-MP-0b3-medium,Ti3SiC2_bulk_parent_v19,numerical_pure_phase_control_not_training_or_independent_validation,45,46,C,3.0575,3.53051455,10.0841667,0.0352087245483332,0.0005935743376706085,-3.126313019732592e-05,-0.0006248374678679344,-0.0007691710755544181,-0.00030568178265004365,0.00046348929290437445,0.08756258234784033,0.1227627107586077,0.035200128410767376
Ti3SiC2_Ti4f_id0003_z_m020A_k10x10x4_v19,MACE-MP-0b3-medium,Ti3SiC2_bulk_parent_v19,numerical_pure_phase_control_not_training_or_independent_validation,46,47,C,1.52875,4.41310347,7.5393333,0.037154416818255334,-0.0005307729585570393,-2.396028666025278e-07,0.0005305333556904368,0.0007329826659823986,0.00032386947158114253,-0.0004091131944012561,-0.0853412920695987,-0.12248966820984636,-0.03714837614024766
Ti3SiC2_Ti4f_id0003_z_m020A_k10x10x4_v19,MACE-MP-0b3-medium,Ti3SiC2_bulk_parent_v19,numerical_pure_phase_control_not_training_or_independent_validation,47,48,C,3.05751529,3.53048807,16.3510833,0.032740338583260024,0.002028358758760042,0.0021446243650138763,0.0001162656062538344,-0.00117705940359807,-0.0012379737540157722,-6.0914350417702254e-05,-0.08583856610552579,-0.11857864158340489,-0.032740075477879105
Ti3SiC2_Ti4f_id0003_z_p020A_k10x10x4_v19,MACE-MP-0b3-medium,Ti3SiC2_bulk_parent_v19,numerical_pure_phase_control_not_training_or_independent_validation,0,1,Ti,0.0,0.0,0.0,0.011905570974797847,0.02569219388137157,0.020487271802436997,-0.005204922078934575,0.014827817080156463,0.011827130819436753,-0.0030006862607197104,0.04131916538676144,0.031040678710557774,-0.010278486676203666
Ti3SiC2_Ti4f_id0003_z_p020A_k10x10x4_v19,MACE-MP-0b3-medium,Ti3SiC2_bulk_parent_v19,numerical_pure_phase_control_not_training_or_independent_validation,1,2,Ti,0.0,0.0,8.81175,0.0016120490244263103,0.0011394564556914705,-8.349529234738453e-05,-0.0012229517480388551,0.0006503685403001502,-4.826669560662746e-05,-0.0006986352359067777,0.0003573016066320288,-0.00042691767792555496,-0.0007842192845575837
Ti3SiC2_Ti4f_id0003_z_p020A_k10x10x4_v19,MACE-MP-0b3-medium,Ti3SiC2_bulk_parent_v19,numerical_pure_phase_control_not_training_or_independent_validation,2,3,Ti,1.52876529,0.8826154,2.40798425,0.01603554871424832,0.000748692146017165,-0.0001942377426573218,-0.0009429298886744868,-0.00042765001676452376,0.00011527105791145787,0.0005429210746759816,-0.39057548681775406,-0.37457689492662977,0.015998591891124292
Ti3SiC2_Ti4f_id0003_z_p020A_k10x10x4_v19,MACE-MP-0b3-medium,Ti3SiC2_bulk_parent_v19,numerical_pure_phase_control_not_training_or_independent_validation,3,4,Ti,0.0,1.7652308,11.19973425,0.05572881638737009,-0.000727202292181856,-3.460504024531386e-05,0.0006925972519365421,0.00075035453047053,0.00025740609997352464,-0.0004929484304970053,-0.045185557645194434,-0.10090788967489944,-0.05572233202970501
Ti3SiC2_Ti4f_id0003_z_p020A_k10x10x4_v19,MACE-MP-0b3-medium,Ti3SiC2_bulk_parent_v19,numerical_pure_phase_control_not_training_or_independent_validation,4,5,Ti,1.52875,0.88264188,6.42376575,0.07429367404119921,0.0009664131988676812,2.5324789538956095e-06,-0.0009638807199137856,-0.0008881650870737304,-0.00023904804729472841,0.000649117039779002,0.02747252024682903,0.10175710534741639,0.07428458510058736
Ti3SiC2_Ti4f_id0003_z_p020A_k10x10x4_v19,MACE-MP-0b3-medium,Ti3SiC2_bulk_parent_v19,numerical_pure_phase_control_not_training_or_independent_validation,5,6,Ti,-1.529e-05,1.76525727,15.23551575,0.06682947332512834,0.0008595350366339405,0.0010681238091381762,0.0002085887725042357,-0.0004995856452919338,-0.0006195863344735557,-0.00012000068918162192,0.0366841825723281,0.10351322263331222,0.06682904006098413
Ti3SiC2_Ti4f_id0003_z_p020A_k10x10x4_v19,MACE-MP-0b3-medium,Ti3SiC2_bulk_parent_v19,numerical_pure_phase_control_not_training_or_independent_validation,6,7,Si,0.0,0.0,4.405875,0.009129118883723582,-0.02783201487527108,-0.021904485503342865,0.005927529371928215,-0.015266978688400878,-0.012646285794799664,0.0026206928936012147,0.03328542291774602,0.026856023576010052,-0.006429399341735968
Ti3SiC2_Ti4f_id0003_z_p020A_k10x10x4_v19,MACE-MP-0b3-medium,Ti3SiC2_bulk_parent_v19,numerical_pure_phase_control_not_training_or_independent_validation,7,8,Si,0.0,0.0,13.217625,0.0016890733120869218,0.0004230134110241956,0.0006313783641468053,0.0002083649531226097,-0.0005338399061086595,0.00036455954875206883,0.0008983994548607283,0.002327058111842653,0.0009119852799995557,-0.0014150728318430973
Ti3SiC2_Ti4f_id0003_z_p020A_k10x10x4_v19,MACE-MP-0b3-medium,Ti3SiC2_bulk_parent_v19,numerical_pure_phase_control_not_training_or_independent_validation,8,9,C,-1.529e-05,1.76525727,1.2724167,0.024887326600331498,0.026646614601444237,0.024496322141388457,-0.0021502924600557798,-0.015378129738553101,-0.014143120171581815,0.0012350095669712863,0.1404050061970907,0.16516848775799575,0.02476348156090505
Ti3SiC2_Ti4f_id0003_z_p020A_k10x10x4_v19,MACE-MP-0b3-medium,Ti3SiC2_bulk_parent_v19,numerical_pure_phase_control_not_training_or_independent_validation,9,10,C,1.52875,0.88264188,10.0841667,0.034784987084847466,0.0004661862756610978,2.2666869193258997e-07,-0.0004659596069691652,-0.00069570916000077,-0.00032389613147183163,0.00037181302852893835,0.08900281466499209,0.12378269337682049,0.0347798787118284
Ti3SiC2_Ti4f_id0003_z_p020A_k10x10x4_v19,MACE-MP-0b3-medium,Ti3SiC2_bulk_parent_v19,numerical_pure_phase_control_not_training_or_independent_validation,10,11,C,0.0,1.7652308,7.5393333,0.037366390632069195,-0.0005365619199512352,0.0005067005888505388,0.0010432625088017738,0.0007360624810578201,3.124981004367408e-05,-0.000704812671014146,-0.08748064803257215,-0.12482582163378728,-0.03734517360121513
Ti3SiC2_Ti4f_id0003_z_p020A_k10x10x4_v19,MACE-MP-0b3-medium,Ti3SiC2_bulk_parent_v19,numerical_pure_phase_control_not_training_or_independent_validation,11,12,C,1.52876529,0.8826154,16.3510833,0.03815706398958324,0.00010305323107838714,-0.00028048913228132443,-0.0003835423633597116,-6.548256461988719e-05,0.00016214234313423402,0.00022762490775412122,-0.07941180256461984,-0.11756625989875091,-0.03815445733413107
Ti3SiC2_Ti4f_id0003_z_p020A_k10x10x4_v19,MACE-MP-0b3-medium,Ti3SiC2_bulk_parent_v19,numerical_pure_phase_control_not_training_or_independent_validation,12,13,Ti,-1.52875,2.64787267,0.0,0.009954479142978801,-3.432769924951804e-05,1.5055153608170167e-07,3.447825078559974e-05,1.9967719634435725e-05,-4.6525422364544766e-08,-2.001424505680027e-05,0.013758126482603212,0.003803727169323805,-0.009954399313279407
Ti3SiC2_Ti4f_id0003_z_p020A_k10x10x4_v19,MACE-MP-0b3-medium,Ti3SiC2_bulk_parent_v19,numerical_pure_phase_control_not_training_or_independent_validation,13,14,Ti,-1.52875,2.64787267,8.81175,0.0006293955009343124,-1.396616192912436e-05,-2.9044769444759606e-09,1.3963257452179884e-05,8.150557657156118e-06,-1.966686894046797e-08,-8.170224526096586e-06,-0.0001487802923534356,0.00048040725637021116,0.0006291875487236467
Ti3SiC2_Ti4f_id0003_z_p020A_k10x10x4_v19,MACE-MP-0b3-medium,Ti3SiC2_bulk_parent_v19,numerical_pure_phase_control_not_training_or_independent_validation,14,15,Ti,1.529e-05,3.53048807,2.38798425,0.05957069248627141,-0.011896188738869242,-0.008588155135320841,0.0033080336035484006,-0.007660178078768525,-0.004717436068348745,0.0029427420104197795,-0.05461146935607385,-0.11401739992223717,-0.05940593056616332
Ti3SiC2_Ti4f_id0003_z_p020A_k10x10x4_v19,MACE-MP-0b3-medium,Ti3SiC2_bulk_parent_v19,numerical_pure_phase_control_not_training_or_independent_validation,15,16,Ti,-1.52875,4.41310347,11.19973425,0.05580216283344883,-0.0009575460291416012,-2.5995463508045433e-06,0.0009549464827907966,0.0011599258794530217,0.00020203656412106003,-0.0009578893153319617,-0.0451221264663396,-0.10090789438402015,-0.05578576791768055
Ti3SiC2_Ti4f_id0003_z_p020A_k10x10x4_v19,MACE-MP-0b3-medium,Ti3SiC2_bulk_parent_v19,numerical_pure_phase_control_not_training_or_independent_validation,16,17,Ti,0.0,3.53051455,6.42376575,0.054777051856494924,0.002092918146083761,0.0012940658069061774,-0.0007988523391775837,-0.00023581581467178522,0.0005064630612919957,0.000742278875963781,0.04900695656695073,0.10377315295760417,0.05476619639065344
Ti3SiC2_Ti4f_id0003_z_p020A_k10x10x4_v19,MACE-MP-0b3-medium,Ti3SiC2_bulk_parent_v19,numerical_pure_phase_control_not_training_or_independent_validation,17,18,Ti,-1.52876529,4.41312995,15.23551575,0.06695105134652111,-0.0006841907888916911,0.00020564031605916754,0.0008898311049508587,0.00221611179951931,0.0008738803350722408,-0.001342231464447069,0.03658196032667677,0.10351364110420555,0.06693168077752878
Ti3SiC2_Ti4f_id0003_z_p020A_k10x10x4_v19,MACE-MP-0b3-medium,Ti3SiC2_bulk_parent_v19,numerical_pure_phase_control_not_training_or_independent_validation,18,19,Si,-1.52875,2.64787267,4.405875,0.0020771036682844177,-0.000596853434851121,9.1607781404482e-06,0.0006060142129915691,0.00035445012822565635,5.173185436474591e-06,-0.0003492769427891818,0.004530275091854583,0.0064860644567118104,0.001955789364857227
Ti3SiC2_Ti4f_id0003_z_p020A_k10x10x4_v19,MACE-MP-0b3-medium,Ti3SiC2_bulk_parent_v19,numerical_pure_phase_control_not_training_or_independent_validation,19,20,Si,-1.52875,2.64787267,13.217625,0.0028406049311186458,0.0006154362129188309,-9.038721059017782e-06,-0.0006244749339778487,-0.0003652895623101791,-5.222820192465254e-06,0.00036006674211771383,0.0023488584078105333,-0.00039876226701881167,-0.002747620674829345
Ti3SiC2_Ti4f_id0003_z_p020A_k10x10x4_v19,MACE-MP-0b3-medium,Ti3SiC2_bulk_parent_v19,numerical_pure_phase_control_not_training_or_independent_validation,20,21,C,-1.52876529,4.41312995,1.2724167,0.024995688459444335,-0.00012257844546174033,0.00028002489207643857,0.0004026033375381789,0.0310126226638054,0.027814045884043084,-0.0031985767797623153,0.14038893832632013,0.16517585944811675,0.024786921121796618
Ti3SiC2_Ti4f_id0003_z_p020A_k10x10x4_v19,MACE-MP-0b3-medium,Ti3SiC2_bulk_parent_v19,numerical_pure_phase_control_not_training_or_independent_validation,21,22,C,0.0,3.53051455,10.0841667,0.03391597260057658,0.0005433918147233236,-3.413270880338283e-05,-0.0005775245235267064,-0.0006778725885563655,-0.0003436827559933557,0.0003341898325630098,0.0892560833293645,0.12316549175864261,0.033909408429278115
Ti3SiC2_Ti4f_id0003_z_p020A_k10x10x4_v19,MACE-MP-0b3-medium,Ti3SiC2_bulk_parent_v19,numerical_pure_phase_control_not_training_or_independent_validation,22,23,C,-1.52875,4.41310347,7.5393333,0.037353751448413824,-0.0004799126730601716,-2.3359787059948342e-07,0.0004796790751895721,0.0006299982874144491,0.0009092476419989527,0.00027924935458450355,-0.08747607278335823,-0.12482570029224602,-0.03734962750888779
Ti3SiC2_Ti4f_id0003_z_p020A_k10x10x4_v19,MACE-MP-0b3-medium,Ti3SiC2_bulk_parent_v19,numerical_pure_phase_control_not_training_or_independent_validation,23,24,C,1.529e-05,3.53048807,16.3510833,0.036547619114013115,0.0020021744053733597,0.002145087755269807,0.00014291334989644747,0.0009733806876302146,0.0015624431757128587,0.0005890624880826441,-0.09099266883179045,-0.12753526102312976,-0.036542592191339304
Ti3SiC2_Ti4f_id0003_z_p020A_k10x10x4_v19,MACE-MP-0b3-medium,Ti3SiC2_bulk_parent_v19,numerical_pure_phase_control_not_training_or_independent_validation,24,25,Ti,3.0575,0.0,0.0,0.011969626192038424,-0.02571039830085919,-0.02048762274686432,0.00522277555399487,0.014844040100475284,0.011828517467134692,-0.0030155226333405914,0.04138180395262649,0.031042500787638223,-0.01033930316498827
Ti3SiC2_Ti4f_id0003_z_p020A_k10x10x4_v19,MACE-MP-0b3-medium,Ti3SiC2_bulk_parent_v19,numerical_pure_phase_control_not_training_or_independent_validation,25,26,Ti,3.0575,0.0,8.81175,0.0016064985025565387,-0.0011392949824445087,8.348624483139023e-05,0.0012227812272758989,0.0006578602206927867,-4.825405229025957e-05,-0.0007061142729830462,0.00033925734103724904,-0.0004269320235637433,-0.0007661893646009923
Ti3SiC2_Ti4f_id0003_z_p020A_k10x10x4_v19,MACE-MP-0b3-medium,Ti3SiC2_bulk_parent_v19,numerical_pure_phase_control_not_training_or_independent_validation,26,27,Ti,4.58626529,0.8826154,2.38798425,0.05957098107111075,0.0006889886339400432,-0.0002060547190758824,-0.0008950433530159256,0.014137528020466094,0.00980069614717678,-0.0043368318732893135,-0.054611244203638845,-0.11401741031856061,-0.05940616611492176
Ti3SiC2_Ti4f_id0003_z_p020A_k10x10x4_v19,MACE-MP-0b3-medium,Ti3SiC2_bulk_parent_v19,numerical_pure_phase_control_not_training_or_independent_validation,27,28,Ti,3.0575,1.7652308,11.19973425,0.055801309021469576,-0.0011969738418715185,2.940186146152329e-05,0.0012263757033330418,0.0007451104821706245,0.0002574037408739525,-0.000487706741296672,-0.045122176287389126,-0.10090787546987057,-0.05578569918248144
Ti3SiC2_Ti4f_id0003_z_p020A_k10x10x4_v19,MACE-MP-0b3-medium,Ti3SiC2_bulk_parent_v19,numerical_pure_phase_control_not_training_or_independent_validation,28,29,Ti,4.58625,0.88264188,6.42376575,0.05477672436410745,0.0009643327047121899,2.68636823369725e-06,-0.0009616463364784927,-0.002190171564431154,-0.001729986325343393,0.000460185239087761,0.04900689859000047,0.10377324772823193,0.05476634913823146
Ti3SiC2_Ti4f_id0003_z_p020A_k10x10x4_v19,MACE-MP-0b3-medium,Ti3SiC2_bulk_parent_v19,numerical_pure_phase_control_not_training_or_independent_validation,29,30,Ti,3.05748471,1.76525727,15.23551575,0.06695106883667169,-0.0022644112357828074,-0.0006566207358487054,0.001607790499934102,-0.0005206550140573667,-0.0006194579133917068,-9.880289933434012e-05,0.036581935525348074,0.1035136235816653,0.06693168805631722
Ti3SiC2_Ti4f_id0003_z_p020A_k10x10x4_v19,MACE-MP-0b3-medium,Ti3SiC2_bulk_parent_v19,numerical_pure_phase_control_not_training_or_independent_validation,30,31,Si,3.0575,0.0,4.405875,0.008335043737230189,0.02654538092671314,0.02192360742372678,-0.00462177350298636,-0.015316207866579402,-0.012647301519907339,0.002668906346672063,0.03325990300514677,0.026857629760327635,-0.006402273244819137
Ti3SiC2_Ti4f_id0003_z_p020A_k10x10x4_v19,MACE-MP-0b3-medium,Ti3SiC2_bulk_parent_v19,numerical_pure_phase_control_not_training_or_independent_validation,31,32,Si,3.0575,0.0,13.217625,0.002230286289220723,0.0008469186789172483,-0.0006494757706133913,-0.0014963944495306396,-0.0004989364605904767,0.000364523143491607,0.0008634596040820837,0.0023224571308402687,0.0009119897985641015,-0.0014104673322761672
Ti3SiC2_Ti4f_id0003_z_p020A_k10x10x4_v19,MACE-MP-0b3-medium,Ti3SiC2_bulk_parent_v19,numerical_pure_phase_control_not_training_or_independent_validation,32,33,C,3.05748471,1.76525727,1.2724167,0.0249935772448195,-0.02691533693834833,-0.023947939797285878,0.0029673971410624535,-0.015391733143311995,-0.014149856376535375,0.0012418767667766208,0.14039019055614788,0.1651758961098761,0.02478570555372822
Ti3SiC2_Ti4f_id0003_z_p020A_k10x10x4_v19,MACE-MP-0b3-medium,Ti3SiC2_bulk_parent_v19,numerical_pure_phase_control_not_training_or_independent_validation,33,34,C,4.58625,0.88264188,10.0841667,0.033916385013515106,0.0004893720024548278,2.2981745214686598e-07,-0.0004891421850026808,-0.0007714409327704353,-0.00028419410895485554,0.00048724682381557976,0.08925614611191794,0.12316550326950093,0.03390935715758299
Ti3SiC2_Ti4f_id0003_z_p020A_k10x10x4_v19,MACE-MP-0b3-medium,Ti3SiC2_bulk_parent_v19,numerical_pure_phase_control_not_training_or_independent_validation,34,35,C,3.0575,1.7652308,7.5393333,0.03735664037119984,-0.00041632353524660384,-0.0005071700566219213,-9.084652137531744e-05,0.0007400713506755471,3.124849726514529e-05,-0.0007088228534104018,-0.08747596095295762,-0.12482576546242186,-0.037349804509464235
Ti3SiC2_Ti4f_id0003_z_p020A_k10x10x4_v19,MACE-MP-0b3-medium,Ti3SiC2_bulk_parent_v19,numerical_pure_phase_control_not_training_or_independent_validation,35,36,C,4.58626529,0.8826154,16.3510833,0.03654750968250371,0.0001529288600285182,-0.0002803741193924132,-0.0004333029794209314,-0.002229759810601471,-0.002638602003794926,-0.00040884219319345513,-0.0909925824868043,-0.1275352364761055,-0.03654265398930122
Ti3SiC2_Ti4f_id0003_z_p020A_k10x10x4_v19,MACE-MP-0b3-medium,Ti3SiC2_bulk_parent_v19,numerical_pure_phase_control_not_training_or_independent_validation,36,37,Ti,1.52875,2.64787267,0.0,0.011905769205318198,4.945237988042196e-06,1.0253999039561796e-06,-3.919838084086016e-06,-0.02966405974862105,-0.023656038521026046,0.006008021227595004,0.041319349373797165,0.031040681856363772,-0.010278667517433393
Ti3SiC2_Ti4f_id0003_z_p020A_k10x10x4_v19,MACE-MP-0b3-medium,Ti3SiC2_bulk_parent_v19,numerical_pure_phase_control_not_training_or_independent_validation,37,38,Ti,1.52875,2.64787267,8.81175,0.001612003764979763,6.571160152989828e-06,6.425151719046188e-09,-6.5647350012707814e-06,-0.0013119161624803167,9.649330102921876e-05,0.0014084094635095354,0.0003572345335502754,-0.00042691840157148796,-0.0007841529351217634
Ti3SiC2_Ti4f_id0003_z_p020A_k10x10x4_v19,MACE-MP-0b3-medium,Ti3SiC2_bulk_parent_v19,numerical_pure_phase_control_not_training_or_independent_validation,38,39,Ti,3.05751529,3.53048807,2.38798425,0.059650575428629914,0.013297771515822718,0.008176501447691527,-0.005121270068131191,-0.007673804211836997,-0.004717699190717466,0.002956105021119531,-0.05466094036290986,-0.11401770227728691,-0.059356761914377054
Ti3SiC2_Ti4f_id0003_z_p020A_k10x10x4_v19,MACE-MP-0b3-medium,Ti3SiC2_bulk_parent_v19,numerical_pure_phase_control_not_training_or_independent_validation,39,40,Ti,1.52875,4.41310347,11.19973425,0.055410445711977306,-0.0009743467493376112,-2.6042223602333256e-06,0.0009717425269773779,0.0008930919827848072,0.0002389762978560185,-0.0006541156849287887,-0.0455602025524217,-0.10095826518219223,-0.055398062629770525
Ti3SiC2_Ti4f_id0003_z_p020A_k10x10x4_v19,MACE-MP-0b3-medium,Ti3SiC2_bulk_parent_v19,numerical_pure_phase_control_not_training_or_independent_validation,40,41,Ti,3.0575,3.53051455,6.42376575,0.05472588020227591,-0.00015937059160115304,-0.001288713029951656,-0.001129342438350503,-0.0002386351079722256,0.000506474585538872,0.0007451096935110976,0.04906409295365403,0.10377324539742189,0.05470915244376786
Ti3SiC2_Ti4f_id0003_z_p020A_k10x10x4_v19,MACE-MP-0b3-medium,Ti3SiC2_bulk_parent_v19,numerical_pure_phase_control_not_training_or_independent_validation,41,42,Ti,1.52873471,4.41312995,15.23551575,0.0570160236047972,-0.0007138290559743456,0.00020580347976648615,0.0009196325357408318,0.0004085264466721173,-0.00012187322874351782,-0.0005303996754156351,0.03950147102353747,0.09650761016561862,0.05700613914208116
Ti3SiC2_Ti4f_id0003_z_p020A_k10x10x4_v19,MACE-MP-0b3-medium,Ti3SiC2_bulk_parent_v19,numerical_pure_phase_control_not_training_or_independent_validation,42,43,Si,1.52875,2.64787267,4.405875,0.009128822580186338,-0.0006859425860160825,8.681325018394316e-06,0.0006946239110344768,0.03175200682824008,0.02530884068058822,-0.00644316614765186,0.03328550033661278,0.02685599729854738,-0.006429503038065401
Ti3SiC2_Ti4f_id0003_z_p020A_k10x10x4_v19,MACE-MP-0b3-medium,Ti3SiC2_bulk_parent_v19,numerical_pure_phase_control_not_training_or_independent_validation,43,44,Si,1.52875,2.64787267,13.217625,0.0016895096495664062,0.0006652023430227098,-9.080231154418565e-06,-0.0006742825741771284,-0.00011436910187871723,-0.0007447356104712476,-0.0006303665085925303,0.0023270726651181605,0.0009120023732301818,-0.0014150702918879787
Ti3SiC2_Ti4f_id0003_z_p020A_k10x10x4_v19,MACE-MP-0b3-medium,Ti3SiC2_bulk_parent_v19,numerical_pure_phase_control_not_training_or_independent_validation,44,45,C,1.52873471,4.41312995,1.2724167,0.03709552564301959,-0.00011562878571062868,0.00028050984584358936,0.00039613863155421803,7.257104875979571e-05,-0.00016225065103705636,-0.00023482169979685208,0.08694126843655416,0.12403393557826586,0.03709266714171171
Ti3SiC2_Ti4f_id0003_z_p020A_k10x10x4_v19,MACE-MP-0b3-medium,Ti3SiC2_bulk_parent_v19,numerical_pure_phase_control_not_training_or_independent_validation,45,46,C,3.0575,3.53051455,10.0841667,0.03394356432527485,0.00041864784459831324,3.458509576144257e-05,-0.00038406274883687067,-0.000668224253190127,-0.0003436785715976978,0.0003245456815924292,0.08922565016202685,0.12316548995259727,0.033939839790570414
Ti3SiC2_Ti4f_id0003_z_p020A_k10x10x4_v19,MACE-MP-0b3-medium,Ti3SiC2_bulk_parent_v19,numerical_pure_phase_control_not_training_or_independent_validation,46,47,C,1.52875,4.41310347,7.5393333,0.03218618966699176,-0.00048105626632327154,-2.1678303080722647e-07,0.0004808394832924643,0.0007041427306629986,0.00032385683673051194,-0.00038028589393248664,-0.09133718771738315,-0.12351753857485129,-0.032180350857468135
Ti3SiC2_Ti4f_id0003_z_p020A_k10x10x4_v19,MACE-MP-0b3-medium,Ti3SiC2_bulk_parent_v19,numerical_pure_phase_control_not_training_or_independent_validation,47,48,C,3.05751529,3.53048807,16.3510833,0.036609152916970776,-0.0017242344830614635,-0.0027058631514819097,-0.0009816286684204462,0.000989497975870287,0.0015624588612515086,0.0005729608853812216,-0.09094394414887946,-0.12753544860386612,-0.036591504454986656
Ti3SiC2_C4f_id0009_z_m020A_k10x10x4_v19,MACE-MP-0b3-medium,Ti3SiC2_bulk_parent_v19,numerical_pure_phase_control_not_training_or_independent_validation,0,1,Ti,0.0,0.0,0.0,0.008545403891591082,-2.667207327708457e-05,-6.939465552933807e-08,2.660267862155523e-05,-0.009984086858508079,-0.002817568003406168,0.0071665188551019105,-0.024735987134778144,-0.02008150247293007,0.004654484661848073
Ti3SiC2_C4f_id0009_z_m020A_k10x10x4_v19,MACE-MP-0b3-medium,Ti3SiC2_bulk_parent_v19,numerical_pure_phase_control_not_training_or_independent_validation,1,2,Ti,0.0,0.0,8.81175,0.0004367504594278262,-9.592153128572792e-06,-5.569587035942633e-09,9.58658354153685e-06,0.0002723851142817545,1.7585798808309946e-06,-0.0002706265344009235,-0.0001367405831508052,-0.000479407097570531,-0.0003426665144197258
Ti3SiC2_C4f_id0009_z_m020A_k10x10x4_v19,MACE-MP-0b3-medium,Ti3SiC2_bulk_parent_v19,numerical_pure_phase_control_not_training_or_independent_validation,2,3,Ti,1.52876529,0.8826154,2.38798425,0.04790111520918314,-0.03774501830070035,-0.030480942465855174,0.007264075834845177,0.021794956358965396,0.01760114879827883,-0.004193807560686567,-0.0962827360720039,-0.14344375831169864,-0.04716102223969475
Ti3SiC2_C4f_id0009_z_m020A_k10x10x4_v19,MACE-MP-0b3-medium,Ti3SiC2_bulk_parent_v19,numerical_pure_phase_control_not_training_or_independent_validation,3,4,Ti,0.0,1.7652308,11.19973425,0.05738412102279068,-0.000997086340759233,-2.597793118101592e-06,0.0009944885476411314,0.0009062371746607019,0.00023892632585296872,-0.0006673108488077331,-0.04443693374093751,-0.10180855594493277,-0.057371622203995255
Ti3SiC2_C4f_id0009_z_m020A_k10x10x4_v19,MACE-MP-0b3-medium,Ti3SiC2_bulk_parent_v19,numerical_pure_phase_control_not_training_or_independent_validation,4,5,Ti,1.52875,0.88264188,6.42376575,0.05986813929610446,0.0015378154843467126,0.0008014007442103963,-0.0007364147401363163,-0.001218342668217501,-0.0007001377322994277,0.0005182049359180733,0.04301540875870949,0.10287677576408841,0.05986136700537892
Ti3SiC2_C4f_id0009_z_m020A_k10x10x4_v19,MACE-MP-0b3-medium,Ti3SiC2_bulk_parent_v19,numerical_pure_phase_control_not_training_or_independent_validation,5,6,Ti,-1.529e-05,1.76525727,15.23551575,0.06075871070143696,-0.0007234425596481771,0.00020558352018998745,0.0009290260798381646,0.00041444221096851333,-0.00012159293714277854,-0.0005360351481112919,0.034900000074423905,0.09564924289245316,0.06074924281802926
Ti3SiC2_C4f_id0009_z_m020A_k10x10x4_v19,MACE-MP-0b3-medium,Ti3SiC2_bulk_parent_v19,numerical_pure_phase_control_not_training_or_independent_validation,6,7,Si,0.0,0.0,4.405875,0.003411780651947707,-0.0006400270045217656,8.895284535554527e-06,0.0006489222890573201,0.008130439785601835,0.004873674710428724,-0.003256765075173111,-0.005440525142695048,-0.006223230914298919,-0.0007827057716038709
Ti3SiC2_C4f_id0009_z_m020A_k10x10x4_v19,MACE-MP-0b3-medium,Ti3SiC2_bulk_parent_v19,numerical_pure_phase_control_not_training_or_independent_validation,7,8,Si,0.0,0.0,13.217625,0.0008658443978097227,0.0006296466373585794,-9.045533157189534e-06,-0.000638692170515769,-1.9819010248120374e-05,0.0005610038279059868,0.0005808228381541073,0.00026316698816133163,0.00032952709077536436,6.636010261403273e-05
Ti3SiC2_C4f_id0009_z_m020A_k10x10x4_v19,MACE-MP-0b3-medium,Ti3SiC2_bulk_parent_v19,numerical_pure_phase_control_not_training_or_independent_validation,8,9,C,-1.529e-05,1.76525727,1.2524167,0.020164916071793364,-0.00011893384938754219,0.0002748023086820427,0.00039373615806958487,7.37496135830077e-05,-0.0001588430035492528,-0.0002325926171322605,0.3936045314781197,0.3734448015023796,-0.020159729975740115
Ti3SiC2_C4f_id0009_z_m020A_k10x10x4_v19,MACE-MP-0b3-medium,Ti3SiC2_bulk_parent_v19,numerical_pure_phase_control_not_training_or_independent_validation,9,10,C,1.52875,0.88264188,10.0841667,0.034149063711296467,0.000302137162985977,5.232134848816766e-05,-0.00024981581449780933,-0.0006009857429716566,-0.0003539743228927064,0.0002470114200789502,0.08888312571577825,0.12303038226407745,0.0341472565482992
Ti3SiC2_C4f_id0009_z_m020A_k10x10x4_v19,MACE-MP-0b3-medium,Ti3SiC2_bulk_parent_v19,numerical_pure_phase_control_not_training_or_independent_validation,10,11,C,0.0,1.7652308,7.5393333,0.03523529731151135,-0.0005011303919335746,-2.26468070975731e-07,0.0005009039238625989,0.0007157731182469336,0.0003237923039018728,-0.0003919808143450608,-0.08839016114828166,-0.1236197172472569,-0.03522955609897524
Ti3SiC2_C4f_id0009_z_m020A_k10x10x4_v19,MACE-MP-0b3-medium,Ti3SiC2_bulk_parent_v19,numerical_pure_phase_control_not_training_or_independent_validation,11,12,C,1.52876529,0.8826154,16.3510833,0.0376227022585799,0.008973452468395838,0.009304790537595413,0.00033133806919957536,-0.005186860682522909,-0.005371916179926628,-0.00018505549740371972,-0.10325994071039322,-0.14088072877742516,-0.03762078806703194
Ti3SiC2_C4f_id0009_z_m020A_k10x10x4_v19,MACE-MP-0b3-medium,Ti3SiC2_bulk_parent_v19,numerical_pure_phase_control_not_training_or_independent_validation,12,13,Ti,-1.52875,2.64787267,0.0,0.008576822246665651,-0.008645140319669613,-0.002442669344702236,0.006202470974967377,0.004991167347639493,0.0014103107221105618,-0.003580856625528931,-0.024801190303653912,-0.02008221801267872,0.00471897229097519
Ti3SiC2_C4f_id0009_z_m020A_k10x10x4_v19,MACE-MP-0b3-medium,Ti3SiC2_bulk_parent_v19,numerical_pure_phase_control_not_training_or_independent_validation,13,14,Ti,-1.52875,2.64787267,8.81175,0.0004548465830081439,0.00024198232082247732,1.507658804192197e-06,-0.00024047466201828512,-0.00013962186670368276,-8.2128044150186e-07,0.0001388005862621809,-0.0001191453569371748,-0.0004794115755237233,-0.00036026621858654853
Ti3SiC2_C4f_id0009_z_m020A_k10x10x4_v19,MACE-MP-0b3-medium,Ti3SiC2_bulk_parent_v19,numerical_pure_phase_control_not_training_or_independent_validation,14,15,Ti,1.529e-05,3.53048807,2.38798425,0.04823328570681445,0.0007014787850887903,-0.00020616685897443892,-0.0009076456440632292,-0.04483109090630265,-0.03484894669951222,0.00998214420679043,-0.0962708736683932,-0.1434511961184872,-0.047180322450094
Ti3SiC2_C4f_id0009_z_m020A_k10x10x4_v19,MACE-MP-0b3-medium,Ti3SiC2_bulk_parent_v19,numerical_pure_phase_control_not_training_or_independent_validation,15,16,Ti,-1.52875,4.41310347,11.19973425,0.05646732984814521,-0.0007371049083340641,-2.3744032444600847e-05,0.0007133608758894633,0.0010471291725353792,0.0002267829743989533,-0.0008203461981364259,-0.044721031056440305,-0.10117789501960411,-0.05645686396316381
Ti3SiC2_C4f_id0009_z_m020A_k10x10x4_v19,MACE-MP-0b3-medium,Ti3SiC2_bulk_parent_v19,numerical_pure_phase_control_not_training_or_independent_validation,16,17,Ti,0.0,3.53051455,6.42376575,0.05987862526181526,0.000987490625665271,2.6359018366827695e-06,-0.0009848547238285883,-0.00028130062848123126,0.0006834331394637754,0.0009647337679450066,0.043014148153603105,0.10287690045563846,0.05986275230203536
Ti3SiC2_C4f_id0009_z_m020A_k10x10x4_v19,MACE-MP-0b3-medium,Ti3SiC2_bulk_parent_v19,numerical_pure_phase_control_not_training_or_independent_validation,17,18,Ti,-1.52876529,4.41312995,15.23551575,0.0589382699681285,-0.00011271546752509749,-0.0023357935128573695,-0.002223078045332272,0.000768401872282495,-0.0015890969228952471,-0.002357498795177742,0.04663053363769854,0.10547966099122091,0.05884912735352237
Ti3SiC2_C4f_id0009_z_m020A_k10x10x4_v19,MACE-MP-0b3-medium,Ti3SiC2_bulk_parent_v19,numerical_pure_phase_control_not_training_or_independent_validation,18,19,Si,-1.52875,2.64787267,4.405875,0.002260531713558476,0.006060254152513124,0.004225203972666477,-0.0018350501798466467,-0.0034888028922969035,-0.002428985095337924,0.0010598177969589795,-0.005436066325696568,-0.006223073760666165,-0.000787007434969597
Ti3SiC2_C4f_id0009_z_m020A_k10x10x4_v19,MACE-MP-0b3-medium,Ti3SiC2_bulk_parent_v19,numerical_pure_phase_control_not_training_or_independent_validation,19,20,Si,-1.52875,2.64787267,13.217625,0.0005645906421073855,0.0009673605732137702,0.0004812953427100119,-0.00048606523050375827,-0.0005684174444313361,-0.0002883084702109409,0.0002801089742203952,0.00026598457641932523,0.0003295624610314777,6.357788461215246e-05
Ti3SiC2_C4f_id0009_z_m020A_k10x10x4_v19,MACE-MP-0b3-medium,Ti3SiC2_bulk_parent_v19,numerical_pure_phase_control_not_training_or_independent_validation,20,21,C,-1.52876529,4.41312995,1.2724167,0.04310786945119205,0.0031990209224208783,0.0034706217421174006,0.00027160081969652234,0.002024844803716544,0.0016797146774247382,-0.0003451301262918057,0.09386110989719872,0.1369667420908191,0.04310563219362039
Ti3SiC2_C4f_id0009_z_m020A_k10x10x4_v19,MACE-MP-0b3-medium,Ti3SiC2_bulk_parent_v19,numerical_pure_phase_control_not_training_or_independent_validation,21,22,C,0.0,3.53051455,10.0841667,0.03418929869257688,0.0004985767572899931,2.278952941375421e-07,-0.0004983488619958556,-0.0009434079356452083,-0.0002637071377430992,0.0006797007979021091,0.08885146834717214,0.12303037705308781,0.03417890870591567
Ti3SiC2_C4f_id0009_z_m020A_k10x10x4_v19,MACE-MP-0b3-medium,Ti3SiC2_bulk_parent_v19,numerical_pure_phase_control_not_training_or_independent_validation,22,23,C,-1.52875,4.41310347,7.5393333,0.03424147883475305,-0.0012041871197258857,0.00020412436199558013,0.0014083114817214659,0.0003073584532796412,0.00044182876403065684,0.00013447031075101566,-0.08880692766140488,-0.12301916888142464,-0.03421224122001976
Ti3SiC2_C4f_id0009_z_m020A_k10x10x4_v19,MACE-MP-0b3-medium,Ti3SiC2_bulk_parent_v19,numerical_pure_phase_control_not_training_or_independent_validation,23,24,C,1.529e-05,3.53048807,16.3510833,0.03765524732086069,0.0001447924133085774,-0.00028014226343430295,-0.00042493467674288034,0.010087468603198408,0.011230644349888543,0.0011431757466901348,-0.10324701144492263,-0.14088250307885597,-0.03763549163393334
Ti3SiC2_C4f_id0009_z_m020A_k10x10x4_v19,MACE-MP-0b3-medium,Ti3SiC2_bulk_parent_v19,numerical_pure_phase_control_not_training_or_independent_validation,24,25,Ti,3.0575,0.0,0.0,0.006399192474700327,7.252975178711769e-06,1.2983753595238996e-07,-7.123137642759379e-06,-4.108369220946697e-06,-8.584184263416006e-08,4.0225273783125365e-06,0.0013136664503977566,-0.005085520795530035,-0.006399187245927791
Ti3SiC2_C4f_id0009_z_m020A_k10x10x4_v19,MACE-MP-0b3-medium,Ti3SiC2_bulk_parent_v19,numerical_pure_phase_control_not_training_or_independent_validation,25,26,Ti,3.0575,0.0,8.81175,0.00109463742093378,1.3135769837657488e-05,5.4652740371165306e-09,-1.3130304563620371e-05,-7.536224193926571e-06,2.9308669001460157e-08,7.565532862928031e-06,0.00032549170627781555,-0.0007690408154514952,-0.0010945325217293109
Ti3SiC2_C4f_id0009_z_m020A_k10x10x4_v19,MACE-MP-0b3-medium,Ti3SiC2_bulk_parent_v19,numerical_pure_phase_control_not_training_or_independent_validation,26,27,Ti,4.58626529,0.8826154,2.38798425,0.048232648497525635,0.0391804223408068,0.03007959274838684,-0.009100829592419958,0.021813693850693452,0.017607490418138222,-0.00420620343255523,-0.096272074848998,-0.14345121361285798,-0.047179138763859985
Ti3SiC2_C4f_id0009_z_m020A_k10x10x4_v19,MACE-MP-0b3-medium,Ti3SiC2_bulk_parent_v19,numerical_pure_phase_control_not_training_or_independent_validation,27,28,Ti,3.0575,1.7652308,11.19973425,0.056466509363817266,-0.0009891741929593941,-2.6101992891730097e-06,0.0009865639936702212,0.0006105072807521596,0.0002633385787200479,-0.0003471687020321117,-0.044721066511508506,-0.10117788935084995,-0.05645682283934145
Ti3SiC2_C4f_id0009_z_m020A_k10x10x4_v19,MACE-MP-0b3-medium,Ti3SiC2_bulk_parent_v19,numerical_pure_phase_control_not_training_or_independent_validation,28,29,Ti,4.58625,0.88264188,6.42376575,0.05987784470449902,0.00045110000596441084,-0.0007961976426055276,-0.0012472976485699385,-0.001210305774621685,-0.0007001773972961861,0.0005101283773254989,0.04301417206871691,0.1028768507931995,0.05986267872448259
Ti3SiC2_C4f_id0009_z_m020A_k10x10x4_v19,MACE-MP-0b3-medium,Ti3SiC2_bulk_parent_v19,numerical_pure_phase_control_not_training_or_independent_validation,29,30,Ti,3.05748471,1.76525727,15.23551575,0.058938362738995956,-0.0007248603056495233,0.00020565228798827447,0.0009305125936377978,-0.0002916552210363331,0.0028129746220030786,0.0031046298430394115,0.04663046562243993,0.10547964592432907,0.05884918030188914
Ti3SiC2_C4f_id0009_z_m020A_k10x10x4_v19,MACE-MP-0b3-medium,Ti3SiC2_bulk_parent_v19,numerical_pure_phase_control_not_training_or_independent_validation,30,31,Si,3.0575,0.0,4.405875,0.0023979433474181086,-0.000654905332633751,9.471131126138123e-06,0.000664376463759889,0.0003881025326277616,4.987714164932349e-06,-0.00038311481846282924,-0.006913429118668595,-0.009185423671413576,-0.0022719945527449803
Ti3SiC2_C4f_id0009_z_m020A_k10x10x4_v19,MACE-MP-0b3-medium,Ti3SiC2_bulk_parent_v19,numerical_pure_phase_control_not_training_or_independent_validation,31,32,Si,3.0575,0.0,13.217625,0.0024548997558979744,0.0006746416996777801,-9.054326644813179e-06,-0.0006836960263225933,-0.00039948850102745806,-5.205644070635548e-06,0.0003942828569568225,0.0012293812515383107,-0.0010951904474653133,-0.002324571699003624
Ti3SiC2_C4f_id0009_z_m020A_k10x10x4_v19,MACE-MP-0b3-medium,Ti3SiC2_bulk_parent_v19,numerical_pure_phase_control_not_training_or_independent_validation,32,33,C,3.05748471,1.76525727,1.2724167,0.04310817420577474,-0.0001488582964204335,0.00028037846460168044,0.000429236761022114,-0.003773669546337409,-0.0038458137278614027,-7.214418152399387e-05,0.09386075984567804,0.13696673662820186,0.043105976782523814
Ti3SiC2_C4f_id0009_z_m020A_k10x10x4_v19,MACE-MP-0b3-medium,Ti3SiC2_bulk_parent_v19,numerical_pure_phase_control_not_training_or_independent_validation,33,34,C,4.58625,0.88264188,10.0841667,0.0341879909928753,0.0006969233748588482,-5.1865711515606415e-05,-0.0007487890863744546,-0.000599893198719721,-0.00035397441152905645,0.00024591878719066457,0.08885147081888155,0.12303037611122752,0.034178905292345976
Ti3SiC2_C4f_id0009_z_m020A_k10x10x4_v19,MACE-MP-0b3-medium,Ti3SiC2_bulk_parent_v19,numerical_pure_phase_control_not_training_or_independent_validation,34,35,C,3.0575,1.7652308,7.5393333,0.03424628832526291,-0.0004989015772490178,-2.2559612639311364e-07,0.0004986759811226247,0.0015287685511180397,8.785064126366022e-05,-0.0014409179098543794,-0.08880686312858012,-0.12301919046683571,-0.03421232733825559
Ti3SiC2_C4f_id0009_z_m020A_k10x10x4_v19,MACE-MP-0b3-medium,Ti3SiC2_bulk_parent_v19,numerical_pure_phase_control_not_training_or_independent_validation,35,36,C,4.58626529,0.8826154,16.3510833,0.037655337543915084,-0.008668733572389434,-0.009865897836209095,-0.0011971642638196611,-0.0051781292788493725,-0.00537239120117596,-0.00019426192232658776,-0.10324667767286926,-0.14088247852228852,-0.03763580084941927
Ti3SiC2_C4f_id0009_z_m020A_k10x10x4_v19,MACE-MP-0b3-medium,Ti3SiC2_bulk_parent_v19,numerical_pure_phase_control_not_training_or_independent_validation,36,37,Ti,1.52875,2.64787267,0.0,0.008544476952793421,0.00863264989731022,0.0024400352943903195,-0.006192614602919901,0.005014743717564263,0.0014088700830632117,-0.003605873634501051,-0.024735263885118656,-0.02008152494653053,0.004653738938588125
Ti3SiC2_C4f_id0009_z_m020A_k10x10x4_v19,MACE-MP-0b3-medium,Ti3SiC2_bulk_parent_v19,numerical_pure_phase_control_not_training_or_independent_validation,37,38,Ti,1.52875,2.64787267,8.81175,0.0004367624892188113,-0.00024066997806763035,-1.5045336652015932e-06,0.00023916544440242876,-0.00012779153659654992,-8.13044752439446e-07,0.00012697849184411047,-0.00013671566859843802,-0.0004794076947697457,-0.00034269202617130765
Ti3SiC2_C4f_id0009_z_m020A_k10x10x4_v19,MACE-MP-0b3-medium,Ti3SiC2_bulk_parent_v19,numerical_pure_phase_control_not_training_or_independent_validation,38,39,Ti,3.05751529,3.53048807,2.38798425,0.05933982860805902,0.0007080259337204169,-0.000205720436456518,-0.0009137463701769349,-0.00040528706088790176,0.00012177626030437294,0.0005270633211922747,-0.042630548526478775,-0.10196100049728599,-0.05933045197080721
Ti3SiC2_C4f_id0009_z_m020A_k10x10x4_v19,MACE-MP-0b3-medium,Ti3SiC2_bulk_parent_v19,numerical_pure_phase_control_not_training_or_independent_validation,39,40,Ti,1.52875,4.41310347,11.19973425,0.05650846414226408,-0.0012555993152182216,1.8533143191971403e-05,0.001274132458410193,0.0010554155449857539,0.00022677748381117661,-0.0008286380611745773,-0.04468988105491938,-0.10117790160051421,-0.056488020545594826
Ti3SiC2_C4f_id0009_z_m020A_k10x10x4_v19,MACE-MP-0b3-medium,Ti3SiC2_bulk_parent_v19,numerical_pure_phase_control_not_training_or_independent_validation,40,41,Ti,3.0575,3.53051455,6.42376575,0.05455202306504139,0.0009988164190860693,2.642837691068387e-06,-0.0009961735813950009,-0.0009071512138343042,-0.0002389928839513127,0.0006681583298829916,0.04695948318376007,0.10149831726673939,0.05453883408297931
Ti3SiC2_C4f_id0009_z_m020A_k10x10x4_v19,MACE-MP-0b3-medium,Ti3SiC2_bulk_parent_v19,numerical_pure_phase_control_not_training_or_independent_validation,41,42,Ti,1.52873471,4.41312995,15.23551575,0.05908673192213048,-0.0013295858958289317,0.0027471823555113954,0.004076768251340327,0.000764116666564919,-0.0015891455799596386,-0.0023532622465245578,0.046580937179880245,0.10547986761721212,0.058898930437331874
Ti3SiC2_C4f_id0009_z_m020A_k10x10x4_v19,MACE-MP-0b3-medium,Ti3SiC2_bulk_parent_v19,numerical_pure_phase_control_not_training_or_independent_validation,42,43,Si,1.52875,2.64787267,4.405875,0.0034123939125556097,-0.0073525759266477074,-0.004207215853986382,0.0031453600726613256,-0.0034958930189031697,-0.0024288710420581686,0.0010670219768450012,-0.005440528509678102,-0.006223220229759712,-0.0007826917200816101
Ti3SiC2_C4f_id0009_z_m020A_k10x10x4_v19,MACE-MP-0b3-medium,Ti3SiC2_bulk_parent_v19,numerical_pure_phase_control_not_training_or_independent_validation,43,44,Si,1.52875,2.64787267,13.217625,0.0008659741297846679,0.00032332444118756754,-0.000499403385853332,-0.0008227278270408995,-0.0005502916565714287,-0.0002883182713843811,0.0002619733851870476,0.00026320976512082974,0.00032954272466969355,6.633295954886382e-05
Ti3SiC2_C4f_id0009_z_m020A_k10x10x4_v19,MACE-MP-0b3-medium,Ti3SiC2_bulk_parent_v19,numerical_pure_phase_control_not_training_or_independent_validation,44,45,C,1.52873471,4.41312995,1.2724167,0.04314563450141647,-0.003459224683158596,-0.002910317859285514,0.0005489068238730818,0.0020031854772524786,0.001679976239897626,-0.00032320923735485265,0.09382669274102806,0.13696762473858015,0.04314093199755209
Ti3SiC2_C4f_id0009_z_m020A_k10x10x4_v19,MACE-MP-0b3-medium,Ti3SiC2_bulk_parent_v19,numerical_pure_phase_control_not_training_or_independent_validation,45,46,C,3.0575,3.53051455,10.0841667,0.03308229376100326,0.0005041116938752005,2.2754219302517382e-07,-0.0005038841516821753,-0.0007175491997129088,-0.0003238533944480541,0.0003936958052648547,0.09001981694696974,0.12309593015369213,0.03307611320672239
Ti3SiC2_C4f_id0009_z_m020A_k10x10x4_v19,MACE-MP-0b3-medium,Ti3SiC2_bulk_parent_v19,numerical_pure_phase_control_not_training_or_independent_validation,46,47,C,1.52875,4.41310347,7.5393333,0.03423082558356748,0.00020090446960892405,-0.00020458178165756833,-0.00040548625126649235,0.0003105141228785211,0.00044183235780066634,0.00013131823492214522,-0.08879102429343957,-0.12301919626557137,-0.03422817197213179
Ti3SiC2_C4f_id0009_z_m020A_k10x10x4_v19,MACE-MP-0b3-medium,Ti3SiC2_bulk_parent_v19,numerical_pure_phase_control_not_training_or_independent_validation,47,48,C,3.05751529,3.53048807,16.3510833,0.03677489336943891,0.0001497124778006248,-0.00028126332686459384,-0.0004309758046652187,-9.245082179075925e-05,0.0001626173442852996,0.00025506816607605883,-0.11350681511554697,-0.15027829839294618,-0.03677148327739921
Ti3SiC2_C4f_id0009_z_p020A_k10x10x4_v19,MACE-MP-0b3-medium,Ti3SiC2_bulk_parent_v19,numerical_pure_phase_control_not_training_or_independent_validation,0,1,Ti,0.0,0.0,0.0,0.0074523948893664965,2.2921944091797353e-05,1.2978817200026998e-07,-2.2792155919797084e-05,0.0070408514005168964,0.0006019995227894903,-0.006438851877727406,0.022966592652961384,0.019214412406575204,-0.0037521802463861796
Ti3SiC2_C4f_id0009_z_p020A_k10x10x4_v19,MACE-MP-0b3-medium,Ti3SiC2_bulk_parent_v19,numerical_pure_phase_control_not_training_or_independent_validation,1,2,Ti,0.0,0.0,8.81175,0.000635926367882201,7.069812872265241e-06,5.199890571463191e-09,-7.064612981693778e-06,-0.00027911929780413295,-8.798158557767142e-06,0.0002703211392463658,-8.059139257010026e-05,0.0004949769511457562,0.0005755683437158564
Ti3SiC2_C4f_id0009_z_p020A_k10x10x4_v19,MACE-MP-0b3-medium,Ti3SiC2_bulk_parent_v19,numerical_pure_phase_control_not_training_or_independent_validation,2,3,Ti,1.52876529,0.8826154,2.38798425,0.06727405302995687,0.04214957362565864,0.033450370315358115,-0.008699203310300524,-0.024331320600993304,-0.019309642009720844,0.00502167859127246,0.009320773297491659,-0.057199184737442954,-0.06651995803493461
Ti3SiC2_C4f_id0009_z_p020A_k10x10x4_v19,MACE-MP-0b3-medium,Ti3SiC2_bulk_parent_v19,numerical_pure_phase_control_not_training_or_independent_validation,3,4,Ti,0.0,1.7652308,11.19973425,0.056379342363170035,-0.001017249602723147,-2.607266159497393e-06,0.0010146423365636496,0.0009175858758313685,0.00023896366441532335,-0.0006786222114160452,-0.04377313306571639,-0.1001392595791337,-0.056366126513417304
Ti3SiC2_C4f_id0009_z_p020A_k10x10x4_v19,MACE-MP-0b3-medium,Ti3SiC2_bulk_parent_v19,numerical_pure_phase_control_not_training_or_independent_validation,4,5,Ti,1.52875,0.88264188,6.42376575,0.05371712028954464,0.00041723828898261063,-0.0008191927532110775,-0.0012364310421936883,-0.0005712564483472131,0.00023542497874950215,0.0008066814270967153,0.04545473811296904,0.09915156777314996,0.05369682966018092
Ti3SiC2_C4f_id0009_z_p020A_k10x10x4_v19,MACE-MP-0b3-medium,Ti3SiC2_bulk_parent_v19,numerical_pure_phase_control_not_training_or_independent_validation,5,6,Ti,-1.529e-05,1.76525727,15.23551575,0.05312017646163772,-0.0007110027956107689,0.00020579319286151673,0.0009167959884722856,0.00040681800117725635,-0.00012171949396611904,-0.0005285374951433754,0.05336194510416303,0.1064715796401611,0.05310963453599807
Ti3SiC2_C4f_id0009_z_p020A_k10x10x4_v19,MACE-MP-0b3-medium,Ti3SiC2_bulk_parent_v19,numerical_pure_phase_control_not_training_or_independent_validation,6,7,Si,0.0,0.0,4.405875,0.0029652223758589976,-0.0006653195308880075,9.203693746898863e-06,0.0006745232246349064,-0.007678397287584857,-0.004840112195858019,0.0028382850917268382,0.005633288937222593,0.006164043019452944,0.0005307540822303506
Ti3SiC2_C4f_id0009_z_p020A_k10x10x4_v19,MACE-MP-0b3-medium,Ti3SiC2_bulk_parent_v19,numerical_pure_phase_control_not_training_or_independent_validation,7,8,Si,0.0,0.0,13.217625,0.000704092860511442,0.0006710054018292267,-9.054829428130407e-06,-0.0006800602312573571,-0.0007425953781460419,-0.0005606085743514334,0.00018198680379460854,-0.00032994286828796313,-0.0003420110632647357,-1.2068194976772582e-05
Ti3SiC2_C4f_id0009_z_p020A_k10x10x4_v19,MACE-MP-0b3-medium,Ti3SiC2_bulk_parent_v19,numerical_pure_phase_control_not_training_or_independent_validation,8,9,C,-1.529e-05,1.76525727,1.2924167,0.08940556750546674,-0.000169563879742721,0.00028680144777749867,0.00045636532752021963,0.00010529925470781226,-0.00016571447785107562,-0.00027101373255888786,-0.21641497232585813,-0.12701098033881555,0.08940399198704257
Ti3SiC2_C4f_id0009_z_p020A_k10x10x4_v19,MACE-MP-0b3-medium,Ti3SiC2_bulk_parent_v19,numerical_pure_phase_control_not_training_or_independent_validation,9,10,C,1.52875,0.88264188,10.0841667,0.03577330490014095,0.000731431919601748,-5.204833157864837e-05,-0.0007834802511803964,-0.0008491191037221102,-0.00029371179373397367,0.0005554073099881365,0.08714589304738647,0.12290630446692233,0.035760411419535856
Ti3SiC2_C4f_id0009_z_p020A_k10x10x4_v19,MACE-MP-0b3-medium,Ti3SiC2_bulk_parent_v19,numerical_pure_phase_control_not_training_or_independent_validation,10,11,C,0.0,1.7652308,7.5393333,0.03494133792728842,-0.0005191705702294792,-2.2931585494270594e-07,0.0005189412543745365,0.0007264078521588756,0.00032385379011887216,-0.0004025540620400034,-0.08735772561516235,-0.12229289051173337,-0.03493516489657102
Ti3SiC2_C4f_id0009_z_p020A_k10x10x4_v19,MACE-MP-0b3-medium,Ti3SiC2_bulk_parent_v19,numerical_pure_phase_control_not_training_or_independent_validation,11,12,C,1.52876529,0.8826154,16.3510833,0.0322920158023057,-0.008401638472707201,-0.009378577070667162,-0.0009769385979599612,0.004844593840181545,0.005414929970613753,0.0005703361304322078,-0.07328641844711921,-0.10555861379002238,-0.03227219534290317
Ti3SiC2_C4f_id0009_z_p020A_k10x10x4_v19,MACE-MP-0b3-medium,Ti3SiC2_bulk_parent_v19,numerical_pure_phase_control_not_training_or_independent_validation,12,13,Ti,-1.52875,2.64787267,0.0,0.007482737468351162,0.006098159311937609,0.0005237070258474188,-0.00557445228609019,-0.0035206866107937176,-0.00030232412133144367,0.003218362489462274,0.0230305914454737,0.019214967693478174,-0.0038156237519955255
Ti3SiC2_C4f_id0009_z_p020A_k10x10x4_v19,MACE-MP-0b3-medium,Ti3SiC2_bulk_parent_v19,numerical_pure_phase_control_not_training_or_independent_validation,13,14,Ti,-1.52875,2.64787267,8.81175,0.0006527415332223304,-0.0002471001404260426,-7.631084641231693e-06,0.0002394690557848109,0.00014272471522876922,4.454617079990928e-06,-0.0001382700981487783,-9.629026367762754e-05,0.000494985865108997,0.0005912761287866245
Ti3SiC2_C4f_id0009_z_p020A_k10x10x4_v19,MACE-MP-0b3-medium,Ti3SiC2_bulk_parent_v19,numerical_pure_phase_control_not_training_or_independent_validation,14,15,Ti,1.529e-05,3.53048807,2.38798425,0.06704709583706404,0.0007375455370088223,-0.00020513288601286357,-0.0009426784230216859,0.047435056838723524,0.03899717288075359,-0.008437883957969933,0.009315877160557836,-0.057191464779163786,-0.06650734193972162
Ti3SiC2_C4f_id0009_z_p020A_k10x10x4_v19,MACE-MP-0b3-medium,Ti3SiC2_bulk_parent_v19,numerical_pure_phase_control_not_training_or_independent_validation,15,16,Ti,-1.52875,4.41310347,11.19973425,0.057268546943050974,-0.0012805479435079924,1.3362696902363127e-05,0.0012939106404103555,0.0007802124239292856,0.0002481860215392564,-0.0005320264023900292,-0.043524187148410484,-0.10077564313103354,-0.05725145598262306
Ti3SiC2_C4f_id0009_z_p020A_k10x10x4_v19,MACE-MP-0b3-medium,Ti3SiC2_bulk_parent_v19,numerical_pure_phase_control_not_training_or_independent_validation,16,17,Ti,0.0,3.53051455,6.42376575,0.05371128878658826,0.0010334227044762557,2.566424532862927e-06,-0.0010308562799433928,-0.0016121622186117228,-0.0011878923082842977,0.0004242699103274251,0.04545172146174615,0.09915144095346765,0.0536997194917215
Ti3SiC2_C4f_id0009_z_p020A_k10x10x4_v19,MACE-MP-0b3-medium,Ti3SiC2_bulk_parent_v19,numerical_pure_phase_control_not_training_or_independent_validation,17,18,Ti,-1.52876529,4.41312995,15.23551575,0.0547077743650437,-0.0012882096350339317,0.0027246824845264545,0.0040128921195603864,7.955656408928621e-05,0.0013324971730666185,0.0012529406089773322,0.04197462935639413,0.09652064124217435,0.054546011885780225
Ti3SiC2_C4f_id0009_z_p020A_k10x10x4_v19,MACE-MP-0b3-medium,Ti3SiC2_bulk_parent_v19,numerical_pure_phase_control_not_training_or_independent_validation,18,19,Si,-1.52875,2.64787267,4.405875,0.004020566316694309,-0.007638376262731239,-0.004187087155257736,0.003451289107473503,0.004419953476289646,0.0024278969148897834,-0.0019920565613998622,0.005629762837513896,0.006163867377613824,0.000534104540099928
Ti3SiC2_C4f_id0009_z_p020A_k10x10x4_v19,MACE-MP-0b3-medium,Ti3SiC2_bulk_parent_v19,numerical_pure_phase_control_not_training_or_independent_validation,19,20,Si,-1.52875,2.64787267,13.217625,0.0009629108051934744,0.0003440795074109532,-0.0004900142830886443,-0.0008340937904995976,-0.00020862143056255223,0.0002724618032576357,0.0004810832338201879,-0.0003354109356402649,-0.0003420207424051331,-6.609806764868212e-06
Ti3SiC2_C4f_id0009_z_p020A_k10x10x4_v19,MACE-MP-0b3-medium,Ti3SiC2_bulk_parent_v19,numerical_pure_phase_control_not_training_or_independent_validation,20,21,C,-1.52876529,4.41312995,1.2724167,0.027175975648604054,-0.0036762361684345374,-0.0028713098054640174,0.00080492636297052,-0.001947516669447349,-0.0019818947360922034,-3.4378066644854405e-05,0.08183126352534796,0.10899529423053325,0.02716403070518529
Ti3SiC2_C4f_id0009_z_p020A_k10x10x4_v19,MACE-MP-0b3-medium,Ti3SiC2_bulk_parent_v19,numerical_pure_phase_control_not_training_or_independent_validation,21,22,C,0.0,3.53051455,10.0841667,0.035732039512834796,0.0005248865484788481,2.2771981090304472e-07,-0.000524658828667945,-0.0004825574778944998,-0.00038420822200764884,9.834925588685095e-05,0.08717824713089128,0.12290629925081736,0.03572805211992608
Ti3SiC2_C4f_id0009_z_p020A_k10x10x4_v19,MACE-MP-0b3-medium,Ti3SiC2_bulk_parent_v19,numerical_pure_phase_control_not_training_or_independent_validation,22,23,C,-1.52875,4.41310347,7.5393333,0.03600757196181709,0.0001821704233341792,-0.00020715211715549787,-0.0003893225404896771,0.0011367954819966988,0.0002044132272611273,-0.0009323822547355714,-0.08692002313230786,-0.12291341599649833,-0.03599339286419047
Ti3SiC2_C4f_id0009_z_p020A_k10x10x4_v19,MACE-MP-0b3-medium,Ti3SiC2_bulk_parent_v19,numerical_pure_phase_control_not_training_or_independent_validation,23,24,C,1.529e-05,3.53048807,16.3510833,0.03225896898729595,0.00015260228741108864,-0.0002806694966481833,-0.00043327178405927193,-0.009941054898338844,-0.010344009631465133,-0.00040295473312628935,-0.07330338259392387,-0.10555692477408621,-0.03225354218016234
Ti3SiC2_C4f_id0009_z_p020A_k10x10x4_v19,MACE-MP-0b3-medium,Ti3SiC2_bulk_parent_v19,numerical_pure_phase_control_not_training_or_independent_validation,24,25,Ti,3.0575,0.0,0.0,0.006341050028107755,-3.863561977376602e-06,-1.2691641312799974e-07,3.736645564248602e-06,2.224222238502789e-06,5.8611427912144166e-08,-2.1656108105906447e-06,-0.001101033644047932,0.005240014913294545,0.006341048557342477
Ti3SiC2_C4f_id0009_z_p020A_k10x10x4_v19,MACE-MP-0b3-medium,Ti3SiC2_bulk_parent_v19,numerical_pure_phase_control_not_training_or_independent_validation,25,26,Ti,3.0575,0.0,8.81175,0.0013551987873257156,-1.0211968619572231e-05,-4.9976250459900235e-09,1.020697099452624e-05,5.91344409079964e-06,1.3150226995382094e-09,-5.912129068100102e-06,-0.0005449322298406751,0.0008102152225209081,0.0013551474523615832
Ti3SiC2_C4f_id0009_z_p020A_k10x10x4_v19,MACE-MP-0b3-medium,Ti3SiC2_bulk_parent_v19,numerical_pure_phase_control_not_training_or_independent_validation,26,27,Ti,4.58626529,0.8826154,2.38798425,0.06704837422922044,-0.04071015800227385,-0.03387253037815034,0.006837627624123509,-0.02435181497525143,-0.019316509177007835,0.0050353057982435966,0.009317076806142337,-0.05719139656961325,-0.06650847337575559
Ti3SiC2_C4f_id0009_z_p020A_k10x10x4_v19,MACE-MP-0b3-medium,Ti3SiC2_bulk_parent_v19,numerical_pure_phase_control_not_training_or_independent_validation,27,28,Ti,3.0575,1.7652308,11.19973425,0.057269326543484274,-0.0010297464649947224,-2.594903921146472e-06,0.0010271515610735759,0.0012144974963213724,0.00022052853566379034,-0.0009939689606575822,-0.04352415380118195,-0.10077564066501865,-0.0572514868638367
Ti3SiC2_C4f_id0009_z_p020A_k10x10x4_v19,MACE-MP-0b3-medium,Ti3SiC2_bulk_parent_v19,numerical_pure_phase_control_not_training_or_independent_validation,28,29,Ti,4.58625,0.88264188,6.42376575,0.05371203309507905,0.0016266281573150976,0.00082439563530284,-0.0008022325220122576,-0.0005844969463745189,0.00023546541214043877,0.0008199623585149577,0.04545171864333743,0.0991515006160616,0.05369978197272417
Ti3SiC2_C4f_id0009_z_p020A_k10x10x4_v19,MACE-MP-0b3-medium,Ti3SiC2_bulk_parent_v19,numerical_pure_phase_control_not_training_or_independent_validation,29,30,Ti,3.05748471,1.76525727,15.23551575,0.05470765747596739,-0.0007159021618791871,0.00020572877270640718,0.0009216309345855942,0.0010706632105861697,-0.003030317499936979,-0.004100980710523149,0.041974684634803444,0.09652063168992481,0.05454594705512136
Ti3SiC2_C4f_id0009_z_p020A_k10x10x4_v19,MACE-MP-0b3-medium,Ti3SiC2_bulk_parent_v19,numerical_pure_phase_control_not_training_or_independent_validation,30,31,Si,3.0575,0.0,4.405875,0.001802288115939215,-0.0006443503181250928,8.641282770628731e-06,0.0006529916008957215,0.00038189118442079985,5.463691451498486e-06,-0.00037642749296930137,0.00727551510308782,0.008912630482208124,0.0016371153791203035
Ti3SiC2_C4f_id0009_z_p020A_k10x10x4_v19,MACE-MP-0b3-medium,Ti3SiC2_bulk_parent_v19,numerical_pure_phase_control_not_training_or_independent_validation,31,32,Si,3.0575,0.0,13.217625,0.002550468098792152,0.0006281671123384824,-9.046661863469326e-06,-0.0006372137742019517,-0.00037258476270423725,-5.232589135453038e-06,0.0003673521735687842,-0.001329729643289588,0.0011123797951873302,0.0024421094384769184
Ti3SiC2_C4f_id0009_z_p020A_k10x10x4_v19,MACE-MP-0b3-medium,Ti3SiC2_bulk_parent_v19,numerical_pure_phase_control_not_training_or_independent_validation,32,33,C,3.05748471,1.76525727,1.2724167,0.02717586863673697,-0.000146317173020106,0.000280455979421022,0.00042677315244112805,0.004166381429907774,0.003477267974308429,-0.0006891134555993446,0.08183150912478312,0.1089952869084945,0.027163777783711374
Ti3SiC2_C4f_id0009_z_p020A_k10x10x4_v19,MACE-MP-0b3-medium,Ti3SiC2_bulk_parent_v19,numerical_pure_phase_control_not_training_or_independent_validation,33,34,C,4.58625,0.88264188,10.0841667,0.03573331949052615,0.000310821644447152,5.2503998845888476e-05,-0.00025831764560126357,-0.0008533547581895917,-0.0002937116623619644,0.0005596430958276273,0.08717830774017167,0.1229063106708041,0.03572800293063243
Ti3SiC2_C4f_id0009_z_p020A_k10x10x4_v19,MACE-MP-0b3-medium,Ti3SiC2_bulk_parent_v19,numerical_pure_phase_control_not_training_or_independent_validation,34,35,C,3.0575,1.7652308,7.5393333,0.03600291555248578,-0.0005240331554833788,-2.2993601246201062e-07,0.0005238032194709168,-8.59917231755379e-05,0.0005627660308297323,0.0006487577540052702,-0.08692012331225689,-0.1229133820122317,-0.035993258699974814
Ti3SiC2_C4f_id0009_z_p020A_k10x10x4_v19,MACE-MP-0b3-medium,Ti3SiC2_bulk_parent_v19,numerical_pure_phase_control_not_training_or_independent_validation,35,36,C,4.58626529,0.8826154,16.3510833,0.032258861293336834,0.008680237658255392,0.008818036896253946,0.0001377992379985541,0.004829142565251826,0.005415391174804826,0.0005862486095530002,-0.07330366590160303,-0.10555690536495849,-0.032253239463355454
Ti3SiC2_C4f_id0009_z_p020A_k10x10x4_v19,MACE-MP-0b3-medium,Ti3SiC2_bulk_parent_v19,numerical_pure_phase_control_not_training_or_independent_validation,36,37,Ti,1.52875,2.64787267,0.0,0.007451390628377217,-0.006085494311870574,-0.0005212883481527891,0.005564205963717785,-0.0035399387143619015,-0.000301077563630606,0.0032388611507312955,0.022965749410886603,0.019214401288374004,-0.003751348122512599
Ti3SiC2_C4f_id0009_z_p020A_k10x10x4_v19,MACE-MP-0b3-medium,Ti3SiC2_bulk_parent_v19,numerical_pure_phase_control_not_training_or_independent_validation,37,38,Ti,1.52875,2.64787267,8.81175,0.0006361333890164249,0.0002453664168681492,7.627818264199196e-06,-0.00023773859860395002,0.0001334974903300823,4.446726720192613e-06,-0.0001290507636098897,-8.077135760549895e-05,0.0004949820164767174,0.0005757533740822163
Ti3SiC2_C4f_id0009_z_p020A_k10x10x4_v19,MACE-MP-0b3-medium,Ti3SiC2_bulk_parent_v19,numerical_pure_phase_control_not_training_or_independent_validation,38,39,Ti,3.05751529,3.53048807,2.38798425,0.0540362194642273,0.0007282734139227665,-0.0002056625346385496,-0.0009339359485613161,-0.0004168638584430632,0.00012172174325547211,0.0005385856016985354,-0.04615198037946466,-0.10017744384975583,-0.05402546347029116
Ti3SiC2_C4f_id0009_z_p020A_k10x10x4_v19,MACE-MP-0b3-medium,Ti3SiC2_bulk_parent_v19,numerical_pure_phase_control_not_training_or_independent_validation,39,40,Ti,1.52875,4.41310347,11.19973425,0.057225921904321624,-0.0007573788375914833,-1.8561817937217577e-05,0.0007388170196542657,0.0007677954990853606,0.00024819139889292497,-0.0005196041001924356,-0.04355684296149491,-0.1007756361923037,-0.05721879323080879
Ti3SiC2_C4f_id0009_z_p020A_k10x10x4_v19,MACE-MP-0b3-medium,Ti3SiC2_bulk_parent_v19,numerical_pure_phase_control_not_training_or_independent_validation,40,41,Ti,3.0575,3.53051455,6.42376575,0.0589761420289921,0.0010123515770974862,2.564013323972606e-06,-0.0010097875637735136,-0.0009150904478716607,-0.00023891602866553483,0.0006761744192061258,0.04150584698440155,0.1004694666651395,0.058963619680737954
Ti3SiC2_C4f_id0009_z_p020A_k10x10x4_v19,MACE-MP-0b3-medium,Ti3SiC2_bulk_parent_v19,numerical_pure_phase_control_not_training_or_independent_validation,41,42,Ti,1.52873471,4.41312995,15.23551575,0.05455128706857746,-0.00014398084064825225,-0.0023133059717253216,-0.0021693251310770695,7.983402782811988e-05,0.0013325439523410327,0.001252709924512913,0.042026709112749215,0.09652044881887556,0.054493739706126344
Ti3SiC2_C4f_id0009_z_p020A_k10x10x4_v19,MACE-MP-0b3-medium,Ti3SiC2_bulk_parent_v19,numerical_pure_phase_control_not_training_or_independent_validation,42,43,Si,1.52875,2.64787267,4.405875,0.0029642850471265384,0.006325592253207062,0.004205307645217801,-0.0021202846079892606,0.004430246479679562,0.002427789011640905,-0.0020024574680386573,0.005633414826334303,0.006164021187432643,0.0005306063610983399
Ti3SiC2_C4f_id0009_z_p020A_k10x10x4_v19,MACE-MP-0b3-medium,Ti3SiC2_bulk_parent_v19,numerical_pure_phase_control_not_training_or_independent_validation,43,44,Si,1.52875,2.64787267,13.217625,0.0007039155041691689,0.000970058457650204,0.00047192068624131965,-0.0004981377714088843,-0.00022473184173674133,0.00027247107594710157,0.000497202917683843,-0.00032995319951451967,-0.0003419971337637165,-1.2043934249196823e-05
Ti3SiC2_C4f_id0009_z_p020A_k10x10x4_v19,MACE-MP-0b3-medium,Ti3SiC2_bulk_parent_v19,numerical_pure_phase_control_not_training_or_independent_validation,44,45,C,1.52873471,4.41312995,1.2724167,0.0271394269302203,0.003352012920745335,0.0034326514528987273,8.063853215339216e-05,-0.0019293150453262551,-0.001982142822855003,-5.282777752874785e-05,0.0818551466317164,0.10899440234652591,0.027139255714809504
Ti3SiC2_C4f_id0009_z_p020A_k10x10x4_v19,MACE-MP-0b3-medium,Ti3SiC2_bulk_parent_v19,numerical_pure_phase_control_not_training_or_independent_validation,45,46,C,3.0575,3.53051455,10.0841667,0.03684487177830507,0.0005139305982965662,2.281189209993621e-07,-0.0005137024793755668,-0.0007233199150841741,-0.0003238512127114732,0.00039946870237270084,0.08599906094325606,0.12283818567333413,0.03683912473007807
Ti3SiC2_C4f_id0009_z_p020A_k10x10x4_v19,MACE-MP-0b3-medium,Ti3SiC2_bulk_parent_v19,numerical_pure_phase_control_not_training_or_independent_validation,46,47,C,1.52875,4.41310347,7.5393333,0.0360192876773249,-0.0012202420239548102,0.00020669787759695674,0.001426939901551767,0.0011311417584811548,0.00020440997700382193,-0.0009267317814773329,-0.08693430923951373,-0.12291338782005062,-0.035979078580536894
Ti3SiC2_C4f_id0009_z_p020A_k10x10x4_v19,MACE-MP-0b3-medium,Ti3SiC2_bulk_parent_v19,numerical_pure_phase_control_not_training_or_independent_validation,47,48,C,3.05751529,3.53048807,16.3510833,0.03340910828037703,0.00013711008123255526,-0.00027955130558346886,-0.0004166613868160241,-8.525710963243175e-05,0.00016162308353939898,0.00024688019317183074,-0.0628214623861996,-0.09622706011395943,-0.033405597727759834
Ti3SiC2_Ti4f_id0003_z_m020A_k10x10x4_v19,V18,Ti3SiC2_bulk_parent_v19,numerical_pure_phase_control_not_training_or_independent_validation,0,1,Ti,0.0,0.0,0.0,0.015888758528996114,-0.026981689209249145,-0.0209084200110517,0.006073269198197444,-0.015577485459197151,-0.012069494012263501,0.00350799144693365,-0.04278578160684386,-0.028528781752484134,0.014256999854359728
Ti3SiC2_Ti4f_id0003_z_m020A_k10x10x4_v19,V18,Ti3SiC2_bulk_parent_v19,numerical_pure_phase_control_not_training_or_independent_validation,1,2,Ti,0.0,0.0,8.81175,0.0014921460856337082,-0.0011243094824951217,-0.000359039467243767,0.0007652700152513547,-0.0006418505858419645,-0.0002072504818777239,0.0004346001039642406,-0.0005416455546259179,-0.0017466287471491415,-0.0012049831925232237
Ti3SiC2_Ti4f_id0003_z_m020A_k10x10x4_v19,V18,Ti3SiC2_bulk_parent_v19,numerical_pure_phase_control_not_training_or_independent_validation,2,3,Ti,1.52876529,0.8826154,2.36798425,4.474293082997898,0.0006854380714498938,7.6134175038746355e-06,-0.0006778246539460191,-0.00039381885810508757,2.4805666775989596e-06,0.00039629942478268653,0.3082744357162273,-4.166018578388162,-4.474293014104389
Ti3SiC2_Ti4f_id0003_z_m020A_k10x10x4_v19,V18,Ti3SiC2_bulk_parent_v19,numerical_pure_phase_control_not_training_or_independent_validation,3,4,Ti,0.0,1.7652308,11.19973425,4.259992596342329,-0.0012774183225750964,-0.0001948587159302565,0.00108255960664484,0.0010680809537589086,8.741585630622545e-05,-0.000980665097452683,-0.04347294571420373,-4.303465291628938,-4.259992345914735
Ti3SiC2_Ti4f_id0003_z_m020A_k10x10x4_v19,V18,Ti3SiC2_bulk_parent_v19,numerical_pure_phase_control_not_training_or_independent_validation,4,5,Ti,1.52875,0.88264188,6.42376575,4.269191042187509,0.0010453617588522851,6.289557353059789e-06,-0.0010390722014992253,-0.0009344633961004331,2.1571859613689e-05,0.0009560352557141221,0.06062513439129922,4.329815943083225,4.269190808691926
Ti3SiC2_Ti4f_id0003_z_m020A_k10x10x4_v19,V18,Ti3SiC2_bulk_parent_v19,numerical_pure_phase_control_not_training_or_independent_validation,5,6,Ti,-1.529e-05,1.76525727,15.23551575,4.248853268446296,-0.0022349974677655974,-0.0013698923818603412,0.0008651050859052561,0.0012870399473755138,0.000783647112808926,-0.0005033928345665878,0.05174569658210244,4.300598847136451,4.248853150554348
Ti3SiC2_Ti4f_id0003_z_m020A_k10x10x4_v19,V18,Ti3SiC2_bulk_parent_v19,numerical_pure_phase_control_not_training_or_independent_validation,6,7,Si,0.0,0.0,4.405875,0.016147403547353258,0.025033829215688995,0.015971174648408228,-0.009062654567280767,0.015176286477988313,0.009220477970510356,-0.005955808507477957,-0.03115643173296854,-0.01919251604714582,0.011963915685822717
Ti3SiC2_Ti4f_id0003_z_m020A_k10x10x4_v19,V18,Ti3SiC2_bulk_parent_v19,numerical_pure_phase_control_not_training_or_independent_validation,7,8,Si,0.0,0.0,13.217625,0.0020580620755667935,0.0008859385011937562,-0.001102296722222405,-0.001988235223416161,-0.0002353813832095577,-0.0006364378781798389,-0.00040105649497028113,-0.002280401763191788,-0.002629248278289387,-0.000348846515097599
Ti3SiC2_Ti4f_id0003_z_m020A_k10x10x4_v19,V18,Ti3SiC2_bulk_parent_v19,numerical_pure_phase_control_not_training_or_independent_validation,8,9,C,-1.529e-05,1.76525727,1.2724167,2.6622190127528715,-0.03023407324368743,0.02466451978553068,0.05489859302921811,0.017461497310651868,-0.01424069398862856,-0.031702191299280424,0.034190110120713546,2.695654216099434,2.6614641059787205
Ti3SiC2_Ti4f_id0003_z_m020A_k10x10x4_v19,V18,Ti3SiC2_bulk_parent_v19,numerical_pure_phase_control_not_training_or_independent_validation,9,10,C,1.52875,0.88264188,10.0841667,2.628767360872147,0.0005465532854921399,5.895866611865938e-07,-0.0005459636988309533,-0.0007420732552874752,2.3271135380122316e-05,0.0007653443906675975,0.08775754192485193,2.716524734689992,2.62876719276514
Ti3SiC2_Ti4f_id0003_z_m020A_k10x10x4_v19,V18,Ti3SiC2_bulk_parent_v19,numerical_pure_phase_control_not_training_or_independent_validation,10,11,C,0.0,1.7652308,7.5393333,2.6262245130335304,-0.0005136211557298027,-0.0009002928789217015,-0.00038667172319189883,0.0007231852019593572,0.0004959511319801747,-0.00022723406997918248,-0.08929247444183765,-2.7155169491788813,-2.6262244747370436
Ti3SiC2_Ti4f_id0003_z_m020A_k10x10x4_v19,V18,Ti3SiC2_bulk_parent_v19,numerical_pure_phase_control_not_training_or_independent_validation,11,12,C,1.52876529,0.8826154,16.3510833,2.607532997392494,0.00017879290949974282,2.051551692112529e-05,-0.00015827739257861753,-0.00010931527309960592,-1.1162444282277091e-05,9.815282881732883e-05,-0.09733887980764559,-2.7048718705490806,-2.607532990741435
Ti3SiC2_Ti4f_id0003_z_m020A_k10x10x4_v19,V18,Ti3SiC2_bulk_parent_v19,numerical_pure_phase_control_not_training_or_independent_validation,12,13,Ti,-1.52875,2.64787267,0.0,0.004881200801730411,3.0334782205944505e-05,-5.86744575820173e-07,-3.092152678176468e-05,-1.7529516521184535e-05,3.3800277751358e-07,1.7867519298698115e-05,-0.013223339104662798,-0.008342268947643007,0.004881070157019791
Ti3SiC2_Ti4f_id0003_z_m020A_k10x10x4_v19,V18,Ti3SiC2_bulk_parent_v19,numerical_pure_phase_control_not_training_or_independent_validation,13,14,Ti,-1.52875,2.64787267,8.81175,0.0013274626647565588,1.3316993057050968e-05,-7.0759423149993436e-09,-1.3324068999365967e-05,-7.617330519004351e-06,7.441922332844172e-08,7.691749742332794e-06,-3.057476648815783e-05,-0.0013579482755253789,-0.001327373509037221
Ti3SiC2_Ti4f_id0003_z_m020A_k10x10x4_v19,V18,Ti3SiC2_bulk_parent_v19,numerical_pure_phase_control_not_training_or_independent_validation,14,15,Ti,1.529e-05,3.53048807,2.38798425,4.2560592514914095,0.012942862141135906,0.0016692385484684972,-0.011273623592667408,0.00661301637898126,0.000948256707848713,-0.005664759671132547,-0.034776729661721274,-4.290817280233882,-4.256040550572161
Ti3SiC2_Ti4f_id0003_z_m020A_k10x10x4_v19,V18,Ti3SiC2_bulk_parent_v19,numerical_pure_phase_control_not_training_or_independent_validation,15,16,Ti,-1.52875,4.41310347,11.19973425,4.259936550138606,-0.0010540783506769794,-6.341732566890598e-06,0.0010477366181100888,0.0006736330535850595,-0.00023912784053947245,-0.000912760894124532,-0.043528965890739874,-4.303465289396332,-4.259936323505592
Ti3SiC2_Ti4f_id0003_z_m020A_k10x10x4_v19,V18,Ti3SiC2_bulk_parent_v19,numerical_pure_phase_control_not_training_or_independent_validation,16,17,Ti,0.0,3.53051455,6.42376575,4.264043301909962,6.631893119303381e-05,0.00020942881026760822,0.0001431098790745744,-0.0015040306754078943,0.00013922706599724197,0.0016432577414051363,0.04016118500759317,4.3042041678803935,4.2640429828728
Ti3SiC2_Ti4f_id0003_z_m020A_k10x10x4_v19,V18,Ti3SiC2_bulk_parent_v19,numerical_pure_phase_control_not_training_or_independent_validation,17,18,Ti,-1.52876529,4.41312995,15.23551575,4.248762052959994,-0.0007537886520886856,-2.142286470836318e-05,0.0007323657873803224,-0.0013271702828701825,-0.0015515281583675404,-0.00022435787549735789,0.05183614008183376,4.300598123998645,4.248761983916811
Ti3SiC2_Ti4f_id0003_z_m020A_k10x10x4_v19,V18,Ti3SiC2_bulk_parent_v19,numerical_pure_phase_control_not_training_or_independent_validation,18,19,Si,-1.52875,2.64787267,4.405875,0.008078886199811267,-0.0007006405048039383,-9.076207462080602e-07,0.0006997328840577302,0.00041471695772445734,-2.5735191391435154e-07,-0.00041497430963837167,-0.004720811280876557,-0.01275863265503071,-0.008037821374154153
Ti3SiC2_Ti4f_id0003_z_m020A_k10x10x4_v19,V18,Ti3SiC2_bulk_parent_v19,numerical_pure_phase_control_not_training_or_independent_validation,19,20,Si,-1.52875,2.64787267,13.217625,0.0021933191579969627,0.0006816119920739676,6.670128259540428e-07,-0.0006809449792480136,-0.0004035037697282016,4.102956481998824e-07,0.00040391406537640146,-0.002334978180416992,-0.00028954025863482864,0.0020454379217821634
Ti3SiC2_Ti4f_id0003_z_m020A_k10x10x4_v19,V18,Ti3SiC2_bulk_parent_v19,numerical_pure_phase_control_not_training_or_independent_validation,20,21,C,-1.52876529,4.41312995,1.2724167,2.6621961285810047,-0.00016019856662460128,-1.7840726415381926e-05,0.00014235784020921936,-0.03465251824419944,0.02849586809389933,0.06314838633809877,0.03419619754335825,2.6956432640973467,2.6614470665539884
Ti3SiC2_Ti4f_id0003_z_m020A_k10x10x4_v19,V18,Ti3SiC2_bulk_parent_v19,numerical_pure_phase_control_not_training_or_independent_validation,21,22,C,0.0,3.53051455,10.0841667,2.629333370447858,0.00046779807083883947,4.7194716572219715e-05,-0.00042060335426661975,-0.0007595085678694379,5.0231739840993564e-05,0.0008097403077104314,0.08753577414532135,2.7168689862666278,2.629333212121306
Ti3SiC2_Ti4f_id0003_z_m020A_k10x10x4_v19,V18,Ti3SiC2_bulk_parent_v19,numerical_pure_phase_control_not_training_or_independent_validation,22,23,C,-1.52875,4.41310347,7.5393333,2.6262257211146496,-0.0005313399491091672,-5.908080211617631e-07,0.0005307491410880054,0.0007644629105371468,-0.0010621952873723455,-0.0018266581979094923,-0.08929206680467382,-2.7155170990266533,-2.6262250322219796
Ti3SiC2_Ti4f_id0003_z_m020A_k10x10x4_v19,V18,Ti3SiC2_bulk_parent_v19,numerical_pure_phase_control_not_training_or_independent_validation,23,24,C,1.529e-05,3.53048807,16.3510833,2.619368918383192,-0.0017389416506837115,-0.00530246826551193,-0.003563526614828218,-0.0011645796752217778,-0.003083901768189808,-0.0019193220929680304,-0.08579157762359761,-2.7051573688167068,-2.619365791193109
Ti3SiC2_Ti4f_id0003_z_m020A_k10x10x4_v19,V18,Ti3SiC2_bulk_parent_v19,numerical_pure_phase_control_not_training_or_independent_validation,24,25,Ti,3.0575,0.0,0.0,0.01594179145459,0.026998431132721545,0.02090806305756042,-0.006090368075161126,-0.015587700512065183,-0.012071271932658353,0.00351642857940683,-0.04283749416294593,-0.028530752341810423,0.014306741821135508
Ti3SiC2_Ti4f_id0003_z_m020A_k10x10x4_v19,V18,Ti3SiC2_bulk_parent_v19,numerical_pure_phase_control_not_training_or_independent_validation,25,26,Ti,3.0575,0.0,8.81175,0.0015044463583082956,0.0011226916688900175,0.00035905526407585276,-0.0007636364048141647,-0.0006481885922249718,-0.00020724832586008278,0.00044094026636488904,-0.0005277001754465684,-0.0017466300207484423,-0.001218929845301874
Ti3SiC2_Ti4f_id0003_z_m020A_k10x10x4_v19,V18,Ti3SiC2_bulk_parent_v19,numerical_pure_phase_control_not_training_or_independent_validation,26,27,Ti,4.58626529,0.8826154,2.38798425,4.25605904342862,0.0007471174972183493,1.9743116856100335e-05,-0.000727374380362249,-0.014510249101911009,-0.001908832135739264,0.012601416966171744,-0.03477693060956925,-4.290817256589516,-4.2560403259799475
Ti3SiC2_Ti4f_id0003_z_m020A_k10x10x4_v19,V18,Ti3SiC2_bulk_parent_v19,numerical_pure_phase_control_not_training_or_independent_validation,27,28,Ti,3.0575,1.7652308,11.19973425,4.2599365975493875,-0.0008242149352486394,0.0001821937285765901,0.0010064086638252295,0.0010718607778190323,8.742652426596353e-05,-0.0009844342535530687,-0.04352893646437693,-4.3034653013848025,-4.259936364920426
Ti3SiC2_Ti4f_id0003_z_m020A_k10x10x4_v19,V18,Ti3SiC2_bulk_parent_v19,numerical_pure_phase_control_not_training_or_independent_validation,28,29,Ti,4.58625,0.88264188,6.42376575,4.26404298216984,0.001049479061809607,6.108640220975906e-06,-0.001043370421588631,0.0001984629037864571,-0.00021339376115810191,-0.000411856664944559,0.04016125379185492,4.304204088420056,4.264042834628201
Ti3SiC2_Ti4f_id0003_z_m020A_k10x10x4_v19,V18,Ti3SiC2_bulk_parent_v19,numerical_pure_phase_control_not_training_or_independent_validation,29,30,Ti,3.05748471,1.76525727,15.23551575,4.2487620912192146,0.0007695407057757656,0.001326564759324507,0.0005570240535487414,0.0013113877066313095,0.0007833688872351517,-0.0005280188193961578,0.051836116487908444,4.300598138383441,4.248762021895532
Ti3SiC2_Ti4f_id0003_z_m020A_k10x10x4_v19,V18,Ti3SiC2_bulk_parent_v19,numerical_pure_phase_control_not_training_or_independent_validation,30,31,Si,3.0575,0.0,4.405875,0.01691812444347611,-0.026348972790291025,-0.015972466782386688,0.010376506007904338,0.01522277167586742,0.009221037667064615,-0.006001734008802806,-0.031131639039193526,-0.019193035827743336,0.01193860321145019
Ti3SiC2_Ti4f_id0003_z_m020A_k10x10x4_v19,V18,Ti3SiC2_bulk_parent_v19,numerical_pure_phase_control_not_training_or_independent_validation,31,32,Si,3.0575,0.0,13.217625,0.000833271190006678,0.000445572827551097,0.0011036463626023568,0.0006580735350512597,-0.00026728768880921534,-0.0006363951208129572,-0.00036910743200374184,-0.0022756386453494804,-0.002629248320273523,-0.0003536096749240424
Ti3SiC2_Ti4f_id0003_z_m020A_k10x10x4_v19,V18,Ti3SiC2_bulk_parent_v19,numerical_pure_phase_control_not_training_or_independent_validation,32,33,C,3.05748471,1.76525727,1.2724167,2.662197744380061,0.02993660059160698,-0.024687645658870515,-0.054624246250477494,0.017474729407687076,-0.01423344502213771,-0.031708174429824786,0.03419479256473262,2.6956431977716004,2.6614484052068677
Ti3SiC2_Ti4f_id0003_z_m020A_k10x10x4_v19,V18,Ti3SiC2_bulk_parent_v19,numerical_pure_phase_control_not_training_or_independent_validation,33,34,C,4.58625,0.88264188,10.0841667,2.629333334078473,0.0005223540292276941,5.737884651434667e-07,-0.0005217802407625506,-0.0006651602553572501,-3.056145257048035e-05,0.0006345988027867698,0.08753572901202537,2.716868934736617,2.6293332057245915
Ti3SiC2_Ti4f_id0003_z_m020A_k10x10x4_v19,V18,Ti3SiC2_bulk_parent_v19,numerical_pure_phase_control_not_training_or_independent_validation,34,35,C,3.0575,1.7652308,7.5393333,2.626225258351274,-0.0005582802531756709,0.0008991477397344266,0.0014574279929100975,0.000717846558788666,0.000495972193898718,-0.00022187436488994806,-0.08929212622754619,-2.7155169708053344,-2.6262248445777883
Ti3SiC2_Ti4f_id0003_z_m020A_k10x10x4_v19,V18,Ti3SiC2_bulk_parent_v19,numerical_pure_phase_control_not_training_or_independent_validation,35,36,C,4.58626529,0.8826154,16.3510833,2.6193689326564913,0.0001339133661538659,2.0087996175487382e-05,-0.00011382536997837852,0.002079344046957182,0.006135038254977276,0.0040556942080200945,-0.08579160555169828,-2.705157395920482,-2.619365790368784
Ti3SiC2_Ti4f_id0003_z_m020A_k10x10x4_v19,V18,Ti3SiC2_bulk_parent_v19,numerical_pure_phase_control_not_training_or_independent_validation,36,37,Ti,1.52875,2.64787267,0.0,0.015888954830325014,-4.874218609021955e-07,-1.7182002761888075e-06,-1.2307784152866121e-06,0.03115573952777584,0.024141959787306336,-0.007013779740469503,-0.04278598793336078,-0.028528857161796938,0.014257130771563844
Ti3SiC2_Ti4f_id0003_z_m020A_k10x10x4_v19,V18,Ti3SiC2_bulk_parent_v19,numerical_pure_phase_control_not_training_or_independent_validation,37,38,Ti,1.52875,2.64787267,8.81175,0.0014922720331371638,-6.296086405178525e-06,9.766800950893745e-09,6.305853206129419e-06,0.0012947352132090144,0.00041459679048993234,-0.0008801384227190821,-0.0005416278856045484,-0.0017466973499725713,-0.0012050694643680228
Ti3SiC2_Ti4f_id0003_z_m020A_k10x10x4_v19,V18,Ti3SiC2_bulk_parent_v19,numerical_pure_phase_control_not_training_or_independent_validation,38,39,Ti,3.05751529,3.53048807,2.38798425,4.2561091382091,-0.011475637542288095,-0.0016275660982013303,0.009848071444086764,0.00662861849049217,0.0009469944983545157,-0.0056816239921376535,-0.03472253584630774,-4.290816488167456,-4.256093952321148
Ti3SiC2_Ti4f_id0003_z_m020A_k10x10x4_v19,V18,Ti3SiC2_bulk_parent_v19,numerical_pure_phase_control_not_training_or_independent_validation,39,40,Ti,1.52875,4.41310347,11.19973425,4.260537142452111,-0.0010389441409900816,-6.324605206024987e-06,0.0010326195357840567,0.0009304003462158835,-2.142841045833278e-05,-0.0009518287566742163,-0.043104247673467516,-4.303641158666366,-4.260536910992899
Ti3SiC2_Ti4f_id0003_z_m020A_k10x10x4_v19,V18,Ti3SiC2_bulk_parent_v19,numerical_pure_phase_control_not_training_or_independent_validation,40,41,Ti,3.0575,3.53051455,6.42376575,4.264103194240652,0.002025232154443496,-0.00019696853070282202,-0.002222200685146318,-0.0014997615765473078,0.00013908677234540385,0.0016388483488927116,0.04010179931295695,4.304204099578928,4.264102300265971
Ti3SiC2_Ti4f_id0003_z_m020A_k10x10x4_v19,V18,Ti3SiC2_bulk_parent_v19,numerical_pure_phase_control_not_training_or_independent_validation,41,42,Ti,1.52873471,4.41312995,15.23551575,4.260095048791398,-0.0007182879004566,-2.1726094613355035e-05,0.0006965618058432449,0.00041132216818631155,5.179621732231791e-06,-0.00040614254645407976,0.049146172578771345,4.309241145063172,4.260094972484401
Ti3SiC2_Ti4f_id0003_z_m020A_k10x10x4_v19,V18,Ti3SiC2_bulk_parent_v19,numerical_pure_phase_control_not_training_or_independent_validation,42,43,Si,1.52875,2.64787267,4.405875,0.016136239223041672,-0.0006173136044217556,-1.6135926281154786e-07,0.000617152245158944,-0.029253275826276192,-0.01844291814611055,0.010810357680165642,-0.03115641977132663,-0.019192578156008937,0.011963841615317692
Ti3SiC2_Ti4f_id0003_z_m020A_k10x10x4_v19,V18,Ti3SiC2_bulk_parent_v19,numerical_pure_phase_control_not_training_or_independent_validation,43,44,Si,1.52875,2.64787267,13.217625,0.0020702623847406094,0.0006381255587462391,7.118492152571702e-07,-0.0006374137095309819,-0.0006645244327727921,0.0012740269943210146,0.0019385514270938067,-0.002280362834001423,-0.002629230243035848,-0.00034886740903442535
Ti3SiC2_Ti4f_id0003_z_m020A_k10x10x4_v19,V18,Ti3SiC2_bulk_parent_v19,numerical_pure_phase_control_not_training_or_independent_validation,44,45,C,1.52873471,4.41312995,1.2724167,2.6186774119002063,-0.00016848395193298557,-1.9820407788162867e-05,0.0001486635441448227,0.00010330605027247048,1.0731414815096161e-05,-9.257463545737431e-05,0.08974098217523088,2.708418388219253,2.6186774060440223
Ti3SiC2_Ti4f_id0003_z_m020A_k10x10x4_v19,V18,Ti3SiC2_bulk_parent_v19,numerical_pure_phase_control_not_training_or_independent_validation,45,46,C,3.0575,3.53051455,10.0841667,2.6293066005407235,0.0005935743376706085,-4.602686763701411e-05,-0.0006396012053076226,-0.0007691710755544181,5.0220036196659944e-05,0.000819391111751078,0.08756258234784033,2.7168689774177492,2.629306395069909
Ti3SiC2_Ti4f_id0003_z_m020A_k10x10x4_v19,V18,Ti3SiC2_bulk_parent_v19,numerical_pure_phase_control_not_training_or_independent_validation,46,47,C,1.52875,4.41310347,7.5393333,2.6321704542947004,-0.0005307729585570393,-5.868429916802698e-07,0.000530186115565359,0.0007329826659823986,-2.3303226452598444e-05,-0.0007562858924349971,-0.0853412920695987,-2.717511584318241,-2.632170292248642
Ti3SiC2_Ti4f_id0003_z_m020A_k10x10x4_v19,V18,Ti3SiC2_bulk_parent_v19,numerical_pure_phase_control_not_training_or_independent_validation,47,48,C,3.05751529,3.53048807,16.3510833,2.619321000516322,0.002028358758760042,0.005342839793534429,0.0033144810347743876,-0.00117705940359807,-0.003084014655941627,-0.001906955252343557,-0.08583856610552579,-2.7051567753888044,-2.6193182092832785
Ti3SiC2_Ti4f_id0003_z_p020A_k10x10x4_v19,V18,Ti3SiC2_bulk_parent_v19,numerical_pure_phase_control_not_training_or_independent_validation,0,1,Ti,0.0,0.0,0.0,0.016251461277214115,0.02569219388137157,0.01959436731650986,-0.00609782656486171,0.014827817080156463,0.011310863627710614,-0.0035169534524458496,0.04131916538676144,0.026671382508694677,-0.014647782878066763
Ti3SiC2_Ti4f_id0003_z_p020A_k10x10x4_v19,V18,Ti3SiC2_bulk_parent_v19,numerical_pure_phase_control_not_training_or_independent_validation,1,2,Ti,0.0,0.0,8.81175,0.0016262292503270118,0.0011394564556914705,0.00036288666297170166,-0.0007765697927197689,0.0006503685403001502,0.00020945207699519467,-0.00044091646330495556,0.0003573016066320288,0.001716401898752143,0.0013591002921201141
Ti3SiC2_Ti4f_id0003_z_p020A_k10x10x4_v19,V18,Ti3SiC2_bulk_parent_v19,numerical_pure_phase_control_not_training_or_independent_validation,2,3,Ti,1.52876529,0.8826154,2.40798425,4.0271246025231235,0.000748692146017165,3.412627187062258e-05,-0.0007145658741465424,-0.00042765001676452376,-1.2019076569413402e-05,0.00041563094019511035,-0.39057548681775406,-4.417700004497032,-4.027124517679278
Ti3SiC2_Ti4f_id0003_z_p020A_k10x10x4_v19,V18,Ti3SiC2_bulk_parent_v19,numerical_pure_phase_control_not_training_or_independent_validation,3,4,Ti,0.0,1.7652308,11.19973425,4.255971964091906,-0.000727202292181856,0.00016926612458448287,0.0008964684167663389,0.00075035453047053,-0.00012276207457818646,-0.0008731166050487164,-0.045185557645194434,-4.301157337761703,-4.255971780116509
Ti3SiC2_Ti4f_id0003_z_p020A_k10x10x4_v19,V18,Ti3SiC2_bulk_parent_v19,numerical_pure_phase_control_not_training_or_independent_validation,4,5,Ti,1.52875,0.88264188,6.42376575,4.247151465005728,0.0009664131988676812,6.3734913054897826e-06,-0.0009600397075621913,-0.0008881650870737304,2.1147354053883873e-05,0.0009093124411276143,0.02747252024682903,4.274623779405719,4.24715125915889
Ti3SiC2_Ti4f_id0003_z_p020A_k10x10x4_v19,V18,Ti3SiC2_bulk_parent_v19,numerical_pure_phase_control_not_training_or_independent_validation,5,6,Ti,-1.529e-05,1.76525727,15.23551575,4.267296422983949,0.0008595350366339405,0.0012789938533212656,0.00041945881668732513,-0.0004995856452919338,-0.0007456939618451187,-0.0002461083165531849,0.0366841825723281,4.303980577843766,4.267296395271438
Ti3SiC2_Ti4f_id0003_z_p020A_k10x10x4_v19,V18,Ti3SiC2_bulk_parent_v19,numerical_pure_phase_control_not_training_or_independent_validation,6,7,Si,0.0,0.0,4.405875,0.01974886603851054,-0.02783201487527108,-0.016162692093674692,0.011669322781596388,-0.015266978688400878,-0.009331040317147377,0.005935938371253502,0.03328542291774602,0.01849998240085134,-0.01478544051689468
Ti3SiC2_Ti4f_id0003_z_p020A_k10x10x4_v19,V18,Ti3SiC2_bulk_parent_v19,numerical_pure_phase_control_not_training_or_independent_validation,7,8,Si,0.0,0.0,13.217625,0.0013652400307827535,0.0004230134110241956,0.0011036880630872236,0.000680674652063028,-0.0005338399061086595,0.0006372443027145213,0.0011710842088231807,0.002327058111842653,0.002497716060780153,0.00017065794893750003
Ti3SiC2_Ti4f_id0003_z_p020A_k10x10x4_v19,V18,Ti3SiC2_bulk_parent_v19,numerical_pure_phase_control_not_training_or_independent_validation,8,9,C,-1.529e-05,1.76525727,1.2724167,2.5930513160388324,0.026646614601444237,-0.029741384143274544,-0.05638799874471878,-0.015378129738553101,0.01717055180491805,0.03254868154347115,0.1404050061970907,2.732638812113924,2.592233805916833
Ti3SiC2_Ti4f_id0003_z_p020A_k10x10x4_v19,V18,Ti3SiC2_bulk_parent_v19,numerical_pure_phase_control_not_training_or_independent_validation,9,10,C,1.52875,0.88264188,10.0841667,2.628071068269747,0.0004661862756610978,5.751603303727308e-07,-0.00046561111533072506,-0.00069570916000077,2.3224960374313786e-05,0.0007189341203750838,0.08900281466499209,2.717073743353278,2.628070928688286
Ti3SiC2_Ti4f_id0003_z_p020A_k10x10x4_v19,V18,Ti3SiC2_bulk_parent_v19,numerical_pure_phase_control_not_training_or_independent_validation,10,11,C,0.0,1.7652308,7.5393333,2.630602199443639,-0.0005365619199512352,0.0009386230780121848,0.0014751849979634198,0.0007360624810578201,-0.0005652720216942761,-0.0013013345027520962,-0.08748064803257215,-2.7180821119710847,-2.6306014639385125
Ti3SiC2_Ti4f_id0003_z_p020A_k10x10x4_v19,V18,Ti3SiC2_bulk_parent_v19,numerical_pure_phase_control_not_training_or_independent_validation,11,12,C,1.52876529,0.8826154,16.3510833,2.649079869105579,0.00010305323107838714,2.032608038561156e-05,-8.272715069277558e-05,-6.548256461988719e-05,-1.1066480711196224e-05,5.4416083908690965e-05,-0.07941180256461984,-2.7284916698195767,-2.6490798672549567
Ti3SiC2_Ti4f_id0003_z_p020A_k10x10x4_v19,V18,Ti3SiC2_bulk_parent_v19,numerical_pure_phase_control_not_training_or_independent_validation,12,13,Ti,-1.52875,2.64787267,0.0,0.0049148540933230105,-3.432769924951804e-05,4.892913078699719e-07,3.481699055738801e-05,1.9967719634435725e-05,-2.675213085898045e-07,-2.023524094302553e-05,0.013758126482603212,0.008843437370274085,-0.004914689112329127
Ti3SiC2_Ti4f_id0003_z_p020A_k10x10x4_v19,V18,Ti3SiC2_bulk_parent_v19,numerical_pure_phase_control_not_training_or_independent_validation,13,14,Ti,-1.52875,2.64787267,8.81175,0.0015788582895338037,-1.396616192912436e-05,7.502513691947597e-09,1.3973664442816307e-05,8.150557657156118e-06,-6.301116996817839e-08,-8.213568827124296e-06,-0.0001487802923534356,0.001429994793723986,0.0015787750860774216
Ti3SiC2_Ti4f_id0003_z_p020A_k10x10x4_v19,V18,Ti3SiC2_bulk_parent_v19,numerical_pure_phase_control_not_training_or_independent_validation,14,15,Ti,1.529e-05,3.53048807,2.38798425,4.258225593483844,-0.011896188738869242,-0.0016939560418926867,0.010202232696976555,-0.007660178078768525,-0.0009977834467020026,0.006662394632066523,-0.05461146935607385,-4.3128196291278105,-4.258208159771737
Ti3SiC2_Ti4f_id0003_z_p020A_k10x10x4_v19,V18,Ti3SiC2_bulk_parent_v19,numerical_pure_phase_control_not_training_or_independent_validation,15,16,Ti,-1.52875,4.41310347,11.19973425,4.256035427818109,-0.0009575460291416012,-6.322545409266807e-06,0.0009512234837323344,0.0011599258794530217,0.00018140879534384524,-0.0009785170841091766,-0.0451221264663396,-4.301157335498459,-4.256035209032119
Ti3SiC2_Ti4f_id0003_z_p020A_k10x10x4_v19,V18,Ti3SiC2_bulk_parent_v19,numerical_pure_phase_control_not_training_or_independent_validation,16,17,Ti,0.0,3.53051455,6.42376575,4.251342525882867,0.002092918146083761,-0.0001355633305063817,-0.002228481476590143,-0.00023581581467178522,-6.110044250345415e-05,0.00017471537216833108,0.04900695656695073,4.300348894793628,4.251341938226678
Ti3SiC2_Ti4f_id0003_z_p020A_k10x10x4_v19,V18,Ti3SiC2_bulk_parent_v19,numerical_pure_phase_control_not_training_or_independent_validation,17,18,Ti,-1.52876529,4.41312995,15.23551575,4.267399397825268,-0.0006841907888916911,-2.1954045862420876e-05,0.0006622367430292702,0.00221611179951931,0.0015069669850630602,-0.0007091448144562497,0.03658196032667677,4.303981247845433,4.2673992875187565
Ti3SiC2_Ti4f_id0003_z_p020A_k10x10x4_v19,V18,Ti3SiC2_bulk_parent_v19,numerical_pure_phase_control_not_training_or_independent_validation,18,19,Si,-1.52875,2.64787267,4.405875,0.0077878985000890775,-0.000596853434851121,-4.346194750131151e-07,0.0005964188153761079,0.00035445012822565635,-5.139122868747379e-07,-0.0003549640405125311,0.004530275091854583,0.01228718479703345,0.007756909705178866
Ti3SiC2_Ti4f_id0003_z_p020A_k10x10x4_v19,V18,Ti3SiC2_bulk_parent_v19,numerical_pure_phase_control_not_training_or_independent_validation,19,20,Si,-1.52875,2.64787267,13.217625,0.002303685111415481,0.0006154362129188309,6.889749426574124e-07,-0.0006147472379761735,-0.0003652895623101791,3.9155359263134785e-07,0.00036568111590281043,0.0023488584078105333,0.00015903461411614158,-0.002189823793694392
Ti3SiC2_Ti4f_id0003_z_p020A_k10x10x4_v19,V18,Ti3SiC2_bulk_parent_v19,numerical_pure_phase_control_not_training_or_independent_validation,20,21,C,-1.52876529,4.41312995,1.2724167,2.593082214824221,-0.00012257844546174033,-2.2915132484894237e-05,9.96633129768461e-05,0.0310126226638054,-0.034290971338046435,-0.06530359400185183,0.14038893832632013,2.732648725368381,2.592259787042061
Ti3SiC2_Ti4f_id0003_z_p020A_k10x10x4_v19,V18,Ti3SiC2_bulk_parent_v19,numerical_pure_phase_control_not_training_or_independent_validation,21,22,C,0.0,3.53051455,10.0841667,2.62752646679788,0.0005433918147233236,-5.8106788338653514e-05,-0.0006014986030619771,-0.0006778725885563655,-1.0660318192425543e-05,0.0006672122703639399,0.0892560833293645,2.7167823965659355,2.627526313236571
Ti3SiC2_Ti4f_id0003_z_p020A_k10x10x4_v19,V18,Ti3SiC2_bulk_parent_v19,numerical_pure_phase_control_not_training_or_independent_validation,22,23,C,-1.52875,4.41310347,7.5393333,2.6306059764120655,-0.0004799126730601716,-5.724372719696797e-07,0.0004793402357882019,0.0006299982874144491,0.0010613485126502863,0.0004313502252358372,-0.08747607278335823,-2.7180819701584853,-2.630605897375127
Ti3SiC2_Ti4f_id0003_z_p020A_k10x10x4_v19,V18,Ti3SiC2_bulk_parent_v19,numerical_pure_phase_control_not_training_or_independent_validation,23,24,C,1.529e-05,3.53048807,16.3510833,2.6374516863631907,0.0020021744053733597,0.0051655463137040515,0.003163371908330692,0.0009733806876302146,0.0029590371355207234,0.0019856564478905087,-0.09099266883179045,-2.728441710642206,-2.6374490418104157
Ti3SiC2_Ti4f_id0003_z_p020A_k10x10x4_v19,V18,Ti3SiC2_bulk_parent_v19,numerical_pure_phase_control_not_training_or_independent_validation,24,25,Ti,3.0575,0.0,0.0,0.016316284707688044,-0.02571039830085919,-0.019594027379506468,0.006116370921352723,0.014844040100475284,0.011312601473838172,-0.0035314386266371116,0.04138180395262649,0.02667329979207159,-0.014708504160554903
Ti3SiC2_Ti4f_id0003_z_p020A_k10x10x4_v19,V18,Ti3SiC2_bulk_parent_v19,numerical_pure_phase_control_not_training_or_independent_validation,25,26,Ti,3.0575,0.0,8.81175,0.0016432832713150077,-0.0011392949824445087,-0.0003629017590202438,0.0007763932234242649,0.0006578602206927867,0.0002094490792194125,-0.00044841114147337415,0.00033925734103724904,0.0017163996432729975,0.0013771423022357486
Ti3SiC2_Ti4f_id0003_z_p020A_k10x10x4_v19,V18,Ti3SiC2_bulk_parent_v19,numerical_pure_phase_control_not_training_or_independent_validation,26,27,Ti,4.58626529,0.8826154,2.38798425,4.258225874232403,0.0006889886339400432,2.3493189095699467e-05,-0.0006654954448443438,0.014137528020466094,0.0019769095413765918,-0.012160618479089502,-0.054611244203638845,-4.3128197022827335,-4.258208458079094
Ti3SiC2_Ti4f_id0003_z_p020A_k10x10x4_v19,V18,Ti3SiC2_bulk_parent_v19,numerical_pure_phase_control_not_training_or_independent_validation,27,28,Ti,3.0575,1.7652308,11.19973425,4.256035362430119,-0.0011969738418715185,-0.00018192823058569782,0.0010150456112858206,0.0007451104821706245,-0.00012277189810982932,-0.0008678823802804538,-0.045122176287389126,-4.301157329187122,-4.256035152899733
Ti3SiC2_Ti4f_id0003_z_p020A_k10x10x4_v19,V18,Ti3SiC2_bulk_parent_v19,numerical_pure_phase_control_not_training_or_independent_validation,28,29,Ti,4.58625,0.88264188,6.42376575,4.251342827413206,0.0009643327047121899,6.548645851346416e-06,-0.0009577840588608434,-0.002190171564431154,0.00018545700482436225,0.0023756285692555163,0.04900689859000047,4.300348954369129,4.251342055779129
Ti3SiC2_Ti4f_id0003_z_p020A_k10x10x4_v19,V18,Ti3SiC2_bulk_parent_v19,numerical_pure_phase_control_not_training_or_independent_validation,29,30,Ti,3.05748471,1.76525727,15.23551575,4.267399422266803,-0.0022644112357828074,-0.0013224217760301337,0.0009419894597526737,-0.0005206550140573667,-0.0007454167411800436,-0.00022476172712267693,0.036581935525348074,4.3039812479053206,4.267399312379973
Ti3SiC2_Ti4f_id0003_z_p020A_k10x10x4_v19,V18,Ti3SiC2_bulk_parent_v19,numerical_pure_phase_control_not_training_or_independent_validation,30,31,Si,3.0575,0.0,4.405875,0.01901266149248346,0.02654538092671314,0.01616132367011257,-0.01038405725660057,-0.015316207866579402,-0.009331641944536315,0.005984565922043087,0.03325990300514677,0.018500579760359258,-0.014759323244787514
Ti3SiC2_Ti4f_id0003_z_p020A_k10x10x4_v19,V18,Ti3SiC2_bulk_parent_v19,numerical_pure_phase_control_not_training_or_independent_validation,31,32,Si,3.0575,0.0,13.217625,0.002262976195208397,0.0008469186789172483,-0.0011023223208469733,-0.0019492409997642216,-0.0004989364605904767,0.0006371996384414959,0.0011361360990319726,0.0023224571308402687,0.002497715652443254,0.00017525852160298538
Ti3SiC2_Ti4f_id0003_z_p020A_k10x10x4_v19,V18,Ti3SiC2_bulk_parent_v19,numerical_pure_phase_control_not_training_or_independent_validation,32,33,C,3.05748471,1.76525727,1.2724167,2.5930808018630507,-0.02691533693834833,0.029684738903967375,0.0566000758423157,-0.015391733143311995,0.017164307768712053,0.03255604091202405,0.14039019055614788,2.7326487773112387,2.592258586755091
Ti3SiC2_Ti4f_id0003_z_p020A_k10x10x4_v19,V18,Ti3SiC2_bulk_parent_v19,numerical_pure_phase_control_not_training_or_independent_validation,33,34,C,4.58625,0.88264188,10.0841667,2.6275264452538525,0.0004893720024548278,5.91150476045255e-07,-0.0004887808519787825,-0.0007714409327704353,9.100533886778508e-05,0.0008624462716382204,0.08925614611191794,2.71678240436093,2.627526258249012
Ti3SiC2_Ti4f_id0003_z_p020A_k10x10x4_v19,V18,Ti3SiC2_bulk_parent_v19,numerical_pure_phase_control_not_training_or_independent_validation,34,35,C,3.0575,1.7652308,7.5393333,2.630606502217617,-0.00041632353524660384,-0.0009398055905497206,-0.0005234820553031167,0.0007400713506755471,-0.0005652937542561245,-0.0013053651049316716,-0.08747596095295762,-2.7180820872094307,-2.630606126256473
Ti3SiC2_Ti4f_id0003_z_p020A_k10x10x4_v19,V18,Ti3SiC2_bulk_parent_v19,numerical_pure_phase_control_not_training_or_independent_validation,35,36,C,4.58626529,0.8826154,16.3510833,2.6374517676240568,0.0001529288600285182,2.0761143902420145e-05,-0.00013216771612609805,-0.002229759810601471,-0.00595199974517455,-0.003722239934573079,-0.0909925824868043,-2.72844172019635,-2.6374491377095457
Ti3SiC2_Ti4f_id0003_z_p020A_k10x10x4_v19,V18,Ti3SiC2_bulk_parent_v19,numerical_pure_phase_control_not_training_or_independent_validation,36,37,Ti,1.52875,2.64787267,0.0,0.016251697874609557,4.945237988042196e-06,1.6749866231465828e-06,-3.270251364895613e-06,-0.02966405974862105,-0.022624633256787055,0.007039426491833995,0.041319349373797165,0.026671341052557362,-0.014648008321239803
Ti3SiC2_Ti4f_id0003_z_p020A_k10x10x4_v19,V18,Ti3SiC2_bulk_parent_v19,numerical_pure_phase_control_not_training_or_independent_validation,37,38,Ti,1.52875,2.64787267,8.81175,0.0016262977772452827,6.571160152989828e-06,-1.0145341319649226e-08,-6.581305494309477e-06,-0.0013119161624803167,-0.0004190228576732766,0.0008928933048070401,0.0003572345335502754,0.0017164779602114825,0.001359243426661207
Ti3SiC2_Ti4f_id0003_z_p020A_k10x10x4_v19,V18,Ti3SiC2_bulk_parent_v19,numerical_pure_phase_control_not_training_or_independent_validation,38,39,Ti,3.05751529,3.53048807,2.38798425,4.258180325986061,0.013297771515822718,0.0017388154473413412,-0.011558956068481377,-0.007673804211836997,-0.000996555432903202,0.006677248778933794,-0.05466094036290986,-4.312820342440068,-4.258159402077158
Ti3SiC2_Ti4f_id0003_z_p020A_k10x10x4_v19,V18,Ti3SiC2_bulk_parent_v19,numerical_pure_phase_control_not_training_or_independent_validation,39,40,Ti,1.52875,4.41310347,11.19973425,4.255431456892101,-0.0009743467493376112,-6.338694767878692e-06,0.0009680080545697325,0.0008930919827848072,-2.1361743465077548e-05,-0.0009144537262498849,-0.0455602025524217,-4.300991451091354,-4.255431248538932
Ti3SiC2_Ti4f_id0003_z_p020A_k10x10x4_v19,V18,Ti3SiC2_bulk_parent_v19,numerical_pure_phase_control_not_training_or_independent_validation,40,41,Ti,3.0575,3.53051455,6.42376575,4.251284887618012,-0.00015937059160115304,0.00014842569333946949,0.0003077962849406225,-0.0002386351079722256,-6.0964807927558345e-05,0.00017767030004466725,0.04906409295365403,4.3003489657167115,4.251284872763057
Ti3SiC2_Ti4f_id0003_z_p020A_k10x10x4_v19,V18,Ti3SiC2_bulk_parent_v19,numerical_pure_phase_control_not_training_or_independent_validation,41,42,Ti,1.52873471,4.41312995,15.23551575,4.256021495439922,-0.0007138290559743456,-2.1655958863753353e-05,0.0006921730971105923,0.0004085264466721173,5.132956520839237e-06,-0.00040339349015127806,0.03950147102353747,4.29552289106089,4.256021420037353
Ti3SiC2_Ti4f_id0003_z_p020A_k10x10x4_v19,V18,Ti3SiC2_bulk_parent_v19,numerical_pure_phase_control_not_training_or_independent_validation,42,43,Si,1.52875,2.64787267,4.405875,0.01975940657128124,-0.0006859425860160825,-1.2052330650858797e-06,0.0006847373529509966,0.03175200682824008,0.018661735803134655,-0.013090271025105425,0.03328550033661278,0.01850003154810454,-0.01478546878850824
Ti3SiC2_Ti4f_id0003_z_p020A_k10x10x4_v19,V18,Ti3SiC2_bulk_parent_v19,numerical_pure_phase_control_not_training_or_independent_validation,43,44,Si,1.52875,2.64787267,13.217625,0.0013467749781071086,0.0006652023430227098,6.44190667562633e-07,-0.0006645581523551472,-0.00011436910187871723,-0.0012732655541043832,-0.001158896452225666,0.0023270726651181605,0.0024977311451667076,0.0001706584800485471
Ti3SiC2_Ti4f_id0003_z_p020A_k10x10x4_v19,V18,Ti3SiC2_bulk_parent_v19,numerical_pure_phase_control_not_training_or_independent_validation,44,45,C,1.52873471,4.41312995,1.2724167,2.638519876695434,-0.00011562878571062868,-2.0940337874949698e-05,9.468844783567898e-05,7.257104875979571e-05,1.137866090366636e-05,-6.119238785612935e-05,0.08694126843655416,2.725461142723363,2.638519874286809
Ti3SiC2_Ti4f_id0003_z_p020A_k10x10x4_v19,V18,Ti3SiC2_bulk_parent_v19,numerical_pure_phase_control_not_training_or_independent_validation,45,46,C,3.0575,3.53051455,10.0841667,2.627556861654687,0.00041864784459831324,5.9268562858505046e-05,-0.0003593792817398082,-0.000668224253190127,-1.064846768945426e-05,0.0006575757855006727,0.08922565016202685,2.7167824049571054,2.6275567547950787
Ti3SiC2_Ti4f_id0003_z_p020A_k10x10x4_v19,V18,Ti3SiC2_bulk_parent_v19,numerical_pure_phase_control_not_training_or_independent_validation,46,47,C,1.52875,4.41310347,7.5393333,2.624809972743383,-0.00048105626632327154,-5.796779874315053e-07,0.00048047658833584003,0.0007041427306629986,-2.3166155035625642e-05,-0.0007273088856986242,-0.09133718771738315,-2.7161470157196237,-2.6248098280022405
Ti3SiC2_Ti4f_id0003_z_p020A_k10x10x4_v19,V18,Ti3SiC2_bulk_parent_v19,numerical_pure_phase_control_not_training_or_independent_validation,47,48,C,3.05751529,3.53048807,16.3510833,2.637501241823011,-0.0017242344830614635,-0.005124205486451946,-0.0033999710033904827,0.000989497975870287,0.0029591419068225504,0.0019696439309522633,-0.09094394414887946,-2.7284422590901203,-2.637498314941241
Ti3SiC2_C4f_id0009_z_m020A_k10x10x4_v19,V18,Ti3SiC2_bulk_parent_v19,numerical_pure_phase_control_not_training_or_independent_validation,0,1,Ti,0.0,0.0,0.0,0.06442566327320023,-2.667207327708457e-05,1.6011653828792208e-07,2.6832189815372492e-05,-0.009984086858508079,0.045958198605587516,0.0559422854640956,-0.024735987134778144,0.007219076083419518,0.03195506321819766
Ti3SiC2_C4f_id0009_z_m020A_k10x10x4_v19,V18,Ti3SiC2_bulk_parent_v19,numerical_pure_phase_control_not_training_or_independent_validation,1,2,Ti,0.0,0.0,8.81175,0.0004399424850125743,-9.592153128572792e-06,-1.1305297571345466e-08,9.580847831001446e-06,0.0002723851142817545,-6.167642684891568e-05,-0.0003340615411306702,-0.0001367405831508052,-0.000422853295575961,-0.0002861127124251558
Ti3SiC2_C4f_id0009_z_m020A_k10x10x4_v19,V18,Ti3SiC2_bulk_parent_v19,numerical_pure_phase_control_not_training_or_independent_validation,2,3,Ti,1.52876529,0.8826154,2.38798425,4.222004842675307,-0.03774501830070035,0.016922669809919973,0.054667688110620324,0.021794956358965396,-0.009762999694288703,-0.0315579560532541,-0.0962827360720039,-4.317815684049567,-4.221532947977563
Ti3SiC2_C4f_id0009_z_m020A_k10x10x4_v19,V18,Ti3SiC2_bulk_parent_v19,numerical_pure_phase_control_not_training_or_independent_validation,3,4,Ti,0.0,1.7652308,11.19973425,4.258133737408011,-0.000997086340759233,-6.344779605853973e-06,0.000990741561153379,0.0009062371746607019,-2.1414207168194582e-05,-0.0009276513818288964,-0.04443693374093751,-4.302570454844567,-4.2581335211036295
Ti3SiC2_C4f_id0009_z_m020A_k10x10x4_v19,V18,Ti3SiC2_bulk_parent_v19,numerical_pure_phase_control_not_training_or_independent_validation,4,5,Ti,1.52875,0.88264188,6.42376575,4.260610658770818,0.0015378154843467126,0.00030853788807466725,-0.0012292775962720454,-0.001218342668217501,-0.00015301212222878537,0.0010653305459887156,0.04301540875870949,4.303625757004477,4.260610348245768
Ti3SiC2_C4f_id0009_z_m020A_k10x10x4_v19,V18,Ti3SiC2_bulk_parent_v19,numerical_pure_phase_control_not_training_or_independent_validation,5,6,Ti,-1.529e-05,1.76525727,15.23551575,4.279437368230662,-0.0007234425596481771,-2.2029472225652623e-05,0.0007014130874225245,0.00041444221096851333,5.446588327955894e-06,-0.00040899562264055744,0.034900000074423905,4.314337291278868,4.279437291204444
Ti3SiC2_C4f_id0009_z_m020A_k10x10x4_v19,V18,Ti3SiC2_bulk_parent_v19,numerical_pure_phase_control_not_training_or_independent_validation,6,7,Si,0.0,0.0,4.405875,0.0020865409755556944,-0.0006400270045217656,-1.0237543176991717e-06,0.0006390032502040664,0.008130439785601835,0.006146736508194733,-0.0019837032774071024,-0.005440525142695048,-0.005339285841502927,0.00010123930119212109
Ti3SiC2_C4f_id0009_z_m020A_k10x10x4_v19,V18,Ti3SiC2_bulk_parent_v19,numerical_pure_phase_control_not_training_or_independent_validation,7,8,Si,0.0,0.0,13.217625,0.0014850491117481147,0.0006296466373585794,6.967298948759523e-07,-0.0006289499074637034,-1.9819010248120374e-05,0.0013119904929610876,0.001331809503209208,0.00026316698816133163,7.322930004518679e-05,-0.00018993768811614484
Ti3SiC2_C4f_id0009_z_m020A_k10x10x4_v19,V18,Ti3SiC2_bulk_parent_v19,numerical_pure_phase_control_not_training_or_independent_validation,8,9,C,-1.529e-05,1.76525727,1.2524167,2.3984019098366143,-0.00011893384938754219,-3.3842179716722494e-05,8.50916696708197e-05,7.37496135830077e-05,1.8851657357248997e-05,-5.4897956225758704e-05,0.3936045314781197,2.7920064391769817,2.398401907698862
Ti3SiC2_C4f_id0009_z_m020A_k10x10x4_v19,V18,Ti3SiC2_bulk_parent_v19,numerical_pure_phase_control_not_training_or_independent_validation,9,10,C,1.52875,0.88264188,10.0841667,2.6283112502757926,0.000302137162985977,9.335428595685664e-05,-0.00020878287702912036,-0.0006009857429716566,-3.0302272793369337e-05,0.0005706834701782873,0.08888312571577825,2.717194305743057,2.628311180027279
Ti3SiC2_C4f_id0009_z_m020A_k10x10x4_v19,V18,Ti3SiC2_bulk_parent_v19,numerical_pure_phase_control_not_training_or_independent_validation,10,11,C,0.0,1.7652308,7.5393333,2.6294642075761847,-0.0005011303919335746,-5.897629645045671e-07,0.00050054062896907,0.0007157731182469336,-2.3417208088479143e-05,-0.0007391903263354127,-0.08839016114828166,-2.717854217183464,-2.6294640560351823
Ti3SiC2_C4f_id0009_z_m020A_k10x10x4_v19,V18,Ti3SiC2_bulk_parent_v19,numerical_pure_phase_control_not_training_or_independent_validation,11,12,C,1.52876529,0.8826154,16.3510833,2.647633798058349,0.008973452468395838,0.02013487272657416,0.011161420258178322,-0.005186860682522909,-0.011624201632665834,-0.006437340950142925,-0.10325994071039322,-2.7508623866905655,-2.6476024459801724
Ti3SiC2_C4f_id0009_z_m020A_k10x10x4_v19,V18,Ti3SiC2_bulk_parent_v19,numerical_pure_phase_control_not_training_or_independent_validation,12,13,Ti,-1.52875,2.64787267,0.0,0.06445799739310382,-0.008645140319669613,0.039801716596249495,0.04844685691591911,0.004991167347639493,-0.022979523455496885,-0.027970690803136376,-0.024801190303653912,0.007220301524385289,0.0320214918280392
Ti3SiC2_C4f_id0009_z_m020A_k10x10x4_v19,V18,Ti3SiC2_bulk_parent_v19,numerical_pure_phase_control_not_training_or_independent_validation,13,14,Ti,-1.52875,2.64787267,8.81175,0.00045674129268940405,0.00024198232082247732,-5.344244423941788e-05,-0.0002954247650618952,-0.00013962186670368276,3.08901067273379e-05,0.00017051197343102067,-0.0001191453569371748,-0.0004228927578353072,-0.00030374740089813244
Ti3SiC2_C4f_id0009_z_m020A_k10x10x4_v19,V18,Ti3SiC2_bulk_parent_v19,numerical_pure_phase_control_not_training_or_independent_validation,14,15,Ti,1.529e-05,3.53048807,2.38798425,4.222044722665618,0.0007014787850887903,2.273549794167321e-05,-0.0006787432871471171,-0.04483109090630265,0.019495606303738405,0.06432669721004106,-0.0962708736683932,-4.317825475414319,-4.221554601745925
Ti3SiC2_C4f_id0009_z_m020A_k10x10x4_v19,V18,Ti3SiC2_bulk_parent_v19,numerical_pure_phase_control_not_training_or_independent_validation,15,16,Ti,-1.52875,4.41310347,11.19973425,4.257542662684019,-0.0007371049083340641,-0.00011556601594714876,0.0006215388923869154,0.0010471291725353792,-8.444618273630239e-05,-0.0011315753552716815,-0.044721031056440305,-4.302263497996863,-4.257542466940423
Ti3SiC2_C4f_id0009_z_m020A_k10x10x4_v19,V18,Ti3SiC2_bulk_parent_v19,numerical_pure_phase_control_not_training_or_independent_validation,16,17,Ti,0.0,3.53051455,6.42376575,4.260611935209531,0.000987490625665271,6.379560132128764e-06,-0.0009811110655331423,-0.00028130062848123126,0.0003703899430018351,0.0006516905714830663,0.043014148153603105,4.3036259205602825,4.260611772406679
Ti3SiC2_C4f_id0009_z_m020A_k10x10x4_v19,V18,Ti3SiC2_bulk_parent_v19,numerical_pure_phase_control_not_training_or_independent_validation,17,18,Ti,-1.52876529,4.41312995,15.23551575,4.267381547922487,-0.00011271546752509749,-0.003192298564097835,-0.0030795830965727375,0.000768401872282495,-0.0018247941873594578,-0.0025931960596419527,0.04663053363769854,4.314010182444618,4.267379648806919
Ti3SiC2_C4f_id0009_z_m020A_k10x10x4_v19,V18,Ti3SiC2_bulk_parent_v19,numerical_pure_phase_control_not_training_or_independent_validation,18,19,Si,-1.52875,2.64787267,4.405875,0.0008514841628596487,0.006060254152513124,0.005323006388403755,-0.0007372477641093686,-0.0034888028922969035,-0.0030740217616030048,0.00041478113069389876,-0.005436066325696568,-0.005338867418620281,9.719890707628621e-05
Ti3SiC2_C4f_id0009_z_m020A_k10x10x4_v19,V18,Ti3SiC2_bulk_parent_v19,numerical_pure_phase_control_not_training_or_independent_validation,19,20,Si,-1.52875,2.64787267,13.217625,0.0002709134952296673,0.0009673605732137702,0.0011365353026049183,0.00016917472939114808,-0.0005684174444313361,-0.0006553850163954103,-8.696757196407416e-05,0.00026598457641932523,7.308389145511789e-05,-0.00019290068496420734
Ti3SiC2_C4f_id0009_z_m020A_k10x10x4_v19,V18,Ti3SiC2_bulk_parent_v19,numerical_pure_phase_control_not_training_or_independent_validation,20,21,C,-1.52876529,4.41312995,1.2724167,2.6574831193838895,0.0031990209224208783,0.011021507989654556,0.007822487067233678,0.002024844803716544,0.006387044149729756,0.004362199346013212,0.09386110989719872,2.751329135993332,2.657468026096133
Ti3SiC2_C4f_id0009_z_m020A_k10x10x4_v19,V18,Ti3SiC2_bulk_parent_v19,numerical_pure_phase_control_not_training_or_independent_validation,21,22,C,0.0,3.53051455,10.0841667,2.62834312505561,0.0004985767572899931,5.83047243137751e-07,-0.0004979937100468554,-0.0009434079356452083,0.00013039888695791585,0.0010738068226031241,0.08885146834717214,2.717194326873864,2.628342858526692
Ti3SiC2_C4f_id0009_z_m020A_k10x10x4_v19,V18,Ti3SiC2_bulk_parent_v19,numerical_pure_phase_control_not_training_or_independent_validation,22,23,C,-1.52875,4.41310347,7.5393333,2.6286521915259087,-0.0012041871197258857,0.0010187719971520167,0.0022229591168779024,0.0003073584532796412,0.0005651554479101355,0.00025779699463049436,-0.08880692766140488,-2.7174581666064723,-2.6286512389450674
Ti3SiC2_C4f_id0009_z_m020A_k10x10x4_v19,V18,Ti3SiC2_bulk_parent_v19,numerical_pure_phase_control_not_training_or_independent_validation,23,24,C,1.529e-05,3.53048807,16.3510833,2.647650503248578,0.0001447924133085774,2.1422775446934488e-05,-0.00012336963786164292,0.010087468603198408,0.02321494893261999,0.013127480329421582,-0.10324701144492263,-2.750864967531597,-2.6476179560866746
Ti3SiC2_C4f_id0009_z_m020A_k10x10x4_v19,V18,Ti3SiC2_bulk_parent_v19,numerical_pure_phase_control_not_training_or_independent_validation,24,25,Ti,3.0575,0.0,0.0,0.010313109629322977,7.252975178711769e-06,8.701765458211504e-08,-7.165957524129654e-06,-4.108369220946697e-06,-5.822371692935924e-08,4.050145504017337e-06,0.0013136664503977566,-0.008999439894046116,-0.010313106344443873
Ti3SiC2_C4f_id0009_z_m020A_k10x10x4_v19,V18,Ti3SiC2_bulk_parent_v19,numerical_pure_phase_control_not_training_or_independent_validation,25,26,Ti,3.0575,0.0,8.81175,0.000978395517393311,1.3135769837657488e-05,1.1765117419668433e-08,-1.3124004720237818e-05,-7.536224193926571e-06,4.104757960268768e-08,7.577271773529259e-06,0.00032549170627781555,-0.0006527864412384713,-0.000978278147516287
Ti3SiC2_C4f_id0009_z_m020A_k10x10x4_v19,V18,Ti3SiC2_bulk_parent_v19,numerical_pure_phase_control_not_training_or_independent_validation,26,27,Ti,4.58626529,0.8826154,2.38798425,4.2220435471970195,0.0391804223408068,-0.016865901339697724,-0.05604632368050452,0.021813693850693452,-0.009756477088323032,-0.031570170939016484,-0.096272074848998,-4.3178255624098,-4.221553487560802
Ti3SiC2_C4f_id0009_z_m020A_k10x10x4_v19,V18,Ti3SiC2_bulk_parent_v19,numerical_pure_phase_control_not_training_or_independent_validation,27,28,Ti,3.0575,1.7652308,11.19973425,4.257542587253065,-0.0009891741929593941,-6.343851804017261e-06,0.0009828303411553768,0.0006105072807521596,0.0001047126185327493,-0.0005057946622194103,-0.044721066511508506,-4.302263510279956,-4.257542443768448
Ti3SiC2_C4f_id0009_z_m020A_k10x10x4_v19,V18,Ti3SiC2_bulk_parent_v19,numerical_pure_phase_control_not_training_or_independent_validation,28,29,Ti,4.58625,0.88264188,6.42376575,4.26061191413505,0.00045110000596441084,-0.00029584202716727694,-0.0007469420331316877,-0.001210305774621685,-0.00015304864295850613,0.0010572571316631789,0.04301417206871691,4.3036258895518404,4.2606117174831235
Ti3SiC2_C4f_id0009_z_m020A_k10x10x4_v19,V18,Ti3SiC2_bulk_parent_v19,numerical_pure_phase_control_not_training_or_independent_validation,29,30,Ti,3.05748471,1.76525727,15.23551575,4.267381608857838,-0.0007248603056495233,-2.223035917644318e-05,0.0007026299464730801,-0.0002916552210363331,0.0036660527229514166,0.0039577079439877495,0.04663046562243993,4.314010181382112,4.267379715759672
Ti3SiC2_C4f_id0009_z_m020A_k10x10x4_v19,V18,Ti3SiC2_bulk_parent_v19,numerical_pure_phase_control_not_training_or_independent_validation,30,31,Si,3.0575,0.0,4.405875,0.007915816790329768,-0.000654905332633751,-2.303188560313571e-07,0.0006546750137777196,0.0003881025326277616,-6.380257092242853e-07,-0.00038874055833698585,-0.006913429118668595,-0.014792543082986262,-0.007879113964317667
Ti3SiC2_C4f_id0009_z_m020A_k10x10x4_v19,V18,Ti3SiC2_bulk_parent_v19,numerical_pure_phase_control_not_training_or_independent_validation,31,32,Si,3.0575,0.0,13.217625,0.003911012959472802,0.0006746416996777801,6.703489619864014e-07,-0.0006739713507157937,-0.00039948850102745806,4.0931225589519495e-07,0.00039989781328335323,0.0012293812515383107,-0.002602311158678057,-0.003831692410216368
Ti3SiC2_C4f_id0009_z_m020A_k10x10x4_v19,V18,Ti3SiC2_bulk_parent_v19,numerical_pure_phase_control_not_training_or_independent_validation,32,33,C,3.05748471,1.76525727,1.2724167,2.6574834952387314,-0.0001488582964204335,-2.1212698338160248e-05,0.00012764559808227326,-0.003773669546337409,-0.012739423130969747,-0.008965753584632339,0.09386075984567804,2.751329127754415,2.657468367908737
Ti3SiC2_C4f_id0009_z_m020A_k10x10x4_v19,V18,Ti3SiC2_bulk_parent_v19,numerical_pure_phase_control_not_training_or_independent_validation,33,34,C,4.58625,0.88264188,10.0841667,2.6283430178602134,0.0006969233748588482,-9.219002081159412e-05,-0.0007891133956704423,-0.000599893198719721,-3.030332867743485e-05,0.0005695898700422862,0.08885147081888155,2.7171943085023456,2.628342837683464
Ti3SiC2_C4f_id0009_z_m020A_k10x10x4_v19,V18,Ti3SiC2_bulk_parent_v19,numerical_pure_phase_control_not_training_or_independent_validation,34,35,C,3.0575,1.7652308,7.5393333,2.6286528108090494,-0.0004989015772490178,-5.732089123245288e-07,0.0004983283683366933,0.0015287685511180397,-0.0012004015597044213,-0.002729170110822461,-0.08880686312858012,-2.7174582099362277,-2.6286513468076476
Ti3SiC2_C4f_id0009_z_m020A_k10x10x4_v19,V18,Ti3SiC2_bulk_parent_v19,numerical_pure_phase_control_not_training_or_independent_validation,35,36,C,4.58626529,0.8826154,16.3510833,2.6476507851275946,-0.008668733572389434,-0.020093426505442446,-0.011424692933053012,-0.0051781292788493725,-0.011625009530295006,-0.006446880251445634,-0.10324667767286926,-2.750864964759053,-2.6476182870861837
Ti3SiC2_C4f_id0009_z_m020A_k10x10x4_v19,V18,Ti3SiC2_bulk_parent_v19,numerical_pure_phase_control_not_training_or_independent_validation,36,37,Ti,1.52875,2.64787267,0.0,0.06442475063877065,0.00863264989731022,-0.039800903114753136,-0.048433553012063355,0.005014743717564263,-0.02297923867754934,-0.027993982395113602,-0.024735263885118656,0.007219022011416385,0.03195428589653504
Ti3SiC2_C4f_id0009_z_m020A_k10x10x4_v19,V18,Ti3SiC2_bulk_parent_v19,numerical_pure_phase_control_not_training_or_independent_validation,37,38,Ti,1.52875,2.64787267,8.81175,0.00043996512895051856,-0.00024066997806763035,5.344598427548192e-05,0.0002941159623431123,-0.00012779153659654992,3.090520547983336e-05,0.00015869674207638328,-0.00013671566859843802,-0.00042286328686875195,-0.0002861476182703139
Ti3SiC2_C4f_id0009_z_m020A_k10x10x4_v19,V18,Ti3SiC2_bulk_parent_v19,numerical_pure_phase_control_not_training_or_independent_validation,38,39,Ti,3.05751529,3.53048807,2.38798425,4.268106534037637,0.0007080259337204169,2.2398649773716892e-05,-0.0006856272839467,-0.00040528706088790176,-5.5798425163685694e-06,0.0003997072183715332,-0.042630548526478775,-4.310737008778394,-4.268106460251915
Ti3SiC2_C4f_id0009_z_m020A_k10x10x4_v19,V18,Ti3SiC2_bulk_parent_v19,numerical_pure_phase_control_not_training_or_independent_validation,39,40,Ti,1.52875,4.41310347,11.19973425,4.257574016031168,-0.0012555993152182216,0.00010287556892136672,0.0013584748841395883,0.0010554155449857539,-8.444459966954501e-05,-0.001139860144655299,-0.04468988105491938,-4.302263527775386,-4.257573646720466
Ti3SiC2_C4f_id0009_z_m020A_k10x10x4_v19,V18,Ti3SiC2_bulk_parent_v19,numerical_pure_phase_control_not_training_or_independent_validation,40,41,Ti,3.0575,3.53051455,6.42376575,4.254665543561745,0.0009988164190860693,6.440045380364098e-06,-0.0009923763737057052,-0.0009071512138343042,2.1336093643674683e-05,0.0009284873074779789,0.04695948318376007,4.301624809701465,4.2546653265177055
Ti3SiC2_C4f_id0009_z_m020A_k10x10x4_v19,V18,Ti3SiC2_bulk_parent_v19,numerical_pure_phase_control_not_training_or_independent_validation,41,42,Ti,1.52873471,4.41312995,15.23551575,4.267432949344227,-0.0013295858958289317,0.0031487103936627984,0.004478296289491731,0.000764116666564919,-0.0018252979593403997,-0.002589414625905319,0.046580937179880245,4.314010751124452,4.267429813944572
Ti3SiC2_C4f_id0009_z_m020A_k10x10x4_v19,V18,Ti3SiC2_bulk_parent_v19,numerical_pure_phase_control_not_training_or_independent_validation,42,43,Si,1.52875,2.64787267,4.405875,0.0020741583358989796,-0.0073525759266477074,-0.005324381948339616,0.002028193978308092,-0.0034958930189031697,-0.003073633813290039,0.0004222592056131306,-0.005440528509678102,-0.005339241037555493,0.00010128747212260862
Ti3SiC2_C4f_id0009_z_m020A_k10x10x4_v19,V18,Ti3SiC2_bulk_parent_v19,numerical_pure_phase_control_not_training_or_independent_validation,43,44,Si,1.52875,2.64787267,13.217625,0.001474579335085347,0.00032332444118756754,-0.0011351839733857142,-0.0014585084145732818,-0.0005502916565714287,-0.0006554093395448224,-0.00010511768297339372,0.00026320976512082974,7.324215523435169e-05,-0.00018996760988647805
Ti3SiC2_C4f_id0009_z_m020A_k10x10x4_v19,V18,Ti3SiC2_bulk_parent_v19,numerical_pure_phase_control_not_training_or_independent_validation,44,45,C,1.52873471,4.41312995,1.2724167,2.65751809358021,-0.003459224683158596,-0.011064112885905402,-0.007604888202746806,0.0020031854772524786,0.006387147780142787,0.004383962302890308,0.09382669274102806,2.7513302890238522,2.657503596282824
Ti3SiC2_C4f_id0009_z_m020A_k10x10x4_v19,V18,Ti3SiC2_bulk_parent_v19,numerical_pure_phase_control_not_training_or_independent_validation,45,46,C,3.0575,3.53051455,10.0841667,2.627388712657761,0.0005041116938752005,5.81859964374383e-07,-0.0005035298339108261,-0.0007175491997129088,2.3272044775640623e-05,0.0007408212444885494,0.09001981694696974,2.7174083769135002,2.6273885599665303
Ti3SiC2_C4f_id0009_z_m020A_k10x10x4_v19,V18,Ti3SiC2_bulk_parent_v19,numerical_pure_phase_control_not_training_or_independent_validation,46,47,C,1.52875,4.41310347,7.5393333,2.628667487789696,0.00020090446960892405,-0.001019926739475755,-0.001220831209084679,0.0003105141228785211,0.0005651602508789936,0.00025464612800047245,-0.08879102429343957,-2.7174582162538634,-2.6286671919604236
Ti3SiC2_C4f_id0009_z_m020A_k10x10x4_v19,V18,Ti3SiC2_bulk_parent_v19,numerical_pure_phase_control_not_training_or_independent_validation,47,48,C,3.05751529,3.53048807,16.3510833,2.651509302620666,0.0001497124778006248,1.9434924976316926e-05,-0.00013027755282430788,-9.245082179075925e-05,-1.0536769416863781e-05,8.191405237389547e-05,-0.11350681511554697,-2.765016113270426,-2.651509298154879
Ti3SiC2_C4f_id0009_z_p020A_k10x10x4_v19,V18,Ti3SiC2_bulk_parent_v19,numerical_pure_phase_control_not_training_or_independent_validation,0,1,Ti,0.0,0.0,0.0,0.059513544614503686,2.2921944091797353e-05,-1.1834363578721314e-07,-2.3040287727584566e-05,0.0070408514005168964,-0.045105483750718545,-0.05214633515123544,0.022966592652961384,-0.005714780954707569,-0.028681373607668953
Ti3SiC2_C4f_id0009_z_p020A_k10x10x4_v19,V18,Ti3SiC2_bulk_parent_v19,numerical_pure_phase_control_not_training_or_independent_validation,1,2,Ti,0.0,0.0,8.81175,0.0006407865601841288,7.069812872265241e-06,9.612906526339545e-09,-7.060199965738902e-06,-0.00027911929780413295,7.040031537305924e-05,0.0003495196131771922,-8.059139257010026e-05,0.0004564315206221749,0.0005370229131922751
Ti3SiC2_C4f_id0009_z_p020A_k10x10x4_v19,V18,Ti3SiC2_bulk_parent_v19,numerical_pure_phase_control_not_training_or_independent_validation,2,3,Ti,1.52876529,0.8826154,2.38798425,4.290535066457326,0.04214957362565864,-0.011557762685771548,-0.05370733631143019,-0.024331320600993304,0.0066801405392453335,0.031011461140238637,0.009320773297491659,-4.2807660519082935,-4.290086825205785
Ti3SiC2_C4f_id0009_z_p020A_k10x10x4_v19,V18,Ti3SiC2_bulk_parent_v19,numerical_pure_phase_control_not_training_or_independent_validation,3,4,Ti,0.0,1.7652308,11.19973425,4.258247335816168,-0.001017249602723147,-6.319808113213789e-06,0.0010109297946099332,0.0009175858758313685,-2.1395943568176725e-05,-0.0009389818193995453,-0.04377313306571639,-4.3020202453549485,-4.258247112289232
Ti3SiC2_C4f_id0009_z_p020A_k10x10x4_v19,V18,Ti3SiC2_bulk_parent_v19,numerical_pure_phase_control_not_training_or_independent_validation,4,5,Ti,1.52875,0.88264188,6.42376575,4.255604938365914,0.00041723828898261063,-0.000247551506334921,-0.0006647897953175316,-0.0005712564483472131,0.00016785156331305734,0.0007391080116602704,0.04545473811296904,4.30105956037011,4.2556048222571405
Ti3SiC2_C4f_id0009_z_p020A_k10x10x4_v19,V18,Ti3SiC2_bulk_parent_v19,numerical_pure_phase_control_not_training_or_independent_validation,5,6,Ti,-1.529e-05,1.76525727,15.23551575,4.237375760296148,-0.0007110027956107689,-2.135120778799539e-05,0.0006896515878227734,0.00040681800117725635,5.0710694051076845e-06,-0.00040174693177214867,0.05336194510416303,4.290737630233515,4.2373756851293525
Ti3SiC2_C4f_id0009_z_p020A_k10x10x4_v19,V18,Ti3SiC2_bulk_parent_v19,numerical_pure_phase_control_not_training_or_independent_validation,6,7,Si,0.0,0.0,4.405875,0.0018568987487175563,-0.0006653195308880075,-3.439801312902878e-07,0.0006649755507567173,-0.007678397287584857,-0.00605701347136821,0.001621383816216647,0.005633288937222593,0.005019289751233418,-0.0006139991859891751
Ti3SiC2_C4f_id0009_z_p020A_k10x10x4_v19,V18,Ti3SiC2_bulk_parent_v19,numerical_pure_phase_control_not_training_or_independent_validation,7,8,Si,0.0,0.0,13.217625,0.0009147343670003669,0.0006710054018292267,6.602407101832672e-07,-0.0006703451611190435,-0.0007425953781460419,-0.001347956999140136,-0.0006053616209940942,-0.00032994286828796313,-0.00018532739552225893,0.0001446154727657042
Ti3SiC2_C4f_id0009_z_p020A_k10x10x4_v19,V18,Ti3SiC2_bulk_parent_v19,numerical_pure_phase_control_not_training_or_independent_validation,8,9,C,-1.529e-05,1.76525727,1.2924167,2.8374581784799062,-0.000169563879742721,-4.422451556636476e-06,0.0001651414281860845,0.00010529925470781226,1.973187813267708e-06,-0.00010332606689454456,-0.21641497232585813,2.621043199467083,2.837458171792941
Ti3SiC2_C4f_id0009_z_p020A_k10x10x4_v19,V18,Ti3SiC2_bulk_parent_v19,numerical_pure_phase_control_not_training_or_independent_validation,9,10,C,1.52875,0.88264188,10.0841667,2.6293284151982044,0.000731431919601748,-9.095930825012426e-05,-0.0008223912278518723,-0.0008491191037221102,7.60908073551554e-05,0.0009252099110772656,0.08714589304738647,2.7164740168516386,2.6293281238042523
Ti3SiC2_C4f_id0009_z_p020A_k10x10x4_v19,V18,Ti3SiC2_bulk_parent_v19,numerical_pure_phase_control_not_training_or_independent_validation,10,11,C,0.0,1.7652308,7.5393333,2.628387035168157,-0.0005191705702294792,-5.787928661982536e-07,0.000518591777363281,0.0007264078521588756,-2.3110256775638743e-05,-0.0007495181089345143,-0.08735772561516235,-2.7157446027558216,-2.628386877140659
Ti3SiC2_C4f_id0009_z_p020A_k10x10x4_v19,V18,Ti3SiC2_bulk_parent_v19,numerical_pure_phase_control_not_training_or_independent_validation,11,12,C,1.52876529,0.8826154,16.3510833,2.6099943657597016,-0.008401638472707201,-0.019528804128521163,-0.011127165655813962,0.004844593840181545,0.011275638426918127,0.0064310445867365815,-0.07328641844711921,-2.6832491417723734,-2.6099627233252543
Ti3SiC2_C4f_id0009_z_p020A_k10x10x4_v19,V18,Ti3SiC2_bulk_parent_v19,numerical_pure_phase_control_not_training_or_independent_validation,12,13,Ti,-1.52875,2.64787267,0.0,0.059547397042563066,0.006098159311937609,-0.03906397925679618,-0.04516213856873379,-0.0035206866107937176,0.022553603374469874,0.02607428998526359,0.0230305914454737,-0.005716671662647038,-0.028747263108120737
Ti3SiC2_C4f_id0009_z_p020A_k10x10x4_v19,V18,Ti3SiC2_bulk_parent_v19,numerical_pure_phase_control_not_training_or_independent_validation,13,14,Ti,-1.52875,2.64787267,8.81175,0.000657386686476685,-0.0002471001404260426,6.101168404710543e-05,0.00030811182447314803,0.00014272471522876922,-3.524216597925074e-05,-0.00017796688120801996,-9.629026367762754e-05,0.0004564774527907945,0.000552767716468422
Ti3SiC2_C4f_id0009_z_p020A_k10x10x4_v19,V18,Ti3SiC2_bulk_parent_v19,numerical_pure_phase_control_not_training_or_independent_validation,14,15,Ti,1.529e-05,3.53048807,2.38798425,4.290501665909244,0.0007375455370088223,2.0577160312619438e-05,-0.0007169683766962029,0.047435056838723524,-0.013359050878238212,-0.06079410771696174,0.009315877160557836,-4.280754997264857,-4.290070874425415
Ti3SiC2_C4f_id0009_z_p020A_k10x10x4_v19,V18,Ti3SiC2_bulk_parent_v19,numerical_pure_phase_control_not_training_or_independent_validation,15,16,Ti,-1.52875,4.41310347,11.19973425,4.258824806182079,-0.0012805479435079924,8.837928201559553e-05,0.001368927225523588,0.0007802124239292856,3.327183554089437e-05,-0.0007469405883883913,-0.043524187148410484,-4.302348707819558,-4.258824520671148
Ti3SiC2_C4f_id0009_z_p020A_k10x10x4_v19,V18,Ti3SiC2_bulk_parent_v19,numerical_pure_phase_control_not_training_or_independent_validation,16,17,Ti,0.0,3.53051455,6.42376575,4.255608046075168,0.0010334227044762557,6.280803860685808e-06,-0.00102714190061557,-0.0016121622186117228,-0.0002717953364020694,0.0013403668822096534,0.04545172146174615,4.301059432496193,4.255607711034447
Ti3SiC2_C4f_id0009_z_p020A_k10x10x4_v19,V18,Ti3SiC2_bulk_parent_v19,numerical_pure_phase_control_not_training_or_independent_validation,17,18,Ti,-1.52876529,4.41312995,15.23551575,4.248752186996793,-0.0012882096350339317,0.003022330928009985,0.004310540563043917,7.955656408928621e-05,0.0017620212272115097,0.0016824646631222234,0.04197462935639413,4.29072429661884,4.248749667262445
Ti3SiC2_C4f_id0009_z_p020A_k10x10x4_v19,V18,Ti3SiC2_bulk_parent_v19,numerical_pure_phase_control_not_training_or_independent_validation,18,19,Si,-1.52875,2.64787267,4.405875,0.002834493334240833,-0.007638376262731239,-0.0052459688168865395,0.0023924074458446997,0.004419953476289646,0.0030279954600632977,-0.001391958016226348,0.005629762837513896,0.0050188684473074004,-0.0006108943902064954
Ti3SiC2_C4f_id0009_z_p020A_k10x10x4_v19,V18,Ti3SiC2_bulk_parent_v19,numerical_pure_phase_control_not_training_or_independent_validation,19,20,Si,-1.52875,2.64787267,13.217625,0.0017566956191672916,0.0003440795074109532,-0.0011670085640080596,-0.001511088071419013,-0.00020862143056255223,0.0006745634343440835,0.0008831848649066356,-0.0003354109356402649,-0.00018515504318818978,0.0001502558924520751
Ti3SiC2_C4f_id0009_z_p020A_k10x10x4_v19,V18,Ti3SiC2_bulk_parent_v19,numerical_pure_phase_control_not_training_or_independent_validation,20,21,C,-1.52876529,4.41312995,1.2724167,2.6004468835850107,-0.0036762361684345374,-0.010455023663105984,-0.006778787494671447,-0.001947516669447349,-0.0060143065887604584,-0.0040667899193131095,0.08183126352534796,2.682266131697756,2.600434868172408
Ti3SiC2_C4f_id0009_z_p020A_k10x10x4_v19,V18,Ti3SiC2_bulk_parent_v19,numerical_pure_phase_control_not_training_or_independent_validation,21,22,C,0.0,3.53051455,10.0841667,2.6292958735408516,0.0005248865484788481,5.816122524515775e-07,-0.0005243049362263965,-0.0004825574778944998,-8.24323912645311e-05,0.0004001250866299687,0.08717824713089128,2.716474037950783,2.6292957908198913
Ti3SiC2_C4f_id0009_z_p020A_k10x10x4_v19,V18,Ti3SiC2_bulk_parent_v19,numerical_pure_phase_control_not_training_or_independent_validation,22,23,C,-1.52875,4.41310347,7.5393333,2.6292442036998245,0.0001821704233341792,-0.0010376116560252757,-0.001219782079359455,0.0011367954819966988,-0.0006218347285266497,-0.0017586302105233485,-0.08692002313230786,-2.716163355735927,-2.629243332603619
Ti3SiC2_C4f_id0009_z_p020A_k10x10x4_v19,V18,Ti3SiC2_bulk_parent_v19,numerical_pure_phase_control_not_training_or_independent_validation,23,24,C,1.529e-05,3.53048807,16.3510833,2.6099737538999603,0.00015260228741108864,1.9398815327121226e-05,-0.0001332034720839674,-0.009941054898338844,-0.02258456451214385,-0.012643509613805006,-0.07330338259392387,-2.683246508404931,-2.6099431258110073
Ti3SiC2_C4f_id0009_z_p020A_k10x10x4_v19,V18,Ti3SiC2_bulk_parent_v19,numerical_pure_phase_control_not_training_or_independent_validation,24,25,Ti,3.0575,0.0,0.0,0.010677301457878423,-3.863561977376602e-06,-1.3174114293695937e-07,3.7318208344396427e-06,2.224222238502789e-06,7.259340372399448e-08,-2.1516288347787943e-06,-0.001101033644047932,0.009576266944884615,0.010677300588932548
Ti3SiC2_C4f_id0009_z_p020A_k10x10x4_v19,V18,Ti3SiC2_bulk_parent_v19,numerical_pure_phase_control_not_training_or_independent_validation,25,26,Ti,3.0575,0.0,8.81175,0.0012618021914149362,-1.0211968619572231e-05,-9.486474203008122e-09,1.0202482145369223e-05,5.91344409079964e-06,-5.792851655761662e-08,-5.971372607357257e-06,-0.0005449322298406751,0.0007168145840355452,0.0012617468138762201
Ti3SiC2_C4f_id0009_z_p020A_k10x10x4_v19,V18,Ti3SiC2_bulk_parent_v19,numerical_pure_phase_control_not_training_or_independent_validation,26,27,Ti,4.58626529,0.8826154,2.38798425,4.290502941202763,-0.04071015800227385,0.011585844327538588,0.052296002329812435,-0.02435181497525143,0.006672593027051185,0.031024408002302616,0.009317076806142337,-4.280754962532823,-4.290072039338965
Ti3SiC2_C4f_id0009_z_p020A_k10x10x4_v19,V18,Ti3SiC2_bulk_parent_v19,numerical_pure_phase_control_not_training_or_independent_validation,27,28,Ti,3.0575,1.7652308,11.19973425,4.258824884493045,-0.0010297464649947224,-6.320490258301175e-06,0.0010234259747364213,0.0012144974963213724,-0.00013075384173222694,-0.0013452513380535994,-0.04352415380118195,-4.302348702861088,-4.258824549059906
Ti3SiC2_C4f_id0009_z_p020A_k10x10x4_v19,V18,Ti3SiC2_bulk_parent_v19,numerical_pure_phase_control_not_training_or_independent_validation,28,29,Ti,4.58625,0.88264188,6.42376575,4.2556080150241415,0.0016266281573150976,0.0002601714803801778,-0.0013664566769349198,-0.0005844969463745189,0.00016788525889651403,0.0007523822052710329,0.04545171864333743,4.301059447776144,4.255607729132806
Ti3SiC2_C4f_id0009_z_p020A_k10x10x4_v19,V18,Ti3SiC2_bulk_parent_v19,numerical_pure_phase_control_not_training_or_independent_validation,29,30,Ti,3.05748471,1.76525727,15.23551575,4.248752153752793,-0.0007159021618791871,-2.115091789159102e-05,0.000694751243987596,0.0010706632105861697,-0.0035093647220659436,-0.004580027932652113,0.041974684634803444,4.290724313017705,4.248749628382901
Ti3SiC2_C4f_id0009_z_p020A_k10x10x4_v19,V18,Ti3SiC2_bulk_parent_v19,numerical_pure_phase_control_not_training_or_independent_validation,30,31,Si,3.0575,0.0,4.405875,0.006807611185014255,-0.0006443503181250928,-1.1029586683593273e-06,0.0006432473594567335,0.00038189118442079985,-1.5830628145927323e-07,-0.00038204949070225913,0.00727551510308782,0.014041890873582485,0.006766375770494665
Ti3SiC2_C4f_id0009_z_p020A_k10x10x4_v19,V18,Ti3SiC2_bulk_parent_v19,numerical_pure_phase_control_not_training_or_independent_validation,31,32,Si,3.0575,0.0,13.217625,0.0040024144730421984,0.0006281671123384824,6.861561200610655e-07,-0.0006274809562184213,-0.00037258476270423725,3.7626074495033455e-07,0.0003729610234491876,-0.001329729643289588,0.0026055580639293653,0.0039352877072189535
Ti3SiC2_C4f_id0009_z_p020A_k10x10x4_v19,V18,Ti3SiC2_bulk_parent_v19,numerical_pure_phase_control_not_training_or_independent_validation,32,33,C,3.05748471,1.76525727,1.2724167,2.6004465973167132,-0.000146317173020106,-1.957827622703313e-05,0.00012673889679307287,0.004166381429907774,0.012060480259854924,0.007894098829947151,0.08183150912478312,2.682266121384239,2.600434612259456
Ti3SiC2_C4f_id0009_z_p020A_k10x10x4_v19,V18,Ti3SiC2_bulk_parent_v19,numerical_pure_phase_control_not_training_or_independent_validation,33,34,C,4.58625,0.88264188,10.0841667,2.6292958798111257,0.000310821644447152,9.212448336708158e-05,-0.00021869716108007046,-0.0008533547581895917,7.609193327878729e-05,0.000929446691468379,0.08717830774017167,2.7164740141779546,2.629295706437783
Ti3SiC2_C4f_id0009_z_p020A_k10x10x4_v19,V18,Ti3SiC2_bulk_parent_v19,numerical_pure_phase_control_not_training_or_independent_validation,34,35,C,3.0575,1.7652308,7.5393333,2.6292435385464716,-0.0005240331554833788,-5.886312990264434e-07,0.0005234445241843524,-8.59917231755379e-05,0.0011742829075353368,0.0012602746307108746,-0.08692012331225689,-2.716163307710014,-2.629243184397757
Ti3SiC2_C4f_id0009_z_p020A_k10x10x4_v19,V18,Ti3SiC2_bulk_parent_v19,numerical_pure_phase_control_not_training_or_independent_validation,35,36,C,4.58626529,0.8826154,16.3510833,2.6099735591579467,0.008680237658255392,0.019569082778831084,0.010888845120575693,0.004829142565251826,0.011276493498093908,0.006447350932842082,-0.07330366590160303,-2.6832465473113647,-2.609942881409762
Ti3SiC2_C4f_id0009_z_p020A_k10x10x4_v19,V18,Ti3SiC2_bulk_parent_v19,numerical_pure_phase_control_not_training_or_independent_validation,36,37,Ti,1.52875,2.64787267,0.0,0.05951257284881021,-0.006085494311870574,0.03906244218624802,0.045147936498118595,-0.0035399387143619015,0.022552852597186347,0.02609279131154825,0.022965749410886603,-0.005714843306468197,-0.0286805927173548
Ti3SiC2_C4f_id0009_z_p020A_k10x10x4_v19,V18,Ti3SiC2_bulk_parent_v19,numerical_pure_phase_control_not_training_or_independent_validation,37,38,Ti,1.52875,2.64787267,8.81175,0.0006410555621725771,0.0002453664168681492,-6.1015021926793915e-05,-0.00030638143879494314,0.0001334974903300823,-3.5255193804750555e-05,-0.00016875268413483286,-8.077135760549895e-05,0.000456448503672571,0.0005372198612780699
Ti3SiC2_C4f_id0009_z_p020A_k10x10x4_v19,V18,Ti3SiC2_bulk_parent_v19,numerical_pure_phase_control_not_training_or_independent_validation,38,39,Ti,3.05751529,3.53048807,2.38798425,4.247534479012695,0.0007282734139227665,2.0920087587391085e-05,-0.0007073533263353754,-0.0004168638584430632,-4.758013451963831e-06,0.0004121058449910994,-0.04615198037946466,-4.2936863805016925,-4.247534400122228
Ti3SiC2_C4f_id0009_z_p020A_k10x10x4_v19,V18,Ti3SiC2_bulk_parent_v19,numerical_pure_phase_control_not_training_or_independent_validation,39,40,Ti,1.52875,4.41310347,11.19973425,4.258791949242215,-0.0007573788375914833,-0.0001010177293195697,0.0006563611082719136,0.0007677954990853606,3.327037382685409e-05,-0.0007345251252585066,-0.04355684296149491,-4.302348678282076,-4.258791835320581
Ti3SiC2_C4f_id0009_z_p020A_k10x10x4_v19,V18,Ti3SiC2_bulk_parent_v19,numerical_pure_phase_control_not_training_or_independent_validation,40,41,Ti,3.0575,3.53051455,6.42376575,4.261481290583674,0.0010123515770974862,6.22795597069771e-06,-0.0010061236211267885,-0.0009150904478716607,2.1446728200484773e-05,0.0009365371760721455,0.04150584698440155,4.30298691588616,4.261481068901758
Ti3SiC2_C4f_id0009_z_p020A_k10x10x4_v19,V18,Ti3SiC2_bulk_parent_v19,numerical_pure_phase_control_not_training_or_independent_validation,41,42,Ti,1.52873471,4.41312995,15.23551575,4.248698353611204,-0.00014398084064825225,-0.0030654719103588284,-0.0029214910697105763,7.983402782811988e-05,0.00176250570536334,0.0016826716775352202,0.042026709112749215,4.290723725079469,4.24869701596672
Ti3SiC2_C4f_id0009_z_p020A_k10x10x4_v19,V18,Ti3SiC2_bulk_parent_v19,numerical_pure_phase_control_not_training_or_independent_validation,42,43,Si,1.52875,2.64787267,4.405875,0.0018743074222882313,0.006325592253207062,0.005244638906521784,-0.0010809533466852777,0.004430246479679562,0.003027624831657672,-0.0014026216480218902,0.005633414826334303,0.0050192318828760785,-0.0006141829434582243
Ti3SiC2_C4f_id0009_z_p020A_k10x10x4_v19,V18,Ti3SiC2_bulk_parent_v19,numerical_pure_phase_control_not_training_or_independent_validation,43,44,Si,1.52875,2.64787267,13.217625,0.000932213924911798,0.000970058457650204,0.0011683687786719949,0.0001983103210217909,-0.00022473184173674133,0.0006745863734543441,0.0008993182151910854,-0.00032995319951451967,-0.0001853068507835058,0.00014464634873101386
Ti3SiC2_C4f_id0009_z_p020A_k10x10x4_v19,V18,Ti3SiC2_bulk_parent_v19,numerical_pure_phase_control_not_training_or_independent_validation,44,45,C,1.52873471,4.41312995,1.2724167,2.6004226605437175,0.003352012920745335,0.010415954074432073,0.007063941153686738,-0.0019293150453262551,-0.006014356802618002,-0.004085041757291747,0.0818551466317164,2.6822650040654414,2.600409857433725
Ti3SiC2_C4f_id0009_z_p020A_k10x10x4_v19,V18,Ti3SiC2_bulk_parent_v19,numerical_pure_phase_control_not_training_or_independent_validation,45,46,C,3.0575,3.53051455,10.0841667,2.630268797737326,0.0005139305982965662,5.829829347854878e-07,-0.0005133476153617807,-0.0007233199150841741,2.327409357879293e-05,0.000746594008662967,0.08599906094325606,2.716267702626491,2.630268641683235
Ti3SiC2_C4f_id0009_z_p020A_k10x10x4_v19,V18,Ti3SiC2_bulk_parent_v19,numerical_pure_phase_control_not_training_or_independent_validation,46,47,C,1.52875,4.41310347,7.5393333,2.62923055764867,-0.0012202420239548102,0.001036437705180704,0.0022566797291355143,0.0011311417584811548,-0.0006218366372754113,-0.001752978395756566,-0.08693430923951373,-2.7161633140500268,-2.629229004810513
Ti3SiC2_C4f_id0009_z_p020A_k10x10x4_v19,V18,Ti3SiC2_bulk_parent_v19,numerical_pure_phase_control_not_training_or_independent_validation,47,48,C,3.05751529,3.53048807,16.3510833,2.60644377946114,0.00013711008123255526,2.1479290130977432e-05,-0.00011563079110157783,-8.525710963243175e-05,-1.1729214547025364e-05,7.352789508540639e-05,-0.0628214623861996,-2.6692652382453375,-2.606443775859138
