atom_id,type,ideal_x_A,ideal_y_A,ideal_z_A,final_x_A,final_y_A,final_z_A,shift_A
1,2,0.00000000,0.00000000,3.18865833,18.54613914,32.26986828,3.94165682,0.23069600
2,1,0.00000000,1.79392230,1.26781058,0.03164570,1.74732278,2.06017248,0.17813092
3,3,1.55358229,0.89696115,0.00000000,1.16389993,0.79554885,0.61090386,0.53380774
4,1,0.00000000,1.79392230,5.10950608,0.18826883,1.85960507,5.55947568,0.54888191
5,1,-1.55358229,2.69088345,7.61560990,-1.41434244,2.75990964,7.84307231,0.75016418
6,1,0.00000000,0.00000000,16.46951304,-0.06026277,0.16387369,17.36850751,0.18540402
7,1,1.55358229,0.89696115,13.96340922,1.45831154,1.00776746,15.00733919,0.16785015
8,3,-0.00000000,1.79392230,15.23121980,0.06386621,1.98560705,16.18530544,0.20217501
9,2,-1.55358229,2.69088345,3.18865833,-1.48356273,2.59233228,3.85583499,0.31804749
10,1,0.00000000,3.58784460,10.12171372,-0.30568407,3.81724204,11.16271014,0.39039616
11,3,-1.55358229,4.48480575,8.85390314,-1.68044243,5.41138185,9.50972057,0.98386388
12,3,-0.00000000,3.58784460,6.37731666,0.27416609,3.76232617,7.18553718,0.35924938
13,1,-1.55358229,2.69088345,16.46951304,-1.50526289,2.73556720,17.30942561,0.13812653
14,2,0.00000000,5.38176691,12.04256147,-0.13671816,5.60024493,13.16157054,0.30212621
15,3,-1.55358229,4.48480575,15.23121980,-1.45144209,4.50513151,16.21790762,0.10718050
16,1,-3.10716457,7.17568921,1.26781058,-3.10716457,7.17568921,2.22916259,0.00000000
17,3,-1.55358229,6.27872806,0.00000000,-1.72972408,6.28200857,0.78352700,0.25031665
18,1,-1.55358229,6.27872806,10.12171372,-1.53087826,6.47384117,11.28089618,0.27878574
19,1,-3.10716457,5.38176691,16.46951304,-2.75464741,5.38731533,17.56388723,0.37682096
20,2,-1.55358229,8.07265036,12.04256147,-1.91239707,8.10171055,13.13529270,0.38321410
21,1,-1.55358229,6.27872806,13.96340922,-1.61677970,6.32892549,15.03580197,0.13727250
22,3,-3.10716457,7.17568921,15.23121980,-2.93696805,7.22110746,16.35843821,0.24195318
23,2,-4.66074686,8.07265036,3.18865833,32.40395253,8.40591544,3.98447102,0.43293385
24,1,-4.66074686,9.86657266,1.26781058,-4.51213748,9.87322307,1.90884606,0.35317369
25,3,-3.10716457,8.96961151,0.00000000,-3.10064960,8.84330150,0.79744319,0.20703325
26,1,-4.66074686,9.86657266,5.10950608,-4.73977064,9.96332415,5.93088929,0.18760830
27,1,-6.21432914,10.76353381,7.61560990,30.94004855,10.63836936,8.44216878,0.22617060
28,3,-4.66074686,9.86657266,8.85390314,-4.61467562,9.84264017,9.76100220,0.07509132
29,1,-4.66074686,11.66049496,10.12171372,-4.93482880,11.66255276,10.86551683,0.34993237
30,1,-7.76791143,13.45441726,7.61560990,29.46026747,13.51440534,8.54895292,0.08788314
31,3,-6.21432914,12.55745611,8.85390314,-6.38098687,12.58761096,9.70743791,0.20077019
32,3,-4.66074686,11.66049496,6.37731666,-4.78769088,11.46425455,7.35677999,0.23442078
33,1,-6.21432914,10.76353381,16.46951304,-6.10501124,10.99986365,17.41435988,0.26091113
34,3,-6.21432914,12.55745611,15.23121980,-6.67783599,12.87718494,16.21996800,0.56375142
35,1,-7.76791143,15.24833957,5.10950608,-7.46815845,15.34110973,5.85452681,0.38112646
36,3,-6.21432914,14.35137842,6.37731666,-6.25911757,14.38662850,7.29900132,0.06944113
37,1,-7.76791143,13.45441726,16.46951304,-7.82194654,13.56246830,17.80415568,0.39235279
38,2,-9.32149372,16.14530072,3.18865833,28.09110945,15.84693498,3.85373097,0.43913359
39,1,-9.32149372,17.93922302,1.26781058,-9.40117981,17.73686685,2.14695150,0.23250066
40,3,-7.76791143,17.04226187,0.00000000,-7.92300442,16.90772645,0.79796845,0.26238865
41,1,-9.32149372,17.93922302,5.10950608,-9.22137699,17.72387357,5.50015138,0.61814634
42,2,-7.76791143,18.83618417,12.04256147,-7.84352914,18.82814907,12.88067015,0.14481546
43,2,-10.87507600,18.83618417,3.18865833,26.22675613,18.79134299,4.18861812,0.19341623
44,3,-9.32149372,19.73314532,0.00000000,-9.27698671,19.68871739,0.60871312,0.35820232
45,1,-10.87507600,20.63010647,5.10950608,-10.87507600,20.63010647,6.07085809,0.00000000
46,1,-9.32149372,19.73314532,10.12171372,-9.33099938,19.71757985,11.08327019,0.01823961
47,1,-12.42865829,21.52706762,7.61560990,-12.26329846,21.95346537,8.48217280,0.46705876
48,3,-10.87507600,20.63010647,8.85390314,-10.81426073,20.80683937,9.73747201,0.20244316
49,1,-10.87507600,18.83618417,16.46951304,26.36383251,18.86993793,17.69564085,0.27103650
50,2,-9.32149372,21.52706762,12.04256147,-9.33023245,21.65688446,12.76330692,0.27353299
51,1,-9.32149372,19.73314532,13.96340922,-9.31205368,19.43847324,15.04452707,0.31822100
52,3,-10.87507600,20.63010647,15.23121980,-10.78547652,20.45851588,16.37210170,0.26401209
53,2,-12.42865829,21.52706762,3.18865833,-12.39667309,21.52796818,4.09990422,0.05945155
54,1,-12.42865829,23.32098992,1.26781058,-12.57850614,23.54383234,2.09610964,0.29969352
55,1,-12.42865829,23.32098992,5.10950608,-12.23797410,23.32362076,5.89477641,0.25956144
56,1,-10.87507600,22.42402877,10.12171372,-10.72111564,22.55896019,10.89622249,0.27716543
57,1,-13.98224057,24.21795108,7.61560990,-13.98947292,24.33250989,8.44980693,0.17130212
58,3,-12.42865829,23.32098992,8.85390314,-12.32117967,23.51861150,9.87847194,0.23367136
59,3,-10.87507600,22.42402877,6.37731666,-10.73891375,22.48382973,7.18478421,0.21400173
60,2,-13.98224057,24.21795108,3.18865833,-13.91779102,24.35617163,4.04051757,0.18774273
61,3,-12.42865829,25.11491223,0.00000000,-12.48232465,25.16636918,0.81299776,0.16594241
62,1,-13.98224057,26.01187338,5.10950608,-13.85140542,26.15170000,6.15981291,0.21114516
63,1,-12.42865829,25.11491223,10.12171372,-12.35702545,25.34758499,10.85470630,0.33379022
64,1,-15.53582286,26.90883453,7.61560990,-15.43044531,27.05932087,8.70280380,0.22268082
65,3,-13.98224057,26.01187338,8.85390314,-13.90200209,26.04830507,9.66714870,0.17233979
66,3,-12.42865829,25.11491223,6.37731666,-12.49379086,24.94619591,7.15575246,0.25722712
67,1,-13.98224057,24.21795108,16.46951304,23.06017769,24.18388010,17.62631257,0.31413433
68,2,-12.42865829,26.90883453,12.04256147,-12.43743951,26.92996416,12.81930992,0.18601625
69,1,-12.42865829,25.11491223,13.96340922,-12.47104176,25.38248101,14.77851102,0.30786123
70,3,-13.98224057,26.01187338,15.23121980,-14.14637720,25.70033891,15.95344452,0.42564823
71,1,-15.53582286,28.70275683,1.26781058,-15.31102487,29.06601293,2.18020810,0.42998334
72,1,-15.53582286,28.70275683,5.10950608,-15.46697837,28.70391536,6.11813131,0.08352043
73,3,-13.98224057,27.80579568,6.37731666,-13.91427426,27.93668179,7.25334734,0.17038287
74,2,-17.08940514,29.59971798,3.18865833,20.22130478,29.55453044,4.17428674,0.05694806
75,1,-17.08940514,31.39364028,1.26781058,-17.52268277,30.98955890,2.17710359,0.59474483
76,3,-15.53582286,30.49667913,0.00000000,-15.54979669,30.61526086,0.82703708,0.17971476
77,1,-17.08940514,31.39364028,5.10950608,-17.17273070,31.52213756,5.78393142,0.32524085
78,2,-15.53582286,32.29060143,12.04256147,3.13698967,0.21981239,13.33041537,0.39472840
79,3,-17.08940514,31.39364028,15.23121980,-17.09071841,31.69494426,16.31441660,0.32501072
80,2,3.10716457,0.00000000,3.18865833,-15.44728119,32.01800610,4.00546276,0.32100132
81,1,3.10716457,1.79392230,1.26781058,2.85534616,1.02431280,1.78347775,0.92430854
82,3,4.66074686,0.89696115,0.00000000,4.73202370,0.88584996,0.91710164,0.08462826
83,1,3.10716457,1.79392230,5.10950608,3.12089008,1.84871454,5.32028144,0.75269907
84,1,4.66074686,0.89696115,10.12171372,4.83115193,0.77430874,11.02406623,0.21808816
85,1,1.55358229,2.69088345,7.61560990,1.78569351,2.60200552,7.99621201,0.63170036
86,1,3.10716457,0.00000000,16.46951304,3.18813801,0.03862980,17.41435491,0.09122250
87,2,4.66074686,2.69088345,12.04256147,4.50517377,2.71832352,12.55667970,0.47431424
88,1,4.66074686,0.89696115,13.96340922,4.79899630,1.04656728,15.00029969,0.21725782
89,3,3.10716457,1.79392230,15.23121980,3.08956043,1.87863932,16.38454786,0.21057465
90,2,1.55358229,2.69088345,3.18865833,1.51902337,2.91548545,3.72958210,0.47791242
91,1,1.55358229,4.48480575,5.10950608,1.53650207,4.69757196,5.83643530,0.31704138
92,1,0.00000000,5.38176691,7.61560990,-0.02066515,5.49883537,8.27451063,0.32497515
93,3,1.55358229,4.48480575,8.85390314,1.55058043,4.48308468,9.81809298,0.00447510
94,3,3.10716457,3.58784460,6.37731666,3.20492316,3.72175251,6.98615910,0.38955238
95,1,1.55358229,2.69088345,16.46951304,1.52929094,2.74542974,17.43568645,0.05990503
96,2,0.00000000,5.38176691,3.18865833,-0.06873993,5.52083672,4.11024454,0.16014652
97,1,0.00000000,7.17568921,1.26781058,-0.02623042,7.14264728,2.21229171,0.04543601
98,1,0.00000000,7.17568921,5.10950608,0.10283471,7.24970468,5.91247863,0.20282337
99,1,1.55358229,6.27872806,10.12171372,1.56986679,6.25927708,11.10703741,0.03490225
100,3,1.55358229,6.27872806,6.37731666,1.50103597,6.39571020,7.19363408,0.19360002
101,1,0.00000000,5.38176691,16.46951304,0.15243679,5.39155684,17.21541674,0.26410375
102,2,1.55358229,8.07265036,12.04256147,1.53231621,8.02442077,12.93605675,0.08592366
103,3,-0.00000000,7.17568921,15.23121980,-0.03792194,7.31005238,16.19269058,0.13961214
104,2,-1.55358229,8.07265036,3.18865833,-1.55358229,8.07265036,4.15001034,0.00000000
105,1,-1.55358229,9.86657266,1.26781058,-1.61206250,9.84436572,2.31049283,0.10260454
106,3,-0.00000000,8.96961151,0.00000000,-0.21698699,8.74103164,0.45997805,0.59220601
107,1,-1.55358229,9.86657266,5.10950608,-1.60711596,9.92507931,5.95386813,0.14133483
108,1,-3.10716457,10.76353381,7.61560990,-3.10716457,10.76353381,8.57696191,0.00000000
109,1,-1.55358229,8.07265036,16.46951304,-1.73077631,8.12107594,17.78933779,0.40279705
110,1,0.00000000,8.96961151,13.96340922,-0.13197503,9.07006111,14.59361130,0.37036173
111,2,-3.10716457,10.76353381,3.18865833,-3.11231065,10.76643160,4.08062032,0.06964089
112,1,-3.10716457,12.55745611,1.26781058,-3.03010301,12.55038475,2.22433565,0.07753572
113,3,-1.55358229,11.66049496,0.00000000,-1.55358229,11.66049496,0.96135201,0.00000000
114,1,-3.10716457,12.55745611,5.10950608,-3.10423597,12.44118002,5.93249884,0.18075395
115,1,-4.66074686,13.45441726,7.61560990,-4.90501986,13.32984700,8.45889496,0.29854121
116,3,-3.10716457,12.55745611,8.85390314,-3.09918530,12.48614369,9.87503042,0.09339279
117,3,-1.55358229,11.66049496,6.37731666,-1.51478486,11.60774491,7.33764284,0.06548939
118,3,-3.10716457,12.55745611,15.23121980,-3.80780195,12.63841394,15.83820246,0.78931903
119,2,-4.66074686,13.45441726,3.18865833,-4.60693363,13.43997112,4.19632746,0.07245571
120,1,-4.66074686,15.24833957,1.26781058,-4.52236601,15.06791865,2.13623377,0.24563537
121,3,-3.10716457,14.35137842,0.00000000,-3.03820606,14.31628162,0.90312231,0.09683883
122,1,-4.66074686,15.24833957,5.10950608,-4.56535196,15.10300819,6.15387591,0.19264826
123,3,-3.10716457,14.35137842,6.37731666,-3.25624637,13.93296156,7.36069120,0.44472805
124,1,-4.66074686,13.45441726,16.46951304,-4.71984234,13.57793155,17.50073575,0.15372042
125,1,-3.10716457,14.35137842,13.96340922,-3.10584277,14.44534596,14.60831881,0.33010218
126,3,-4.66074686,15.24833957,15.23121980,-4.89502224,15.30709966,16.20687698,0.24195525
127,2,-6.21432914,16.14530072,3.18865833,-6.12786081,15.94398830,3.83599549,0.38289527
128,1,-6.21432914,17.93922302,1.26781058,-6.47647003,17.75750399,2.01191624,0.38592178
129,1,-6.21432914,17.93922302,5.10950608,-5.93432073,17.91231605,5.35998027,0.76451028
130,1,-7.76791143,18.83618417,7.61560990,-7.79584838,19.02813315,8.47110978,0.22097411
131,1,-6.21432914,16.14530072,16.46951304,-6.47623467,16.10886822,17.27701100,0.30592956
132,2,-4.66074686,18.83618417,12.04256147,-4.65886096,18.83938147,12.91792424,0.08606933
133,1,-4.66074686,17.04226187,13.96340922,-4.72776073,17.24876526,14.84133119,0.23258349
134,3,-6.21432914,17.93922302,15.23121980,-6.22137328,17.95291787,16.12089058,0.07331690
135,2,-7.76791143,18.83618417,3.18865833,-7.70746043,18.99892584,3.97811332,0.24431079
136,1,-7.76791143,20.63010647,1.26781058,-7.63519489,20.44516726,1.93185024,0.37444736
137,1,-7.76791143,20.63010647,5.10950608,-7.77433553,20.64377674,6.02942157,0.04410363
138,1,-6.21432914,19.73314532,10.12171372,-6.17633668,19.62085908,11.06248932,0.12031217
139,1,-9.32149372,21.52706762,7.61560990,-9.34151764,21.66258912,8.47362120,0.17159935
140,3,-7.76791143,20.63010647,8.85390314,-7.91159617,20.72976402,9.64554905,0.24367416
141,3,-6.21432914,19.73314532,6.37731666,-6.18961287,19.86184363,7.19662418,0.19326351
142,1,-7.76791143,18.83618417,16.46951304,-7.50165609,18.87056829,17.46515495,0.27064732
143,2,-6.21432914,21.52706762,12.04256147,-6.39529129,21.39945759,12.94499991,0.22913408
144,1,-6.21432914,19.73314532,13.96340922,-6.40624556,19.64609330,14.75136082,0.27290597
145,3,-7.76791143,20.63010647,15.23121980,-7.66196904,20.47958274,16.17146834,0.18527423
146,2,-9.32149372,21.52706762,3.18865833,-9.23420344,21.65027951,4.16457984,0.15170047
147,1,-9.32149372,23.32098992,5.10950608,-9.28789574,23.39116565,6.01879058,0.09361882
148,3,-7.76791143,22.42402877,6.37731666,-7.81623673,22.40124955,7.25838236,0.09643712
149,1,-9.32149372,21.52706762,16.46951304,-9.12602649,21.73241843,16.92988075,0.57564021
150,2,-10.87507600,24.21795108,3.18865833,-10.85051028,24.11765162,3.97676690,0.20168477
151,1,-10.87507600,26.01187338,1.26781058,-11.27254732,26.16309645,2.17682359,0.42847548
152,1,-10.87507600,26.01187338,5.10950608,-10.95602455,25.97657568,5.64763675,0.43233655
153,1,-12.42865829,26.90883453,7.61560990,-12.50776704,27.15809816,8.55864305,0.26215669
154,2,-9.32149372,26.90883453,12.04256147,-9.34253381,27.06962354,12.82743677,0.23966606
155,1,-9.32149372,25.11491223,13.96340922,-8.97362794,25.25106709,14.49808330,0.56710034
156,2,-12.42865829,26.90883453,3.18865833,-12.57557297,27.08631544,4.10496308,0.23476084
157,1,-12.42865829,28.70275683,1.26781058,-11.98584276,29.00738594,2.22933727,0.53747978
158,3,-10.87507600,27.80579568,0.00000000,-10.89218841,27.80080196,0.94548021,0.02386810
159,1,-10.87507600,27.80579568,10.12171372,-10.90114401,27.88174707,11.03082998,0.09579524
160,3,-12.42865829,28.70275683,8.85390314,-12.44312167,28.81446428,9.79982180,0.11369227
161,2,-10.87507600,29.59971798,12.04256147,-10.93517336,29.63922582,12.82082391,0.19670880
162,1,-10.87507600,27.80579568,13.96340922,-10.93369773,27.86629619,14.57895336,0.35592120
163,1,-13.98224057,31.39364028,1.26781058,-13.60808666,31.44206959,2.34435419,0.39446882
164,3,-12.42865829,30.49667913,0.00000000,-12.41488583,30.53309970,0.89653106,0.07561675
165,1,-12.42865829,30.49667913,10.12171372,-12.36834797,30.51804916,10.97475184,0.12580108
166,3,-12.42865829,30.49667913,6.37731666,-11.94693424,30.09293144,6.96350623,0.73199530
167,2,-12.42865829,32.29060143,12.04256147,6.32042830,0.08708033,12.99393901,0.13762087
168,1,-12.42865829,30.49667913,13.96340922,-12.87825258,30.51376183,14.55960462,0.57945336
169,3,-13.98224057,31.39364028,15.23121980,-13.63629494,31.65628052,16.19182392,0.43434875
170,3,7.76791143,0.89696115,0.00000000,7.67288441,0.83267528,0.87805704,0.14177750
171,1,6.21432914,1.79392230,5.10950608,6.18319102,1.80777166,5.92966849,0.14524425
172,1,7.76791143,0.89696115,10.12171372,7.75754275,0.92657370,11.03603785,0.05653347
173,1,4.66074686,2.69088345,7.61560990,4.88612976,2.48894998,8.46467966,0.32277218
174,3,6.21432914,1.79392230,8.85390314,6.31639786,1.73429167,9.75815436,0.13127961
175,3,7.76791143,0.89696115,6.37731666,8.06317585,0.84627672,7.04307134,0.42086551
176,3,6.21432914,1.79392230,15.23121980,6.12362334,2.04118497,16.37744759,0.32178475
177,1,4.66074686,4.48480575,5.10950608,4.87290798,4.86663489,6.17476274,0.44900112
178,1,6.21432914,3.58784460,10.12171372,6.26991282,3.61612767,11.03551447,0.07842576
179,1,3.10716457,5.38176691,7.61560990,2.89818625,5.28566028,8.36082753,0.31563031
180,3,4.66074686,4.48480575,8.85390314,4.59278360,4.31207415,9.46914397,0.39274440
181,3,6.21432914,3.58784460,6.37731666,6.11695867,3.51345017,7.12843040,0.24334270
182,1,4.66074686,2.69088345,16.46951304,4.56490842,2.78842962,17.51774897,0.16201567
183,3,4.66074686,4.48480575,15.23121980,4.62801193,4.79923935,15.89674309,0.43296038
184,2,3.10716457,5.38176691,3.18865833,3.12414548,6.03286195,3.78903769,0.74465721
185,1,3.10716457,7.17568921,5.10950608,3.06515225,7.18273200,6.08096758,0.04378170
186,1,4.66074686,6.27872806,10.12171372,4.72727626,6.44762467,10.32980084,0.77482915
187,3,3.10716457,7.17568921,8.85390314,2.90834628,7.30052705,9.82750201,0.23508123
188,3,4.66074686,6.27872806,6.37731666,4.39302290,6.40994698,7.46942524,0.32556383
189,1,1.55358229,9.86657266,1.26781058,1.22182231,9.71605449,1.58577160,0.73937295
190,3,3.10716457,8.96961151,0.00000000,3.10716457,8.96961151,0.96135201,0.00000000
191,1,3.10716457,8.96961151,10.12171372,3.11392145,8.91689564,11.15711258,0.09114578
192,1,0.00000000,10.76353381,7.61560990,0.05060447,11.03239011,8.67338017,0.29007068
193,3,1.55358229,9.86657266,8.85390314,1.39601456,9.77948057,9.91407090,0.20537082
194,2,3.10716457,10.76353381,12.04256147,2.84279521,10.66790199,13.02444185,0.28188299
195,1,3.10716457,8.96961151,13.96340922,2.76002158,8.80432651,14.96553662,0.38663939
196,3,1.55358229,9.86657266,15.23121980,1.79284424,10.01932723,16.33542500,0.31778495
197,1,1.55358229,11.66049496,10.12171372,1.75259890,11.71998356,11.03977618,0.21218032
198,1,-1.55358229,13.45441726,7.61560990,-1.59259851,13.51161584,8.57387736,0.06930698
199,3,-0.00000000,12.55745611,8.85390314,-0.06780846,12.70144797,9.89341177,0.17731356
200,2,1.55358229,13.45441726,12.04256147,1.49343197,13.32388383,12.93572921,0.15907902
201,1,1.55358229,11.66049496,13.96340922,1.44075772,11.51976965,14.90670479,0.18127061
202,3,-0.00000000,12.55745611,15.23121980,0.07187519,12.43923953,16.15929753,0.14229680
203,1,-1.55358229,15.24833957,1.26781058,-1.55358229,15.24833957,2.22916259,0.00000000
204,1,0.00000000,14.35137842,10.12171372,0.02318518,14.32071740,11.18102165,0.10522839
205,3,-1.55358229,15.24833957,8.85390314,-1.53593228,15.25061353,9.81664469,0.01785005
206,3,-0.00000000,14.35137842,6.37731666,-0.02428327,14.36358377,7.32158746,0.03210009
207,1,-1.55358229,13.45441726,16.46951304,-1.49423097,13.78710336,17.71936201,0.44433446
208,1,0.00000000,14.35137842,13.96340922,-0.21647649,14.04999384,14.89021254,0.37267726
209,3,-1.55358229,15.24833957,15.23121980,-1.48695115,15.26222021,15.98777995,0.21580567
210,3,-1.55358229,17.04226187,0.00000000,-1.55358229,17.04226187,0.96135201,0.00000000
211,1,-1.55358229,17.04226187,10.12171372,-1.39595498,16.87645591,11.34481910,0.34763891
212,1,-3.10716457,16.14530072,16.46951304,-3.16374763,16.09120729,17.02914000,0.40928078
213,2,-1.55358229,18.83618417,12.04256147,-1.55052549,18.79719274,12.93264125,0.08129825
214,1,-1.55358229,17.04226187,13.96340922,-1.42411657,16.99248712,14.85178653,0.15672971
215,3,-3.10716457,17.93922302,15.23121980,-3.07523008,18.04569381,16.35061331,0.19321738
216,1,-3.10716457,19.73314532,10.12171372,-3.01538866,19.42673129,11.01114220,0.32784962
217,1,-6.21432914,21.52706762,7.61560990,-6.26763154,21.53126879,8.65249139,0.09253917
218,3,-4.66074686,20.63010647,8.85390314,-4.77872504,20.51150065,9.74758563,0.18045874
219,1,-4.66074686,18.83618417,16.46951304,-4.57783847,18.77332191,17.58524402,0.18616748
220,1,-3.10716457,19.73314532,13.96340922,-2.89521127,19.53094356,14.91887334,0.29299219
221,3,-4.66074686,20.63010647,15.23121980,-4.72785676,20.43496056,16.34162659,0.25456432
222,2,-6.21432914,21.52706762,3.18865833,-6.20439430,21.53875185,4.03500570,0.11602280
223,1,-6.21432914,23.32098992,1.26781058,-5.97444677,23.43234656,2.15748991,0.27400880
224,3,-4.66074686,22.42402877,0.00000000,-4.72521337,22.38827866,0.87780598,0.11141787
225,1,-6.21432914,23.32098992,5.10950608,-6.21656332,23.12205515,5.96562842,0.22506292
226,3,-4.66074686,22.42402877,6.37731666,-4.75435446,22.36779628,7.51298846,0.20569848
227,1,-6.21432914,21.52706762,16.46951304,-6.21815702,21.56643731,17.22876727,0.20593236
228,3,-6.21432914,23.32098992,15.23121980,-6.13898180,23.70584428,16.26798895,0.39934677
229,3,-6.21432914,25.11491223,0.00000000,-6.30941002,25.01006442,0.85869863,0.17484608
230,1,-6.21432914,25.11491223,10.12171372,-6.42526679,25.47144728,11.05548678,0.41517771
231,3,-6.21432914,25.11491223,6.37731666,-6.22182926,24.84352885,7.11660768,0.35073676
232,1,-7.76791143,24.21795108,16.46951304,-7.59881843,24.40050912,17.56797496,0.28411091
233,2,-6.21432914,26.90883453,12.04256147,-6.37279952,27.02265087,13.01132809,0.19524855
234,1,-6.21432914,25.11491223,13.96340922,-6.08233518,25.32099588,14.95428921,0.24650513
235,3,-7.76791143,26.01187338,15.23121980,-7.72561269,26.13332216,16.09535009,0.16121741
236,1,-9.32149372,28.70275683,1.26781058,-9.17115287,28.20182038,2.19509360,0.52411868
237,3,-7.76791143,27.80579568,0.00000000,-7.64600734,27.77177626,0.86195970,0.16092470
238,1,-7.76791143,27.80579568,10.12171372,-7.79074915,28.06003719,11.14062059,0.26167321
239,1,-10.87507600,29.59971798,7.61560990,-10.79571933,29.53305460,8.59123556,0.10461943
240,3,-9.32149372,28.70275683,8.85390314,-9.29466838,28.76797224,9.79528999,0.07328885
241,2,-7.76791143,29.59971798,12.04256147,-7.86545680,29.68882285,13.03159319,0.13498498
242,1,-7.76791143,27.80579568,13.96340922,-7.64760435,27.87695124,14.98093344,0.15063938
243,3,-9.32149372,28.70275683,15.23121980,-9.24465314,28.65055148,16.04828070,0.17160943
244,1,-9.32149372,30.49667913,10.12171372,-9.28734487,30.56305179,10.88041509,0.21596008
245,1,6.21432914,0.00000000,7.61560990,-12.07382073,32.10971444,8.04363318,0.66563453
246,3,-10.87507600,31.39364028,8.85390314,-10.91195699,31.37148080,9.74461844,0.08270910
247,3,-9.32149372,30.49667913,6.37731666,-9.12288845,30.52665089,7.48934337,0.25108808
248,2,-9.32149372,32.29060143,12.04256147,-9.38512854,32.20476327,12.75992751,0.26635829
249,1,-9.32149372,30.49667913,13.96340922,-9.94381217,30.60302808,14.89990766,0.63182914
250,2,9.32149372,0.00000000,3.18865833,9.46086507,0.36261765,3.89773634,0.46320417
251,1,9.32149372,1.79392230,1.26781058,9.00821793,1.93617287,2.01270686,0.40648496
252,1,9.32149372,1.79392230,5.10950608,9.53152815,1.81751471,5.95270842,0.24213717
253,1,10.87507600,0.89696115,10.12171372,10.73403374,0.88236042,10.99419812,0.16734262
254,3,10.87507600,0.89696115,6.37731666,10.94659240,0.94455565,7.38380900,0.09704371
255,2,7.76791143,2.69088345,3.18865833,7.66525948,2.69428767,4.12637595,0.10539258
256,1,7.76791143,4.48480575,1.26781058,7.56152046,4.48154723,2.03960558,0.28024937
257,3,9.32149372,3.58784460,0.00000000,9.33238139,3.61180708,0.79033523,0.17303029
258,1,7.76791143,4.48480575,5.10950608,7.77331498,4.62081105,5.85885510,0.25193631
259,2,9.32149372,5.38176691,12.04256147,9.27109505,5.30571299,12.93863337,0.11218608
260,2,6.21432914,5.38176691,3.18865833,6.17531483,5.48367557,4.13581723,0.11004061
261,1,6.21432914,7.17568921,1.26781058,6.25461210,7.31136999,2.23258356,0.14157576
262,3,7.76791143,6.27872806,0.00000000,7.69540879,6.29398133,0.84051073,0.14174594
263,1,7.76791143,6.27872806,10.12171372,7.76539953,6.30821685,11.11169507,0.04117691
264,3,6.21432914,7.17568921,8.85390314,6.53008339,6.95362034,9.44543225,0.53458797
265,1,6.21432914,5.38176691,16.46951304,5.98576400,5.42653976,17.69597785,0.35289011
266,2,7.76791143,8.07265036,12.04256147,7.83975651,7.95024916,12.99119034,0.14249789
267,1,7.76791143,6.27872806,13.96340922,7.82274359,6.19559749,14.76748135,0.18615644
268,3,6.21432914,7.17568921,15.23121980,6.24657252,7.18715096,16.24024224,0.05868115
269,1,4.66074686,9.86657266,1.26781058,4.98084770,9.94159556,2.05362705,0.37270056
270,3,6.21432914,8.96961151,0.00000000,6.31948366,8.90141543,0.86437015,0.15847289
271,1,6.21432914,8.96961151,10.12171372,6.34014503,8.88674470,10.47790527,0.62363109
272,1,3.10716457,10.76353381,7.61560990,2.93184404,10.46697901,8.67082108,0.35705963
273,3,4.66074686,9.86657266,8.85390314,4.57359861,9.80403651,9.74478663,0.12834095
274,1,4.66074686,8.07265036,16.46951304,4.62023609,8.03155427,17.41399106,0.06012273
275,1,6.21432914,8.96961151,13.96340922,6.63235647,8.85315330,15.07238028,0.45836748
276,3,4.66074686,9.86657266,15.23121980,4.77075857,9.78874911,16.32869750,0.19154448
277,3,4.66074686,11.66049496,0.00000000,4.65929048,11.66816308,0.95644048,0.00922194
278,1,4.66074686,11.66049496,10.12171372,4.80721055,11.78175594,10.50061208,0.61270555
279,1,1.55358229,13.45441726,7.61560990,1.53878698,13.53928949,8.40253785,0.19454035
280,3,3.10716457,12.55745611,8.85390314,3.03080677,12.67014961,9.71628766,0.16830004
281,1,3.10716457,10.76353381,16.46951304,3.19775264,10.91686219,17.56380431,0.22223554
282,2,4.66074686,13.45441726,12.04256147,4.41940158,13.94017180,12.70981827,0.61700648
283,1,4.66074686,11.66049496,13.96340922,4.38118720,11.24170341,14.90550621,0.50389555
284,3,3.10716457,12.55745611,15.23121980,3.26184756,12.52318427,16.22325972,0.16137885
285,1,1.55358229,15.24833957,1.26781058,1.53576262,15.23744320,2.20755500,0.03005261
286,3,3.10716457,14.35137842,0.00000000,3.10716457,14.35137842,0.96135201,0.00000000
287,1,1.55358229,15.24833957,5.10950608,1.51187216,15.24589536,6.02359702,0.06308183
288,1,3.10716457,14.35137842,10.12171372,2.91962493,14.50758750,10.79591899,0.37686290
289,1,0.00000000,16.14530072,7.61560990,-0.08777330,16.19628125,8.50659343,0.12351069
290,3,1.55358229,15.24833957,8.85390314,1.37368762,15.33648883,9.69534986,0.23347305
291,3,3.10716457,14.35137842,6.37731666,3.06369605,14.36590840,7.25470275,0.09566038
292,1,1.55358229,13.45441726,16.46951304,1.39245109,13.38005358,17.44739750,0.17823171
293,1,3.10716457,14.35137842,13.96340922,2.70907294,14.15833477,14.95072515,0.44318949
294,1,0.00000000,17.93922302,1.26781058,0.03020101,17.80820931,2.18655525,0.14103928
295,3,1.55358229,17.04226187,0.00000000,1.55364097,17.04089436,0.95884038,0.00286039
296,1,-1.55358229,18.83618417,7.61560990,-1.55094569,19.10064351,8.47458600,0.28359570
297,3,-0.00000000,17.93922302,8.85390314,0.00005592,17.92101907,9.80242466,0.02227125
298,3,1.55358229,17.04226187,6.37731666,1.50277655,17.00210671,7.31860734,0.06779466
299,1,-1.55358229,20.63010647,1.26781058,-1.42913626,20.34603503,2.23516652,0.31019259
300,3,-0.00000000,19.73314532,0.00000000,0.04015926,19.70865251,0.91463144,0.06629838
301,1,0.00000000,19.73314532,10.12171372,-0.00622642,19.61529408,10.99307320,0.14841273
302,1,-3.10716457,21.52706762,7.61560990,-3.25285981,21.48604166,8.72799578,0.21382578
303,3,-1.55358229,20.63010647,8.85390314,-1.70120498,20.66326016,9.82510559,0.15162011
304,3,-0.00000000,19.73314532,6.37731666,0.16079693,19.85111785,7.58297068,0.31536747
305,2,0.00000000,21.52706762,12.04256147,0.11296617,21.44868728,12.68386070,0.34833692
306,1,0.00000000,19.73314532,13.96340922,0.00955435,19.82811695,14.70297428,0.24145465
307,3,-1.55358229,20.63010647,15.23121980,-1.50585616,20.85896218,15.73044460,0.51789407
308,1,-3.10716457,23.32098992,1.26781058,-3.13307950,22.72579208,2.15821499,0.59997135
309,3,-1.55358229,22.42402877,0.00000000,-1.49830790,22.39154167,0.88230549,0.10177928
310,1,-3.10716457,23.32098992,5.10950608,-3.25028420,23.20175338,6.29534863,0.29171319
311,1,-4.66074686,24.21795108,7.61560990,-4.74973001,24.02989690,8.81506449,0.31618858
312,3,-1.55358229,22.42402877,6.37731666,-1.91697047,21.84137615,7.17834564,0.70515141
313,1,-1.55358229,22.42402877,13.96340922,-1.58234284,22.74387549,14.76785261,0.35742049
314,3,-3.10716457,23.32098992,15.23121980,-3.30112896,23.11843957,16.06452194,0.30829466
315,2,-4.66074686,24.21795108,3.18865833,-4.60489906,24.14174300,4.12100643,0.09883256
316,1,-4.66074686,26.01187338,1.26781058,-5.20347656,26.30099163,2.04135281,0.64297543
317,1,-4.66074686,26.01187338,5.10950608,-4.67641911,25.98067258,6.33759210,0.26900955
318,1,-3.10716457,25.11491223,10.12171372,-3.11082899,25.44692535,11.01084545,0.33979687
319,1,-6.21432914,26.90883453,7.61560990,-6.16298591,27.06659380,8.61431823,0.17005767
320,3,-4.66074686,26.01187338,8.85390314,-4.77764420,26.09891318,9.96926439,0.21203717
321,3,-3.10716457,25.11491223,6.37731666,-3.37393223,25.05075937,7.65176177,0.41630261
322,2,-3.10716457,26.90883453,12.04256147,-3.06522836,26.96758931,12.99069469,0.07338601
323,1,-3.10716457,25.11491223,13.96340922,-3.12083567,25.23457984,14.95400753,0.12394589
324,3,-4.66074686,26.01187338,15.23121980,-4.70887977,26.47506059,16.01334568,0.49898013
325,2,-6.21432914,26.90883453,3.18865833,-6.65501952,26.94868751,4.17689888,0.44330493
326,1,-6.21432914,28.70275683,1.26781058,-6.35091557,28.98636978,2.25281354,0.31567630
327,3,-4.66074686,27.80579568,0.00000000,-4.73660483,27.86489975,0.76680386,0.21701776
328,1,-6.21432914,28.70275683,5.10950608,-6.21432914,28.70275683,6.07085809,0.00000000
329,1,-7.76791143,29.59971798,7.61560990,-7.67864559,29.57157123,8.63556859,0.11043266
330,3,-6.21432914,28.70275683,8.85390314,-6.18765430,28.75065881,9.81912914,0.05496503
331,3,-4.66074686,27.80579568,6.37731666,-4.71733324,27.85275965,7.35722482,0.07584171
332,1,-6.21432914,26.90883453,16.46951304,-6.19483649,26.97905081,17.36484621,0.09832993
333,3,-6.21432914,28.70275683,15.23121980,-6.22879610,28.97259439,16.01766000,0.32189399
334,2,-7.76791143,29.59971798,3.18865833,-7.86057774,29.64307922,4.17031402,0.10430475
335,1,-7.76791143,31.39364028,5.10950608,-7.64296303,31.26685885,6.24428775,0.24852259
336,1,9.32149372,0.00000000,7.61560990,9.45277723,0.04280133,8.49898077,0.15858239
337,3,-7.76791143,31.39364028,8.85390314,-7.59169115,31.30400374,9.87375251,0.20618011
338,3,-6.21432914,30.49667913,6.37731666,-6.18150852,30.39337039,7.42302548,0.13735341
339,1,-7.76791143,29.59971798,16.46951304,-7.44845182,29.61732509,17.56620436,0.34739197
340,2,12.42865829,0.00000000,3.18865833,-6.23164695,32.11708401,4.36822654,0.27933226
341,1,12.42865829,1.79392230,1.26781058,11.91463522,2.03523309,1.67283434,0.79495392
342,3,13.98224057,0.89696115,0.00000000,14.11605827,0.95887841,0.66166099,0.33399944
343,1,12.42865829,1.79392230,5.10950608,12.45690788,1.79384535,6.07179212,0.02826514
344,1,13.98224057,0.89696115,10.12171372,13.95840286,0.99313754,10.87223602,0.23295343
345,3,12.42865829,1.79392230,8.85390314,12.41476241,1.78877812,9.74423631,0.07254815
346,3,13.98224057,0.89696115,6.37731666,13.98272198,0.90221664,7.34160153,0.00603769
347,1,12.42865829,0.00000000,16.46951304,-6.11941138,32.22183180,17.72122588,0.31312626
348,2,13.98224057,2.69088345,12.04256147,13.86685094,2.79947468,12.99131115,0.15895169
349,1,13.98224057,0.89696115,13.96340922,14.14918784,0.18133971,14.93106514,0.73486405
350,3,12.42865829,1.79392230,15.23121980,12.41774007,0.83418376,15.86065436,1.01557199
351,1,10.87507600,4.48480575,1.26781058,10.66792031,4.66545031,1.98945237,0.36470115
352,3,12.42865829,3.58784460,0.00000000,12.48243097,3.81687149,0.78310095,0.29515802
353,1,12.42865829,3.58784460,10.12171372,12.27116493,3.36897015,11.15725466,0.27966798
354,2,12.42865829,5.38176691,12.04256147,12.21930483,5.24181898,12.80772375,0.31922516
355,1,12.42865829,3.58784460,13.96340922,12.43223005,3.59033480,14.91493221,0.01075027
356,2,9.32149372,5.38176691,3.18865833,9.10383314,5.25628946,3.84386384,0.39603837
357,1,9.32149372,7.17568921,1.26781058,9.17863363,7.18095818,2.15326062,0.16185757
358,3,10.87507600,6.27872806,0.00000000,10.88459902,6.39663861,0.87397481,0.14706585
359,1,10.87507600,6.27872806,10.12171372,10.83922785,6.19729873,10.95863447,0.15296719
360,3,9.32149372,7.17568921,8.85390314,9.41168154,7.16727355,9.74642374,0.11376480
361,2,10.87507600,8.07265036,12.04256147,10.94074516,7.90220916,12.77997407,0.28898356
362,1,10.87507600,6.27872806,13.96340922,11.02158448,6.32178504,14.71388248,0.26036222
363,3,9.32149372,7.17568921,15.23121980,9.25848347,7.09511757,16.12060523,0.12506505
364,1,7.76791143,9.86657266,1.26781058,7.90493275,9.81724141,2.13639388,0.17266861
365,1,9.32149372,8.96961151,10.12171372,9.32149372,8.96961151,11.08306573,0.00000000
366,1,6.21432914,10.76353381,7.61560990,6.14141955,10.65321157,8.15138629,0.44564718
367,3,7.76791143,9.86657266,8.85390314,7.96627458,9.98546113,9.81701442,0.23126933
368,3,9.32149372,8.96961151,6.37731666,9.61544333,8.86136729,7.38545662,0.31672117
369,1,7.76791143,8.07265036,16.46951304,7.53683145,7.90983695,17.69243108,0.38512719
370,1,9.32149372,8.96961151,13.96340922,9.52125787,8.86175736,14.59618440,0.39937573
371,3,7.76791143,9.86657266,15.23121980,7.76889585,10.00964420,16.36042570,0.22055694
372,2,6.21432914,10.76353381,3.18865833,6.21900169,10.93427438,3.99764323,0.22888842
373,1,6.21432914,12.55745611,1.26781058,6.21455180,12.62181500,2.15575392,0.09762658
374,3,7.76791143,11.66049496,0.00000000,7.71380845,11.66595582,0.86620357,0.10959097
375,1,6.21432914,12.55745611,5.10950608,6.01718121,12.53049157,5.90795758,0.25715942
376,1,4.66074686,13.45441726,7.61560990,4.72836531,13.70667577,8.29583217,0.38371935
377,3,7.76791143,11.66049496,6.37731666,7.87963243,11.17964368,7.15653075,0.52618795
378,1,6.21432914,10.76353381,16.46951304,6.19743502,10.71431262,17.51029783,0.09496159
379,3,6.21432914,12.55745611,15.23121980,6.16131926,12.45982872,16.39668969,0.23239033
380,2,4.66074686,13.45441726,3.18865833,4.61426208,13.46938542,4.06822999,0.09525180
381,1,4.66074686,15.24833957,1.26781058,4.66074686,15.24833957,2.22916259,0.00000000
382,1,4.66074686,15.24833957,5.10950608,4.48749492,15.25372769,5.82172637,0.30349939
383,1,3.10716457,16.14530072,7.61560990,3.06271178,16.11962189,8.35594788,0.22689789
384,3,4.66074686,15.24833957,8.85390314,4.67730380,15.36783596,9.53122373,0.30858932
385,1,4.66074686,13.45441726,16.46951304,4.70224102,13.42789964,17.50221320,0.08669203
386,2,6.21432914,16.14530072,12.04256147,6.56209008,16.01380676,12.89389434,0.38772741
387,1,6.21432914,14.35137842,13.96340922,6.56822358,14.86430808,15.11040418,0.65023182
388,3,4.66074686,15.24833957,15.23121980,4.54691539,15.12654263,16.32801686,0.21479633
389,2,3.10716457,16.14530072,3.18865833,3.02714441,16.13439170,3.99796425,0.17216343
390,1,3.10716457,17.93922302,1.26781058,3.15998168,17.86993856,2.20784335,0.08969110
391,1,3.10716457,17.93922302,5.10950608,2.91742342,17.80830714,5.84736139,0.32107857
392,1,4.66074686,17.04226187,10.12171372,4.23784779,17.85945757,10.39668669,1.14794104
393,1,1.55358229,18.83618417,7.61560990,1.55723870,18.72331699,8.62155784,0.12141320
394,1,3.10716457,16.14530072,16.46951304,2.95820507,15.83316797,17.76869442,0.48347127
395,1,4.66074686,17.04226187,13.96340922,4.97594501,17.30254787,14.32832485,0.72307333
396,2,1.55358229,18.83618417,3.18865833,1.48164223,18.70258091,4.01075903,0.20595176
397,1,1.55358229,20.63010647,1.26781058,1.70985029,20.41350007,2.20660316,0.26804281
398,3,3.10716457,19.73314532,0.00000000,3.16285181,19.70608541,0.91176578,0.07932277
399,1,1.55358229,20.63010647,5.10950608,1.52367884,20.38317679,5.85779550,0.32751206
400,1,0.00000000,21.52706762,7.61560990,0.04511476,21.53611088,8.78116475,0.20932253
401,3,1.55358229,20.63010647,8.85390314,1.87152495,20.59736737,9.80926190,0.31968000
402,3,3.10716457,19.73314532,6.37731666,3.00320509,19.48829066,7.10430193,0.35452665
403,2,3.10716457,21.52706762,12.04256147,3.02862038,21.82529088,12.94898728,0.31324621
404,1,3.10716457,19.73314532,13.96340922,3.30143780,19.89099854,14.85084536,0.26100438
405,3,1.55358229,20.63010647,15.23121980,1.39665580,20.84470447,15.85686207,0.42822804
406,2,0.00000000,21.52706762,3.18865833,0.05221916,21.28519746,4.01220373,0.28322902
407,1,0.00000000,23.32098992,1.26781058,0.11985024,22.86894984,2.08309624,0.48993846
408,3,1.55358229,22.42402877,0.00000000,1.69695709,22.36807483,0.83806167,0.19719961
409,1,0.00000000,23.32098992,5.10950608,-0.34570099,22.62555073,6.08087823,0.77668865
410,1,1.55358229,22.42402877,10.12171372,1.62848173,22.56532094,11.01863283,0.17240940
411,1,-1.55358229,24.21795108,7.61560990,-1.82372559,24.04139938,8.71040802,0.34922166
412,3,-0.00000000,23.32098992,8.85390314,0.04150958,23.38852853,9.70679358,0.13434441
413,3,1.55358229,22.42402877,6.37731666,1.48521571,22.38408460,7.06350343,0.28633098
414,1,0.00000000,21.52706762,16.46951304,0.36649397,21.35665700,17.57875647,0.43038295
415,2,1.55358229,24.21795108,12.04256147,1.10657687,24.21907436,12.90935787,0.45689809
416,1,1.55358229,22.42402877,13.96340922,1.49189274,22.61557525,14.78765600,0.24350256
417,3,-0.00000000,23.32098992,15.23121980,-0.09335043,23.41216664,16.07000146,0.17902789
418,1,0.00000000,25.11491223,10.12171372,-0.21413022,25.02504814,10.94965468,0.26781675
419,1,-3.10716457,26.90883453,7.61560990,-3.17176021,27.09240951,8.58984215,0.19503403
420,3,-1.55358229,26.01187338,8.85390314,-1.57768923,25.99571422,9.73032457,0.08975225
421,3,-0.00000000,25.11491223,6.37731666,-0.59678217,24.42782775,7.06931498,0.94909717
422,2,0.00000000,26.90883453,12.04256147,-0.04820771,26.93000123,13.08403224,0.09586986
423,1,0.00000000,25.11491223,13.96340922,-0.00394646,25.21075936,14.91375400,0.09655779
424,2,-3.10716457,26.90883453,3.18865833,-2.53916959,27.65102999,3.99190285,0.94787677
425,1,-3.10716457,28.70275683,1.26781058,-3.33646149,28.83580348,1.94374791,0.38953822
426,1,-3.10716457,28.70275683,5.10950608,-3.27074422,28.80775530,6.08022433,0.19460397
427,1,-1.55358229,27.80579568,10.12171372,-1.29527113,27.74292810,11.07946663,0.26587579
428,3,-1.55358229,27.80579568,6.37731666,-1.82089397,28.07730031,7.36576817,0.38197472
429,2,-1.55358229,29.59971798,12.04256147,-1.31577567,29.59526368,13.03107540,0.23939423
430,1,-1.55358229,27.80579568,13.96340922,-1.54398289,27.81538648,14.87653080,0.05010296
431,2,-4.66074686,29.59971798,3.18865833,-4.79556539,29.54886789,4.13350078,0.14503218
432,1,-4.66074686,31.39364028,1.26781058,-4.76471894,31.37672122,1.66733257,0.57162000
433,3,-3.10716457,30.49667913,0.00000000,-2.96003088,30.51601454,0.79333775,0.22416729
434,1,-4.66074686,31.39364028,5.10950608,-4.71678309,31.34333002,6.30917879,0.24993586
435,1,12.42865829,0.00000000,7.61560990,12.38493728,0.03877498,8.59496009,0.06114704
436,3,17.08940514,0.89696115,0.00000000,17.40757103,1.00731861,0.44149038,0.61940650
437,1,17.08940514,0.89696115,10.12171372,16.95309084,0.84732679,11.05768591,0.14727286
438,1,13.98224057,2.69088345,7.61560990,14.05197884,2.64557613,8.45701798,0.14595453
439,3,15.53582286,1.79392230,8.85390314,15.55197515,1.80228434,9.80401592,0.02138085
440,1,15.53582286,0.00000000,16.46951304,15.46400295,0.11189340,17.54621832,0.17602446
441,2,17.08940514,2.69088345,12.04256147,17.00584235,2.87207384,13.07338520,0.21127948
442,1,17.08940514,0.89696115,13.96340922,17.19256733,0.81308921,14.83062981,0.16290385
443,3,15.53582286,1.79392230,15.23121980,15.44168847,1.84873202,16.05417642,0.17612118
444,1,13.98224057,4.48480575,1.26781058,14.03813936,4.05305023,2.30619550,0.44212168
445,3,15.53582286,3.58784460,0.00000000,15.58486051,3.51457892,0.95767661,0.08823866
446,1,15.53582286,3.58784460,10.12171372,15.52855441,3.44931702,11.14498903,0.15191187
447,1,12.42865829,5.38176691,7.61560990,12.57337294,5.14238495,8.84722054,0.38895472
448,3,13.98224057,4.48480575,8.85390314,14.23260856,4.40133829,9.84021614,0.26509243
449,3,15.53582286,3.58784460,6.37731666,15.53765224,3.58435085,7.33880016,0.00394592
450,1,13.98224057,2.69088345,16.46951304,13.92602356,2.60277312,17.49401240,0.12211212
451,1,15.53582286,3.58784460,13.96340922,15.49910005,3.58773055,14.93130474,0.03730141
452,3,13.98224057,4.48480575,15.23121980,13.97860800,4.34349551,16.32877169,0.19629618
453,1,12.42865829,7.17568921,1.26781058,12.81239755,6.62976242,1.64991880,0.88363751
454,3,13.98224057,6.27872806,0.00000000,14.32048570,6.05875510,0.35073691,0.73188023
455,1,10.87507600,8.07265036,7.61560990,11.00569410,7.91005675,8.58980846,0.20895646
456,3,12.42865829,7.17568921,8.85390314,12.43073671,6.98776082,9.77592676,0.19201073
457,3,13.98224057,6.27872806,6.37731666,14.19482969,6.15843462,7.23501093,0.26534801
458,3,12.42865829,7.17568921,15.23121980,12.66744976,6.88963572,15.83500959,0.51642880
459,1,10.87507600,9.86657266,5.10950608,10.65330256,10.07266037,6.06489987,0.30280539
460,1,12.42865829,8.96961151,10.12171372,12.80435646,8.77228707,10.75782654,0.53466493
461,1,9.32149372,10.76353381,7.61560990,9.39232996,10.85107428,8.59009445,0.11337359
462,3,10.87507600,9.86657266,8.85390314,10.89969224,9.88216977,9.85880735,0.05240251
463,3,12.42865829,8.96961151,6.37731666,12.51383899,8.70877568,7.25948123,0.28559014
464,1,10.87507600,8.07265036,16.46951304,10.35856936,8.63116215,17.39231075,0.76170924
465,3,10.87507600,9.86657266,15.23121980,10.63610944,10.03241471,15.89307187,0.41750307
466,2,9.32149372,10.76353381,3.18865833,9.18231566,10.97823295,3.94047049,0.33071620
467,1,9.32149372,12.55745611,5.10950608,9.26864999,12.65244975,6.06834470,0.10873163
468,1,10.87507600,11.66049496,10.12171372,10.52237648,11.78953064,11.21889151,0.39936926
469,3,10.87507600,11.66049496,6.37731666,10.94362695,11.63889761,7.40925414,0.10073722
470,2,7.76791143,13.45441726,3.18865833,7.66684047,13.50065890,4.17255480,0.11341023
471,1,7.76791143,15.24833957,5.10950608,7.89753089,15.25754001,5.93166023,0.19042557
472,3,9.32149372,14.35137842,6.37731666,9.63225096,14.23033953,7.47688296,0.36100369
473,2,9.32149372,16.14530072,12.04256147,9.50993352,15.96688597,12.74836687,0.36420523
474,3,7.76791143,15.24833957,15.23121980,8.27649198,15.65016622,15.98238974,0.68139221
475,2,6.21432914,16.14530072,3.18865833,6.19590234,16.05980560,4.18897296,0.09574471
476,1,7.76791143,17.04226187,10.12171372,7.90837661,17.06275054,11.07138739,0.14243116
477,1,6.21432914,16.14530072,16.46951304,6.18506852,16.21364762,17.68043564,0.26040923
478,2,7.76791143,18.83618417,12.04256147,7.75243146,18.82357728,12.83475685,0.17033065
479,1,7.76791143,17.04226187,13.96340922,8.07355741,17.36012880,14.83212962,0.45059901
480,3,6.21432914,17.93922302,15.23121980,6.05412928,17.59685241,16.07164262,0.39686962
481,1,3.10716457,21.52706762,7.61560990,3.03341224,21.23402579,8.21774226,0.46941631
482,1,4.66074686,18.83618417,16.46951304,4.97975879,18.93406776,17.27659953,0.36762435
483,2,6.21432914,21.52706762,12.04256147,6.12612451,21.87197750,13.09797144,0.36822517
484,1,6.21432914,19.73314532,13.96340922,6.29788595,19.87314919,14.79423128,0.20885614
485,3,4.66074686,20.63010647,15.23121980,4.76346432,20.65918255,16.12576302,0.12593534
486,2,3.10716457,21.52706762,3.18865833,3.07809011,21.32341362,4.14488519,0.20578276
487,1,3.10716457,23.32098992,5.10950608,3.13555288,23.25306705,5.97168333,0.12351132
488,3,4.66074686,22.42402877,6.37731666,4.50606186,22.25018675,7.17516269,0.28439884
489,1,3.10716457,21.52706762,16.46951304,3.27930913,21.54070609,17.26963908,0.23624896
490,1,4.66074686,22.42402877,13.96340922,4.59353438,22.66430352,14.90287830,0.25045625
491,3,3.10716457,23.32098992,15.23121980,3.01340274,23.24380192,16.12202815,0.14044814
492,1,0.00000000,26.90883453,7.61560990,-0.25230723,27.20343913,8.39734692,0.42744865
493,3,3.10716457,25.11491223,6.37731666,3.06179374,24.60536675,8.07353263,0.89538827
494,1,1.55358229,24.21795108,16.46951304,1.73204247,24.35667861,17.30856683,0.25700238
495,1,3.10716457,25.11491223,13.96340922,2.91949693,25.13840519,14.37551148,0.58090133
496,3,1.55358229,26.01187338,15.23121980,1.68694555,25.88020891,15.90675659,0.34177716
497,2,0.00000000,26.90883453,3.18865833,0.20890724,26.72909519,3.43398675,0.76722763
498,1,0.00000000,28.70275683,1.26781058,0.28201715,28.62232542,1.80775316,0.51340899
499,3,1.55358229,27.80579568,0.00000000,1.73074099,27.87891248,0.52838256,0.47349110
500,1,0.00000000,28.70275683,5.10950608,-0.35407334,28.78734807,5.82487714,0.43935207
501,3,-0.00000000,28.70275683,8.85390314,0.23513268,28.51916707,9.92034220,0.31628447
502,2,1.55358229,29.59971798,12.04256147,1.64055607,29.59797310,12.91058569,0.12758355
503,1,1.55358229,27.80579568,13.96340922,1.54939011,27.80116922,14.86491883,0.06016719
504,1,-1.55358229,31.39364028,1.26781058,-1.38177266,31.00326815,2.17586041,0.42982563
505,3,-0.00000000,30.49667913,0.00000000,0.11439701,30.45416717,0.85181381,0.16398951
506,1,0.00000000,30.49667913,10.12171372,0.09148333,30.56690587,11.20886752,0.17066659
507,1,15.53582286,0.00000000,7.61560990,15.53386118,0.00410558,8.58046327,0.00574139
508,2,0.00000000,32.29060143,12.04256147,0.11119589,32.17782517,13.11644521,0.19428433
509,1,0.00000000,30.49667913,13.96340922,-0.07192340,30.52554319,14.99028630,0.10148716
510,3,-1.55358229,31.39364028,15.23121980,-1.68743329,31.67291170,16.30878699,0.33077876
511,3,20.19656972,0.89696115,0.00000000,20.27110327,0.91150971,0.92196478,0.08554686
512,1,20.19656972,0.89696115,10.12171372,20.36523534,0.90913529,10.82005446,0.31268391
513,1,17.08940514,2.69088345,7.61560990,17.08940514,2.69088345,8.57696191,0.00000000
514,3,18.64298743,1.79392230,8.85390314,18.64096300,1.79271461,9.77737202,0.03795640
515,3,20.19656972,0.89696115,6.37731666,20.19656972,0.89696115,7.33866867,0.00000000
516,1,17.08940514,4.48480575,1.26781058,16.87093070,4.77300584,2.13430918,0.37388172
517,3,18.64298743,3.58784460,0.00000000,18.69771965,3.64939180,0.86753159,0.12484369
518,1,17.08940514,4.48480575,5.10950608,17.08946825,4.46609798,6.05746883,0.02300559
519,1,15.53582286,5.38176691,7.61560990,15.56480887,5.29432922,8.53023050,0.10329261
520,3,18.64298743,3.58784460,6.37731666,18.64298743,3.58784460,7.33866867,0.00000000
521,1,17.08940514,2.69088345,16.46951304,16.81815130,2.67714063,17.94418389,0.58074413
522,3,17.08940514,4.48480575,15.23121980,16.92227398,4.42062677,16.18394683,0.17923772
523,1,15.53582286,7.17568921,1.26781058,15.56268282,7.38646139,2.31016511,0.22739345
524,3,17.08940514,6.27872806,0.00000000,17.18690466,6.29165351,0.76214013,0.22216795
525,1,13.98224057,8.07265036,7.61560990,14.16333274,7.94949227,8.29528030,0.35680081
526,3,15.53582286,7.17568921,8.85390314,15.49987178,7.01103592,9.68649785,0.21208873
527,3,17.08940514,6.27872806,6.37731666,17.09981096,6.14900104,7.26411010,0.14998787
528,1,15.53582286,5.38176691,16.46951304,15.36733772,5.26287070,17.62835811,0.28552944
529,1,17.08940514,6.27872806,13.96340922,16.46761335,6.52506485,15.19677896,0.72201143
530,3,15.53582286,8.96961151,0.00000000,15.53439411,8.96707868,0.96170351,0.00292918
531,1,13.98224057,9.86657266,5.10950608,14.13583200,9.59020373,5.85872137,0.38075203
532,1,15.53582286,8.96961151,10.12171372,15.81296120,8.76556641,10.74094108,0.48527244
533,1,12.42865829,10.76353381,7.61560990,12.48733663,10.55408308,8.38609336,0.28938480
534,3,13.98224057,9.86657266,8.85390314,14.25960047,9.97684193,9.90955471,0.31301794
535,3,15.53582286,8.96961151,6.37731666,15.75225064,8.72320920,7.21594955,0.35016435
536,3,13.98224057,9.86657266,15.23121980,13.57985048,10.06884322,15.88796073,0.54370863
537,2,12.42865829,10.76353381,3.18865833,12.12529414,10.75288781,3.90500493,0.39009075
538,3,13.98224057,11.66049496,0.00000000,14.01066933,11.49529777,0.69121105,0.31792207
539,1,12.42865829,12.55745611,5.10950608,12.22957671,12.52662602,5.80799484,0.33118131
540,3,13.98224057,11.66049496,6.37731666,14.12240152,11.12790506,7.24564144,0.55852588
541,1,12.42865829,10.76353381,16.46951304,12.48413833,10.84338449,17.53425098,0.14192539
542,2,13.98224057,13.45441726,12.04256147,13.98322857,13.62476421,12.89910516,0.20000961
543,1,13.98224057,11.66049496,13.96340922,14.28089429,11.55865568,14.55535960,0.48582183
544,3,12.42865829,12.55745611,15.23121980,12.39200875,12.75341718,16.07043169,0.23379935
545,2,10.87507600,13.45441726,3.18865833,10.69910903,13.50578453,4.09533069,0.19129254
546,1,10.87507600,15.24833957,5.10950608,10.82648255,15.14030006,5.98024111,0.14914857
547,1,9.32149372,16.14530072,7.61560990,9.22290404,16.14457337,8.38709207,0.21394160
548,2,12.42865829,16.14530072,12.04256147,12.44061885,16.13642909,13.05739435,0.05551544
549,1,12.42865829,14.35137842,13.96340922,12.47165924,14.48000776,14.92544239,0.13562837
550,2,9.32149372,16.14530072,3.18865833,9.19469685,16.04113340,3.94731065,0.26079770
551,1,9.32149372,17.93922302,5.10950608,9.27291379,17.94745369,5.77881292,0.29617247
552,1,10.87507600,17.04226187,10.12171372,10.90272806,17.06204129,10.97501027,0.11327772
553,3,9.32149372,17.93922302,8.85390314,9.36643719,17.80580188,9.80245605,0.14136808
554,3,10.87507600,17.04226187,6.37731666,10.59839735,16.92841760,7.00066054,0.45139904
555,2,10.87507600,18.83618417,12.04256147,10.78658547,19.03796835,12.74753089,0.33805245
556,2,7.76791143,18.83618417,3.18865833,7.67872674,18.55854721,3.66870160,0.56275598
557,1,7.76791143,20.63010647,1.26781058,7.76791143,20.63010647,2.22916259,0.00000000
558,3,9.32149372,19.73314532,0.00000000,9.34937474,19.77181605,0.87272101,0.10063912
559,1,7.76791143,20.63010647,5.10950608,7.50261887,20.30046663,5.44887117,0.75227010
560,3,9.32149372,19.73314532,6.37731666,9.25869653,19.47114269,7.42445611,0.28275139
561,3,7.76791143,20.63010647,15.23121980,7.97343234,21.08388955,15.93468868,0.56094709
562,2,6.21432914,21.52706762,3.18865833,6.01634351,21.52817045,3.86204092,0.34946518
563,1,6.21432914,23.32098992,1.26781058,6.13420156,23.21910669,2.02869818,0.23871867
564,3,7.76791143,22.42402877,0.00000000,7.76791143,22.42402877,0.96135201,0.00000000
565,1,6.21432914,23.32098992,5.10950608,6.22269157,23.00229961,5.86670175,0.37856738
566,1,7.76791143,22.42402877,10.12171372,7.70965309,22.91974276,10.98558702,0.50855530
567,3,6.21432914,23.32098992,8.85390314,6.21617851,23.93156356,9.80335691,0.61069235
568,3,7.76791143,22.42402877,6.37731666,7.37446259,22.54790153,7.52658075,0.45327409
569,1,6.21432914,21.52706762,16.46951304,6.35537880,21.51880390,17.26753110,0.21596591
570,2,7.76791143,24.21795108,12.04256147,7.91650036,24.48467993,12.92330155,0.31578669
571,1,7.76791143,22.42402877,13.96340922,7.76065734,22.90427593,14.86643971,0.48382988
572,3,6.21432914,23.32098992,15.23121980,6.17803716,23.34068999,16.28577368,0.10194013
573,2,4.66074686,24.21795108,3.18865833,4.35678892,23.96857619,3.80322729,0.52424874
574,1,4.66074686,26.01187338,1.26781058,4.76410264,25.80334884,1.89789605,0.40484864
575,3,6.21432914,25.11491223,0.00000000,6.31495288,25.07483841,0.73497360,0.25095465
576,1,4.66074686,26.01187338,5.10950608,4.90144807,25.60258186,5.61089803,0.66107479
577,3,6.21432914,25.11491223,6.37731666,6.18640551,25.25074811,7.21516871,0.18569695
578,1,4.66074686,24.21795108,16.46951304,4.65320620,24.18332221,17.40519907,0.04375800
579,3,4.66074686,26.01187338,15.23121980,4.55835787,25.63429028,15.54019432,0.76068974
580,2,3.10716457,26.90883453,3.18865833,3.47763162,27.05573434,3.63306884,0.65272805
581,1,3.10716457,28.70275683,1.26781058,3.27470250,28.61650556,1.69474103,0.56666978
582,3,4.66074686,27.80579568,0.00000000,4.77585775,27.82668198,0.50243917,0.47359028
583,1,3.10716457,28.70275683,5.10950608,3.45648247,28.61101607,5.65406682,0.55150189
584,1,1.55358229,29.59971798,7.61560990,1.47712058,29.64483594,8.70437001,0.15528955
585,1,3.10716457,26.90883453,16.46951304,3.11005664,26.93268036,17.50319482,0.07621406
586,3,3.10716457,28.70275683,15.23121980,3.19020430,28.36408277,16.00890032,0.39412045
587,2,1.55358229,29.59971798,3.18865833,1.54603979,29.53955981,4.09326263,0.08304334
588,1,1.55358229,31.39364028,1.26781058,1.88154232,31.14962717,2.15840832,0.41485702
589,3,3.10716457,30.49667913,0.00000000,3.26790141,30.47284558,0.77702204,0.24572730
590,1,3.10716457,30.49667913,10.12171372,3.01965976,30.58144861,11.00999732,0.14206319
591,1,18.64298743,0.00000000,7.61560990,-0.11646335,32.18702821,8.77893955,0.25511976
592,3,1.55358229,31.39364028,8.85390314,1.51452900,31.40797842,9.78984138,0.04875039
593,3,3.10716457,30.49667913,6.37731666,2.98214575,30.43639904,7.12869878,0.25169575
594,2,3.10716457,32.29060143,12.04256147,21.67992533,0.06438070,12.76743246,0.25495085
595,1,3.10716457,30.49667913,13.96340922,2.85423622,30.45669648,14.91654539,0.25620082
596,1,21.75015200,1.79392230,1.26781058,21.62856167,1.79842878,2.22948116,0.12167423
597,3,23.30373429,0.89696115,0.00000000,23.22097491,0.84771346,0.88181069,0.12490506
598,1,23.30373429,0.89696115,10.12171372,23.29196357,0.98253879,10.87754262,0.22293907
599,1,20.19656972,2.69088345,7.61560990,20.15018443,2.67869626,8.49734164,0.09294896
600,3,21.75015200,1.79392230,8.85390314,21.83221933,1.75662296,9.62926665,0.20668336
601,2,23.30373429,2.69088345,12.04256147,23.04832451,2.69483733,12.85969240,0.29334196
602,1,23.30373429,0.89696115,13.96340922,23.01967300,0.66370429,14.78737987,0.39239421
603,1,20.19656972,4.48480575,1.26781058,20.17281068,4.46867649,2.20002959,0.04090693
604,3,21.75015200,3.58784460,0.00000000,21.75015200,3.58784460,0.96135201,0.00000000
605,1,20.19656972,4.48480575,5.10950608,20.09918206,4.17916027,5.84410158,0.39283843
606,1,21.75015200,3.58784460,10.12171372,21.74642841,3.49077622,10.81518156,0.28495274
607,3,21.75015200,3.58784460,6.37731666,21.74521258,3.58522541,7.33158501,0.00902421
608,1,21.75015200,3.58784460,13.96340922,21.79035742,3.51753519,14.85342967,0.10792628
609,3,20.19656972,4.48480575,15.23121980,20.31370159,4.52444299,15.89931413,0.31826256
610,2,18.64298743,5.38176691,3.18865833,18.64298743,5.38176691,4.15001034,0.00000000
611,1,18.64298743,7.17568921,1.26781058,18.47906031,7.21930255,2.08805633,0.22064723
612,1,17.08940514,8.07265036,7.61560990,17.27391481,7.90081180,8.35456860,0.33620097
613,1,18.64298743,5.38176691,16.46951304,18.64678234,5.18157881,17.04756683,0.43244329
614,2,20.19656972,8.07265036,12.04256147,20.40421589,7.98355340,12.78041292,0.31781709
615,1,20.19656972,6.27872806,13.96340922,20.31428379,6.14167353,14.60593874,0.36645372
616,3,18.64298743,7.17568921,15.23121980,18.50250385,6.76052734,15.50014287,0.81948328
617,2,17.08940514,8.07265036,3.18865833,17.20966243,8.20574382,3.99851800,0.23478844
618,1,17.08940514,9.86657266,1.26781058,17.02171901,9.92131118,2.17474844,0.10265777
619,1,17.08940514,9.86657266,5.10950608,17.09762394,9.70926262,5.98878937,0.17762115
620,1,18.64298743,8.96961151,10.12171372,18.68841919,9.24490731,11.09184297,0.27915741
621,1,15.53582286,10.76353381,7.61560990,15.64809792,10.78562814,8.60334166,0.11742973
622,3,17.08940514,9.86657266,8.85390314,17.23057114,9.94449784,9.79820281,0.16214486
623,2,18.64298743,10.76353381,12.04256147,18.65338436,11.00873972,12.85875247,0.28514164
624,1,18.64298743,8.96961151,13.96340922,18.60114138,8.52491635,14.42058055,0.67357481
625,3,17.08940514,9.86657266,15.23121980,18.02932085,9.55876202,16.12129697,0.99159922
626,2,15.53582286,10.76353381,3.18865833,15.52241595,10.68790873,4.02717013,0.14487448
627,1,15.53582286,12.55745611,1.26781058,15.44767772,12.52949485,2.13346467,0.13307700
628,3,17.08940514,11.66049496,0.00000000,16.95058589,11.47869373,0.60667878,0.42203741
629,1,15.53582286,12.55745611,5.10950608,15.33130379,12.29599534,5.92765299,0.36152107
630,1,17.08940514,11.66049496,10.12171372,17.05687978,11.67584707,11.05721951,0.04429010
631,3,15.53582286,12.55745611,8.85390314,15.50622341,12.59929055,9.81420803,0.05125762
632,3,17.08940514,11.66049496,6.37731666,17.11749223,11.34667550,7.25636040,0.32564734
633,1,15.53582286,10.76353381,16.46951304,15.39398391,10.95890947,17.83763266,0.47302201
634,2,17.08940514,13.45441726,12.04256147,17.03346259,13.47343116,12.97837817,0.06436730
635,1,17.08940514,11.66049496,13.96340922,17.19662020,11.52460767,14.81987966,0.20238717
636,3,15.53582286,12.55745611,15.23121980,15.39491782,12.59223600,15.96209917,0.27236282
637,2,13.98224057,13.45441726,3.18865833,13.60760453,13.29165108,3.63930315,0.65396241
638,1,13.98224057,15.24833957,1.26781058,13.92083656,15.23315723,2.10088161,0.14302785
639,3,15.53582286,14.35137842,0.00000000,15.54125464,14.35435108,0.95373819,0.00981383
640,1,13.98224057,13.45441726,16.46951304,13.98076576,13.44548409,17.21125647,0.21979514
641,2,15.53582286,16.14530072,12.04256147,15.51886019,16.14492855,12.96048976,0.04662071
642,1,15.53582286,14.35137842,13.96340922,15.42555254,14.31680237,14.81615629,0.15858776
643,3,13.98224057,15.24833957,15.23121980,13.98355407,15.30555405,16.15926509,0.06621601
644,2,12.42865829,16.14530072,3.18865833,12.37103246,15.95725204,3.91969872,0.30286380
645,1,12.42865829,17.93922302,1.26781058,12.25280009,17.66187620,2.09910024,0.35321888
646,3,13.98224057,17.04226187,0.00000000,13.98144838,17.04191678,0.96071608,0.00107287
647,1,12.42865829,17.93922302,5.10950608,12.33020999,17.64297728,5.76115608,0.43973735
648,1,13.98224057,17.04226187,10.12171372,13.92379374,17.14400905,11.31978777,0.26420796
649,1,10.87507600,18.83618417,7.61560990,11.03085326,18.44759158,8.39087040,0.45814933
650,3,12.42865829,17.93922302,8.85390314,12.50036240,17.88992783,9.95010974,0.16049067
651,1,12.42865829,16.14530072,16.46951304,12.33904229,15.85397403,17.53613820,0.32246659
652,2,13.98224057,18.83618417,12.04256147,13.76837515,18.76835534,13.20966781,0.30442407
653,1,13.98224057,17.04226187,13.96340922,14.11464316,16.93431938,14.86819496,0.17994935
654,2,10.87507600,18.83618417,3.18865833,10.89767284,18.85625917,4.11492225,0.04631195
655,1,10.87507600,20.63010647,1.26781058,10.88578324,20.60764707,2.18711671,0.04885617
656,3,12.42865829,19.73314532,0.00000000,12.24027001,19.71663183,0.59070906,0.41609979
657,1,12.42865829,19.73314532,10.12171372,12.64087872,19.90073887,11.29113731,0.34120213
658,3,12.42865829,19.73314532,6.37731666,12.68265724,19.01030143,7.27590270,0.76873814
659,1,9.32149372,23.32098992,1.26781058,9.25129702,23.23213990,2.21448253,0.11418147
660,3,10.87507600,22.42402877,0.00000000,10.87507600,22.42402877,0.96135201,0.00000000
661,1,10.87507600,22.42402877,10.12171372,10.93295677,22.60293880,10.95790037,0.22588791
662,1,7.76791143,24.21795108,7.61560990,7.81558702,24.41290442,8.46927345,0.22776429
663,3,9.32149372,23.32098992,8.85390314,9.39352874,23.95332692,9.73076249,0.64201100
664,2,10.87507600,24.21795108,12.04256147,10.85422495,24.20079410,12.87491899,0.13179039
665,1,10.87507600,22.42402877,13.96340922,10.82530615,22.48667538,14.91760833,0.08032932
666,3,9.32149372,23.32098992,15.23121980,9.37563985,23.71654010,15.98295320,0.45092317
667,2,7.76791143,24.21795108,3.18865833,7.30781537,24.26992420,3.98889755,0.49025190
668,1,7.76791143,26.01187338,5.10950608,7.77068861,26.07804651,6.03603842,0.07482650
669,1,9.32149372,25.11491223,10.12171372,9.27610890,25.50918519,11.09503635,0.39705698
670,1,6.21432914,26.90883453,7.61560990,6.21432914,26.90883453,8.57696191,0.00000000
671,3,7.76791143,26.01187338,8.85390314,7.78928776,26.37390885,9.81469947,0.36266643
672,3,9.32149372,25.11491223,6.37731666,9.32742689,25.29513087,7.15490460,0.25745523
673,2,9.32149372,26.90883453,12.04256147,9.23465802,27.12475420,12.99832785,0.23279377
674,1,9.32149372,25.11491223,13.96340922,9.13589477,25.48896844,14.89240886,0.41882179
675,2,6.21432914,26.90883453,3.18865833,6.37151450,27.06015768,4.21494722,0.22764607
676,1,6.21432914,28.70275683,5.10950608,6.35086401,28.76992333,6.06624593,0.15223134
677,1,7.76791143,27.80579568,10.12171372,7.70478766,27.97959645,11.11964292,0.18849194
678,3,6.21432914,28.70275683,8.85390314,5.81684240,28.52198965,9.92052354,0.44917026
679,3,7.76791143,27.80579568,6.37731666,7.77012388,27.83172672,7.30188203,0.04506185
680,2,7.76791143,29.59971798,12.04256147,7.69903810,29.85650774,12.76629758,0.35657514
681,2,4.66074686,29.59971798,3.18865833,4.81670948,29.67720078,3.85203074,0.34513731
682,1,4.66074686,31.39364028,1.26781058,4.79779973,31.36648143,2.01347836,0.25698401
683,1,4.66074686,31.39364028,5.10950608,4.60468239,31.28994317,5.93258833,0.18169987
684,1,6.21432914,30.49667913,10.12171372,6.02135822,30.44491070,11.01316521,0.21166915
685,1,21.75015200,0.00000000,7.61560990,3.15893070,32.25854243,8.44883457,0.14185953
686,3,4.66074686,31.39364028,8.85390314,4.43171118,31.05150356,9.57006277,0.47920161
687,3,6.21432914,30.49667913,6.37731666,6.33394971,30.71598819,7.36638625,0.25134400
688,1,4.66074686,29.59971798,16.46951304,4.70432608,29.42923327,17.40238805,0.17825579
689,2,6.21432914,32.29060143,12.04256147,5.98695709,32.26074715,12.72664172,0.35981796
690,1,6.21432914,30.49667913,13.96340922,6.10832487,30.39491556,14.61401199,0.34374092
691,3,4.66074686,31.39364028,15.23121980,4.59936594,30.90358332,15.93785190,0.55570286
692,2,24.85731657,0.00000000,3.18865833,6.20554965,32.28184673,3.86218434,0.28809292
693,1,24.85731657,1.79392230,1.26781058,24.55549382,1.78939257,2.15481994,0.31087670
694,1,23.30373429,2.69088345,7.61560990,23.32511464,2.67462490,8.48833075,0.09261178
695,2,26.41089886,2.69088345,12.04256147,25.99273107,2.57113663,13.02800508,0.43564206
696,1,26.41089886,0.89696115,13.96340922,26.58630537,1.21619955,15.06476435,0.39023259
697,3,24.85731657,1.79392230,15.23121980,24.34378452,1.72996921,15.96977430,0.56342160
698,1,23.30373429,4.48480575,1.26781058,23.28305754,4.47233224,2.20388406,0.03495884
699,3,24.85731657,3.58784460,0.00000000,24.85731657,3.58784460,0.96135201,0.00000000
700,1,23.30373429,4.48480575,5.10950608,22.97322939,4.73265547,5.92209366,0.43908293
701,1,24.85731657,3.58784460,10.12171372,24.66687523,3.56410674,11.01063118,0.20512960
702,1,21.75015200,5.38176691,7.61560990,21.81218843,5.33455121,8.54169156,0.08556774
703,3,23.30373429,4.48480575,8.85390314,23.33633840,4.42676555,9.61193146,0.21394442
704,1,23.30373429,2.69088345,16.46951304,23.00960493,2.54128932,17.32991251,0.34508246
705,2,24.85731657,5.38176691,12.04256147,24.64572058,5.42792990,12.67196116,0.39635367
706,1,24.85731657,3.58784460,13.96340922,24.88706641,3.60006635,15.01624820,0.09697571
707,3,23.30373429,4.48480575,15.23121980,23.26015990,4.44413179,15.98008494,0.22068931
708,2,21.75015200,5.38176691,3.18865833,21.61722351,5.48479883,3.96509856,0.24995585
709,1,23.30373429,6.27872806,10.12171372,23.05113491,6.35640173,10.98983794,0.28023395
710,3,23.30373429,6.27872806,6.37731666,23.30369426,6.26506575,7.36261203,0.02756709
711,1,21.75015200,5.38176691,16.46951304,21.59197343,5.34116141,17.30901071,0.20375904
712,2,23.30373429,8.07265036,12.04256147,23.35442530,8.07941894,12.79574702,0.21435641
713,1,23.30373429,6.27872806,13.96340922,23.51846890,6.17669770,14.77028232,0.28352228
714,3,21.75015200,7.17568921,15.23121980,21.89737114,7.00043955,15.76111217,0.48840899
715,2,20.19656972,8.07265036,3.18865833,20.13436621,8.03496323,4.35921520,0.22148650
716,1,20.19656972,9.86657266,5.10950608,20.28398845,9.94802234,5.95675063,0.16521682
717,1,21.75015200,8.96961151,10.12171372,21.76656943,9.03477363,10.97120601,0.13049226
718,1,18.64298743,10.76353381,7.61560990,18.68981105,10.78224934,8.52386373,0.07322663
719,3,20.19656972,9.86657266,8.85390314,20.17713204,9.54685316,9.68442845,0.34599712
720,3,18.64298743,12.55745611,8.85390314,18.41086456,12.65261880,9.80597681,0.25104392
721,3,20.19656972,11.66049496,6.37731666,20.28651113,11.56132344,7.25502083,0.15786516
722,1,18.64298743,10.76353381,16.46951304,18.69991435,10.89524132,17.68736857,0.29390747
723,1,20.19656972,11.66049496,13.96340922,20.29278853,11.83193161,15.12030983,0.27728657
724,3,18.64298743,12.55745611,15.23121980,18.57690137,12.41182966,16.12415399,0.17394088
725,1,17.08940514,15.24833957,1.26781058,17.00858453,15.12533301,2.23301033,0.14723244
726,3,18.64298743,14.35137842,6.37731666,18.53971044,13.84751856,6.85271316,0.70759709
727,1,17.08940514,13.45441726,16.46951304,16.95116937,13.32982415,17.11201234,0.36918779
728,1,15.53582286,17.93922302,1.26781058,15.52919962,17.67836025,2.18296820,0.26500410
729,3,17.08940514,17.04226187,0.00000000,17.02721473,17.02037610,0.91361388,0.08139757
730,1,17.08940514,17.04226187,10.12171372,16.83330721,16.92000670,10.89602024,0.33988012
731,1,13.98224057,18.83618417,7.61560990,14.07274077,19.08529204,8.87092961,0.39580553
732,3,15.53582286,17.93922302,8.85390314,15.75422586,18.42678521,9.97219409,0.55681827
733,1,15.53582286,16.14530072,16.46951304,15.52382516,15.92507292,17.41908972,0.22086848
734,2,17.08940514,18.83618417,12.04256147,16.80332696,19.08977496,13.21879615,0.43854713
735,3,15.53582286,17.93922302,15.23121980,15.38023776,17.95362696,16.17929911,0.15681314
736,1,13.98224057,20.63010647,5.10950608,13.83842245,20.39863181,6.25202884,0.32724153
737,1,15.53582286,19.73314532,10.12171372,15.58712842,20.04223067,11.25697702,0.35834502
738,1,12.42865829,21.52706762,7.61560990,12.62638600,21.62926540,8.77688085,0.29917924
739,3,13.98224057,20.63010647,8.85390314,14.05163025,20.78448918,10.05946438,0.29713145
740,3,15.53582286,19.73314532,6.37731666,15.38541350,20.03166981,7.57883355,0.41160541
741,1,13.98224057,18.83618417,16.46951304,14.16055621,18.49738212,17.76200533,0.50619876
742,1,12.42865829,23.32098992,1.26781058,12.38893173,23.34786988,2.23035699,0.04798081
743,3,13.98224057,22.42402877,0.00000000,13.70907742,22.68696313,0.00000000,1.03341680
744,1,13.98224057,22.42402877,10.12171372,13.99209857,22.49727279,11.22182418,0.15721251
745,1,10.87507600,24.21795108,7.61560990,11.14482250,24.75558027,8.97075347,0.71894375
746,3,12.42865829,23.32098992,8.85390314,12.54156375,23.44813019,9.76317958,0.17783182
747,3,13.98224057,22.42402877,6.37731666,13.91815291,22.53387421,7.33087137,0.12741290
748,2,13.98224057,24.21795108,12.04256147,13.80159343,24.36252609,12.87071554,0.26697756
749,3,12.42865829,23.32098992,15.23121980,12.26956771,23.51566221,16.14005497,0.25683677
750,3,12.42865829,25.11491223,0.00000000,12.42865829,25.11491223,0.96135201,0.00000000
751,1,9.32149372,26.90883453,7.61560990,9.27386851,26.95663968,8.49382961,0.10707228
752,1,10.87507600,24.21795108,16.46951304,10.75152208,24.20676211,17.46517797,0.12871729
753,2,12.42865829,26.90883453,12.04256147,12.20121595,26.83787828,13.02750707,0.23941901
754,1,12.42865829,25.11491223,13.96340922,12.36775318,25.11002496,14.82224680,0.11934206
755,3,10.87507600,26.01187338,15.23121980,10.97728905,26.11390902,16.33959272,0.20609203
756,2,9.32149372,26.90883453,3.18865833,9.26437437,27.16850534,3.63807338,0.57686306
757,1,9.32149372,28.70275683,5.10950608,9.27511353,28.76113344,5.92038549,0.16793140
758,2,10.87507600,29.59971798,12.04256147,10.52348295,29.70864862,13.61116829,0.71009996
759,1,10.87507600,27.80579568,13.96340922,11.03439429,27.73187156,15.04839651,0.21478542
760,2,7.76791143,29.59971798,3.18865833,7.75775335,29.66382517,4.10351169,0.07984386
761,1,7.76791143,31.39364028,5.10950608,7.52698842,31.44445647,5.83856250,0.33850765
762,2,9.32149372,32.29060143,12.04256147,27.99146604,0.40277443,13.15616043,0.43143315
763,1,9.32149372,30.49667913,13.96340922,9.17999571,30.67029683,15.48687061,0.60508821
764,3,7.76791143,31.39364028,15.23121980,7.40082474,31.66726676,15.84583291,0.57432739
765,2,27.96448115,0.00000000,3.18865833,9.14556357,32.26894743,4.12545697,0.17895022
766,3,29.51806343,0.89696115,0.00000000,29.45313991,0.93591806,0.79995486,0.17827435
767,1,27.96448115,1.79392230,5.10950608,27.98110200,1.82836843,5.79118270,0.28227843
768,1,26.41089886,2.69088345,7.61560990,26.54360503,3.03648853,8.03765459,0.65414538
769,3,29.51806343,0.89696115,6.37731666,29.45871922,0.92040096,7.31455626,0.06820973
770,2,29.51806343,2.69088345,12.04256147,29.92033841,2.71277779,13.06340067,0.40723856
771,1,29.51806343,0.89696115,13.96340922,29.63047093,0.89454099,14.97443717,0.12291868
772,3,27.96448115,1.79392230,15.23121980,28.14056631,2.37414754,16.02959931,0.62787526
773,1,24.85731657,5.38176691,7.61560990,24.84004338,5.39195141,8.56374038,0.02401867
774,3,26.41089886,4.48480575,8.85390314,26.41733435,4.54909225,9.60776843,0.21731293
775,3,27.96448115,3.58784460,6.37731666,28.19302207,3.80047708,7.04568787,0.42811362
776,3,26.41089886,4.48480575,15.23121980,26.25724948,4.58255260,16.30947377,0.21639927
777,2,24.85731657,5.38176691,3.18865833,24.75712629,5.33810267,4.02373690,0.16700191
778,1,24.85731657,7.17568921,1.26781058,25.44222520,6.69611462,2.04364990,0.77879705
779,1,24.85731657,7.17568921,5.10950608,24.90606921,6.93183638,5.94001725,0.28099884
780,3,26.41089886,6.27872806,6.37731666,26.41085358,6.30971158,7.29691805,0.05199130
781,1,24.85731657,5.38176691,16.46951304,24.85117823,5.50161834,17.52047986,0.14977604
782,3,24.85731657,7.17568921,15.23121980,25.10341856,7.16853868,15.66047266,0.58629926
783,2,23.30373429,8.07265036,3.18865833,23.29929564,7.95669939,4.32633968,0.21108378
784,1,23.30373429,9.86657266,1.26781058,23.18091231,9.91365518,2.23762206,0.13180882
785,3,24.85731657,8.96961151,0.00000000,24.78727582,8.93299559,0.82516624,0.15745792
786,1,23.30373429,9.86657266,5.10950608,23.27225595,9.92920838,5.85695322,0.22509868
787,1,24.85731657,8.96961151,10.12171372,24.67853705,8.78288277,10.79920799,0.38393352
788,1,21.75015200,10.76353381,7.61560990,21.86362720,10.39619014,8.38089472,0.43157889
789,3,23.30373429,9.86657266,8.85390314,23.26467872,9.95296539,9.83995586,0.09797534
790,2,24.85731657,10.76353381,12.04256147,25.20811465,10.92969782,12.89939639,0.40198705
791,1,24.85731657,8.96961151,13.96340922,24.93876258,9.08179114,14.88548591,0.14408425
792,2,21.75015200,10.76353381,3.18865833,21.72246236,10.76158485,4.08506414,0.07062948
793,1,21.75015200,12.55745611,5.10950608,21.82769114,12.45990470,6.14225368,0.14361729
794,1,23.30373429,11.66049496,10.12171372,23.59134193,11.67427848,10.97564601,0.30732253
795,1,20.19656972,13.45441726,7.61560990,20.08175037,13.57977528,8.20869228,0.40561144
796,3,23.30373429,11.66049496,6.37731666,23.30933303,11.62427033,7.32323023,0.03977330
797,1,21.75015200,10.76353381,16.46951304,22.07787280,11.15961315,17.72145731,0.59052826
798,1,23.30373429,11.66049496,13.96340922,23.49797811,11.90218472,15.21303750,0.42337667
799,3,21.75015200,12.55745611,15.23121980,21.84778150,12.60184493,16.25056784,0.12192385
800,1,18.64298743,16.14530072,7.61560990,18.54582960,16.02490870,8.69331346,0.19357573
801,3,20.19656972,15.24833957,8.85390314,20.10809433,15.19352631,9.87869503,0.12188932
802,3,21.75015200,14.35137842,6.37731666,21.75660819,14.31267445,7.21121194,0.13336003
803,1,20.19656972,13.45441726,16.46951304,20.15766367,13.47690954,17.72797885,0.30049325
804,1,21.75015200,14.35137842,13.96340922,21.60993304,14.46900154,15.38719809,0.49733732
805,2,18.64298743,16.14530072,3.18865833,18.63873056,16.20319278,4.18433850,0.06743911
806,1,18.64298743,17.93922302,1.26781058,18.65424587,17.54827057,2.08081134,0.41830451
807,3,20.19656972,17.04226187,0.00000000,20.12910388,16.98310466,0.74154507,0.23741589
808,1,20.19656972,17.04226187,10.12171372,20.29196543,17.00430916,10.86761568,0.23866184
809,1,17.08940514,18.83618417,7.61560990,17.30375852,18.81477830,8.65436917,0.22890492
810,3,18.64298743,17.93922302,8.85390314,18.72787327,17.79249587,9.75667943,0.17934764
811,3,20.19656972,17.04226187,6.37731666,20.08281746,17.05442582,7.22910595,0.15840305
812,2,20.19656972,18.83618417,12.04256147,20.40201671,18.77354023,12.64032125,0.42229378
813,1,20.19656972,17.04226187,13.96340922,20.61248696,17.27755502,14.62829246,0.56235554
814,1,18.64298743,19.73314532,10.12171372,18.58134936,19.62744328,11.16034702,0.14472239
815,1,15.53582286,21.52706762,7.61560990,15.69391015,21.77668849,8.65027761,0.30442956
816,3,17.08940514,20.63010647,8.85390314,17.15709746,20.97464582,9.90115859,0.36148169
817,3,18.64298743,19.73314532,6.37731666,18.75786997,19.63909945,7.29097915,0.15593882
818,2,15.53582286,21.52706762,3.18865833,15.60581381,21.34926927,4.13382802,0.19176250
819,1,15.53582286,23.32098992,1.26781058,15.94546683,23.47682113,1.58642506,0.77794799
820,1,15.53582286,23.32098992,5.10950608,15.45642063,23.17951787,5.93051641,0.21451071
821,1,13.98224057,24.21795108,7.61560990,14.02367847,24.23417802,8.54921188,0.05244500
822,3,15.53582286,23.32098992,8.85390314,15.46325431,23.33294991,9.99678975,0.19586742
823,3,17.08940514,22.42402877,6.37731666,17.27908484,22.17439299,7.06639155,0.41524841
824,1,15.53582286,21.52706762,16.46951304,15.51930438,21.41201289,17.47005174,0.12266233
825,3,15.53582286,23.32098992,15.23121980,15.20870776,23.03844720,16.22647103,0.43357102
826,2,13.98224057,24.21795108,3.18865833,14.23736552,24.23012244,3.99563867,0.29844177
827,1,13.98224057,26.01187338,1.26781058,13.94590011,25.94100521,2.12907686,0.12790653
828,3,15.53582286,25.11491223,0.00000000,15.40684159,25.28318701,0.72899988,0.31454743
829,1,15.53582286,25.11491223,10.12171372,15.65635739,25.21082854,11.43039052,0.37995135
830,3,15.53582286,25.11491223,6.37731666,15.91593272,24.73541438,7.21751204,0.55061879
831,1,13.98224057,24.21795108,16.46951304,13.85728297,24.14687450,17.33700821,0.17168398
832,2,15.53582286,26.90883453,12.04256147,15.35489412,27.13594963,12.99158558,0.29063457
833,1,15.53582286,25.11491223,13.96340922,15.28621938,25.27748157,14.65762279,0.40011703
834,3,13.98224057,26.01187338,15.23121980,13.85754850,25.94464946,16.00002219,0.23904503
835,2,12.42865829,26.90883453,3.18865833,12.55260851,27.01169101,3.90296345,0.29491572
836,1,12.42865829,28.70275683,1.26781058,12.42254173,28.78260199,2.14761208,0.11429413
837,3,13.98224057,27.80579568,0.00000000,13.71465968,27.90428810,0.46410282,0.57319896
838,1,12.42865829,28.70275683,5.10950608,12.19228965,28.75429323,5.66028249,0.47654849
839,1,12.42865829,26.90883453,16.46951304,12.61370287,26.94579175,17.39174452,0.19271157
840,2,13.98224057,29.59971798,12.04256147,13.82375918,29.65139793,12.78834542,0.27250093
841,2,10.87507600,29.59971798,3.18865833,10.70250314,29.73177664,3.91117877,0.32289534
842,1,10.87507600,31.39364028,1.26781058,10.93592203,31.38638340,2.05589077,0.18378799
843,3,12.42865829,30.49667913,0.00000000,12.44102923,30.48958187,0.95196497,0.01707419
844,1,10.87507600,31.39364028,5.10950608,10.77483919,31.55365449,5.88772084,0.26304223
845,1,10.87507600,29.59971798,16.46951304,11.37359060,29.63617900,17.24638350,0.53280358
846,2,12.42865829,32.29060143,12.04256147,12.24321874,32.21729166,12.82907758,0.26519755
847,1,12.42865829,30.49667913,13.96340922,12.52893544,30.65684140,14.75720148,0.25255441
848,3,10.87507600,31.39364028,15.23121980,11.11461997,31.60340574,16.46442011,0.41866975
849,2,31.07164572,0.00000000,3.18865833,30.72386426,0.24227574,3.95981458,0.46456851
850,1,31.07164572,1.79392230,1.26781058,31.32730352,1.78928258,2.09516116,0.28868464
851,3,32.62522800,0.89696115,0.00000000,32.46708385,0.96287471,0.53188937,0.46237683
852,1,31.07164572,1.79392230,5.10950608,30.89539165,2.09599150,5.70240502,0.50800489
853,1,32.62522800,0.89696115,10.12171372,32.06128072,0.76168793,10.79038197,0.64961463
854,1,29.51806343,2.69088345,7.61560990,29.44430939,2.78276163,8.34445197,0.26065712
855,3,31.07164572,1.79392230,8.85390314,30.85929602,1.98279820,9.62746539,0.34063396
856,3,32.62522800,0.89696115,6.37731666,32.85270720,1.32240205,7.07472485,0.54992098
857,1,31.07164572,0.00000000,16.46951304,31.38467475,0.06825331,17.49892167,0.32753227
858,3,31.07164572,1.79392230,15.23121980,31.26099357,1.84287323,16.14990407,0.20017328
859,3,31.07164572,3.58784460,0.00000000,31.08461533,3.54481177,0.91537841,0.06429314
860,1,31.07164572,3.58784460,10.12171372,30.84866038,3.59926434,10.92175150,0.27545444
861,1,27.96448115,5.38176691,7.61560990,27.96677626,5.53142726,8.60550325,0.15237486
862,3,29.51806343,4.48480575,8.85390314,29.34584456,4.54760386,9.85852550,0.18834878
863,3,31.07164572,3.58784460,6.37731666,31.12902729,3.65358366,7.26012078,0.11740545
864,1,29.51806343,2.69088345,16.46951304,29.79024605,2.92022006,17.15592718,0.44974381
865,2,31.07164572,5.38176691,12.04256147,31.26728427,5.33515295,12.91492129,0.21992479
866,1,31.07164572,3.58784460,13.96340922,31.39149192,3.68961653,14.82856205,0.34916100
867,2,27.96448115,5.38176691,3.18865833,27.95576809,5.46779113,4.00523266,0.16863173
868,1,27.96448115,7.17568921,1.26781058,28.32151880,7.19517791,2.22583619,0.35758462
869,3,29.51806343,6.27872806,0.00000000,29.58322954,6.23256339,0.89553092,0.10349016
870,1,27.96448115,7.17568921,5.10950608,28.10785904,6.96550526,5.99722219,0.26487121
871,1,29.51806343,6.27872806,10.12171372,29.89119466,6.36036008,11.10118774,0.38238607
872,3,29.51806343,6.27872806,6.37731666,29.55424302,6.34945651,7.34507611,0.07970277
873,1,27.96448115,5.38176691,16.46951304,28.04345435,5.26931760,17.10072525,0.35759460
874,3,27.96448115,7.17568921,15.23121980,27.98939388,6.83008103,15.68646184,0.61336202
875,2,26.41089886,8.07265036,3.18865833,26.41089886,8.07265036,4.15001034,0.00000000
876,1,26.41089886,9.86657266,1.26781058,26.16907513,9.74207049,2.13828509,0.28677208
877,3,27.96448115,8.96961151,0.00000000,27.79658001,8.82472833,0.77202748,0.29159168
878,1,24.85731657,10.76353381,7.61560990,24.78005284,10.61572406,8.51820493,0.17683267
879,1,26.41089886,8.07265036,16.46951304,26.41767839,8.01483544,17.18611930,0.25157307
880,1,27.96448115,8.96961151,13.96340922,28.15149655,9.46735508,15.08670827,0.55583294
881,3,26.41089886,9.86657266,15.23121980,26.39460698,9.81492879,16.16270130,0.06184466
882,2,24.85731657,10.76353381,3.18865833,24.86427498,10.63863502,4.06908019,0.14898932
883,1,24.85731657,12.55745611,1.26781058,25.25845348,12.54043488,1.97420509,0.47560894
884,3,26.41089886,11.66049496,0.00000000,26.59809433,11.50853436,0.77888233,0.30237287
885,1,24.85731657,12.55745611,5.10950608,24.88777180,12.37105103,5.86699127,0.27791376
886,1,26.41089886,11.66049496,10.12171372,26.52244254,11.66433443,10.90762513,0.20793302
887,1,23.30373429,13.45441726,7.61560990,23.41974650,13.35265315,8.45846347,0.19456785
888,3,24.85731657,12.55745611,8.85390314,24.99507947,12.61845858,9.75846374,0.16101299
889,1,24.85731657,10.76353381,16.46951304,24.92132456,10.52353516,17.43375156,0.24840432
890,2,26.41089886,13.45441726,12.04256147,26.68135090,13.48527301,13.00789081,0.27223556
891,1,26.41089886,11.66049496,13.96340922,26.40805300,11.81241800,14.90320873,0.15347058
892,2,23.30373429,13.45441726,3.18865833,23.36697312,13.21318068,4.07470484,0.26050942
893,1,23.30373429,15.24833957,1.26781058,23.36661032,15.22233627,2.17112064,0.08943397
894,1,23.30373429,15.24833957,5.10950608,23.20895854,15.23911922,5.52553423,0.55357526
895,1,24.85731657,14.35137842,10.12171372,24.83779170,14.32241217,11.05526173,0.04464668
896,1,21.75015200,16.14530072,7.61560990,21.53473032,16.11661348,8.36959256,0.30038560
897,3,24.85731657,14.35137842,6.37731666,25.15100852,13.97108703,7.15495227,0.51442027
898,1,23.30373429,13.45441726,16.46951304,23.55457953,13.68306892,17.56623190,0.36541634
899,2,24.85731657,16.14530072,12.04256147,24.74360931,15.70321754,13.20547696,0.49899370
900,3,23.30373429,15.24833957,15.23121980,23.15737489,15.46690630,16.33475415,0.29901222
901,2,21.75015200,16.14530072,3.18865833,21.56367875,15.91251913,3.75459368,0.49529171
902,1,21.75015200,17.93922302,1.26781058,21.61238410,17.69008479,2.00182745,0.36432283
903,3,23.30373429,17.04226187,0.00000000,23.25195515,16.91053776,0.52432737,0.45937224
904,1,21.75015200,17.93922302,5.10950608,21.75608256,17.82007884,5.35412429,0.72659332
905,1,23.30373429,17.04226187,10.12171372,23.06598902,16.90380788,11.79889457,0.76687890
906,1,20.19656972,18.83618417,7.61560990,20.28391584,18.85477797,8.56404074,0.09023320
907,3,21.75015200,17.93922302,8.85390314,21.73069022,17.78119758,9.58573809,0.27933651
908,1,21.75015200,16.14530072,16.46951304,21.87628980,16.06567084,17.84755109,0.44258210
909,2,23.30373429,18.83618417,12.04256147,23.34774112,18.99645701,13.13146233,0.20950583
910,1,23.30373429,17.04226187,13.96340922,23.50583127,16.97651009,14.96073558,0.21554730
911,3,21.75015200,17.93922302,15.23121980,21.91978317,18.09189106,16.18798519,0.22826147
912,2,20.19656972,18.83618417,3.18865833,20.01847553,18.79072929,3.84652325,0.35480713
913,1,20.19656972,20.63010647,1.26781058,20.66293423,20.45962365,1.97377006,0.55837765
914,3,21.75015200,19.73314532,0.00000000,22.00524316,19.52861162,0.70110503,0.41789236
915,1,20.19656972,20.63010647,5.10950608,20.04654957,20.56607088,5.90388940,0.23342053
916,1,18.64298743,21.52706762,7.61560990,18.62429489,21.41982135,8.44815997,0.16864494
917,3,20.19656972,20.63010647,8.85390314,20.05238810,20.60373321,9.70625463,0.18266089
918,3,21.75015200,19.73314532,6.37731666,21.74271822,20.03346624,6.96577327,0.47885164
919,1,20.19656972,18.83618417,16.46951304,20.27474192,19.01072386,17.62475043,0.27233534
920,1,21.75015200,19.73314532,13.96340922,21.99075231,19.82499803,15.05666353,0.28935039
921,3,20.19656972,20.63010647,15.23121980,20.36269369,20.56670522,16.25950858,0.18999322
922,2,18.64298743,21.52706762,3.18865833,18.65832412,21.40759931,3.96956738,0.21695058
923,1,18.64298743,23.32098992,1.26781058,18.79446653,22.95491721,2.01468283,0.45050718
924,3,20.19656972,22.42402877,0.00000000,20.29878125,22.37092843,0.71689743,0.27023117
925,1,18.64298743,23.32098992,5.10950608,18.56630792,23.33727975,5.74190268,0.33816678
926,3,20.19656972,22.42402877,6.37731666,20.43224446,22.62565585,6.91042369,0.52876254
927,1,18.64298743,21.52706762,16.46951304,18.52882661,21.65068606,17.54123804,0.20123719
928,1,20.19656972,22.42402877,13.96340922,20.18093705,22.41299818,15.24733328,0.32313895
929,3,18.64298743,23.32098992,15.23121980,18.59135107,23.28747096,16.24571554,0.08132706
930,2,17.08940514,24.21795108,3.18865833,17.17180864,24.01245901,3.76092472,0.44766611
931,1,17.08940514,26.01187338,1.26781058,16.99886432,26.20704901,1.68021846,0.58960226
932,3,18.64298743,25.11491223,0.00000000,18.48652805,25.16591891,0.44591131,0.54107332
933,1,17.08940514,26.01187338,5.10950608,16.70985037,26.07061941,5.09691567,1.04693685
934,1,15.53582286,26.90883453,7.61560990,15.44088687,27.06850715,8.57603419,0.18576611
935,1,17.08940514,24.21795108,16.46951304,16.88730760,24.08158640,17.61371641,0.30475131
936,2,18.64298743,26.90883453,12.04256147,18.31059715,27.02084861,13.42366355,0.54701058
937,1,18.64298743,25.11491223,13.96340922,18.52430225,25.21842688,15.13888726,0.26580333
938,3,17.08940514,26.01187338,15.23121980,16.72766558,25.51280487,16.12564793,0.62000297
939,2,15.53582286,26.90883453,3.18865833,15.43714248,27.44773916,3.44826260,0.89028418
940,1,17.08940514,27.80579568,10.12171372,16.97985294,27.81738123,11.22255702,0.17774626
941,1,13.98224057,29.59971798,7.61560990,14.60686650,29.86031295,8.28825281,0.73581263
942,3,15.53582286,28.70275683,8.85390314,15.56523694,28.67181088,9.88072081,0.07815749
943,3,17.08940514,27.80579568,6.37731666,16.75701367,27.99586973,7.27370478,0.38837166
944,2,17.08940514,29.59971798,12.04256147,17.00461270,29.75616618,13.06382227,0.18776278
945,1,17.08940514,27.80579568,13.96340922,16.61655566,28.04648149,14.94438950,0.53094403
946,1,13.98224057,31.39364028,1.26781058,13.92168123,31.32387020,2.13782815,0.12991258
947,1,13.98224057,31.39364028,5.10950608,13.76500699,31.41039162,5.42201589,0.68444667
948,1,15.53582286,30.49667913,10.12171372,15.53563246,30.49234213,11.08931847,0.00761200
949,1,31.07164572,0.00000000,7.61560990,31.31339821,0.21506079,7.90693624,0.74406304
950,3,13.98224057,31.39364028,8.85390314,13.84718463,31.19713609,9.67535036,0.27645498
951,3,15.53582286,30.49667913,6.37731666,15.30550325,30.46892213,6.43629328,0.93171825
952,2,34.17881029,0.00000000,3.18865833,33.65139492,0.57244347,3.77620191,0.86347625
953,1,34.17881029,1.79392230,1.26781058,34.25728867,2.07472740,1.87611322,0.45788014
954,1,34.17881029,1.79392230,5.10950608,33.74398672,2.61573366,5.26885952,1.22786284
955,1,32.62522800,2.69088345,7.61560990,32.63325186,2.74682124,8.57174134,0.05675097
956,3,34.17881029,1.79392230,8.85390314,33.73163812,1.52813421,9.83606626,0.52061441
957,1,34.17881029,3.58784460,10.12171372,33.70069936,3.59224245,11.58387848,0.69240365
958,1,31.07164572,5.38176691,7.61560990,30.88740958,5.32190508,8.55133387,0.19540519
959,3,32.62522800,4.48480575,8.85390314,32.62410268,4.49714563,9.80507769,0.01603495
960,3,34.17881029,3.58784460,6.37731666,34.20648902,3.87992063,7.33206771,0.29345884
961,1,32.62522800,2.69088345,16.46951304,32.73482652,2.71794076,17.31193938,0.16397332
962,2,34.17881029,5.38176691,12.04256147,-3.08021590,5.39270301,13.23843492,0.23631787
963,1,31.07164572,7.17568921,1.26781058,31.24831065,7.16677775,2.15053236,0.19357847
964,3,32.62522800,6.27872806,0.00000000,32.64137589,6.28262245,0.89917653,0.06435613
965,1,31.07164572,7.17568921,5.10950608,31.02102920,7.30019752,6.00444852,0.14991525
966,1,32.62522800,6.27872806,10.12171372,32.81853046,6.40261296,11.14001566,0.23655148
967,3,31.07164572,7.17568921,8.85390314,31.40667132,7.13488861,9.81005487,0.33754094
968,2,32.62522800,8.07265036,12.04256147,32.42500065,8.11780499,12.99819967,0.20533529
969,1,32.62522800,6.27872806,13.96340922,32.52717805,6.38808676,14.79595817,0.19535442
970,2,29.51806343,8.07265036,3.18865833,29.47477251,8.13649199,4.23038980,0.11140339
971,1,29.51806343,9.86657266,1.26781058,29.07729701,10.01262427,1.93424130,0.55007697
972,3,31.07164572,8.96961151,0.00000000,31.05353518,8.89830481,0.81989851,0.15944193
973,1,31.07164572,8.96961151,10.12171372,31.24005987,8.95554188,10.96634989,0.20538712
974,3,31.07164572,8.96961151,6.37731666,31.07415197,8.91224809,7.30318781,0.06749618
975,2,31.07164572,10.76353381,12.04256147,-6.19130292,10.75268255,12.96980729,0.04255807
976,1,31.07164572,8.96961151,13.96340922,31.07660701,8.96421888,14.92166511,0.00795493
977,3,29.51806343,9.86657266,15.23121980,29.82826579,10.05153643,16.16570587,0.36215864
978,1,29.51806343,11.66049496,10.12171372,29.43880840,11.66308526,11.16723321,0.11563837
979,1,26.41089886,13.45441726,7.61560990,26.53333028,13.49260070,8.62072511,0.13550884
980,3,27.96448115,12.55745611,8.85390314,27.99395447,12.58398547,9.77751460,0.05474333
981,1,27.96448115,10.76353381,16.46951304,28.17827276,10.93858545,17.61798253,0.33371078
982,2,29.51806343,13.45441726,12.04256147,-7.66350703,13.59872375,12.77556216,0.28960139
983,1,29.51806343,11.66049496,13.96340922,29.66123151,11.93542292,14.63734292,0.42271949
984,2,26.41089886,13.45441726,3.18865833,26.55477379,13.16245017,4.01551644,0.35218375
985,1,26.41089886,15.24833957,1.26781058,26.32465375,15.25948529,2.18052897,0.09963772
986,3,27.96448115,14.35137842,0.00000000,27.95760453,14.25000914,0.76948101,0.21711172
987,1,26.41089886,15.24833957,5.10950608,26.58257210,15.03760535,5.67171190,0.48290609
988,1,27.96448115,14.35137842,10.12171372,27.97179027,14.31065279,11.03613633,0.06256492
989,3,27.96448115,14.35137842,6.37731666,28.05310862,13.86775217,7.07135270,0.55964900
990,2,27.96448115,16.14530072,12.04256147,-9.11175584,16.16943729,12.69090006,0.37755788
991,3,26.41089886,17.04226187,0.00000000,26.37086327,17.02247665,0.92797240,0.05575394
992,1,26.41089886,17.04226187,10.12171372,26.13621139,16.91580860,11.45649552,0.48051373
993,2,26.41089886,18.83618417,12.04256147,-10.79975091,18.79876118,13.08692859,0.11817723
994,1,24.85731657,19.73314532,10.12171372,24.79287288,19.50024296,11.15862290,0.25319042
995,1,21.75015200,21.52706762,7.61560990,21.96007489,21.58640108,8.34763785,0.31650846
996,1,23.30373429,18.83618417,16.46951304,23.26553702,18.83242836,17.57679904,0.15089687
997,1,24.85731657,19.73314532,13.96340922,24.89791430,19.53598043,15.25022495,0.38268630
998,3,23.30373429,20.63010647,15.23121980,23.43667960,20.68756113,16.27121658,0.16480441
999,2,21.75015200,21.52706762,3.18865833,21.81815672,21.63368086,3.88126104,0.29701382
1000,1,21.75015200,23.32098992,1.26781058,21.81305709,23.15100216,1.89448255,0.38060954
1001,3,23.30373429,22.42402877,0.00000000,23.43308703,22.36634130,0.87073296,0.16814217
1002,1,21.75015200,23.32098992,5.10950608,22.12083633,23.34955210,5.95497384,0.38942500
1003,1,23.30373429,22.42402877,10.12171372,23.29483041,22.54652819,10.77027519,0.33604064
1004,3,23.30373429,22.42402877,6.37731666,23.47605127,22.35630136,7.16538635,0.25358807
1005,1,21.75015200,21.52706762,16.46951304,21.87611839,21.45785392,17.48426080,0.15332702
1006,2,23.30373429,24.21795108,12.04256147,23.28107201,24.12632494,12.85779303,0.17395435
1007,1,23.30373429,22.42402877,13.96340922,23.11104382,22.52999713,15.03393522,0.24551552
1008,3,21.75015200,23.32098992,15.23121980,21.70785900,23.21151580,16.39586659,0.23473826
1009,1,21.75015200,25.11491223,10.12171372,22.00768828,25.17074342,10.94157512,0.29910140
1010,1,18.64298743,26.90883453,7.61560990,18.93085317,27.16825486,8.61920912,0.38980819
1011,1,20.19656972,24.21795108,16.46951304,20.12540446,24.17482206,17.58517009,0.17531301
1012,2,21.75015200,26.90883453,12.04256147,21.77544534,26.70616739,12.89678322,0.23063091
1013,1,21.75015200,25.11491223,13.96340922,21.60658785,25.02384398,14.73405741,0.25548393
1014,3,20.19656972,26.01187338,15.23121980,20.24249167,25.71109279,16.18452474,0.30437238
1015,2,18.64298743,26.90883453,3.18865833,18.39839589,27.07586353,3.55659106,0.66322708
1016,1,18.64298743,28.70275683,5.10950608,18.90036856,28.49743956,6.01058372,0.33471365
1017,1,20.19656972,27.80579568,10.12171372,19.79220408,27.02576806,11.41391093,0.93883608
1018,1,17.08940514,29.59971798,7.61560990,17.44244694,29.66215959,8.99025371,0.54712665
1019,3,18.64298743,28.70275683,8.85390314,18.70757087,28.49508534,10.30122357,0.53241316
1020,3,20.19656972,27.80579568,6.37731666,20.54788530,27.26913808,7.11085358,0.68067888
1021,2,20.19656972,29.59971798,12.04256147,-16.84189310,29.88040355,13.22275569,0.43351876
1022,3,18.64298743,28.70275683,15.23121980,19.05381623,29.02353787,16.29090439,0.53042442
1023,1,18.64298743,30.49667913,10.12171372,18.92599486,30.54489004,11.35509202,0.39549438
1024,1,34.17881029,0.00000000,7.61560990,34.52691033,0.19869773,8.46187792,0.41701169
1025,3,18.64298743,30.49667913,6.37731666,19.07104759,29.70417840,7.68477071,0.96492463
1026,2,18.64298743,32.29060143,12.04256147,0.19045810,0.06119120,13.07580024,0.21257083
1027,1,18.64298743,30.49667913,13.96340922,18.48638593,30.63797580,15.00992111,0.22746644
1028,3,17.08940514,31.39364028,15.23121980,17.10507042,31.85059816,16.04936999,0.47912697
1029,3,1.55358229,0.89696115,17.70780600,1.35577918,1.09228652,18.67070270,0.27799363
1030,1,-1.55358229,2.69088345,25.32341590,35.04038785,2.82429389,26.30747991,0.70511326
1031,3,1.55358229,0.89696115,24.08512266,1.55159031,1.32900988,25.21008563,0.46199418
1032,2,-1.55358229,2.69088345,20.89646433,-1.20678345,2.51648673,21.68073096,0.42666483
1033,1,-1.55358229,4.48480575,18.97561658,-1.37527484,4.37192436,19.98068194,0.21551476
1034,3,-0.00000000,3.58784460,17.70780600,0.00241598,3.66215586,18.60720122,0.09678142
1035,1,-1.55358229,4.48480575,22.81731208,-1.19075254,4.11929487,23.59516298,0.54673237
1036,1,0.00000000,3.58784460,27.82951972,-0.28296949,3.53807729,28.77623870,0.28768497
1037,1,-3.10716457,5.38176691,25.32341590,-3.15783319,5.60222787,26.15426395,0.26115441
1038,3,-1.55358229,4.48480575,26.56170914,-1.65325361,4.70762258,27.68824044,0.29473023
1039,3,-0.00000000,3.58784460,24.08512266,-0.32094057,3.54332927,25.38406736,0.46792444
1040,2,0.00000000,5.38176691,29.75036747,-0.04943788,5.03851418,30.75827109,0.34990512
1041,3,-1.55358229,6.27872806,17.70780600,-1.58476520,6.33869731,18.98321873,0.32125196
1042,3,-1.55358229,6.27872806,24.08512266,-1.89707987,5.82833675,24.52711313,0.76849159
1043,1,-3.10716457,5.38176691,34.17731904,-2.79145346,5.31599116,35.11902354,0.32308820
1044,1,-1.55358229,6.27872806,31.67121522,-1.66697943,6.04952858,32.51076679,0.28324311
1045,3,-3.10716457,7.17568921,32.93902580,-3.14264260,7.12683143,33.98207923,0.10159181
1046,1,-4.66074686,9.86657266,18.97561658,-4.46719971,10.24536687,20.26274607,0.53579522
1047,1,-6.21432914,10.76353381,25.32341590,-6.02450644,10.86135086,26.12545587,0.26642290
1048,3,-4.66074686,9.86657266,26.56170914,-4.57577240,9.90013101,27.45712549,0.11266913
1049,1,-4.66074686,8.07265036,34.17731904,-4.60785006,8.10211261,35.28118045,0.15483871
1050,3,-4.66074686,9.86657266,32.93902580,-4.59617204,9.77509777,34.04417659,0.18225162
1051,2,-6.21432914,10.76353381,20.89646433,-6.25087607,10.92141440,21.87388222,0.16284984
1052,1,-6.21432914,12.55745611,18.97561658,-6.18182889,12.60760488,20.03369325,0.11369619
1053,3,-4.66074686,11.66049496,17.70780600,-4.61010744,11.68827789,18.70967606,0.07055462
1054,1,-6.21432914,12.55745611,22.81731208,-5.62323671,12.48127602,23.71974294,0.59888677
1055,1,-4.66074686,11.66049496,27.82951972,-4.67776067,11.72835376,28.72648014,0.09508187
1056,3,-6.21432914,12.55745611,26.56170914,-6.12177834,12.48927891,27.45209448,0.13509275
1057,3,-4.66074686,11.66049496,24.08512266,-4.36703170,11.66582555,25.14986276,0.31142592
1058,1,-6.21432914,10.76353381,34.17731904,-5.96829316,10.76568168,35.28786584,0.28774538
1059,2,-4.66074686,13.45441726,29.75036747,-4.74386938,13.09918845,30.81232369,0.37844163
1060,3,-6.21432914,12.55745611,32.93902580,-6.16805627,12.61579692,34.16344913,0.27340693
1061,2,-7.76791143,13.45441726,20.89646433,29.36243438,13.40237859,21.74016449,0.20191677
1062,1,-7.76791143,15.24833957,18.97561658,-7.70679955,15.39452052,20.08514514,0.21693276
1063,3,-6.21432914,14.35137842,17.70780600,-6.16102296,14.27943869,18.81189511,0.16849556
1064,1,-7.76791143,15.24833957,22.81731208,-8.04248899,15.28796154,24.28866151,0.58056877
1065,1,-6.21432914,14.35137842,27.82951972,-6.15402094,14.59474441,28.74236825,0.25537556
1066,3,-7.76791143,15.24833957,26.56170914,-7.76311329,15.45331083,27.76158401,0.31453044
1067,3,-6.21432914,14.35137842,24.08512266,-6.03578244,14.37253539,25.21731740,0.24801972
1068,1,-7.76791143,13.45441726,34.17731904,-7.61814706,13.52429373,35.32969228,0.25258899
1069,2,-9.32149372,16.14530072,20.89646433,-9.05951768,16.10815146,22.05876771,0.33225437
1070,1,-9.32149372,17.93922302,18.97561658,-9.31881276,17.93498281,20.29998264,0.36304871
1071,1,-9.32149372,17.93922302,22.81731208,-9.30398289,17.92649359,24.14948728,0.37145458
1072,1,-7.76791143,17.04226187,27.82951972,-7.74117372,17.20485313,28.86606171,0.18111973
1073,3,-9.32149372,17.93922302,26.56170914,-9.28787256,17.97265416,27.62840563,0.11552264
1074,3,-7.76791143,17.04226187,24.08512266,-7.63925370,17.17011635,25.12150684,0.19628908
1075,2,-7.76791143,18.83618417,29.75036747,-7.65419188,18.96744856,30.83312592,0.21190092
1076,2,-10.87507600,18.83618417,20.89646433,26.47867435,18.48040008,22.23441039,0.52249298
1077,3,-9.32149372,19.73314532,17.70780600,-9.13746264,19.21969153,18.68601603,0.54569811
1078,1,-10.87507600,20.63010647,22.81731208,-10.90251228,20.62257114,23.80524153,0.03893445
1079,1,-9.32149372,19.73314532,27.82951972,-9.40379180,19.61478177,28.88914371,0.17447146
1080,1,-12.42865829,21.52706762,25.32341590,-12.36845280,21.46225614,26.27019595,0.08965250
1081,3,-10.87507600,20.63010647,26.56170914,-10.87774189,20.72604956,27.50471328,0.09771810
1082,3,-9.32149372,19.73314532,24.08512266,-9.20134005,19.70595122,25.29859005,0.28060397
1083,2,-9.32149372,21.52706762,29.75036747,-9.45295076,21.30623447,30.92092007,0.33138064
1084,1,-12.42865829,23.32098992,22.81731208,-12.39343077,23.22717390,23.86761109,0.13399251
1085,1,-13.98224057,24.21795108,25.32341590,-13.94072119,24.15123343,26.44007481,0.17405556
1086,3,-12.42865829,23.32098992,26.56170914,-12.33182008,23.27263512,27.60258180,0.13431068
1087,3,-10.87507600,22.42402877,24.08512266,-10.87364525,22.33608052,24.98202421,0.10904497
1088,1,-12.42865829,21.52706762,34.17731904,-12.44102454,21.59834709,34.89487778,0.25430070
1089,3,-12.42865829,23.32098992,32.93902580,-12.61459496,23.31440902,33.74890232,0.23991786
1090,2,-13.98224057,24.21795108,20.89646433,23.29354917,23.99492244,22.04525581,0.29151168
1091,1,-13.98224057,26.01187338,18.97561658,-14.15325726,26.27096776,20.25163337,0.44203001
1092,1,-13.98224057,26.01187338,22.81731208,-13.95986208,25.70057271,23.92608970,0.34517128
1093,3,-12.42865829,25.11491223,24.08512266,-12.50062322,24.86277672,25.13314082,0.27615627
1094,1,-13.98224057,24.21795108,34.17731904,23.16761604,23.99591192,34.99890406,0.29557466
1095,1,-12.42865829,25.11491223,31.67121522,-12.67646960,25.08740858,32.62326522,0.24950637
1096,3,-13.98224057,26.01187338,32.93902580,-14.07201343,26.06035112,33.80398240,0.14036143
1097,2,-15.53582286,26.90883453,20.89646433,21.58848513,26.39886310,22.20951184,0.64023180
1098,1,-15.53582286,28.70275683,18.97561658,-15.61178746,28.75991563,19.75121741,0.20866540
1099,3,-13.98224057,27.80579568,17.70780600,-14.07644531,27.54346779,18.61973357,0.28307814
1100,1,-15.53582286,28.70275683,22.81731208,-15.65198121,28.08525873,24.07639991,0.69530086
1101,2,-13.98224057,29.59971798,29.75036747,-13.81001132,29.55664683,30.64716397,0.18890594
1102,1,-13.98224057,27.80579568,31.67121522,-14.17007887,27.80912582,32.65743264,0.18950621
1103,3,-15.53582286,28.70275683,32.93902580,-15.67675454,28.84293962,33.63180926,0.33412874
1104,2,-17.08940514,29.59971798,20.89646433,-16.78390031,29.12866168,21.92480478,0.56543320
1105,1,-17.08940514,31.39364028,18.97561658,-17.07133136,31.65103154,19.78529773,0.29930080
1106,1,-15.53582286,30.49667913,27.82951972,-15.31165051,30.39465130,28.83688008,0.25055875
1107,3,-17.08940514,31.39364028,26.56170914,-16.76337162,31.41618794,27.77047432,0.40990186
1108,2,-15.53582286,32.29060143,29.75036747,3.16896140,0.11590788,30.84251715,0.18536859
1109,1,-15.53582286,30.49667913,31.67121522,-15.52222737,30.62908436,32.59543961,0.13818263
1110,3,4.66074686,0.89696115,17.70780600,4.66689369,0.93271055,18.63334541,0.05097397
1111,1,4.66074686,0.89696115,27.82951972,4.64980536,0.85103173,28.85755788,0.08170845
1112,1,1.55358229,2.69088345,25.32341590,1.55027099,2.87021850,26.59317165,0.35677008
1113,3,3.10716457,1.79392230,26.56170914,3.26416618,1.66842874,27.53209567,0.20119583
1114,3,4.66074686,0.89696115,24.08512266,4.66425320,1.01678206,25.06424162,0.12118172
1115,2,4.66074686,2.69088345,29.75036747,4.74906018,2.60912503,30.86028725,0.19119640
1116,1,4.66074686,0.89696115,31.67121522,4.68823791,0.89759424,32.68209519,0.05664961
1117,1,1.55358229,4.48480575,18.97561658,1.52454421,4.65943853,19.69612466,0.29890737
1118,3,3.10716457,3.58784460,17.70780600,3.12917993,3.30777138,19.29241688,0.68364999
1119,1,3.10716457,3.58784460,27.82951972,3.99647517,3.92757421,28.87796328,0.95596783
1120,1,0.00000000,5.38176691,25.32341590,-0.00979198,5.36176509,26.32466874,0.04569499
1121,3,1.55358229,4.48480575,26.56170914,1.49933495,4.71458573,27.58639278,0.24444326
1122,3,3.10716457,3.58784460,24.08512266,3.20404718,3.71822966,25.17232350,0.20548584
1123,2,3.10716457,5.38176691,29.75036747,3.23414311,5.37832478,30.76170254,0.13650533
1124,2,0.00000000,5.38176691,20.89646433,0.18490270,5.31072833,21.79251558,0.20856576
1125,1,0.00000000,7.17568921,18.97561658,0.04947107,7.24274169,20.03899198,0.13172773
1126,3,1.55358229,6.27872806,17.70780600,1.29559714,6.40826812,18.61102967,0.29447559
1127,1,0.00000000,7.17568921,22.81731208,0.00841971,7.16340717,23.80344778,0.02891317
1128,1,1.55358229,6.27872806,27.82951972,1.70500469,6.23100174,28.98153986,0.24811465
1129,3,-0.00000000,7.17568921,26.56170914,0.35758925,7.38131323,27.74397812,0.46792693
1130,3,1.55358229,6.27872806,24.08512266,1.35780111,6.42468824,25.18970782,0.28310842
1131,2,1.55358229,8.07265036,29.75036747,2.00635342,8.10816716,30.72246825,0.45428921
1132,1,1.55358229,6.27872806,31.67121522,1.43319012,6.28736307,32.33195837,0.32393599
1133,3,-0.00000000,7.17568921,32.93902580,-0.19558906,6.80522564,33.75663305,0.44290054
1134,2,-1.55358229,8.07265036,20.89646433,-1.38582073,8.12401984,21.96800260,0.20718054
1135,1,-1.55358229,9.86657266,18.97561658,-1.57018635,9.83429677,20.15823479,0.22422346
1136,3,-0.00000000,8.96961151,17.70780600,0.00155698,8.99462657,18.90241744,0.23460208
1137,1,-1.55358229,8.07265036,34.17731904,-1.68700733,8.11062650,35.07821986,0.15132341
1138,2,-3.10716457,10.76353381,20.89646433,-2.89590925,10.83228559,22.11315346,0.33845629
1139,1,-3.10716457,12.55745611,18.97561658,-2.96039305,12.74491148,20.02951192,0.25543231
1140,1,-3.10716457,12.55745611,22.81731208,-2.70216275,12.62610782,23.85735732,0.41824892
1141,1,-4.66074686,13.45441726,25.32341590,-4.58093734,13.40079917,26.32520147,0.10430404
1142,3,-3.10716457,12.55745611,26.56170914,-3.07212935,12.47716539,27.62065361,0.13114250
1143,1,-3.10716457,10.76353381,34.17731904,-2.99969019,10.81079930,34.86076866,0.30168610
1144,3,-3.10716457,14.35137842,17.70780600,-3.22433793,14.33423799,18.71717313,0.12778436
1145,1,-3.10716457,14.35137842,27.82951972,-3.13555114,14.21711751,28.74172323,0.14576475
1146,1,-6.21432914,16.14530072,25.32341590,-6.13441765,16.21763643,26.30547982,0.10976012
1147,3,-4.66074686,15.24833957,26.56170914,-4.53972705,15.24760965,27.62162110,0.15607815
1148,3,-3.10716457,14.35137842,24.08512266,-2.98357831,14.28723661,25.35004734,0.33398219
1149,1,-4.66074686,13.45441726,34.17731904,-4.59030535,13.45305063,35.21128536,0.10117663
1150,3,-4.66074686,17.04226187,17.70780600,-5.57349088,17.12441413,18.83969237,0.93216555
1151,1,-4.66074686,17.04226187,27.82951972,-4.67839316,17.12280408,28.67892772,0.13903202
1152,1,-7.76791143,18.83618417,25.32341590,-7.66556978,18.85064631,26.39317441,0.14978297
1153,3,-6.21432914,17.93922302,26.56170914,-6.20756425,17.92633666,27.53690336,0.02008554
1154,3,-4.66074686,17.04226187,24.08512266,-4.50499299,16.84150199,25.19012331,0.29188822
1155,2,-7.76791143,18.83618417,20.89646433,-7.50577986,18.61141465,21.87784598,0.34588363
1156,1,-7.76791143,20.63010647,18.97561658,-7.73482884,20.39726397,20.14793850,0.31594048
1157,3,-6.21432914,19.73314532,17.70780600,-6.27833744,19.94127268,18.74831178,0.23168810
1158,1,-7.76791143,20.63010647,22.81731208,-7.51299723,20.26042561,23.82269016,0.45120226
1159,1,-6.21432914,19.73314532,27.82951972,-6.41250465,19.83651116,28.84887766,0.23091712
1160,3,-7.76791143,20.63010647,26.56170914,-7.99050484,20.70359819,27.82597663,0.38302303
1161,3,-6.21432914,19.73314532,24.08512266,-5.77218569,19.42316740,24.77893237,0.60262428
1162,2,-6.21432914,21.52706762,29.75036747,-5.88274549,21.49347237,30.64000391,0.34090979
1163,1,-6.21432914,19.73314532,31.67121522,-6.64199048,20.29129873,32.69247230,0.70570395
1164,2,-9.32149372,21.52706762,20.89646433,-9.13140340,21.07365649,22.10405023,0.54986100
1165,3,-7.76791143,22.42402877,17.70780600,-7.64581022,22.53038389,18.45605060,0.26764694
1166,1,-10.87507600,24.21795108,25.32341590,-10.86517579,23.97469692,26.25051550,0.24585326
1167,2,-10.87507600,24.21795108,20.89646433,-10.79385690,24.68808923,22.11038934,0.53983289
1168,1,-10.87507600,26.01187338,18.97561658,-11.23693307,26.07427392,20.08147907,0.39461075
1169,1,-10.87507600,26.01187338,22.81731208,-11.06581854,26.18165846,24.10730908,0.41619373
1170,1,-9.32149372,25.11491223,27.82951972,-9.13480740,25.18594529,28.54755980,0.31479862
1171,3,-10.87507600,26.01187338,26.56170914,-10.51644045,25.87383573,26.99878556,0.65002980
1172,1,-10.87507600,24.21795108,34.17731904,-10.73024822,24.00621135,35.07385364,0.26459420
1173,3,-10.87507600,26.01187338,32.93902580,-11.10255615,25.81139720,33.75767648,0.33511428
1174,2,-12.42865829,26.90883453,20.89646433,-12.71176277,26.97315331,22.17763659,0.43193755
1175,1,-12.42865829,28.70275683,18.97561658,-12.63561949,28.77209446,20.13446365,0.29435514
1176,1,-12.42865829,28.70275683,22.81731208,-12.50242265,28.76935150,23.93171768,0.18248680
1177,1,-10.87507600,27.80579568,27.82951972,-10.52060517,27.89306207,28.92688595,0.38957010
1178,3,-10.87507600,27.80579568,24.08512266,-10.95416587,28.00802239,25.07693859,0.21926902
1179,1,-12.42865829,26.90883453,34.17731904,-12.57169042,26.91970850,34.94362575,0.24211382
1180,2,-10.87507600,29.59971798,29.75036747,-10.85934001,29.60263237,30.71488193,0.01631307
1181,1,-10.87507600,27.80579568,31.67121522,-10.99939356,27.65189009,32.37643751,0.32364212
1182,3,-12.42865829,28.70275683,32.93902580,-12.65011313,28.63938059,33.79261343,0.25430682
1183,2,-13.98224057,29.59971798,20.89646433,-13.86929658,29.73623782,22.07939807,0.28371196
1184,1,-13.98224057,31.39364028,18.97561658,-13.98296558,31.62128782,19.94549029,0.22780814
1185,1,-13.98224057,31.39364028,22.81731208,-13.58441006,31.66613728,23.86433324,0.48975804
1186,1,-12.42865829,30.49667913,27.82951972,-12.39505042,30.64895614,28.87376759,0.17660549
1187,1,3.10716457,0.00000000,25.32341590,-15.53756750,32.26848878,26.26961801,0.02686136
1188,3,-13.98224057,31.39364028,26.56170914,-13.85220196,31.39358772,27.51012602,0.13068038
1189,1,-13.98224057,29.59971798,34.17731904,-13.98359204,29.70459848,34.96538681,0.20255659
1190,2,-12.42865829,32.29060143,29.75036747,-12.42701867,32.28131902,30.76286025,0.05200221
1191,1,-12.42865829,30.49667913,31.67121522,-12.47513159,30.52822892,32.54012256,0.10817197
1192,3,-13.98224057,31.39364028,32.93902580,-13.98461009,31.45601383,33.86049041,0.07407482
1193,2,6.21432914,0.00000000,20.89646433,6.05035471,0.31159530,21.77280936,0.36222290
1194,1,6.21432914,1.79392230,18.97561658,6.24376465,1.78044551,19.69444315,0.24467665
1195,1,6.21432914,1.79392230,22.81731208,6.22855255,2.05819971,23.94836036,0.31439096
1196,1,7.76791143,0.89696115,27.82951972,7.77043136,0.90442732,28.81012255,0.02080115
1197,1,4.66074686,2.69088345,25.32341590,4.59647246,2.67863959,26.29867028,0.06689085
1198,3,6.21432914,1.79392230,26.56170914,6.15537133,1.78932873,27.78932370,0.27275057
1199,3,7.76791143,0.89696115,24.08512266,7.74084521,0.71121553,24.89808951,0.23927427
1200,2,7.76791143,2.69088345,29.75036747,7.75205345,2.61177530,30.76502216,0.09669928
1201,3,6.21432914,3.58784460,17.70780600,6.16269522,3.67190045,18.78142198,0.14944780
1202,1,3.10716457,5.38176691,25.32341590,3.12462222,5.33540519,26.46332626,0.18530317
1203,1,4.66074686,2.69088345,34.17731904,4.63444837,2.68901285,35.06452076,0.07869800
1204,1,6.21432914,3.58784460,31.67121522,6.20960102,3.58070751,32.63712384,0.00969825
1205,3,4.66074686,4.48480575,32.93902580,4.77465578,4.39489536,33.88863609,0.14559186
1206,3,4.66074686,6.27872806,17.70780600,4.15799827,5.91738423,18.53657092,0.63317047
1207,1,1.55358229,8.07265036,25.32341590,1.87327490,7.98240580,26.45305891,0.37238328
1208,3,3.10716457,7.17568921,26.56170914,3.35703767,7.07410822,27.59133375,0.27823804
1209,1,3.10716457,5.38176691,34.17731904,2.45702298,4.54861067,34.45353658,1.25946125
1210,3,3.10716457,7.17568921,32.93902580,3.06223115,7.42257711,33.96217225,0.25843994
1211,2,1.55358229,8.07265036,20.89646433,1.58538856,8.05490670,21.90950714,0.06323303
1212,1,1.55358229,9.86657266,22.81731208,1.55695661,9.78282317,23.71529767,0.10507458
1213,1,3.10716457,8.96961151,27.82951972,3.20079175,9.24106413,28.84519399,0.29223875
1214,3,1.55358229,9.86657266,26.56170914,1.87551043,9.83886005,27.37056882,0.35729488
1215,3,3.10716457,8.96961151,24.08512266,3.14649755,8.93601710,24.88728763,0.16738034
1216,1,1.55358229,8.07265036,34.17731904,1.21538787,7.97881222,34.71584569,0.54951100
1217,2,3.10716457,10.76353381,29.75036747,2.81272827,10.94801202,30.73307497,0.34811062
1218,1,3.10716457,8.96961151,31.67121522,3.19192619,9.07122807,32.70279851,0.14980951
1219,3,1.55358229,9.86657266,32.93902580,1.87108970,10.07157245,34.02455011,0.39781230
1220,2,0.00000000,10.76353381,20.89646433,0.04406001,10.84001672,21.84918067,0.08868762
1221,1,0.00000000,12.55745611,22.81731208,0.22327551,12.56329577,23.75511548,0.22458983
1222,1,1.55358229,11.66049496,27.82951972,1.69848118,11.74625943,28.64607790,0.22207316
1223,1,-1.55358229,13.45441726,25.32341590,-1.36931212,13.64593635,26.47749198,0.32829502
1224,3,-0.00000000,12.55745611,26.56170914,-0.00438406,12.62695116,27.86320883,0.34720199
1225,3,1.55358229,11.66049496,24.08512266,1.45056282,11.42415087,24.97346130,0.26795987
1226,1,0.00000000,10.76353381,34.17731904,0.15497028,10.68509516,35.06817351,0.18745217
1227,2,1.55358229,13.45441726,29.75036747,1.48101351,13.57856232,30.87414750,0.21693566
1228,1,1.55358229,11.66049496,31.67121522,1.50134716,11.75508752,32.69858001,0.12662522
1229,3,-0.00000000,12.55745611,32.93902580,0.15356822,12.88049641,34.07515771,0.39810331
1230,3,-0.00000000,14.35137842,17.70780600,0.18043954,14.45083302,18.74073077,0.21811077
1231,1,0.00000000,14.35137842,27.82951972,-0.10524287,14.33725140,29.02637412,0.25833508
1232,1,-3.10716457,16.14530072,25.32341590,-3.04789106,16.05190016,26.43174934,0.18395802
1233,3,-1.55358229,15.24833957,26.56170914,-1.63643217,15.25210538,27.75699222,0.24819756
1234,3,-0.00000000,14.35137842,24.08512266,0.32435940,14.07330622,25.36524233,0.53305345
1235,1,-1.55358229,13.45441726,34.17731904,-1.55804176,13.38163712,35.17351889,0.08081589
1236,2,0.00000000,16.14530072,29.75036747,-0.12544627,16.13334423,30.88624122,0.21526161
1237,1,0.00000000,14.35137842,31.67121522,-0.04562151,14.39314076,32.67498924,0.07500029
1238,3,-1.55358229,15.24833957,32.93902580,-1.47764253,15.27345834,34.33518644,0.44210445
1239,3,-1.55358229,17.04226187,17.70780600,-1.37572339,16.88000920,18.39822370,0.36244326
1240,1,-1.55358229,17.04226187,27.82951972,-1.81008701,16.79324032,29.16553973,0.51786341
1241,3,-3.10716457,17.93922302,26.56170914,-3.05448631,17.78168596,27.57019137,0.17266783
1242,3,-1.55358229,17.04226187,24.08512266,-1.41181021,17.01945358,25.29682672,0.28860993
1243,1,-3.10716457,16.14530072,34.17731904,-3.18070667,16.05117650,35.30657519,0.20605729
1244,2,-1.55358229,18.83618417,29.75036747,-1.30424898,19.15443130,30.24092777,0.62055875
1245,3,-3.10716457,17.93922302,32.93902580,-3.02376876,18.25868549,33.96670725,0.33676509
1246,1,-4.66074686,20.63010647,18.97561658,-4.80399107,20.36190007,20.14029885,0.36578241
1247,1,-3.10716457,19.73314532,27.82951972,-3.51182161,19.74952213,29.23754014,0.60293299
1248,1,-4.66074686,18.83618417,34.17731904,-4.57031095,18.86788569,35.20175189,0.11472939
1249,2,-3.10716457,21.52706762,29.75036747,-2.93753793,21.67229104,30.72329024,0.22359991
1250,1,-3.10716457,19.73314532,31.67121522,-3.09586019,19.78005087,32.53587149,0.10806473
1251,3,-4.66074686,20.63010647,32.93902580,-4.73081213,20.77277308,33.89180244,0.15917425
1252,2,-6.21432914,21.52706762,20.89646433,-6.21076673,21.49181090,22.01357461,0.15973843
1253,1,-6.21432914,23.32098992,18.97561658,-6.35287325,22.97627880,20.01096074,0.37880742
1254,3,-4.66074686,22.42402877,17.70780600,-4.74372136,22.39969575,18.48158365,0.20654541
1255,1,-4.66074686,22.42402877,27.82951972,-4.55059205,22.44406099,28.75425465,0.11779720
1256,3,-6.21432914,23.32098992,26.56170914,-6.32290758,23.37584765,27.74571176,0.25371626
1257,1,-6.21432914,21.52706762,34.17731904,-6.14601364,21.73807416,35.18915722,0.22746345
1258,2,-4.66074686,24.21795108,29.75036747,-4.54560113,24.14606415,30.63531269,0.15576992
1259,1,-4.66074686,22.42402877,31.67121522,-4.52190785,22.34009176,32.55459487,0.18000384
1260,3,-6.21432914,23.32098992,32.93902580,-5.87434602,23.44027606,34.02068220,0.37985636
1261,2,-7.76791143,24.21795108,20.89646433,-7.57827802,24.39181960,21.66290793,0.32276986
1262,1,-7.76791143,26.01187338,18.97561658,-7.55376153,26.17678789,19.91717348,0.27101443
1263,3,-6.21432914,25.11491223,17.70780600,-6.12488438,25.36335611,18.65824875,0.26427966
1264,1,-6.21432914,25.11491223,27.82951972,-6.24866207,25.15441994,29.03953085,0.25410818
1265,1,-9.32149372,26.90883453,25.32341590,-9.09682370,27.12635458,26.15965688,0.33681502
1266,3,-7.76791143,26.01187338,26.56170914,-7.64905761,26.08888228,27.41317892,0.17925040
1267,1,-7.76791143,24.21795108,34.17731904,-7.73683665,24.19274429,35.31746937,0.18322080
1268,1,-6.21432914,25.11491223,31.67121522,-6.04717220,24.84099217,32.50524863,0.34522988
1269,3,-7.76791143,26.01187338,32.93902580,-8.16470213,25.77085765,34.04674447,0.48677987
1270,2,-9.32149372,26.90883453,20.89646433,-8.94155807,26.98747739,22.00523650,0.41505240
1271,1,-9.32149372,28.70275683,18.97561658,-8.99305214,28.72479479,20.21264678,0.42936931
1272,3,-7.76791143,27.80579568,17.70780600,-7.61940516,27.97460974,18.81964567,0.27055283
1273,1,-9.32149372,28.70275683,22.81731208,-9.52605522,28.95507042,23.91373916,0.35178520
1274,1,-7.76791143,27.80579568,27.82951972,-7.61363343,27.83710717,28.58196257,0.26158201
1275,1,-10.87507600,29.59971798,25.32341590,-11.08740625,29.47692632,26.53049320,0.34719281
1276,3,-9.32149372,28.70275683,26.56170914,-9.28505718,28.72880755,27.48214076,0.06066910
1277,1,-9.32149372,26.90883453,34.17731904,-9.66297813,26.72882163,35.21847567,0.39418907
1278,3,-9.32149372,28.70275683,32.93902580,-9.58400261,28.28803889,33.74801938,0.51392118
1279,2,-10.87507600,29.59971798,20.89646433,-10.84564580,29.23481046,21.81261411,0.36887244
1280,1,-10.87507600,31.39364028,22.81731208,-10.69492509,31.58949748,23.39786703,0.46456517
1281,1,-9.32149372,30.49667913,27.82951972,-9.41397467,30.60377027,28.93113038,0.19923285
1282,1,6.21432914,0.00000000,25.32341590,6.29175956,0.04093750,26.43514828,0.17402759
1283,3,-9.32149372,30.49667913,24.08512266,-9.10528062,30.67934703,24.98054345,0.29062448
1284,1,-10.87507600,29.59971798,34.17731904,-10.99679453,29.38339973,34.79322562,0.42537223
1285,2,9.32149372,0.00000000,20.89646433,9.43861841,0.35719816,21.64294331,0.43298861
1286,1,9.32149372,1.79392230,18.97561658,9.30139192,1.96541432,19.73792048,0.26350284
1287,3,10.87507600,0.89696115,17.70780600,10.91368484,0.93643192,18.54952113,0.13176330
1288,1,9.32149372,1.79392230,22.81731208,9.28137822,1.87504828,23.82363564,0.10105997
1289,1,10.87507600,0.89696115,27.82951972,10.69055450,0.84844975,29.02512070,0.30211607
1290,2,10.87507600,2.69088345,29.75036747,10.84472217,2.71208122,30.77986620,0.07755434
1291,2,7.76791143,2.69088345,20.89646433,7.72599609,2.72411272,22.06460793,0.21359738
1292,1,7.76791143,4.48480575,18.97561658,7.46976915,4.38690472,20.21967748,0.42237157
1293,1,7.76791143,4.48480575,22.81731208,7.79676115,4.53619475,23.78089798,0.05897564
1294,1,9.32149372,3.58784460,27.82951972,9.28795528,3.57197343,28.81717887,0.04548392
1295,3,9.32149372,3.58784460,24.08512266,9.32149372,3.58784460,25.04647467,0.00000000
1296,2,9.32149372,5.38176691,29.75036747,8.87658262,5.33170198,30.54009192,0.47948765
1297,1,9.32149372,3.58784460,31.67121522,9.28683248,3.62741142,32.60166219,0.06100866
1298,3,7.76791143,4.48480575,32.93902580,7.74788314,4.45587049,33.71231216,0.19132974
1299,1,6.21432914,7.17568921,18.97561658,6.41227281,7.11656240,20.27674359,0.39764900
1300,3,7.76791143,6.27872806,17.70780600,7.81253315,6.12445425,18.70917722,0.16550843
1301,1,4.66074686,8.07265036,25.32341590,4.75088202,8.52255130,26.46747518,0.49387969
1302,1,6.21432914,5.38176691,34.17731904,6.34896290,5.38737773,35.04860757,0.16207764
1303,3,6.21432914,8.96961151,17.70780600,6.19604687,9.06172231,18.78391918,0.14828610
1304,1,4.66074686,9.86657266,22.81731208,4.87407209,10.08214574,23.99258610,0.37113614
1305,1,6.21432914,8.96961151,27.82951972,6.12434067,9.25644157,29.00397768,0.36848820
1306,1,3.10716457,10.76353381,25.32341590,3.12309484,10.99851344,26.17789184,0.25863429
1307,3,4.66074686,9.86657266,26.56170914,4.74458053,10.17807928,27.71143734,0.37356398
1308,3,4.66074686,11.66049496,17.70780600,4.71776220,11.62866872,18.77685103,0.12594222
1309,3,4.66074686,11.66049496,24.08512266,4.87340770,11.73093518,25.25669768,0.30721356
1310,1,3.10716457,10.76353381,34.17731904,3.09446558,11.07295822,35.47076372,0.45408179
1311,2,4.66074686,13.45441726,29.75036747,4.89839399,13.76660655,30.60721874,0.40602797
1312,1,4.66074686,11.66049496,31.67121522,5.04936547,11.54659787,31.73994506,0.98018943
1313,3,3.10716457,12.55745611,32.93902580,3.05423107,12.72372363,33.94630396,0.18043297
1314,1,1.55358229,15.24833957,18.97561658,1.63733237,14.77946338,20.17520556,0.53255592
1315,3,3.10716457,14.35137842,17.70780600,3.05093082,14.01843044,18.85544662,0.38564237
1316,1,1.55358229,15.24833957,22.81731208,1.15728248,15.62428119,24.27484431,0.73795694
1317,1,3.10716457,14.35137842,27.82951972,3.09501626,14.29983406,28.96472111,0.18173610
1318,1,0.00000000,16.14530072,25.32341590,-0.15611832,16.33333496,26.79373402,0.56460278
1319,3,1.55358229,15.24833957,26.56170914,1.44181229,15.19862229,27.79933654,0.30214637
1320,1,1.55358229,13.45441726,34.17731904,1.69588707,13.63425581,35.23344433,0.24814215
1321,2,3.10716457,16.14530072,29.75036747,3.15361881,16.12547861,30.93070426,0.22473373
1322,1,3.10716457,14.35137842,31.67121522,3.28062619,14.18401948,32.49560277,0.27723132
1323,2,0.00000000,16.14530072,20.89646433,0.10576330,15.62792853,22.01020448,0.54961987
1324,1,0.00000000,17.93922302,18.97561658,-0.59671194,17.27993402,20.27477718,0.95123171
1325,3,1.55358229,17.04226187,17.70780600,1.51495001,17.03250049,18.64440496,0.04690897
1326,1,0.00000000,17.93922302,22.81731208,-0.25641958,18.14400310,23.80046708,0.32887878
1327,1,1.55358229,17.04226187,27.82951972,1.53961958,16.77425895,29.13950635,0.43996207
1328,3,1.55358229,17.04226187,24.08512266,1.68040513,17.29115526,25.38665688,0.44017711
1329,2,1.55358229,18.83618417,29.75036747,1.52035224,18.58374743,30.88054372,0.30549987
1330,2,-1.55358229,18.83618417,20.89646433,-1.65288271,18.90183692,21.85219133,0.11917423
1331,1,-1.55358229,20.63010647,18.97561658,-1.10129689,20.37819141,19.91558826,0.51815094
1332,1,-1.55358229,20.63010647,22.81731208,-1.74879656,20.66006499,23.67868566,0.22136353
1333,1,-1.55358229,18.83618417,34.17731904,-1.40928284,18.97804255,35.04569451,0.22268985
1334,2,0.00000000,21.52706762,29.75036747,0.06725679,21.78653308,30.48094643,0.35369761
1335,1,0.00000000,19.73314532,31.67121522,-0.10157388,20.02917906,32.24659238,0.49692033
1336,3,-1.55358229,20.63010647,32.93902580,-1.49821968,20.82040786,33.77696447,0.23347481
1337,2,-3.10716457,21.52706762,20.89646433,-3.26712002,21.37304532,21.82918502,0.22389366
1338,1,-3.10716457,23.32098992,22.81731208,-3.23453046,23.15301719,24.06646375,0.35674299
1339,1,-4.66074686,24.21795108,25.32341590,-4.47763728,24.60023452,26.77481507,0.64793207
1340,1,-3.10716457,21.52706762,34.17731904,-3.08214404,21.38028406,34.98773905,0.21201865
1341,2,-1.55358229,24.21795108,29.75036747,-1.51951765,24.26105507,30.74936575,0.06660027
1342,1,-1.55358229,22.42402877,31.67121522,-1.56491288,22.53735238,32.62114985,0.11445951
1343,2,-4.66074686,24.21795108,20.89646433,-4.67163445,24.01058106,22.00821481,0.25639923
1344,1,-4.66074686,26.01187338,22.81731208,-4.28387928,25.85985132,23.68632792,0.41673234
1345,1,-3.10716457,25.11491223,27.82951972,-3.00364726,25.47374091,29.14903658,0.51745137
1346,1,-6.21432914,26.90883453,25.32341590,-6.17687228,26.91508324,26.20327027,0.08991067
1347,3,-4.66074686,26.01187338,26.56170914,-4.79632434,26.30108210,27.91986999,0.50939198
1348,3,-3.10716457,25.11491223,24.08512266,-2.84889922,25.14017782,25.17762318,0.29075639
1349,1,-6.21432914,28.70275683,18.97561658,-6.07250083,28.73175722,20.00547704,0.16015524
1350,3,-4.66074686,27.80579568,17.70780600,-4.75151737,28.15474633,18.38330112,0.46013042
1351,1,-4.66074686,27.80579568,27.82951972,-4.54913495,28.19738461,28.71434269,0.41431365
1352,3,-6.21432914,28.70275683,26.56170914,-6.17672552,28.81707016,27.45803259,0.13678554
1353,3,-4.66074686,27.80579568,24.08512266,-4.41215534,27.58337727,25.34150144,0.44531842
1354,1,-6.21432914,26.90883453,34.17731904,-6.76119405,27.11797621,35.24662798,0.59536222
1355,3,-6.21432914,28.70275683,32.93902580,-6.77292542,28.88753217,34.17028082,0.64731705
1356,1,-7.76791143,31.39364028,18.97561658,-7.89022897,31.42020779,19.91079016,0.12787777
1357,3,-6.21432914,30.49667913,17.70780600,-6.25556139,30.57134796,18.96445518,0.30736940
1358,1,-6.21432914,30.49667913,27.82951972,-6.21387812,30.68235555,28.35668877,0.47221899
1359,3,-7.76791143,31.39364028,26.56170914,-8.02008585,31.34607509,27.59161179,0.26561923
1360,1,-7.76791143,29.59971798,34.17731904,-8.13402623,29.85037380,35.39852908,0.51419314
1361,2,-6.21432914,32.29060143,29.75036747,12.57948999,0.08073581,30.66162115,0.17826474
1362,1,-6.21432914,30.49667913,31.67121522,-6.53432570,31.04756977,32.72566042,0.64385141
1363,1,12.42865829,1.79392230,18.97561658,12.28858738,1.82371003,19.95363355,0.14416966
1364,3,13.98224057,0.89696115,17.70780600,13.95447188,0.98312087,18.78626863,0.14801856
1365,1,10.87507600,2.69088345,25.32341590,10.91207856,2.97922987,26.45424291,0.33650352
1366,3,12.42865829,1.79392230,26.56170914,11.98236935,1.63602736,27.61119354,0.48153084
1367,1,12.42865829,0.00000000,34.17731904,12.39452523,0.07622133,35.32382096,0.20311388
1368,1,13.98224057,0.89696115,31.67121522,13.97731340,1.02036897,32.51830080,0.16825749
1369,3,12.42865829,1.79392230,32.93902580,12.48365663,1.64561041,33.80915923,0.18259810
1370,1,10.87507600,4.48480575,22.81731208,10.80109266,4.59780601,23.74878995,0.13832952
1371,1,9.32149372,5.38176691,25.32341590,9.39249736,5.46510593,26.16462066,0.16254929
1372,3,10.87507600,4.48480575,26.56170914,10.64188780,4.67343821,27.61394409,0.31339855
1373,3,12.42865829,3.58784460,24.08512266,12.41063637,3.77286210,25.26566234,0.28740128
1374,1,10.87507600,2.69088345,34.17731904,11.15404301,2.79726067,34.90189980,0.38105030
1375,2,12.42865829,5.38176691,29.75036747,11.82986688,5.64127144,30.73365530,0.65297392
1376,3,10.87507600,4.48480575,32.93902580,10.70714019,4.50826068,33.82439823,0.18581030
1377,2,9.32149372,5.38176691,20.89646433,9.31567893,5.34350332,21.88551783,0.04759503
1378,1,9.32149372,7.17568921,18.97561658,9.36265506,7.30881113,20.24330931,0.33654173
1379,1,9.32149372,7.17568921,22.81731208,9.34367853,7.17306978,23.78700338,0.02384473
1380,1,10.87507600,6.27872806,27.82951972,10.98507176,6.55575833,28.56932237,0.37138788
1381,3,9.32149372,7.17568921,26.56170914,9.55666568,7.34962428,27.29744289,0.36940880
1382,3,10.87507600,6.27872806,24.08512266,10.92434511,6.26017767,24.97744045,0.08681754
1383,1,9.32149372,5.38176691,34.17731904,9.27175893,5.23521177,35.13044066,0.15498289
1384,2,10.87507600,8.07265036,29.75036747,11.11562595,8.50641075,30.66803775,0.49791611
1385,1,10.87507600,6.27872806,31.67121522,10.78445403,6.35292731,32.88654812,0.27968583
1386,3,9.32149372,7.17568921,32.93902580,9.24115824,7.31566596,33.87630748,0.16317677
1387,2,7.76791143,8.07265036,20.89646433,7.82544749,8.19206909,22.03188378,0.21879375
1388,1,7.76791143,9.86657266,18.97561658,7.54894044,9.88448586,20.11845728,0.28496899
1389,3,9.32149372,8.96961151,17.70780600,9.18174306,9.20562687,18.99646757,0.42704220
1390,1,7.76791143,9.86657266,22.81731208,7.79453774,9.91963388,23.86197976,0.10230325
1391,1,9.32149372,8.96961151,27.82951972,9.59757619,9.25334840,28.83176165,0.39799515
1392,1,6.21432914,10.76353381,25.32341590,6.39762181,10.94292082,26.41603486,0.28810921
1393,3,7.76791143,9.86657266,26.56170914,7.76118225,9.79944060,27.48173156,0.07912099
1394,3,9.32149372,8.96961151,24.08512266,9.32286246,9.14026206,25.02174539,0.17243845
1395,1,7.76791143,8.07265036,34.17731904,7.65775130,8.00732535,35.04927743,0.15618524
1396,2,9.32149372,10.76353381,29.75036747,9.55461129,11.02191204,30.69211277,0.34855062
1397,1,9.32149372,8.96961151,31.67121522,9.33093097,9.02718991,32.69799997,0.08766857
1398,3,7.76791143,9.86657266,32.93902580,7.94478093,9.94899771,33.95991284,0.20401257
1399,2,6.21432914,10.76353381,20.89646433,6.12664795,10.79960993,21.95528431,0.13597604
1400,1,6.21432914,12.55745611,18.97561658,6.20183695,12.49594887,19.99107172,0.08286341
1401,3,7.76791143,11.66049496,17.70780600,7.64436426,11.65957677,18.76312691,0.15522532
1402,1,6.21432914,12.55745611,22.81731208,6.26425879,12.65031360,23.77975874,0.10543567
1403,1,7.76791143,11.66049496,27.82951972,7.72939119,11.70339858,28.91015838,0.13249088
1404,3,7.76791143,11.66049496,24.08512266,7.77230076,11.65155055,24.99803472,0.04945399
1405,1,6.21432914,10.76353381,34.17731904,6.49674825,10.77951915,35.28080934,0.31657444
1406,2,7.76791143,13.45441726,29.75036747,7.86977208,13.46759648,30.67146446,0.11031659
1407,1,7.76791143,11.66049496,31.67121522,7.85388031,11.60730834,32.57875285,0.11452272
1408,3,6.21432914,12.55745611,32.93902580,6.51459054,12.60343363,33.80443234,0.31855356
1409,1,4.66074686,15.24833957,18.97561658,4.56905017,15.22693438,20.13729034,0.22134875
1410,3,6.21432914,14.35137842,17.70780600,5.94753079,14.25804051,18.93342609,0.38695083
1411,2,6.21432914,16.14530072,29.75036747,6.11738859,16.45232277,30.48830944,0.39188271
1412,1,6.21432914,14.35137842,31.67121522,6.44022832,14.25710899,32.56021382,0.25524925
1413,2,3.10716457,16.14530072,20.89646433,3.05358938,15.77744899,22.04375666,0.41564287
1414,1,3.10716457,17.93922302,18.97561658,2.62639918,17.53149650,20.31890069,0.73705387
1415,3,4.66074686,17.04226187,17.70780600,4.53737890,16.89646496,18.73263890,0.20126156
1416,1,3.10716457,17.93922302,22.81731208,3.02684527,17.90687149,23.93881532,0.18206106
1417,2,4.66074686,18.83618417,29.75036747,4.59311261,18.91973794,31.03749603,0.34305391
1418,1,4.66074686,17.04226187,31.67121522,4.87441227,16.72997715,32.63591760,0.37839910
1419,2,1.55358229,18.83618417,20.89646433,1.34393547,18.84037321,22.01490446,0.26200385
1420,1,1.55358229,20.63010647,22.81731208,1.35608709,20.59078155,23.80927748,0.20368599
1421,3,3.10716457,19.73314532,24.08512266,3.18263393,20.12829898,24.66839826,0.55207228
1422,2,3.10716457,21.52706762,29.75036747,3.21032863,21.93912072,30.77816118,0.42993613
1423,1,3.10716457,19.73314532,31.67121522,2.83935303,20.07037142,32.39199442,0.49327451
1424,3,1.55358229,20.63010647,32.93902580,1.62519852,20.85081330,33.93786841,0.23504454
1425,2,0.00000000,21.52706762,20.89646433,-0.10366260,21.41220862,21.95760552,0.18410976
1426,1,0.00000000,23.32098992,18.97561658,-0.03075947,23.35085749,20.38530316,0.45037996
1427,3,1.55358229,22.42402877,17.70780600,1.08375029,22.95285932,18.68597587,0.70759218
1428,1,0.00000000,23.32098992,22.81731208,0.23308175,23.28463368,23.57543269,0.31137097
1429,1,1.55358229,22.42402877,27.82951972,1.78658704,22.63667995,28.84925670,0.32081232
1430,1,0.00000000,21.52706762,34.17731904,0.05853573,21.53216570,35.10815872,0.06620743
1431,2,1.55358229,24.21795108,29.75036747,1.49860966,24.36381781,30.62924706,0.17635417
1432,1,1.55358229,22.42402877,31.67121522,1.39013825,22.60793779,32.57396852,0.25292348
1433,3,-0.00000000,23.32098992,32.93902580,-0.01464197,23.32901645,33.91370365,0.02136330
1434,2,-1.55358229,24.21795108,20.89646433,-1.72620196,23.87110879,22.14288956,0.48100298
1435,1,-1.55358229,26.01187338,22.81731208,-1.35844484,25.85415325,23.80627936,0.25242200
1436,1,-3.10716457,26.90883453,25.32341590,-2.80954900,26.99385299,26.52852362,0.39397971
1437,1,0.00000000,25.11491223,31.67121522,0.03016140,25.19865607,32.46799890,0.18709751
1438,2,-3.10716457,26.90883453,20.89646433,-3.74105698,27.47222699,21.70724354,0.86133780
1439,1,-3.10716457,28.70275683,22.81731208,-2.82884459,28.39595623,23.84005733,0.41875739
1440,1,-4.66074686,29.59971798,25.32341590,-4.76907958,29.48024743,26.09165798,0.25159618
1441,3,-3.10716457,28.70275683,26.56170914,-2.97516015,28.84158866,27.53287848,0.19182237
1442,3,-1.55358229,27.80579568,24.08512266,-1.39812628,27.73877491,25.18520056,0.21886806
1443,3,-3.10716457,28.70275683,32.93902580,-3.02014167,28.89677831,33.60000278,0.36802510
1444,1,-4.66074686,31.39364028,18.97561658,-4.69597830,31.35854131,20.13262564,0.20187837
1445,3,-3.10716457,30.49667913,17.70780600,-3.36542802,30.68900176,18.69401305,0.32296405
1446,1,-3.10716457,30.49667913,27.82951972,-2.93777878,30.65042583,28.54033248,0.33926318
1447,3,-4.66074686,31.39364028,26.56170914,-4.51518478,31.52751053,27.52506576,0.19777154
1448,3,-3.10716457,30.49667913,24.08512266,-2.99247410,30.16398486,24.90567997,0.37902840
1449,1,-4.66074686,29.59971798,34.17731904,-4.83569730,29.73903637,35.12235914,0.22423949
1450,2,-3.10716457,32.29060143,29.75036747,-3.11695583,32.19700378,30.63590617,0.12084721
1451,1,-3.10716457,30.49667913,31.67121522,-3.23063019,30.72416444,32.64889474,0.25934516
1452,3,-4.66074686,31.39364028,32.93902580,-4.72164762,31.41375002,33.90968458,0.06480679
1453,2,15.53582286,0.00000000,20.89646433,-3.12804680,32.23468006,21.86706305,0.06040504
1454,1,15.53582286,1.79392230,18.97561658,15.20395136,1.79733582,20.22297532,0.43812121
1455,3,17.08940514,0.89696115,17.70780600,17.09694499,0.82462895,18.82663867,0.17346167
1456,1,15.53582286,1.79392230,22.81731208,15.71527433,1.76279241,23.90981629,0.22443886
1457,1,17.08940514,0.89696115,27.82951972,17.10230164,0.92050125,28.79302131,0.02692725
1458,3,17.08940514,0.89696115,24.08512266,17.19047920,0.63653628,24.83247472,0.35189922
1459,1,17.08940514,0.89696115,31.67121522,17.28469822,0.69655343,32.22242798,0.49650463
1460,2,13.98224057,2.69088345,20.89646433,13.72500366,2.21807642,22.44863023,0.79923612
1461,3,15.53582286,3.58784460,17.70780600,15.20665363,3.60359938,18.85687423,0.37925977
1462,1,13.98224057,4.48480575,22.81731208,14.11320639,4.44410165,24.08576768,0.33633538
1463,1,12.42865829,5.38176691,25.32341590,12.52608908,5.57357563,26.28170997,0.21515738
1464,3,15.53582286,3.58784460,24.08512266,15.81284348,3.59298296,24.90740230,0.31001283
1465,2,12.42865829,5.38176691,20.89646433,12.73463533,5.02323976,22.03887232,0.50492072
1466,1,12.42865829,7.17568921,22.81731208,12.40532763,7.12468237,23.77505712,0.05620522
1467,3,13.98224057,6.27872806,24.08512266,14.06206801,6.33390957,25.11942280,0.12140367
1468,2,13.98224057,8.07265036,29.75036747,14.15172460,7.86895473,30.70330833,0.26511788
1469,1,13.98224057,6.27872806,31.67121522,13.71108760,6.18425948,32.49270561,0.31938929
1470,3,12.42865829,7.17568921,32.93902580,12.49138420,7.36091323,33.71424791,0.26997559
1471,2,10.87507600,8.07265036,20.89646433,10.80874894,8.40358206,21.96723439,0.35480611
1472,1,10.87507600,9.86657266,18.97561658,10.86403878,9.91034507,19.97703113,0.06035603
1473,1,10.87507600,9.86657266,22.81731208,10.90632057,9.98340498,23.93179950,0.19513192
1474,1,9.32149372,10.76353381,25.32341590,9.31761785,10.74645226,26.32879305,0.04738159
1475,3,12.42865829,8.96961151,24.08512266,12.62657250,8.96280547,24.87642337,0.26102452
1476,1,10.87507600,8.07265036,34.17731904,10.57177368,7.94506774,35.33449495,0.38290550
1477,1,12.42865829,8.96961151,31.67121522,12.36279635,9.17559976,32.72499019,0.23518282
1478,3,10.87507600,9.86657266,32.93902580,10.84402573,9.73445712,34.01814135,0.17968552
1479,3,10.87507600,11.66049496,17.70780600,10.75881503,11.72930654,18.25996027,0.43092277
1480,1,9.32149372,12.55745611,22.81731208,9.37049753,12.52896441,23.69560452,0.10055866
1481,1,7.76791143,13.45441726,25.32341590,7.89666732,13.43551578,26.08074295,0.24199490
1482,3,9.32149372,12.55745611,26.56170914,9.04304389,12.43976447,27.48877410,0.30423877
1483,3,10.87507600,11.66049496,24.08512266,10.79781388,11.63765201,25.18728699,0.16223238
1484,1,9.32149372,10.76353381,34.17731904,9.42257680,10.71341882,35.19280877,0.12514070
1485,2,7.76791143,13.45441726,20.89646433,7.69934837,13.29494204,21.84087416,0.17441410
1486,1,7.76791143,15.24833957,18.97561658,7.60695177,15.09147422,19.98077537,0.22898424
1487,1,7.76791143,15.24833957,22.81731208,7.81092614,15.28945988,23.81620622,0.07036019
1488,1,9.32149372,14.35137842,27.82951972,9.01384102,14.59335420,28.75885430,0.39271819
1489,3,9.32149372,14.35137842,24.08512266,9.38149877,14.43692229,25.04116996,0.10462553
1490,2,9.32149372,16.14530072,29.75036747,9.04862652,16.17367009,30.69653455,0.27475791
1491,2,6.21432914,16.14530072,20.89646433,6.31278338,15.97969746,21.93060499,0.20595112
1492,1,6.21432914,17.93922302,18.97561658,6.08084584,17.74107759,20.17616862,0.33807700
1493,3,7.76791143,17.04226187,17.70780600,7.79524177,17.06998977,18.66139053,0.03970035
1494,1,6.21432914,17.93922302,22.81731208,6.15213585,17.91519543,23.84846115,0.09652440
1495,2,7.76791143,18.83618417,29.75036747,7.80373586,18.84432283,30.87266568,0.16508575
1496,1,7.76791143,17.04226187,31.67121522,7.78384729,17.05739930,32.65980010,0.03499604
1497,3,6.21432914,17.93922302,32.93902580,6.26221380,17.91903919,33.91730448,0.05465198
1498,2,4.66074686,18.83618417,20.89646433,4.42115365,18.39064299,21.92482138,0.51029553
1499,1,4.66074686,20.63010647,22.81731208,4.74739186,20.77468950,23.47593666,0.34649027
1500,1,6.21432914,19.73314532,27.82951972,6.61567970,19.82719996,28.90879811,0.42876005
1501,1,3.10716457,21.52706762,25.32341590,3.62018808,21.43976258,26.32787874,0.52218180
1502,3,4.66074686,20.63010647,26.56170914,4.82219995,20.40830579,27.66638954,0.30952491
1503,3,6.21432914,19.73314532,24.08512266,6.17128170,19.95588882,24.73702988,0.38369757
1504,2,6.21432914,21.52706762,29.75036747,6.13055311,21.50376838,30.69438677,0.08866623
1505,1,6.21432914,19.73314532,31.67121522,6.30607039,19.63402839,32.70778525,0.15459098
1506,1,4.66074686,22.42402877,27.82951972,4.72218852,22.43097120,28.85289126,0.08757680
1507,1,1.55358229,24.21795108,25.32341590,1.84682458,24.46720816,26.56493500,0.47603963
1508,3,3.10716457,23.32098992,26.56170914,3.31272074,23.18356632,27.47599644,0.25170155
1509,3,4.66074686,22.42402877,24.08512266,4.94889763,22.56218618,25.12798147,0.32979038
1510,2,1.55358229,24.21795108,20.89646433,1.48898319,24.69625690,21.93907917,0.48944167
1511,1,1.55358229,26.01187338,18.97561658,1.54946002,26.06323543,19.83822754,0.11137705
1512,3,3.10716457,25.11491223,17.70780600,3.12726717,25.13811068,18.67010866,0.03071133
1513,1,1.55358229,26.01187338,22.81731208,1.55359972,26.06269435,24.02785291,0.25431838
1514,1,3.10716457,25.11491223,27.82951972,3.24774164,25.16716321,29.03881492,0.28977216
1515,3,3.10716457,25.11491223,24.08512266,3.11330281,25.16292583,25.05059201,0.04857918
1516,1,1.55358229,24.21795108,34.17731904,1.84210556,23.89372677,35.16531180,0.43482964
1517,2,3.10716457,26.90883453,29.75036747,2.85368355,27.12489144,30.53758765,0.37583921
1518,1,3.10716457,25.11491223,31.67121522,3.05097027,25.37215760,32.30487476,0.42037524
1519,3,1.55358229,26.01187338,32.93902580,1.61852345,25.98720441,33.70158473,0.21058157
1520,2,0.00000000,26.90883453,20.89646433,-0.07093591,27.20029719,21.84113927,0.30043387
1521,1,0.00000000,28.70275683,18.97561658,0.16609326,28.76286619,19.90813729,0.17897305
1522,1,0.00000000,28.70275683,22.81731208,0.08963323,28.62641990,23.88434584,0.15820896
1523,1,-1.55358229,29.59971798,25.32341590,-1.49716048,29.59291235,26.22011715,0.08607821
1524,3,1.55358229,27.80579568,24.08512266,1.84954390,27.94253665,24.84446922,0.38353302
1525,1,1.55358229,27.80579568,31.67121522,1.64150770,27.92489396,32.56857932,0.16127533
1526,3,-0.00000000,28.70275683,32.93902580,0.12433454,28.75352874,33.70866852,0.23407117
1527,2,-1.55358229,29.59971798,20.89646433,-1.71211477,29.64987995,21.70244181,0.22757420
1528,1,-1.55358229,31.39364028,18.97561658,-1.61399560,31.31118350,19.84105946,0.14016937
1529,3,-0.00000000,30.49667913,17.70780600,-0.09568997,30.44576660,18.73017947,0.12438759
1530,1,-1.55358229,31.39364028,22.81731208,-1.54631522,31.23076639,23.62795710,0.22202097
1531,1,15.53582286,0.00000000,25.32341590,-3.20736115,31.95150467,25.92883750,0.50170950
1532,3,-1.55358229,31.39364028,26.56170914,-1.45589233,31.43507511,27.32518199,0.22453582
1533,3,-0.00000000,30.49667913,24.08512266,0.07638082,30.45631810,24.85543058,0.20966851
1534,2,0.00000000,32.29060143,29.75036747,-0.00617764,31.70169098,30.47304310,0.63546841
1535,1,0.00000000,30.49667913,31.67121522,0.19637939,30.54834509,32.67827902,0.20814371
1536,3,-1.55358229,31.39364028,32.93902580,-1.59994067,31.42078012,33.85464125,0.07055142
1537,1,17.08940514,2.69088345,25.32341590,17.31978612,3.23280088,26.28131820,0.58886483
1538,3,18.64298743,1.79392230,26.56170914,18.50969685,1.78020954,27.15444107,0.39221828
1539,3,20.19656972,0.89696115,24.08512266,20.38382312,0.84819369,25.13624832,0.21331059
1540,2,20.19656972,2.69088345,29.75036747,18.60138583,2.36074092,30.58010451,1.63429747
1541,1,20.19656972,0.89696115,31.67121522,20.17801461,0.86141850,32.63971418,0.04072654
1542,3,18.64298743,1.79392230,32.93902580,18.40953869,1.83999318,34.01122816,0.26250455
1543,2,17.08940514,2.69088345,20.89646433,16.96115915,2.69751190,21.75144029,0.16675381
1544,1,17.08940514,4.48480575,18.97561658,17.22959195,4.57891422,20.13200504,0.25796892
1545,1,17.08940514,4.48480575,22.81731208,17.23027740,4.64468605,23.71789143,0.22158524
1546,1,18.64298743,3.58784460,27.82951972,18.94927469,4.00849881,28.58688691,0.55890218
1547,1,15.53582286,5.38176691,25.32341590,15.86053072,5.76841427,26.39890282,0.51764675
1548,3,17.08940514,4.48480575,26.56170914,17.34487388,4.87945628,27.53676603,0.47032025
1549,3,18.64298743,3.58784460,24.08512266,18.90182895,3.96706102,25.16496018,0.47417595
1550,2,18.64298743,5.38176691,29.75036747,18.67077621,5.30522084,30.77602177,0.10376079
1551,1,18.64298743,3.58784460,31.67121522,18.60108774,3.69034249,32.69350465,0.12639134
1552,3,17.08940514,4.48480575,32.93902580,17.16776777,4.49692839,33.95178358,0.09449980
1553,2,15.53582286,5.38176691,20.89646433,15.66392186,5.36412650,21.91144839,0.13998905
1554,3,17.08940514,6.27872806,17.70780600,17.02983339,5.98793743,18.62767750,0.29971422
1555,1,15.53582286,7.17568921,22.81731208,15.47650048,7.01958815,23.77128368,0.16715608
1556,1,17.08940514,6.27872806,27.82951972,17.17420443,6.29425876,29.03925004,0.26291425
1557,3,15.53582286,7.17568921,26.56170914,15.41180713,7.47198417,27.48736356,0.32317940
1558,3,17.08940514,6.27872806,24.08512266,17.12964753,6.39806866,24.88856203,0.20198522
1559,2,17.08940514,8.07265036,29.75036747,17.33698187,8.11064631,30.77436974,0.25819176
1560,1,17.08940514,6.27872806,31.67121522,17.21924461,6.33592321,32.52673791,0.17700118
1561,3,15.53582286,7.17568921,32.93902580,15.67017895,7.02738314,33.71439570,0.27319516
1562,2,13.98224057,8.07265036,20.89646433,14.06883689,8.02078263,21.68827974,0.19731154
1563,1,13.98224057,9.86657266,18.97561658,13.77797494,10.12291262,20.16776338,0.40087511
1564,1,13.98224057,9.86657266,22.81731208,14.06980606,9.91094592,23.73346341,0.10807313
1565,1,15.53582286,8.96961151,27.82951972,15.71868036,8.83463374,29.01617619,0.32002808
1566,3,15.53582286,8.96961151,24.08512266,15.52795912,8.82063497,24.79199045,0.29498825
1567,1,13.98224057,8.07265036,34.17731904,14.15736910,7.69173684,34.96271220,0.45467200
1568,2,15.53582286,10.76353381,29.75036747,15.38398111,10.79701465,30.70028696,0.15590890
1569,1,15.53582286,8.96961151,31.67121522,15.52247304,8.99537137,32.51966717,0.11656849
1570,3,13.98224057,9.86657266,32.93902580,14.00115550,9.84009307,33.83305351,0.07477636
1571,3,13.98224057,11.66049496,17.70780600,13.78485736,11.78541381,18.93313997,0.35249302
1572,1,10.87507600,13.45441726,25.32341590,10.78905997,13.25753394,26.64803377,0.42204726
1573,1,12.42865829,10.76353381,34.17731904,12.27751771,11.23446818,34.80498445,0.59663171
1574,1,13.98224057,11.66049496,31.67121522,14.04935605,11.81651306,32.54790685,0.18977227
1575,3,12.42865829,14.35137842,17.70780600,12.16917602,14.21353659,18.78848165,0.31712702
1576,1,10.87507600,15.24833957,22.81731208,10.91088302,15.25886981,23.91260481,0.13904368
1577,1,12.42865829,14.35137842,27.82951972,12.02430483,14.87070583,28.91020662,0.66891218
1578,3,10.87507600,15.24833957,26.56170914,10.59105816,15.38893022,27.50824387,0.31725608
1579,3,12.42865829,14.35137842,24.08512266,12.24037699,14.14384249,25.46634382,0.50478818
1580,2,12.42865829,16.14530072,29.75036747,12.57489613,16.28411532,30.89382011,0.27169034
1581,2,9.32149372,16.14530072,20.89646433,9.25802898,15.80166069,21.84698184,0.34961926
1582,1,9.32149372,17.93922302,18.97561658,9.26742506,17.52856540,20.04364851,0.42771919
1583,1,9.32149372,17.93922302,22.81731208,9.40049161,17.91942430,24.13572971,0.36623560
1584,3,10.87507600,17.04226187,24.08512266,10.96945945,16.97931298,25.10669920,0.12844373
1585,2,10.87507600,18.83618417,29.75036747,10.74132004,18.59167061,30.73150490,0.27940830
1586,1,10.87507600,17.04226187,31.67121522,10.90544423,16.99305367,32.64988747,0.06036280
1587,3,9.32149372,17.93922302,32.93902580,9.43291058,17.79794840,33.86316483,0.18373089
1588,2,7.76791143,18.83618417,20.89646433,7.94667283,18.42637079,22.17009544,0.54536307
1589,1,7.76791143,20.63010647,18.97561658,8.10131228,20.18929801,20.40871119,0.72664249
1590,1,7.76791143,20.63010647,22.81731208,7.85110617,20.47769778,23.62840272,0.22962634
1591,1,6.21432914,21.52706762,25.32341590,6.54577828,21.37624873,26.42522218,0.39029767
1592,1,7.76791143,18.83618417,34.17731904,8.10280917,18.97802387,34.92453413,0.42205405
1593,2,9.32149372,21.52706762,29.75036747,9.21715288,21.41648901,30.55743196,0.21660858
1594,1,9.32149372,19.73314532,31.67121522,9.46343549,19.83868947,32.47685761,0.23565339
1595,3,7.76791143,20.63010647,32.93902580,7.63563133,20.75517915,33.96966495,0.19478682
1596,2,6.21432914,21.52706762,20.89646433,5.96402535,21.93158150,21.62777406,0.52839655
1597,1,6.21432914,23.32098992,22.81731208,6.45371314,23.34159457,23.93789506,0.28824252
1598,1,7.76791143,22.42402877,27.82951972,7.67428097,22.55655925,28.95928096,0.23386462
1599,1,4.66074686,24.21795108,25.32341590,4.75298791,24.28623616,26.25825733,0.11778826
1600,3,6.21432914,23.32098992,26.56170914,6.21136163,23.23895007,27.66218325,0.16153731
1601,3,7.76791143,22.42402877,24.08512266,7.85487177,22.37750741,25.17142519,0.15918220
1602,1,6.21432914,21.52706762,34.17731904,6.15629657,21.57738655,35.16298467,0.08056628
1603,1,4.66074686,26.01187338,18.97561658,4.79688053,25.97697399,19.71490858,0.26279458
1604,3,6.21432914,25.11491223,17.70780600,6.26153361,25.58933368,18.22337082,0.65270989
1605,1,6.21432914,25.11491223,27.82951972,6.17400543,25.06992546,29.02821300,0.24490955
1606,1,3.10716457,26.90883453,25.32341590,3.40906105,26.90505473,26.13029888,0.33914075
1607,3,4.66074686,26.01187338,26.56170914,4.66722329,25.99971376,27.52357905,0.01378654
1608,2,6.21432914,26.90883453,29.75036747,6.26894029,26.88280899,30.74248889,0.06787093
1609,1,3.10716457,28.70275683,18.97561658,3.09259409,28.73037004,19.99254495,0.06374575
1610,3,4.66074686,27.80579568,17.70780600,4.50386790,27.83736893,18.76816497,0.18817613
1611,1,4.66074686,27.80579568,27.82951972,4.66868025,27.78287384,28.76726119,0.03384977
1612,3,3.10716457,28.70275683,26.56170914,3.26283822,28.54188800,27.39031809,0.26025715
1613,1,3.10716457,26.90883453,34.17731904,3.10443613,26.62735402,34.99407255,0.31646082
1614,2,4.66074686,29.59971798,29.75036747,4.57187381,29.82308486,30.46277138,0.34607274
1615,1,4.66074686,27.80579568,31.67121522,4.54017349,27.99316705,32.16121031,0.52136677
1616,3,3.10716457,28.70275683,32.93902580,3.25960320,28.58844333,33.71970130,0.26258163
1617,3,3.10716457,30.49667913,17.70780600,3.22014785,30.42770131,18.48165226,0.22952466
1618,1,18.64298743,0.00000000,25.32341590,0.11319079,32.23226466,26.23398085,0.13709362
1619,3,3.10716457,30.49667913,24.08512266,3.10521562,30.57526988,25.21784341,0.18854058
1620,1,1.55358229,29.59971798,34.17731904,1.79124863,29.44446010,35.06679551,0.29284192
1621,1,3.10716457,30.49667913,31.67121522,3.26747603,30.61532272,32.43893055,0.27797703
1622,3,1.55358229,31.39364028,32.93902580,1.81992225,31.10913167,33.83499201,0.39516759
1623,2,21.75015200,0.00000000,20.89646433,3.05280383,31.85583553,21.98705432,0.45681390
1624,3,23.30373429,0.89696115,17.70780600,22.94704201,0.82239056,18.71448656,0.36721224
1625,1,21.75015200,1.79392230,22.81731208,21.74407823,1.79052727,23.89127195,0.11282263
1626,1,20.19656972,2.69088345,25.32341590,20.17645088,2.59274773,26.23250557,0.11299000
1627,3,23.30373429,0.89696115,24.08512266,23.30366084,0.89682388,25.04648192,0.00015585
1628,1,21.75015200,0.00000000,34.17731904,3.37237346,31.92166132,35.25525902,0.46908988
1629,3,21.75015200,1.79392230,32.93902580,21.19997078,1.47208332,34.75978867,1.06998446
1630,3,21.75015200,3.58784460,17.70780600,21.65995943,3.42542471,18.62799304,0.19028788
1631,1,20.19656972,4.48480575,22.81731208,20.31626385,4.63271313,23.80682453,0.19234419
1632,3,21.75015200,3.58784460,24.08512266,21.77266279,3.62504340,24.88002365,0.17203613
1633,1,20.19656972,2.69088345,34.17731904,19.88579497,3.00101872,35.23258909,0.44898266
1634,2,21.75015200,5.38176691,29.75036747,21.59577526,4.90837164,30.78329749,0.50304937
1635,1,21.75015200,3.58784460,31.67121522,21.61055854,3.61437033,32.91862957,0.31940822
1636,3,20.19656972,4.48480575,32.93902580,20.09522222,4.60041390,33.92844473,0.15628279
1637,2,18.64298743,5.38176691,20.89646433,18.64520262,5.73793573,21.83112671,0.35717429
1638,1,18.64298743,7.17568921,18.97561658,18.62499356,7.11902342,19.71571780,0.22909977
1639,3,20.19656972,6.27872806,17.70780600,19.92509817,5.75502343,18.57250348,0.59775031
1640,1,18.64298743,7.17568921,22.81731208,18.53764299,7.36752582,23.71982148,0.22663007
1641,1,18.64298743,5.38176691,34.17731904,18.56521849,5.60571372,35.02228085,0.26409631
1642,2,20.19656972,8.07265036,29.75036747,20.32508058,7.68510312,30.21691840,0.64151073
1643,1,20.19656972,6.27872806,31.67121522,20.19454301,6.26235689,32.65554497,0.02828603
1644,2,17.08940514,8.07265036,20.89646433,17.06375747,8.22273817,21.63632200,0.26878225
1645,1,17.08940514,9.86657266,22.81731208,16.99704349,9.85693564,23.76431214,0.09396556
1646,1,15.53582286,10.76353381,25.32341590,15.41136796,10.88887698,26.20319995,0.19455915
1647,3,17.08940514,9.86657266,26.56170914,16.81740066,10.01412898,27.44663867,0.31874708
1648,1,17.08940514,8.07265036,34.17731904,17.05350186,8.10737652,34.85204870,0.29094213
1649,2,18.64298743,10.76353381,29.75036747,18.32811774,10.93582334,30.53919034,0.39823725
1650,3,17.08940514,9.86657266,32.93902580,17.09856796,9.90986801,33.83359624,0.08011381
1651,2,15.53582286,10.76353381,20.89646433,15.43411526,10.87579764,21.87792795,0.15281387
1652,1,15.53582286,12.55745611,22.81731208,15.41687412,12.51036558,23.76530493,0.12862655
1653,1,17.08940514,11.66049496,27.82951972,16.91515311,11.82065582,28.65333791,0.27373495
1654,3,15.53582286,12.55745611,26.56170914,15.46770906,12.62225560,27.40810807,0.14850142
1655,3,17.08940514,11.66049496,24.08512266,16.87777906,11.75200988,25.02185043,0.23187698
1656,1,15.53582286,10.76353381,34.17731904,15.47837125,10.70912833,35.13288815,0.07933527
1657,2,17.08940514,13.45441726,29.75036747,16.66452539,13.45350584,30.56361868,0.44995275
1658,1,17.08940514,11.66049496,31.67121522,16.98778010,11.59947826,32.64145695,0.11886848
1659,3,15.53582286,12.55745611,32.93902580,15.55979312,12.61023173,33.74937536,0.16174541
1660,1,13.98224057,15.24833957,18.97561658,13.87736849,14.81165631,19.79881692,0.46986839
1661,3,15.53582286,14.35137842,17.70780600,15.57251079,14.19843428,18.56128129,0.19072310
1662,1,15.53582286,14.35137842,27.82951972,15.24163438,14.28445101,28.65315920,0.33164873
1663,1,12.42865829,16.14530072,25.32341590,12.44073036,16.13128030,26.29179651,0.01979162
1664,3,13.98224057,15.24833957,26.56170914,13.67542885,15.31791703,27.74169689,0.38311362
1665,1,13.98224057,13.45441726,34.17731904,13.95102197,13.62560190,35.03832897,0.20086641
1666,2,15.53582286,16.14530072,29.75036747,15.53379537,16.15894574,30.90303717,0.19181438
1667,1,15.53582286,14.35137842,31.67121522,15.50910957,14.37756010,32.67130529,0.05384903
1668,3,13.98224057,15.24833957,32.93902580,14.00892697,15.37094063,33.92536420,0.12793555
1669,2,12.42865829,16.14530072,20.89646433,12.20762613,15.91183237,21.87691975,0.32206773
1670,1,12.42865829,17.93922302,18.97561658,12.69309963,17.64737776,20.14877124,0.44717249
1671,3,13.98224057,17.04226187,17.70780600,13.99401190,16.68894512,18.85361940,0.39874464
1672,1,12.42865829,17.93922302,22.81731208,12.30392197,17.89334227,23.75602715,0.13482071
1673,1,13.98224057,17.04226187,27.82951972,13.94864713,17.07480651,28.80327377,0.04838888
1674,3,13.98224057,17.04226187,24.08512266,13.87334291,17.06334396,25.12255222,0.13450260
1675,1,12.42865829,16.14530072,34.17731904,12.42865829,16.14530072,35.13867105,0.00000000
1676,2,13.98224057,18.83618417,29.75036747,14.16281180,18.75916761,30.63394610,0.21115448
1677,1,13.98224057,17.04226187,31.67121522,14.05402147,17.07168889,32.74482425,0.13645544
1678,3,12.42865829,17.93922302,32.93902580,12.54670412,17.88065337,33.98103001,0.15449919
1679,1,10.87507600,18.83618417,34.17731904,11.57822067,19.60824530,34.58577606,1.18160217
1680,2,12.42865829,21.52706762,29.75036747,12.14931965,21.15614323,30.33885179,0.59552103
1681,3,10.87507600,20.63010647,32.93902580,10.76563358,21.27616043,33.66598587,0.69591877
1682,2,9.32149372,21.52706762,20.89646433,9.61773903,21.35343483,22.01480473,0.37756455
1683,1,9.32149372,23.32098992,18.97561658,9.33425493,23.03009176,20.16682085,0.37096719
1684,3,10.87507600,22.42402877,17.70780600,10.96970912,22.35801544,18.97392696,0.32587927
1685,1,9.32149372,23.32098992,22.81731208,9.44891407,22.90854505,23.96093724,0.46858321
1686,1,10.87507600,22.42402877,27.82951972,10.77321079,22.53552960,28.73012570,0.16278525
1687,1,7.76791143,24.21795108,25.32341590,7.66750893,24.13052907,26.49044300,0.24500104
1688,3,9.32149372,23.32098992,26.56170914,9.18842044,23.24556718,27.60205702,0.17215527
1689,1,9.32149372,21.52706762,34.17731904,9.35869891,21.61347374,35.14754157,0.09449301
1690,2,10.87507600,24.21795108,29.75036747,10.33944053,24.41881955,30.95290710,0.62082604
1691,2,7.76791143,24.21795108,20.89646433,8.04517241,23.97332537,22.08958415,0.43638481
1692,1,7.76791143,26.01187338,18.97561658,7.68999680,25.45083123,20.07167906,0.58222495
1693,1,9.32149372,25.11491223,27.82951972,9.27072573,25.06791433,28.79169768,0.06918723
1694,3,7.76791143,26.01187338,26.56170914,7.63364039,25.77981778,27.74222265,0.34628064
1695,3,9.32149372,25.11491223,24.08512266,9.11190457,25.00557733,25.29200067,0.34082950
1696,2,9.32149372,26.90883453,29.75036747,9.21278626,27.24039254,30.47235328,0.42313615
1697,1,6.21432914,28.70275683,18.97561658,6.12287365,28.58525841,19.82065540,0.18894112
1698,1,7.76791143,27.80579568,27.82951972,7.68367559,27.71197101,28.55565405,0.26688219
1699,1,4.66074686,29.59971798,25.32341590,4.61915974,29.56997444,26.21062206,0.09006538
1700,3,6.21432914,28.70275683,26.56170914,6.18109512,28.54425526,27.39901366,0.20399762
1701,2,7.76791143,29.59971798,29.75036747,7.51042938,29.64319412,30.67652539,0.26348777
1702,2,4.66074686,29.59971798,20.89646433,4.57120011,29.32554618,21.91446844,0.29393580
1703,1,4.66074686,31.39364028,18.97561658,4.62120870,31.36964975,19.86559004,0.08505122
1704,3,6.21432914,30.49667913,17.70780600,6.17105069,30.30734123,18.67158528,0.19423634
1705,1,4.66074686,31.39364028,22.81731208,4.55959592,31.39879531,23.92491564,0.17789773
1706,1,6.21432914,30.49667913,27.82951972,6.22855897,30.25265238,28.56836375,0.33054704
1707,1,21.75015200,0.00000000,25.32341590,21.81613498,0.01026035,26.37503944,0.11228525
1708,3,4.66074686,31.39364028,26.56170914,4.83147925,31.43083370,27.39221081,0.21829959
1709,3,6.21432914,30.49667913,24.08512266,6.18189286,30.17116084,24.99214217,0.33161166
1710,1,4.66074686,29.59971798,34.17731904,4.73777132,29.34214200,35.01318241,0.29669101
1711,2,24.85731657,0.00000000,20.89646433,5.99240530,32.07321648,21.83005315,0.31189294
1712,1,24.85731657,1.79392230,22.81731208,24.83562246,1.70620495,23.75104482,0.09448700
1713,1,23.30373429,2.69088345,25.32341590,23.06041752,3.06834410,26.40318720,0.46443806
1714,3,26.41089886,0.89696115,24.08512266,26.43306338,0.78052925,25.14758680,0.15579254
1715,1,24.85731657,0.00000000,34.17731904,6.33727583,32.21555274,35.15826805,0.14536931
1716,2,26.41089886,2.69088345,29.75036747,26.43360637,2.59756488,30.65502012,0.11152939
1717,1,26.41089886,0.89696115,31.67121522,26.95530874,0.88460151,32.58159892,0.54693021
1718,3,24.85731657,1.79392230,32.93902580,24.80575977,1.96515954,34.12784940,0.28935035
1719,2,23.30373429,2.69088345,20.89646433,22.87110748,2.47528554,21.77108035,0.49109220
1720,1,23.30373429,4.48480575,18.97561658,23.24059136,4.38648632,19.91375569,0.11913261
1721,3,24.85731657,3.58784460,17.70780600,24.55432967,3.43747945,18.37834002,0.44607830
1722,1,23.30373429,4.48480575,22.81731208,23.25584785,4.38445525,23.65050806,0.16966822
1723,3,24.85731657,3.58784460,24.08512266,24.67269012,3.45560524,24.91139410,0.26423651
1724,1,23.30373429,2.69088345,34.17731904,22.85135680,2.56996598,35.35629792,0.51636023
1725,2,24.85731657,5.38176691,29.75036747,25.01634146,5.18502248,30.75291862,0.25630968
1726,1,24.85731657,3.58784460,31.67121522,24.74237835,3.67015806,32.72084794,0.16667269
1727,3,23.30373429,4.48480575,32.93902580,23.27534353,4.49983487,33.92405119,0.03990412
1728,2,21.75015200,5.38176691,20.89646433,21.52261669,5.09916293,21.67107222,0.40805722
1729,3,23.30373429,6.27872806,17.70780600,23.11804918,5.95571038,18.56665699,0.38642701
1730,1,23.30373429,6.27872806,27.82951972,23.20413502,6.14913105,29.33140409,0.56470402
1731,3,23.30373429,6.27872806,24.08512266,23.38203900,6.17195255,24.82615630,0.25704634
1732,2,23.30373429,8.07265036,29.75036747,23.18003664,8.18656238,30.77452275,0.17950294
1733,1,23.30373429,6.27872806,31.67121522,23.29574605,6.23616445,32.57069489,0.07552258
1734,1,20.19656972,9.86657266,18.97561658,19.94426209,9.57717428,20.60431929,0.76991397
1735,1,21.75015200,8.96961151,27.82951972,21.63626050,9.49175563,29.09838635,0.61658008
1736,1,18.64298743,10.76353381,25.32341590,18.80319803,10.46693467,26.44752640,0.37433783
1737,2,21.75015200,10.76353381,29.75036747,22.02241773,10.87704731,31.14108765,0.52093278
1738,2,18.64298743,10.76353381,20.89646433,18.38287692,10.94296890,21.99391653,0.34406059
1739,1,18.64298743,12.55745611,18.97561658,18.76309515,12.56774720,20.13654485,0.23315758
1740,3,20.19656972,11.66049496,17.70780600,20.18690957,11.75197581,18.87340489,0.22400637
1741,1,18.64298743,12.55745611,22.81731208,18.67624775,12.22991510,24.11335174,0.46947331
1742,1,20.19656972,11.66049496,27.82951972,20.08897192,11.93316152,28.63145682,0.33367267
1743,3,18.64298743,12.55745611,26.56170914,18.44969379,12.41684036,27.39715257,0.27016327
1744,3,20.19656972,11.66049496,24.08512266,20.32962340,11.77944122,25.27596553,0.29071902
1745,1,15.53582286,16.14530072,25.32341590,15.53263851,16.13733352,26.15763298,0.12742412
1746,1,17.08940514,13.45441726,34.17731904,17.08940514,13.45441726,35.13867105,0.00000000
1747,3,17.08940514,15.24833957,32.93902580,16.97516013,15.22900219,33.92599369,0.11866773
1748,2,15.53582286,16.14530072,20.89646433,16.18268526,16.54067632,22.57807898,1.04572038
1749,1,15.53582286,17.93922302,18.97561658,15.70877160,17.86043875,20.22473290,0.34485726
1750,1,15.53582286,17.93922302,22.81731208,15.18668255,18.35887135,23.97057421,0.57864771
1751,1,17.08940514,17.04226187,27.82951972,16.84995519,17.49642240,29.05911448,0.57926871
1752,1,13.98224057,18.83618417,25.32341590,13.93020104,18.94675809,26.55166920,0.29354898
1753,3,15.53582286,17.93922302,26.56170914,15.37932799,17.80189401,27.49455657,0.21014855
1754,1,15.53582286,16.14530072,34.17731904,15.51753380,16.14343417,35.14316165,0.01892457
1755,2,17.08940514,18.83618417,29.75036747,17.53019675,18.43006900,31.27268110,0.82091699
1756,2,13.98224057,18.83618417,20.89646433,14.07261543,18.90812762,21.80459327,0.12718557
1757,1,13.98224057,20.63010647,18.97561658,13.98331505,20.59581078,19.96194803,0.04244197
1758,3,15.53582286,19.73314532,17.70780600,15.54309393,19.73376961,18.68297646,0.01562715
1759,1,15.53582286,19.73314532,27.82951972,15.41494367,20.04338587,28.89692265,0.34943923
1760,3,13.98224057,20.63010647,26.56170914,14.09718408,20.78834518,27.48383125,0.19947552
1761,3,15.53582286,19.73314532,24.08512266,15.65721474,19.97983784,25.17029055,0.30153534
1762,2,12.42865829,21.52706762,20.89646433,12.56671869,21.44416686,21.92266149,0.17360330
1763,1,12.42865829,23.32098992,18.97561658,12.48947395,23.31239685,20.00723493,0.09332601
1764,3,13.98224057,22.42402877,17.70780600,13.95733424,22.27914343,18.75614173,0.17081644
1765,1,13.98224057,22.42402877,27.82951972,13.91606497,22.55529976,28.76949041,0.14855451
1766,1,10.87507600,24.21795108,25.32341590,10.78866639,24.19552603,26.29867772,0.09034925
1767,3,12.42865829,23.32098992,26.56170914,12.39698482,23.26773142,27.55578168,0.07007361
1768,2,10.87507600,24.21795108,20.89646433,11.04605349,24.10451953,21.97800560,0.23779293
1769,1,10.87507600,26.01187338,18.97561658,10.90303076,25.97486654,19.83669552,0.11047925
1770,3,12.42865829,25.11491223,17.70780600,12.26713659,24.93977690,18.67219679,0.23826639
1771,1,10.87507600,26.01187338,22.81731208,10.25905444,25.71172744,23.71921679,0.68782565
1772,1,12.42865829,25.11491223,27.82951972,12.51406816,25.12346939,28.87671295,0.12139516
1773,3,10.87507600,26.01187338,26.56170914,10.89887271,25.75200870,27.71030744,0.32118080
1774,3,12.42865829,25.11491223,24.08512266,12.37053493,25.09892857,25.29213712,0.25295027
1775,1,10.87507600,24.21795108,34.17731904,10.76496398,24.16888405,35.40226580,0.28985242
1776,2,12.42865829,26.90883453,29.75036747,12.35152959,27.05127233,30.58820519,0.20369866
1777,1,12.42865829,25.11491223,31.67121522,12.63501048,25.43301452,32.46841266,0.41317916
1778,3,10.87507600,26.01187338,32.93902580,11.20686526,25.75036921,34.14056830,0.48596298
1779,2,9.32149372,26.90883453,20.89646433,9.25954713,26.62250544,21.62022421,0.37718927
1780,1,9.32149372,28.70275683,18.97561658,9.37585719,28.68174224,20.21298715,0.28210503
1781,3,10.87507600,27.80579568,17.70780600,10.76831669,27.77950667,18.71066134,0.11752101
1782,1,10.87507600,27.80579568,27.82951972,10.90081884,27.83239190,28.71214712,0.08699205
1783,2,10.87507600,29.59971798,29.75036747,10.93329628,29.63871288,30.50498375,0.21828849
1784,1,10.87507600,27.80579568,31.67121522,11.17944794,28.07297172,32.54183165,0.41504007
1785,2,7.76791143,29.59971798,20.89646433,7.51760532,29.18661241,21.80242195,0.48618710
1786,1,7.76791143,31.39364028,22.81731208,7.43128020,30.97067038,23.54712387,0.58807737
1787,1,9.32149372,30.49667913,27.82951972,9.35553593,30.36921894,28.68992665,0.16611707
1788,1,24.85731657,0.00000000,25.32341590,6.41941293,31.87795118,26.14049122,0.48286163
1789,3,7.76791143,31.39364028,26.56170914,7.85418927,31.10753667,27.43170927,0.31248090
1790,2,9.32149372,32.29060143,29.75036747,9.16194267,32.08359005,30.50293917,0.33451378
1791,1,9.32149372,30.49667913,31.67121522,9.78729902,30.64799355,32.48041786,0.51285482
1792,3,29.51806343,0.89696115,17.70780600,29.76002857,1.44074199,18.60454177,0.59868188
1793,1,29.51806343,0.89696115,27.82951972,29.39523437,0.68701036,28.79825193,0.24335320
1794,3,27.96448115,1.79392230,26.56170914,28.20864358,1.83094768,27.19302044,0.41220510
1795,1,27.96448115,0.00000000,34.17731904,28.24839532,0.10626629,35.09110509,0.30685876
1796,2,29.51806343,2.69088345,29.75036747,29.38392187,2.50456676,30.66727916,0.23384357
1797,3,27.96448115,1.79392230,32.93902580,28.32818150,1.80050501,33.90306389,0.36376984
1798,1,26.41089886,4.48480575,22.81731208,26.23457823,4.27711874,23.82793952,0.27685904
1799,1,27.96448115,3.58784460,27.82951972,27.88906711,3.19647025,28.71665792,0.40542429
1800,1,24.85731657,5.38176691,25.32341590,25.05383241,5.84189750,26.00277154,0.57433491
1801,3,27.96448115,3.58784460,24.08512266,27.88981527,3.72382691,24.94252892,0.18673751
1802,1,26.41089886,2.69088345,34.17731904,26.73020611,2.68036498,34.88315294,0.40909322
1803,1,27.96448115,3.58784460,31.67121522,27.90305917,3.64758152,32.38085456,0.26589553
1804,3,26.41089886,4.48480575,32.93902580,26.53305582,4.42600551,33.78673870,0.17690008
1805,2,24.85731657,5.38176691,20.89646433,25.09689585,5.38315632,21.90007503,0.24328164
1806,3,26.41089886,6.27872806,17.70780600,26.96746919,6.44652678,18.42159122,0.63183563
1807,1,23.30373429,8.07265036,25.32341590,23.17635541,8.08440469,25.86555141,0.43829901
1808,3,24.85731657,7.17568921,26.56170914,24.47707866,7.21014778,27.48246869,0.38394793
1809,3,26.41089886,6.27872806,24.08512266,26.70439985,6.37516893,24.87162137,0.35498922
1810,1,24.85731657,5.38176691,34.17731904,25.29639602,5.61704005,34.94447889,0.53465391
1811,1,26.41089886,6.27872806,31.67121522,26.48452277,6.44286188,32.39909858,0.29473378
1812,3,24.85731657,7.17568921,32.93902580,24.84501006,7.17006885,33.65118712,0.24955768
1813,1,24.85731657,8.96961151,27.82951972,24.54529511,8.83738418,28.76197321,0.34011260
1814,1,21.75015200,10.76353381,25.32341590,21.71435266,10.80671096,26.46952099,0.19307916
1815,3,23.30373429,9.86657266,26.56170914,23.13451443,9.85178612,27.63550110,0.20370750
1816,3,24.85731657,8.96961151,24.08512266,25.03959400,8.74667383,25.08194465,0.29014546
1817,1,23.30373429,8.07265036,34.17731904,23.43724471,7.87837422,34.99459803,0.27627031
1818,2,24.85731657,10.76353381,29.75036747,24.90029579,10.57489883,30.55154720,0.25116833
1819,1,24.85731657,8.96961151,31.67121522,24.53756147,9.19763745,32.61341178,0.39319981
1820,3,23.30373429,9.86657266,32.93902580,23.30886322,9.77643747,34.17659576,0.29059769
1821,2,21.75015200,10.76353381,20.89646433,21.39188803,11.02982096,22.05257346,0.48702388
1822,1,21.75015200,12.55745611,18.97561658,21.68795438,12.69164916,20.18588767,0.28954624
1823,1,21.75015200,12.55745611,22.81731208,21.59792720,12.70879182,23.88912102,0.24140344
1824,1,23.30373429,11.66049496,27.82951972,23.40906502,11.79818193,28.76649870,0.17506087
1825,1,20.19656972,13.45441726,25.32341590,20.15226513,13.64489736,26.25689536,0.19754099
1826,3,21.75015200,12.55745611,26.56170914,21.81646141,12.60498050,27.63131050,0.13554862
1827,3,23.30373429,11.66049496,24.08512266,23.22425727,11.58116120,25.12888695,0.13929188
1828,2,23.30373429,13.45441726,29.75036747,23.38820142,13.49058259,30.60215815,0.14299060
1829,1,23.30373429,11.66049496,31.67121522,23.71666433,12.00795892,32.58499474,0.54176154
1830,2,20.19656972,13.45441726,20.89646433,19.95167680,13.60635822,22.07278881,0.35954382
1831,3,21.75015200,14.35137842,17.70780600,21.76310991,14.23095631,18.80272537,0.18030428
1832,1,20.19656972,15.24833957,22.81731208,20.52306400,15.62228199,23.96558453,0.53044387
1833,3,21.75015200,14.35137842,24.08512266,21.78988358,14.34280276,25.15426406,0.11519849
1834,1,20.19656972,13.45441726,34.17731904,20.19606053,13.41285036,35.07891478,0.07279339
1835,3,20.19656972,15.24833957,32.93902580,19.85027658,15.58900319,33.71633601,0.51946321
1836,1,20.19656972,17.04226187,27.82951972,20.16317436,17.37538865,29.00795653,0.39901694
1837,1,17.08940514,18.83618417,25.32341590,16.84593191,18.74492750,26.37740974,0.27602446
1838,3,18.64298743,17.93922302,26.56170914,18.50758109,17.86738369,27.86550134,0.37518135
1839,3,20.19656972,17.04226187,24.08512266,20.20306214,17.47442453,24.83473232,0.48129153
1840,1,18.64298743,16.14530072,34.17731904,18.44473368,16.14678928,35.20701558,0.20970870
1841,2,20.19656972,18.83618417,29.75036747,20.37632087,19.07312846,30.82634859,0.31873642
1842,1,20.19656972,17.04226187,31.67121522,20.23712946,17.13086589,32.38921244,0.26213988
1843,2,17.08940514,18.83618417,20.89646433,17.33648660,19.16474745,21.87369728,0.41140647
1844,1,17.08940514,20.63010647,18.97561658,17.00570884,20.60557826,19.86151357,0.11532634
1845,1,17.08940514,20.63010647,22.81731208,16.89544979,20.78689914,23.71988430,0.25623756
1846,1,18.64298743,19.73314532,27.82951972,18.56626626,19.85149969,28.77543411,0.14188803
1847,1,15.53582286,21.52706762,25.32341590,15.60071071,21.68512790,26.34463876,0.18104696
1848,3,17.08940514,20.63010647,26.56170914,16.98373251,20.84336854,27.80734484,0.37076223
1849,3,18.64298743,19.73314532,24.08512266,18.51484365,19.70584777,25.61609046,0.58448964
1850,2,18.64298743,21.52706762,29.75036747,18.64363658,21.52406740,30.78424944,0.07259489
1851,2,15.53582286,21.52706762,20.89646433,15.51379428,21.48382359,21.76038749,0.10884707
1852,1,15.53582286,23.32098992,18.97561658,15.45543810,23.29606267,20.04379668,0.13599749
1853,3,17.08940514,22.42402877,17.70780600,16.96994775,22.33361086,18.72096778,0.15852356
1854,1,17.08940514,22.42402877,27.82951972,16.99538450,22.53570941,29.00069994,0.25561753
1855,1,13.98224057,24.21795108,25.32341590,13.96710644,24.19250849,26.28526024,0.02960759
1856,3,15.53582286,23.32098992,26.56170914,15.53410023,23.36452590,27.55436527,0.05364975
1857,3,15.53582286,25.11491223,17.70780600,15.28058465,24.86364550,18.66017658,0.35827668
1858,1,15.53582286,25.11491223,27.82951972,15.46206124,25.10481110,28.68741157,0.12746299
1859,3,13.98224057,26.01187338,26.56170914,13.98034467,25.99454247,27.53965473,0.02406869
1860,1,13.98224057,24.21795108,34.17731904,13.79182627,24.17344443,35.32682518,0.27136769
1861,1,15.53582286,25.11491223,31.67121522,15.72027093,25.46415814,32.64687188,0.39521946
1862,3,13.98224057,26.01187338,32.93902580,14.07203937,26.10054254,33.80168194,0.16020898
1863,2,12.42865829,26.90883453,20.89646433,12.73841676,26.85301224,21.53541508,0.45056521
1864,1,12.42865829,28.70275683,18.97561658,12.27973650,28.62991259,19.84232960,0.19089400
1865,1,12.42865829,28.70275683,22.81731208,12.75816793,28.90235481,23.96058839,0.42604273
1866,3,13.98224057,27.80579568,24.08512266,14.04184321,27.54230558,24.84979861,0.33415711
1867,1,12.42865829,26.90883453,34.17731904,12.58586343,26.95352872,35.10960089,0.16600030
1868,1,13.98224057,27.80579568,31.67121522,14.10292272,27.95275981,32.81070367,0.26056713
1869,3,12.42865829,28.70275683,32.93902580,12.55009656,28.76540414,33.93111624,0.14005995
1870,2,10.87507600,29.59971798,20.89646433,10.86774610,28.99357713,22.33076844,0.76885899
1871,1,10.87507600,31.39364028,18.97561658,10.98172617,31.03367663,20.89574090,1.02965647
1872,3,12.42865829,30.49667913,17.70780600,12.82172745,30.39595014,18.66645583,0.40577949
1873,1,10.87507600,31.39364028,22.81731208,10.20141539,30.26421970,24.38594442,1.44851609
1874,1,12.42865829,30.49667913,27.82951972,12.56039137,30.67805763,28.92175145,0.25957901
1875,1,27.96448115,0.00000000,25.32341590,9.31643043,32.24616223,26.35096177,0.07988809
1876,3,10.87507600,31.39364028,26.56170914,10.79987057,31.34283613,27.47864025,0.10104522
1877,3,12.42865829,30.49667913,24.08512266,12.25913131,30.60761467,25.07658772,0.20482404
1878,1,10.87507600,29.59971798,34.17731904,11.01811183,29.71739100,34.96872388,0.25137269
1879,2,31.07164572,0.00000000,20.89646433,31.40365907,0.30677309,21.70171910,0.47823524
1880,1,31.07164572,1.79392230,18.97561658,31.39499234,1.90844320,19.78623641,0.37468422
1881,3,32.62522800,0.89696115,17.70780600,32.85436298,1.00116097,18.62050552,0.25637376
1882,3,31.07164572,1.79392230,26.56170914,31.06550651,1.43787897,27.81858779,0.46275322
1883,2,32.62522800,2.69088345,29.75036747,32.73546183,2.21568397,30.76593610,0.49082124
1884,2,29.51806343,2.69088345,20.89646433,30.18640610,2.99593049,21.68353259,0.75505658
1885,1,29.51806343,4.48480575,18.97561658,30.13426099,5.22120709,20.55228262,1.14043751
1886,3,31.07164572,3.58784460,17.70780600,31.34734282,3.87000633,18.46684525,0.44334477
1887,1,29.51806343,4.48480575,22.81731208,29.19143905,4.65221851,23.52936446,0.44369000
1888,1,31.07164572,3.58784460,27.82951972,31.22135589,3.42356529,28.38516804,0.46259736
1889,1,27.96448115,5.38176691,25.32341590,28.14004353,5.45093766,26.14263882,0.23623594
1890,3,29.51806343,4.48480575,26.56170914,29.91279934,4.18969353,26.97485656,0.73718107
1891,2,27.96448115,5.38176691,20.89646433,28.00354314,5.85284778,21.69042650,0.50146025
1892,1,27.96448115,7.17568921,18.97561658,28.10857098,7.48437384,19.80326130,0.36595863
1893,1,27.96448115,7.17568921,22.81731208,28.07150240,7.36788219,23.67420564,0.24352260
1894,1,29.51806343,6.27872806,27.82951972,30.39870482,6.39539191,29.02208940,0.91793318
1895,1,26.41089886,8.07265036,25.32341590,26.65633898,8.27976828,26.28875356,0.32117685
1896,3,27.96448115,7.17568921,26.56170914,28.17805527,7.23200327,27.22407251,0.37172489
1897,3,29.51806343,6.27872806,24.08512266,29.60830383,6.29370291,24.84801734,0.21852434
1898,3,27.96448115,8.96961151,17.70780600,28.42991582,9.11760323,18.57137247,0.49808935
1899,1,24.85731657,10.76353381,25.32341590,24.63133214,10.57470782,26.36955614,0.30645271
1900,3,27.96448115,8.96961151,24.08512266,28.06232742,9.10098073,25.00295067,0.16948776
1901,1,26.41089886,8.07265036,34.17731904,26.27967017,8.30207321,35.57404786,0.50932189
1902,3,26.41089886,11.66049496,17.70780600,26.50854415,11.55163619,18.68184370,0.14678475
1903,1,24.85731657,12.55745611,22.81731208,24.52274432,12.58469738,23.82737728,0.33919560
1904,1,23.30373429,13.45441726,25.32341590,23.24291021,13.44271792,26.34978984,0.08980142
1905,3,26.41089886,11.66049496,24.08512266,26.12434807,11.43801237,25.22286067,0.40338800
1906,2,26.41089886,13.45441726,29.75036747,26.49704946,14.12945769,30.08514517,0.92503884
1907,2,23.30373429,13.45441726,20.89646433,23.11225020,13.59041427,22.02922780,0.29076319
1908,1,23.30373429,15.24833957,18.97561658,23.49133482,15.13758107,20.10650398,0.27605009
1909,1,23.30373429,15.24833957,22.81731208,23.43487120,15.31866665,23.92335515,0.20755311
1910,3,24.85731657,14.35137842,24.08512266,24.71524498,14.20148402,25.10690731,0.21518543
1911,2,24.85731657,16.14530072,29.75036747,24.46781409,16.23539847,30.48561250,0.45929746
1912,1,24.85731657,14.35137842,31.67121522,24.91597864,14.67102818,32.37933733,0.41199829
1913,3,23.30373429,15.24833957,32.93902580,23.30077292,15.17006235,33.78884224,0.13629481
1914,2,21.75015200,16.14530072,20.89646433,21.92441170,16.33563720,22.02608625,0.30807333
1915,1,21.75015200,17.93922302,18.97561658,21.60412256,18.00982536,20.05963209,0.20336082
1916,3,23.30373429,17.04226187,17.70780600,23.18410291,17.25946869,18.92120188,0.35357684
1917,1,21.75015200,17.93922302,22.81731208,21.89203265,18.20414041,23.78525109,0.30059064
1918,1,20.19656972,18.83618417,25.32341590,20.27372895,18.84881247,26.38209077,0.12483894
1919,1,21.75015200,16.14530072,34.17731904,21.70176323,16.06880835,35.09104111,0.10227984
1920,2,23.30373429,18.83618417,29.75036747,23.33669961,18.96177831,30.50989310,0.23998851
1921,1,23.30373429,17.04226187,31.67121522,23.15751339,17.00529420,32.55707271,0.16866114
1922,1,20.19656972,20.63010647,18.97561658,19.92846741,20.75367251,19.95172551,0.29557601
1923,3,21.75015200,19.73314532,17.70780600,21.74971217,19.79174471,18.85391508,0.19382791
1924,1,21.75015200,19.73314532,27.82951972,21.82455749,19.76560001,28.69286366,0.12725983
1925,3,20.19656972,20.63010647,26.56170914,20.36216147,20.74577627,27.60249602,0.21704845
1926,3,21.75015200,19.73314532,24.08512266,21.74216346,19.93475313,24.96815898,0.21643214
1927,2,21.75015200,21.52706762,29.75036747,21.89464982,21.62746933,30.59493487,0.21118420
1928,1,18.64298743,23.32098992,18.97561658,18.38271372,23.23925138,20.02336011,0.28615920
1929,3,20.19656972,22.42402877,17.70780600,20.05970196,22.40755318,18.71248772,0.14450499
1930,1,20.19656972,22.42402877,27.82951972,20.08396111,22.35323260,28.87801062,0.15901567
1931,2,20.19656972,24.21795108,29.75036747,20.05594596,24.15244651,30.60900588,0.18605368
1932,1,20.19656972,22.42402877,31.67121522,20.38428855,22.44953147,32.40527195,0.29589169
1933,3,18.64298743,23.32098992,32.93902580,18.63004420,23.27205008,34.00795375,0.11889163
1934,3,18.64298743,25.11491223,17.70780600,18.47070328,24.83961711,18.71212444,0.32759021
1935,1,18.64298743,25.11491223,27.82951972,18.67420896,24.91004061,28.65910438,0.24558053
1936,1,15.53582286,26.90883453,25.32341590,15.45500754,26.71377495,26.24106173,0.21561444
1937,3,17.08940514,26.01187338,26.56170914,17.03680140,25.98220966,27.57643368,0.08059601
1938,1,17.08940514,24.21795108,34.17731904,16.90252633,24.19596683,35.02413989,0.22028251
1939,2,18.64298743,26.90883453,29.75036747,18.94382719,26.83595068,31.13355920,0.52322592
1940,1,18.64298743,25.11491223,31.67121522,18.59397846,24.91191311,32.74391219,0.23666056
1941,3,17.08940514,26.01187338,32.93902580,17.07638142,26.24289434,34.00436482,0.25368012
1942,1,15.53582286,28.70275683,22.81731208,15.57282896,28.17701451,23.60823505,0.55391380
1943,1,17.08940514,27.80579568,27.82951972,18.13953108,27.77258897,28.96327917,1.06470254
1944,1,13.98224057,29.59971798,25.32341590,13.93164453,29.81294326,26.48375452,0.29600786
1945,3,15.53582286,28.70275683,26.56170914,15.36969896,28.52806393,27.23829857,0.37310117
1946,3,17.08940514,27.80579568,24.08512266,16.94109249,27.38370695,24.94493633,0.45876527
1947,1,15.53582286,26.90883453,34.17731904,15.51913702,26.94131740,35.17715873,0.05305521
1948,1,17.08940514,27.80579568,31.67121522,17.17633458,28.07196603,32.53900053,0.29522552
1949,3,15.53582286,28.70275683,32.93902580,15.62595347,28.75986463,33.97320690,0.12918554
1950,2,13.98224057,29.59971798,20.89646433,13.92801962,29.53809791,21.84834349,0.08262373
1951,1,13.98224057,31.39364028,18.97561658,14.09209666,31.42350729,19.93873865,0.11385750
1952,1,13.98224057,31.39364028,22.81731208,14.02838566,31.50942684,23.55740521,0.25395154
1953,1,31.07164572,0.00000000,25.32341590,12.37466913,32.28788068,26.33176728,0.07163220
1954,3,15.53582286,30.49667913,24.08512266,15.15925740,30.48529784,24.95759731,0.38707914
1955,1,13.98224057,29.59971798,34.17731904,13.93526965,29.63110665,35.20395086,0.08633059
1956,1,15.53582286,30.49667913,31.67121522,15.41430724,30.57430955,32.85972306,0.26905817
1957,1,34.17881029,1.79392230,18.97561658,34.35270148,1.90597144,19.72709912,0.29468347
1958,3,35.73239258,0.89696115,17.70780600,35.75171522,0.79653628,18.67821147,0.10266686
1959,1,34.17881029,0.00000000,34.17731904,34.31563453,0.13518057,35.11314225,0.19402674
1960,2,35.73239258,2.69088345,29.75036747,35.66659863,2.54153936,30.64177632,0.17755153
1961,1,35.73239258,0.89696115,31.67121522,35.74823310,0.88738299,32.61941315,0.02270888
1962,3,34.17881029,1.79392230,32.93902580,34.31255386,1.76226157,33.83218443,0.15342777
1963,2,32.62522800,2.69088345,20.89646433,33.14986155,2.88001918,21.68636151,0.58344618
1964,1,32.62522800,4.48480575,18.97561658,32.84849955,4.45133227,19.76947386,0.28111411
1965,3,34.17881029,3.58784460,17.70780600,34.25725245,3.53996455,18.45855250,0.22978327
1966,1,34.17881029,3.58784460,27.82951972,34.08287592,3.57693355,28.98580855,0.21753808
1967,1,31.07164572,5.38176691,25.32341590,31.20076023,5.61790498,26.20698890,0.28014518
1968,3,32.62522800,4.48480575,26.56170914,32.65627020,4.83633425,27.67847068,0.38560086
1969,1,32.62522800,2.69088345,34.17731904,32.61908996,2.71239895,35.11054116,0.03594277
1970,2,34.17881029,5.38176691,29.75036747,33.92590113,5.17771512,30.89593706,0.37354557
1971,1,34.17881029,3.58784460,31.67121522,34.16298383,3.52046796,32.74840168,0.13493594
1972,3,32.62522800,4.48480575,32.93902580,32.82284427,4.54596316,34.16991519,0.33976877
1973,1,32.62522800,6.27872806,27.82951972,33.32015561,6.45323869,28.83671194,0.71796913
1974,1,29.51806343,8.07265036,25.32341590,29.67595074,8.11510038,26.09948305,0.24710501
1975,3,31.07164572,7.17568921,26.56170914,31.23710685,7.35198748,27.36651622,0.28803608
1976,1,31.07164572,5.38176691,34.17731904,31.07081947,5.26105911,35.01092603,0.17575507
1977,2,32.62522800,8.07265036,29.75036747,32.37792228,7.95660271,30.59352320,0.29765339
1978,1,32.62522800,6.27872806,31.67121522,32.69606141,6.26662943,32.77637889,0.16076549
1979,3,31.07164572,7.17568921,32.93902580,31.20442229,7.15266088,34.17891278,0.30942148
1980,2,29.51806343,8.07265036,20.89646433,29.69485414,8.26377811,21.89940365,0.26365561
1981,1,29.51806343,9.86657266,18.97561658,29.66915249,9.95201278,20.02219315,0.19336789
1982,1,29.51806343,9.86657266,22.81731208,29.78986114,9.90218214,23.78303081,0.27415524
1983,1,31.07164572,8.96961151,27.82951972,31.11453798,9.21103823,28.65835033,0.27872662
1984,3,29.51806343,9.86657266,26.56170914,29.79708959,9.86980421,27.20280578,0.42476999
1985,3,31.07164572,8.96961151,24.08512266,31.41014846,9.19770150,24.88199320,0.44007193
1986,1,29.51806343,8.07265036,34.17731904,29.51711199,8.07680053,34.94520439,0.19351351
1987,2,31.07164572,10.76353381,29.75036747,31.02807175,10.56612248,30.87895333,0.26236822
1988,1,31.07164572,8.96961151,31.67121522,31.39629756,8.88884278,32.69153295,0.33970482
1989,3,29.51806343,9.86657266,32.93902580,29.68820370,10.08681354,34.16030710,0.38081096
1990,1,27.96448115,12.55745611,18.97561658,27.76498854,12.58322481,20.00480998,0.21228231
1991,3,29.51806343,11.66049496,17.70780600,29.74721011,11.70185167,18.73338061,0.24154320
1992,1,29.51806343,11.66049496,27.82951972,29.76422788,12.07695115,29.34455053,0.73525023
1993,1,27.96448115,10.76353381,34.17731904,28.10634477,10.81654948,35.39304701,0.29604574
1994,2,29.51806343,13.45441726,29.75036747,-7.58258742,13.85804508,31.09335189,0.58557980
1995,1,29.51806343,11.66049496,31.67121522,29.84060384,11.83650719,32.67069618,0.36941364
1996,3,27.96448115,12.55745611,32.93902580,28.07273033,13.05491321,34.05727834,0.53272810
1997,2,26.41089886,13.45441726,20.89646433,26.02597317,13.33712309,21.63015943,0.46233470
1998,1,26.41089886,15.24833957,18.97561658,26.54521535,15.37569901,20.27311936,0.38374300
1999,1,26.41089886,15.24833957,22.81731208,26.35722426,15.17977409,23.80868530,0.09210570
2000,2,27.96448115,16.14530072,29.75036747,-9.09044094,16.39049216,30.93133251,0.40216180
2001,1,27.96448115,14.35137842,31.67121522,27.87618197,14.55661306,32.64500399,0.22376925
2002,3,26.41089886,15.24833957,32.93902580,26.31533044,15.36869061,33.73703088,0.22427643
2003,2,24.85731657,16.14530072,20.89646433,24.85954823,16.02364892,21.99784441,0.18550472
2004,1,24.85731657,17.93922302,18.97561658,24.92755010,18.02691234,20.10374967,0.20109225
2005,1,24.85731657,17.93922302,22.81731208,24.79781461,17.90913188,23.99016308,0.22176064
2006,1,24.85731657,16.14530072,34.17731904,24.78266942,16.03139695,34.97606811,0.21209899
2007,2,26.41089886,18.83618417,29.75036747,26.31271088,18.69603467,30.59998045,0.20437313
2008,1,26.41089886,17.04226187,31.67121522,26.48439579,17.15431165,32.58144984,0.14342225
2009,3,24.85731657,17.93922302,32.93902580,24.76018428,17.82085474,33.58399029,0.35149224
2010,2,23.30373429,18.83618417,20.89646433,23.53763443,18.83185003,22.01542718,0.28208020
2011,3,24.85731657,19.73314532,17.70780600,24.80532143,19.66721688,18.80182460,0.15700471
2012,1,23.30373429,20.63010647,22.81731208,23.39359803,20.71670096,23.71505274,0.14007320
2013,1,24.85731657,19.73314532,27.82951972,24.97077224,20.01412870,28.81434197,0.30393206
2014,1,21.75015200,21.52706762,25.32341590,21.80305054,21.50114857,26.32128521,0.06930776
2015,3,23.30373429,20.63010647,26.56170914,23.30831115,20.73671443,27.52168472,0.10671504
2016,2,24.85731657,21.52706762,29.75036747,-12.37810066,21.64002848,30.70822545,0.12380806
2017,1,24.85731657,19.73314532,31.67121522,24.90314042,19.72185765,32.59746352,0.05881757
2018,3,23.30373429,20.63010647,32.93902580,23.29510862,20.56516165,33.59340170,0.31388941
2019,3,23.30373429,22.42402877,17.70780600,22.95429952,22.43394915,18.95837386,0.45370572
2020,1,23.30373429,22.42402877,27.82951972,23.46426780,22.53242521,28.87685205,0.21192785
2021,1,20.19656972,24.21795108,25.32341590,20.09585579,23.87529658,26.17196224,0.37454041
2022,3,23.30373429,22.42402877,24.08512266,23.44629382,22.28547215,25.06767905,0.19992694
2023,1,23.30373429,22.42402877,31.67121522,23.30839981,22.35486584,32.52016108,0.13206218
2024,3,21.75015200,23.32098992,32.93902580,21.76896913,23.45629677,33.57031911,0.35721250
2025,2,20.19656972,24.21795108,20.89646433,19.95454306,23.82643329,22.17687023,0.56005220
2026,1,20.19656972,26.01187338,18.97561658,20.29271824,25.44076081,20.30233406,0.68476714
2027,3,21.75015200,25.11491223,17.70780600,21.57442950,25.14360740,18.70321925,0.18127873
2028,1,20.19656972,26.01187338,22.81731208,19.87416525,25.67998566,23.87643275,0.47291945
2029,1,18.64298743,26.90883453,25.32341590,18.42543925,26.74106186,26.23798491,0.27868177
2030,3,20.19656972,26.01187338,26.56170914,19.92477858,25.68866309,27.20374384,0.52943258
2031,3,21.75015200,25.11491223,24.08512266,21.75765908,24.64541038,25.20573928,0.49583622
2032,1,21.75015200,25.11491223,31.67121522,21.47842793,25.39167805,32.89346023,0.46743817
2033,2,18.64298743,26.90883453,20.89646433,18.69605042,26.79820078,21.77648553,0.14720804
2034,1,18.64298743,28.70275683,18.97561658,18.77681707,28.70762627,20.16966484,0.26848022
2035,1,18.64298743,28.70275683,22.81731208,18.50308290,28.44397771,23.64423373,0.32343691
2036,1,17.08940514,29.59971798,25.32341590,17.15290018,29.47936571,26.78722132,0.52055328
2037,3,18.64298743,28.70275683,26.56170914,19.04158202,28.86336183,27.45173445,0.43561349
2038,3,20.19656972,27.80579568,24.08512266,19.83994112,27.57251099,24.97460460,0.43217011
2039,2,20.19656972,29.59971798,29.75036747,19.90962948,29.67795907,30.71723877,0.29746736
2040,3,18.64298743,28.70275683,32.93902580,18.51864117,28.99066701,33.82744262,0.32198417
2041,2,17.08940514,29.59971798,20.89646433,16.84997800,29.14838834,21.69522046,0.53615411
2042,3,18.64298743,30.49667913,17.70780600,18.76969417,30.70389424,18.64367439,0.24421734
2043,1,17.08940514,31.39364028,22.81731208,16.88814288,30.88521104,23.48862278,0.61897557
2044,3,18.64298743,30.49667913,24.08512266,18.03470053,30.07435234,25.01051778,0.74139447
2045,1,17.08940514,29.59971798,34.17731904,17.08199247,29.62218242,35.17854614,0.04636401
2046,2,18.64298743,32.29060143,29.75036747,37.25691004,0.03946565,30.74226344,0.05775149
2047,1,18.64298743,30.49667913,31.67121522,18.61032111,30.66606240,32.60661698,0.17444539
2048,3,17.08940514,31.39364028,32.93902580,17.05339576,31.49881279,33.87336463,0.11440124
2049,2,0.00000000,0.00000000,38.60427033,18.54505710,32.27395405,39.41257032,0.18246207
2050,1,0.00000000,1.79392230,36.68342258,-0.06432403,1.75492532,37.57156065,0.10496964
2051,1,0.00000000,1.79392230,40.52511808,0.22076069,1.76639870,41.15215056,0.40157488
2052,1,-1.55358229,2.69088345,43.03122190,35.42950985,2.60979926,44.31128179,0.44708758
2053,1,-1.55358229,4.48480575,36.68342258,-1.52587725,4.42734629,37.64290868,0.06381724
2054,1,0.00000000,3.58784460,45.53732572,-0.27775282,3.27747509,46.68500585,0.45628284
2055,1,-3.10716457,5.38176691,43.03122190,34.04539640,5.43328077,44.37425549,0.40759511
2056,3,-1.55358229,4.48480575,44.26951514,-1.65672306,4.43819391,45.26276943,0.11759438
2057,1,-3.10716457,7.17568921,36.68342258,-2.89566271,7.01499648,37.66140366,0.26614229
2058,3,-1.55358229,6.27872806,35.41561200,-1.46008999,6.33984446,36.33040647,0.12101086
2059,1,-1.55358229,6.27872806,45.53732572,-1.62189317,5.95114973,46.76024566,0.42472547
2060,2,-1.55358229,8.07265036,47.45817347,-1.30327709,7.81482333,48.39104475,0.36047000
2061,3,-3.10716457,8.96961151,35.41561200,-3.06697315,8.95173378,36.37301121,0.04416547
2062,1,-6.21432914,10.76353381,43.03122190,-6.01996521,10.69803077,44.35388081,0.41546439
2063,3,-3.10716457,8.96961151,41.79292866,-3.07649076,8.97052970,42.75288204,0.03071940
2064,1,-3.10716457,8.96961151,49.37902122,-3.32810023,9.11582523,50.28487594,0.27068610
2065,3,-4.66074686,11.66049496,35.41561200,-4.35972968,11.66797235,36.23528881,0.33277487
2066,1,-7.76791143,13.45441726,43.03122190,29.46521414,13.50871801,43.97727925,0.07730166
2067,3,-6.21432914,12.55745611,44.26951514,-6.01360465,12.49083566,45.39025097,0.26482411
2068,3,-4.66074686,11.66049496,41.79292866,-4.67290189,11.45890372,42.71526777,0.20569098
2069,2,-4.66074686,13.45441726,47.45817347,-4.47040029,13.49552949,48.80956808,0.43595327
2070,1,-4.66074686,11.66049496,49.37902122,-4.57412838,11.74776131,50.58969402,0.27799107
2071,2,-7.76791143,13.45441726,38.60427033,-7.67696641,13.67547104,39.88394273,0.39807492
2072,1,-7.76791143,15.24833957,36.68342258,-7.66196064,15.27331960,37.73401484,0.14076006
2073,3,-6.21432914,14.35137842,35.41561200,-6.12309514,14.44423151,36.42823088,0.13990580
2074,1,-7.76791143,15.24833957,40.52511808,-7.64056418,15.49041043,41.59828575,0.29549681
2075,1,-9.32149372,16.14530072,43.03122190,27.96934004,16.02536765,43.93955589,0.13121913
2076,3,-6.21432914,14.35137842,41.79292866,-6.10981215,14.07950829,42.95987758,0.35652104
2077,2,-9.32149372,16.14530072,38.60427033,-9.24924281,16.16023110,39.62495421,0.09467513
2078,1,-9.32149372,17.93922302,36.68342258,-9.15040396,17.81380432,37.65298747,0.21229462
2079,1,-9.32149372,17.93922302,40.52511808,-9.30608281,17.89273322,41.43251387,0.07287024
2080,1,-7.76791143,17.04226187,45.53732572,-7.82666488,17.11957645,46.21008102,0.30449560
2081,1,-10.87507600,18.83618417,43.03122190,26.35242128,18.81418413,44.06124974,0.09284395
2082,3,-9.32149372,17.93922302,44.26951514,-9.34595871,17.99878768,45.11145149,0.13567087
2083,2,-7.76791143,18.83618417,47.45817347,-7.75193289,18.67230148,48.22784020,0.25269764
2084,2,-10.87507600,18.83618417,38.60427033,-10.62933633,18.90735755,39.48080408,0.26953251
2085,1,-10.87507600,20.63010647,36.68342258,-10.67428022,20.66881783,37.71175375,0.21518300
2086,1,-10.87507600,20.63010647,40.52511808,-10.95363086,20.58980634,41.33471605,0.17556838
2087,1,-9.32149372,19.73314532,45.53732572,-9.19411766,19.70174380,46.39738883,0.16574123
2088,1,-12.42865829,21.52706762,43.03122190,24.85413832,21.32470000,44.21950971,0.30407666
2089,3,-10.87507600,20.63010647,44.26951514,-10.81281489,20.51995332,45.22916521,0.12654272
2090,3,-9.32149372,19.73314532,41.79292866,-9.62111697,19.68281116,42.71542290,0.30629651
2091,2,-9.32149372,21.52706762,47.45817347,-8.99126791,21.27154134,48.87680979,0.61923477
2092,1,-9.32149372,19.73314532,49.37902122,-9.07169454,19.57898890,50.71068527,0.47254083
2093,2,-12.42865829,21.52706762,38.60427033,-12.17122285,21.66992525,39.44127587,0.31959874
2094,1,-12.42865829,23.32098992,36.68342258,-12.38503314,23.12417336,37.42292310,0.29976323
2095,3,-10.87507600,22.42402877,35.41561200,-10.65497738,22.42216053,36.40553292,0.22195287
2096,1,-12.42865829,23.32098992,40.52511808,-12.56782920,23.03892217,41.49136190,0.31457065
2097,1,-13.98224057,24.21795108,43.03122190,23.38243673,24.03567646,43.93543988,0.20659721
2098,3,-12.42865829,23.32098992,44.26951514,-12.36712933,23.20728962,45.18414705,0.13746395
2099,3,-10.87507600,22.42402877,41.79292866,-11.20635020,22.11708122,42.75030374,0.45163615
2100,2,-13.98224057,24.21795108,38.60427033,23.26069940,23.95411831,39.68233775,0.29168856
2101,3,-12.42865829,25.11491223,35.41561200,-12.29115415,24.81620014,36.21463987,0.36672255
2102,1,-13.98224057,26.01187338,40.52511808,-14.06873072,25.88355675,41.67034880,0.24032703
2103,3,-12.42865829,25.11491223,41.79292866,-12.42961421,25.00844591,42.58455276,0.20035856
2104,1,-12.42865829,25.11491223,49.37902122,-12.39482380,25.28269273,50.44411296,0.20014245
2105,2,-15.53582286,26.90883453,38.60427033,-15.37893072,26.88359005,39.79481947,0.27889739
2106,1,-15.53582286,28.70275683,36.68342258,-15.30798961,29.23049308,37.85399533,0.61170815
2107,1,-15.53582286,28.70275683,40.52511808,-15.47657056,29.01422471,41.09295790,0.50534634
2108,1,-13.98224057,27.80579568,49.37902122,-14.12167255,27.78547782,51.01268261,0.68691629
2109,2,-17.08940514,29.59971798,38.60427033,20.05401151,29.72791078,39.36568268,0.27700561
2110,1,-17.08940514,31.39364028,36.68342258,-17.17563257,31.46818799,37.57611217,0.13306786
2111,1,-17.08940514,31.39364028,40.52511808,-17.11207783,31.43944909,41.21941108,0.27190626
2112,1,0.00000000,0.00000000,43.03122190,-0.03356488,0.11738994,44.06623737,0.14259490
2113,2,-15.53582286,32.29060143,47.45817347,3.05501820,0.02620000,48.52149824,0.11749097
2114,1,-15.53582286,30.49667913,49.37902122,-15.51421919,30.50747448,50.36650721,0.03558431
2115,2,3.10716457,0.00000000,38.60427033,2.96792073,0.09686737,39.35744888,0.26852993
2116,1,3.10716457,1.79392230,36.68342258,3.16246320,1.89144205,37.51197086,0.17379549
2117,1,3.10716457,1.79392230,40.52511808,3.14636181,1.88209118,41.15994934,0.34047904
2118,1,4.66074686,0.89696115,45.53732572,4.73544251,1.24563032,47.13460783,0.72907936
2119,2,4.66074686,2.69088345,47.45817347,4.38263277,2.95631774,48.91880928,0.63014848
2120,1,4.66074686,0.89696115,49.37902122,4.60105794,0.92371949,50.40434332,0.09149289
2121,2,1.55358229,2.69088345,38.60427033,1.54421900,2.68007252,39.24218733,0.32375107
2122,1,1.55358229,4.48480575,36.68342258,1.55647794,4.57253029,37.61339667,0.09321241
2123,1,1.55358229,4.48480575,40.52511808,1.72991653,4.43980073,41.00377013,0.51586672
2124,1,3.10716457,3.58784460,45.53732572,3.17418071,3.74704142,46.83819480,0.38092865
2125,1,0.00000000,5.38176691,43.03122190,0.11581030,5.21194749,44.52271252,0.56859266
2126,3,1.55358229,4.48480575,44.26951514,1.78056400,4.33650227,45.38899410,0.31387698
2127,2,3.10716457,5.38176691,47.45817347,3.08908467,5.58101604,48.53041147,0.22874178
2128,1,3.10716457,3.58784460,49.37902122,3.46435327,3.87388255,51.05168039,0.84578919
2129,2,0.00000000,5.38176691,38.60427033,-0.03593063,5.28463833,39.45382331,0.15239421
2130,1,0.00000000,7.17568921,36.68342258,0.13749439,7.12893011,37.45882182,0.23594396
2131,1,0.00000000,7.17568921,40.52511808,-0.00898558,7.43416896,41.26501822,0.34049002
2132,1,1.55358229,6.27872806,45.53732572,1.68007868,6.60707683,46.56703790,0.35845134
2133,1,-1.55358229,8.07265036,43.03122190,-1.49772530,7.90021194,43.74272799,0.30867134
2134,3,-0.00000000,7.17568921,44.26951514,0.00692357,7.17211141,45.18161627,0.04986367
2135,3,1.55358229,6.27872806,41.79292866,2.12371775,6.33089891,42.95711340,0.60738567
2136,2,1.55358229,8.07265036,47.45817347,1.62777554,8.14568510,48.54484901,0.16292545
2137,1,1.55358229,6.27872806,49.37902122,2.08174032,6.42607185,50.66788491,0.63869007
2138,2,-1.55358229,8.07265036,38.60427033,-1.38160139,8.14023734,39.30244615,0.32156980
2139,1,-1.55358229,9.86657266,36.68342258,-1.77660278,10.08456696,37.53054593,0.33212624
2140,3,-0.00000000,8.96961151,35.41561200,0.04975662,8.97335652,36.24667747,0.13951462
2141,1,-1.55358229,9.86657266,40.52511808,-1.36739910,10.03215721,41.66962365,0.30923720
2142,1,0.00000000,8.96961151,45.53732572,0.12663866,9.07959245,46.78169657,0.32898757
2143,3,-0.00000000,8.96961151,41.79292866,0.11725313,9.01597687,42.74057330,0.12683034
2144,1,0.00000000,8.96961151,49.37902122,0.22469703,9.25393023,50.90505836,0.67096586
2145,3,-1.55358229,11.66049496,35.41561200,-1.46410567,11.51003200,36.06131238,0.36094476
2146,1,-4.66074686,13.45441726,43.03122190,-4.50312387,13.15834596,43.88630337,0.35184748
2147,3,-1.55358229,11.66049496,41.79292866,-1.57167644,11.74501278,42.81533284,0.10582073
2148,2,-1.55358229,13.45441726,47.45817347,-1.38240014,13.18357426,48.89550035,0.57376941
2149,1,-1.55358229,11.66049496,49.37902122,-1.66028012,11.48536513,50.70469075,0.41806954
2150,2,-4.66074686,13.45441726,38.60427033,-4.74506275,13.57928706,39.55553704,0.15100778
2151,1,-4.66074686,15.24833957,36.68342258,-4.66921453,15.24553274,37.69570002,0.05170086
2152,3,-3.10716457,14.35137842,35.41561200,-3.20925459,14.34067268,36.47345758,0.14088291
2153,1,-4.66074686,15.24833957,40.52511808,-4.22417584,15.42229215,41.15750789,0.57364613
2154,3,-3.10716457,14.35137842,41.79292866,-3.17823653,14.38664836,42.70886042,0.09142315
2155,1,-3.10716457,14.35137842,49.37902122,-2.94417749,14.46348530,50.53235855,0.27566484
2156,2,-6.21432914,16.14530072,38.60427033,-6.14065018,16.18033901,39.56053704,0.08174431
2157,1,-6.21432914,17.93922302,36.68342258,-6.22255202,17.82116660,37.63827274,0.11852091
2158,3,-4.66074686,17.04226187,35.41561200,-4.80354684,17.03091712,36.34047126,0.14782509
2159,2,-7.76791143,18.83618417,38.60427033,-7.68522959,18.69435141,39.47582188,0.18712814
2160,1,-7.76791143,20.63010647,36.68342258,-7.74661333,20.63306915,37.70301662,0.06208479
2161,1,-7.76791143,20.63010647,40.52511808,-7.90348022,20.45516728,41.23445991,0.33539789
2162,1,-6.21432914,19.73314532,45.53732572,-5.98213686,19.37450691,46.50264342,0.42725928
2163,2,-6.21432914,21.52706762,47.45817347,-5.93917422,21.59362761,49.13227126,0.76690744
2164,1,-6.21432914,19.73314532,49.37902122,-5.99918266,19.94416236,51.00576130,0.73045019
2165,2,-9.32149372,21.52706762,38.60427033,-9.22078727,21.70788701,39.52282455,0.21135063
2166,1,-9.32149372,23.32098992,36.68342258,-9.29445523,23.36088669,37.65294042,0.04888264
2167,3,-7.76791143,22.42402877,35.41561200,-7.75088173,22.47027935,36.46689112,0.10254760
2168,1,-10.87507600,24.21795108,43.03122190,-10.98246615,23.88665397,43.80232761,0.39684262
2169,1,-7.76791143,22.42402877,49.37902122,-7.70465295,22.32578645,50.73892974,0.41533177
2170,3,-9.32149372,25.11491223,35.41561200,-9.42660717,25.12933460,36.58365110,0.23232821
2171,1,-9.32149372,25.11491223,45.53732572,-9.33558928,25.48401923,47.19407039,0.78740689
2172,1,-12.42865829,26.90883453,43.03122190,-12.20284710,26.66364941,43.80812552,0.38095622
2173,3,-10.87507600,26.01187338,44.26951514,-11.23480978,26.20254541,45.57971788,0.53615394
2174,2,-9.32149372,26.90883453,47.45817347,-9.36839078,27.40129502,48.79321986,0.61997110
2175,1,-9.32149372,25.11491223,49.37902122,-9.38741732,25.36140966,50.50187836,0.30197816
2176,1,-12.42865829,28.70275683,36.68342258,-12.24317592,28.95917840,37.56201868,0.32711507
2177,3,-10.87507600,27.80579568,35.41561200,-11.15272354,27.82604587,36.14917109,0.35970522
2178,1,-12.42865829,28.70275683,40.52511808,-12.63568284,28.64873607,41.69988646,0.30219854
2179,1,-10.87507600,27.80579568,45.53732572,-10.83572460,28.02480999,46.47879277,0.22340817
2180,3,-10.87507600,27.80579568,41.79292866,-10.79710984,27.79956822,42.64140737,0.13732402
2181,1,-10.87507600,27.80579568,49.37902122,-10.47437641,28.04541081,50.93709772,0.75766463
2182,2,-13.98224057,29.59971798,38.60427033,-13.54750136,29.66776587,39.56973862,0.44005187
2183,1,-13.98224057,31.39364028,36.68342258,-13.84943609,31.75083475,37.54890136,0.39295877
2184,3,-12.42865829,30.49667913,35.41561200,-12.67705017,30.56168364,36.32428570,0.26210516
2185,1,-13.98224057,31.39364028,40.52511808,-14.10372257,31.59778360,41.20740882,0.36647996
2186,1,-12.42865829,30.49667913,45.53732572,-12.32975456,30.61183197,47.07902525,0.59987113
2187,3,-12.42865829,30.49667913,41.79292866,-12.35125457,30.41251801,42.74699080,0.11457562
2188,2,-12.42865829,32.29060143,47.45817347,6.31426497,0.17842577,48.74789502,0.38684555
2189,2,6.21432914,0.00000000,38.60427033,6.18576975,0.11969647,39.51532634,0.13293822
2190,1,6.21432914,1.79392230,36.68342258,6.34593477,1.93979248,37.66923328,0.19798075
2191,1,6.21432914,1.79392230,40.52511808,6.16112170,1.88420695,41.37030545,0.15644990
2192,1,7.76791143,0.89696115,45.53732572,7.62583379,0.98185926,46.47562288,0.16710856
2193,3,6.21432914,1.79392230,44.26951514,6.20364264,1.71819666,45.16282728,0.10236210
2194,3,7.76791143,0.89696115,41.79292866,7.60247555,1.02207962,42.69369517,0.21608856
2195,2,7.76791143,2.69088345,47.45817347,7.76891069,2.73724260,48.52513293,0.11533908
2196,2,4.66074686,2.69088345,38.60427033,4.77574624,2.78672424,39.49830952,0.16413814
2197,1,4.66074686,4.48480575,36.68342258,4.65963134,4.43651878,37.62774895,0.05121278
2198,3,6.21432914,3.58784460,35.41561200,6.04845580,3.50119836,36.34191778,0.19039374
2199,1,4.66074686,4.48480575,40.52511808,4.63667362,4.45055510,41.35481893,0.13814723
2200,1,6.21432914,3.58784460,45.53732572,6.29710604,3.58911498,46.33343732,0.18481889
2201,1,3.10716457,5.38176691,43.03122190,3.15406326,4.81035584,43.91345509,0.57876582
2202,3,4.66074686,4.48480575,44.26951514,4.70408641,4.20635310,45.14668729,0.29410958
2203,2,6.21432914,5.38176691,47.45817347,6.17154964,5.20247488,48.23491217,0.26087888
2204,1,6.21432914,3.58784460,49.37902122,6.31535954,3.61004307,50.35808406,0.10494563
2205,2,3.10716457,5.38176691,38.60427033,3.14621162,5.54941369,39.27253720,0.33989560
2206,3,4.66074686,6.27872806,35.41561200,5.12893780,6.25211231,36.50566079,0.48628595
2207,1,3.10716457,7.17568921,40.52511808,2.91595737,7.31244467,41.31480477,0.29108630
2208,1,4.66074686,6.27872806,45.53732572,4.76987969,6.07055084,46.04595970,0.51009935
2209,1,1.55358229,8.07265036,43.03122190,1.45456543,8.01291606,43.96275072,0.11942339
2210,3,3.10716457,7.17568921,44.26951514,3.25220783,7.34071112,45.43635545,0.30082423
2211,2,1.55358229,8.07265036,38.60427033,1.56909538,8.07353990,39.34825680,0.21792023
2212,1,1.55358229,9.86657266,40.52511808,1.55423309,9.89495087,41.53610387,0.05717743
2213,1,0.00000000,10.76353381,43.03122190,-0.00509235,11.09995793,44.03108712,0.33865969
2214,3,1.55358229,9.86657266,44.26951514,1.48127246,9.85461858,45.24609591,0.07485671
2215,3,3.10716457,8.96961151,41.79292866,3.13781827,9.02284629,42.54602663,0.21712517
2216,1,3.10716457,8.96961151,49.37902122,3.09853898,9.15375045,50.35407371,0.18484928
2217,3,1.55358229,11.66049496,35.41561200,1.40407689,11.76341955,36.44754472,0.19474848
2218,1,-1.55358229,13.45441726,43.03122190,-1.60632922,13.57554293,43.80195206,0.23192748
2219,3,-0.00000000,12.55745611,44.26951514,0.00260920,12.64413210,45.41084041,0.19977464
2220,3,1.55358229,11.66049496,41.79292866,1.55546814,11.57630837,42.75594270,0.08422411
2221,1,1.55358229,11.66049496,49.37902122,1.50249848,11.84426117,50.28533005,0.19851782
2222,1,-1.55358229,15.24833957,36.68342258,-1.56594748,15.13993379,37.61620124,0.11278806
2223,3,-0.00000000,14.35137842,35.41561200,0.05707043,14.33233800,36.61527428,0.24578722
2224,1,-1.55358229,15.24833957,40.52511808,-1.30851566,15.35693080,41.41681727,0.27694986
2225,1,0.00000000,14.35137842,45.53732572,-0.19934002,14.48319651,46.34106145,0.28627844
2226,1,-3.10716457,16.14530072,43.03122190,-3.18924157,16.44965739,43.91867550,0.32377553
2227,3,-1.55358229,15.24833957,44.26951514,-1.71303372,15.36111869,45.12474673,0.22227333
2228,3,-0.00000000,14.35137842,41.79292866,-0.02758181,14.38555572,42.73439054,0.04821267
2229,2,0.00000000,16.14530072,47.45817347,-0.28560849,16.12758264,48.46601920,0.28991000
2230,1,0.00000000,14.35137842,49.37902122,0.10932187,14.43660356,50.47664014,0.19437919
2231,1,-3.10716457,17.93922302,36.68342258,-3.30570947,18.06293321,37.71679121,0.24476659
2232,3,-1.55358229,17.04226187,35.41561200,-1.90766078,16.95008233,36.67023764,0.46891158
2233,1,-1.55358229,17.04226187,45.53732572,-1.52836682,17.08566747,46.52387429,0.05616700
2234,3,-3.10716457,17.93922302,44.26951514,-3.09659719,17.98604626,45.30401986,0.08749517
2235,3,-1.55358229,17.04226187,41.79292866,-1.60717340,16.96560711,42.68615432,0.11571153
2236,2,-1.55358229,18.83618417,47.45817347,-1.57242009,18.87708461,48.30364636,0.12432087
2237,1,-4.66074686,20.63010647,36.68342258,-4.80269281,20.57796402,37.79583967,0.21374786
2238,3,-3.10716457,19.73314532,35.41561200,-3.16731326,19.84238841,36.45636513,0.14783929
2239,1,-3.10716457,19.73314532,45.53732572,-3.07239180,19.70205533,46.48600787,0.04833486
2240,1,-6.21432914,21.52706762,43.03122190,-6.03906421,21.68275053,44.45126982,0.51512804
2241,3,-4.66074686,20.63010647,44.26951514,-4.58155780,20.48299267,45.30245066,0.18176241
2242,2,-3.10716457,21.52706762,47.45817347,-2.96653125,21.46098199,48.60875137,0.24484991
2243,2,-6.21432914,21.52706762,38.60427033,-6.12238905,21.38855114,39.75432173,0.25149007
2244,1,-6.21432914,23.32098992,36.68342258,-6.27909750,23.31097825,37.74634741,0.12088098
2245,3,-4.66074686,22.42402877,35.41561200,-4.81748496,22.31530822,36.66904377,0.34885179
2246,1,-6.21432914,23.32098992,40.52511808,-5.89032120,23.68386869,40.70928908,0.91688193
2247,1,-4.66074686,22.42402877,45.53732572,-4.35151606,22.37310101,46.74216165,0.39686489
2248,3,-4.66074686,22.42402877,41.79292866,-4.46122362,22.59539517,42.73114479,0.26402885
2249,1,-4.66074686,22.42402877,49.37902122,-4.37322742,22.67118306,50.75121733,0.55905773
2250,1,-7.76791143,26.01187338,36.68342258,-7.87634691,26.07012750,37.75347179,0.16421595
2251,3,-6.21432914,25.11491223,35.41561200,-6.41450514,25.06378432,36.65200355,0.34399308
2252,1,-9.32149372,26.90883453,43.03122190,-9.30945318,27.04189926,44.08714063,0.16368891
2253,3,-7.76791143,26.01187338,44.26951514,-7.69305356,26.34818616,45.44641948,0.40641456
2254,3,-6.21432914,25.11491223,41.79292866,-6.03089570,25.00537516,43.15947619,0.45807161
2255,2,-6.21432914,26.90883453,47.45817347,-6.24858135,27.09963194,48.51715599,0.21704511
2256,1,-6.21432914,25.11491223,49.37902122,-6.51042313,24.99405006,50.90255169,0.64677966
2257,3,-7.76791143,27.80579568,35.41561200,-8.20335983,27.88461105,36.51983490,0.46501534
2258,1,-7.76791143,27.80579568,45.53732572,-7.79220451,27.97421653,46.72487444,0.28305598
2259,1,-10.87507600,29.59971798,43.03122190,-10.86501927,29.51322775,43.87421486,0.14693728
2260,3,-9.32149372,28.70275683,44.26951514,-9.36291140,28.76934554,45.22789672,0.07847487
2261,3,-7.76791143,27.80579568,41.79292866,-7.77417816,27.95556664,42.74713472,0.15007224
2262,2,-7.76791143,29.59971798,47.45817347,-7.62708750,29.76146361,48.46061228,0.21836014
2263,1,-7.76791143,27.80579568,49.37902122,-7.58795529,27.85807464,50.48315274,0.23559136
2264,1,-10.87507600,31.39364028,40.52511808,-11.00003526,31.41319989,41.29172919,0.23220984
2265,1,-9.32149372,30.49667913,45.53732572,-9.24757455,30.49040006,46.37372466,0.14531600
2266,1,6.21432914,0.00000000,43.03122190,-12.58116858,32.27912548,43.61369017,0.40858779
2267,3,-10.87507600,31.39364028,44.26951514,-11.00778283,31.30903140,45.36633445,0.20765633
2268,3,-9.32149372,30.49667913,41.79292866,-9.45414603,30.61187744,42.82986921,0.19126138
2269,1,7.76791143,2.69088345,43.03122190,7.76216759,2.63230627,43.98594941,0.05922974
2270,3,9.32149372,1.79392230,44.26951514,9.21157989,1.87839661,45.48183166,0.28670567
2271,3,10.87507600,0.89696115,41.79292866,10.48302174,0.91274001,43.05473572,0.49419505
2272,2,7.76791143,2.69088345,38.60427033,7.77874944,2.60320408,39.60345789,0.09610756
2273,1,7.76791143,4.48480575,36.68342258,7.70290698,4.52868710,37.49943081,0.16515437
2274,1,7.76791143,4.48480575,40.52511808,7.85273841,4.41498836,41.39564911,0.14254310
2275,1,9.32149372,3.58784460,45.53732572,9.32486254,3.65482420,46.54000218,0.07877389
2276,3,9.32149372,3.58784460,41.79292866,9.15420014,3.47872460,42.70764037,0.20510883
2277,2,9.32149372,5.38176691,47.45817347,9.31445723,5.24120199,48.75887190,0.36737447
2278,1,9.32149372,3.58784460,49.37902122,9.20154154,3.74345402,50.83215440,0.52957675
2279,3,7.76791143,6.27872806,35.41561200,8.02704717,6.36603286,36.33882310,0.27609453
2280,1,7.76791143,6.27872806,45.53732572,7.60029102,6.50596042,46.65569560,0.32308785
2281,1,4.66074686,8.07265036,43.03122190,4.37547916,7.89131606,43.78609832,0.39609589
2282,3,6.21432914,8.96961151,35.41561200,6.43862032,9.02460665,36.37860530,0.23094088
2283,1,4.66074686,9.86657266,40.52511808,4.87211165,10.01736377,41.64390077,0.30364034
2284,1,6.21432914,8.96961151,45.53732572,6.13122131,8.93395605,45.93509920,0.57078803
2285,1,3.10716457,10.76353381,43.03122190,3.01160032,10.49213023,44.00431077,0.28797601
2286,3,4.66074686,9.86657266,44.26951514,4.37104794,10.02115105,45.49371791,0.42060726
2287,3,6.21432914,8.96961151,41.79292866,5.95808491,9.10908022,43.23777188,0.56469140
2288,3,4.66074686,11.66049496,35.41561200,4.80273787,11.70219357,36.45773964,0.16859692
2289,1,4.66074686,11.66049496,45.53732572,4.66409899,11.71921813,46.64216977,0.15507937
2290,3,4.66074686,11.66049496,41.79292866,4.45126312,11.58038269,42.98876605,0.32447621
2291,2,4.66074686,13.45441726,47.45817347,4.85024295,13.26859770,48.67833345,0.37070102
2292,1,4.66074686,11.66049496,49.37902122,4.41800867,11.75432633,50.61597561,0.37905518
2293,1,1.55358229,15.24833957,36.68342258,1.57973499,15.27660885,37.65455419,0.03973357
2294,3,3.10716457,14.35137842,35.41561200,3.21564973,14.13451555,36.54892214,0.29726778
2295,1,0.00000000,16.14530072,43.03122190,-0.15159410,16.20104849,43.97055673,0.16301331
2296,1,3.10716457,14.35137842,49.37902122,3.04014845,14.33600061,50.32288007,0.07094821
2297,2,0.00000000,16.14530072,38.60427033,0.23235119,16.18367332,39.55810080,0.23561856
2298,1,0.00000000,17.93922302,40.52511808,0.10711633,17.91899026,41.35029569,0.17443262
2299,1,1.55358229,17.04226187,45.53732572,1.40166935,17.13876758,46.26852179,0.29216887
2300,1,-1.55358229,18.83618417,43.03122190,-1.61041118,18.91223338,44.04393775,0.10794095
2301,3,-0.00000000,17.93922302,44.26951514,-0.17986505,17.99638181,45.24309524,0.18912453
2302,3,1.55358229,17.04226187,41.79292866,1.35660658,16.93962568,42.75890997,0.22215996
2303,1,0.00000000,19.73314532,45.53732572,0.00065446,19.72922131,46.49419128,0.00599620
2304,1,-3.10716457,21.52706762,43.03122190,-3.15591326,21.40293761,44.00756201,0.13419888
2305,3,-1.55358229,20.63010647,44.26951514,-1.54210035,20.57781232,45.27252768,0.06783887
2306,3,-0.00000000,19.73314532,41.79292866,-0.10355276,19.45098377,42.72950011,0.30158314
2307,2,0.00000000,21.52706762,47.45817347,0.00235092,21.53794465,48.23452189,0.18533798
2308,2,-3.10716457,21.52706762,38.60427033,-3.17531346,21.38174647,39.58740799,0.16197877
2309,1,-3.10716457,23.32098992,36.68342258,-2.95753555,22.85785581,37.58541511,0.49031174
2310,3,-1.55358229,22.42402877,35.41561200,-1.45068725,22.37187848,36.25069162,0.17103146
2311,1,-3.10716457,23.32098992,40.52511808,-2.95543818,23.23247916,41.46032271,0.17759149
2312,1,-1.55358229,22.42402877,45.53732572,-1.44785843,22.35131170,46.36681475,0.18399226
2313,1,-4.66074686,24.21795108,43.03122190,-4.46392090,24.13792734,44.19904354,0.29626671
2314,3,-3.10716457,23.32098992,44.26951514,-2.89693857,23.14298721,45.11714712,0.29801373
2315,3,-1.55358229,22.42402877,41.79292866,-1.63641168,21.91843688,42.68625027,0.51682880
2316,2,-1.55358229,24.21795108,47.45817347,-1.21903179,24.16877369,48.78235720,0.49597309
2317,1,-1.55358229,22.42402877,49.37902122,-1.48499659,22.31286396,50.43134576,0.15917794
2318,1,-4.66074686,26.01187338,40.52511808,-4.72005199,26.06183472,41.95361029,0.47353268
2319,1,-6.21432914,26.90883453,43.03122190,-6.19241101,27.12574967,44.24987494,0.33724828
2320,3,-4.66074686,26.01187338,44.26951514,-4.52098034,25.96398303,45.45942812,0.27215488
2321,3,-3.10716457,25.11491223,41.79292866,-3.13526206,25.16735434,42.98941609,0.24254548
2322,1,-6.21432914,28.70275683,36.68342258,-6.51209329,29.01373436,37.72157899,0.43734360
2323,3,-4.66074686,27.80579568,35.41561200,-5.29178505,27.88083155,36.49046879,0.64554080
2324,1,-6.21432914,28.70275683,40.52511808,-6.26686574,28.71798114,41.54922570,0.08324746
2325,1,-7.76791143,29.59971798,43.03122190,-7.72433603,29.60779962,43.99448985,0.04435988
2326,3,-6.21432914,28.70275683,44.26951514,-6.21561008,28.88988831,45.33409311,0.21371811
2327,3,-4.66074686,27.80579568,41.79292866,-4.54233306,27.73691077,43.15809737,0.42642102
2328,2,-4.66074686,29.59971798,47.45817347,-4.67842057,29.68433064,48.34847585,0.11189151
2329,3,-6.21432914,30.49667913,35.41561200,-6.24989547,30.62298259,36.44063385,0.14584709
2330,1,9.32149372,0.00000000,43.03122190,-9.68877679,32.24963435,44.07524188,0.37869401
2331,3,-6.21432914,30.49667913,41.79292866,-6.61882095,30.70604883,42.20384021,0.71444663
2332,1,-6.21432914,30.49667913,49.37902122,-6.08755055,30.47277555,50.36852481,0.13204811
2333,2,12.42865829,0.00000000,38.60427033,12.49397190,0.28694794,39.31293004,0.38788966
2334,1,12.42865829,1.79392230,36.68342258,12.31844651,2.01352769,37.51782248,0.27656826
2335,3,13.98224057,0.89696115,35.41561200,14.08411275,0.81920978,36.26271086,0.17168867
2336,1,13.98224057,0.89696115,45.53732572,14.12057647,0.88741264,46.67702984,0.22591474
2337,1,10.87507600,2.69088345,43.03122190,10.94431993,2.72681542,43.94050486,0.09379240
2338,3,12.42865829,1.79392230,44.26951514,12.48226507,1.68993353,45.33632183,0.15750569
2339,2,13.98224057,2.69088345,47.45817347,14.08535752,2.68188226,48.41281208,0.10372654
2340,1,13.98224057,0.89696115,49.37902122,14.08243277,0.89782468,50.37489751,0.10597711
2341,2,10.87507600,2.69088345,38.60427033,11.06735489,2.86964857,39.50178970,0.27019020
2342,1,10.87507600,4.48480575,36.68342258,10.76923897,4.49792191,37.53596399,0.15235898
2343,3,12.42865829,3.58784460,35.41561200,12.29090085,3.73009443,36.35985325,0.19875840
2344,1,10.87507600,4.48480575,40.52511808,10.80294974,4.43513062,41.56684494,0.11886940
2345,1,12.42865829,3.58784460,45.53732572,12.55994336,3.51730855,46.62131101,0.19300266
2346,3,10.87507600,4.48480575,44.26951514,11.17785855,4.28524449,45.28401197,0.36650558
2347,2,12.42865829,5.38176691,47.45817347,12.51799017,5.29719969,48.50714744,0.15102783
2348,2,9.32149372,5.38176691,38.60427033,9.22051085,5.16888597,39.37595028,0.30247532
2349,1,9.32149372,7.17568921,36.68342258,9.17682971,7.21253341,37.83871959,0.24474443
2350,3,10.87507600,6.27872806,35.41561200,10.95167446,6.30299634,36.53762773,0.17963603
2351,1,10.87507600,6.27872806,45.53732572,11.13380344,6.26118871,46.62945341,0.29043036
2352,3,9.32149372,7.17568921,44.26951514,9.33530905,6.51832469,45.52529205,0.72042002
2353,2,10.87507600,8.07265036,47.45817347,11.06363423,7.86308669,48.62645137,0.34969910
2354,1,10.87507600,6.27872806,49.37902122,10.87836086,6.18260176,50.46382605,0.15649810
2355,1,7.76791143,9.86657266,36.68342258,7.85179043,9.85048534,37.78899330,0.16761123
2356,3,9.32149372,8.96961151,35.41561200,9.32929997,8.94344564,36.65651758,0.28088394
2357,1,9.32149372,8.96961151,45.53732572,9.42766684,8.77143902,46.97333075,0.52520525
2358,1,6.21432914,10.76353381,43.03122190,6.20042243,11.13260006,44.00280434,0.36946982
2359,3,7.76791143,9.86657266,44.26951514,7.60110382,10.30881888,45.31164938,0.47951253
2360,2,9.32149372,10.76353381,47.45817347,9.35378953,10.86071547,48.33852930,0.13056675
2361,2,6.21432914,10.76353381,38.60427033,6.39256363,10.91562103,39.51249107,0.24025193
2362,1,6.21432914,12.55745611,36.68342258,6.30421173,12.59564195,37.56930566,0.12342041
2363,3,7.76791143,11.66049496,35.41561200,8.00291240,11.52288880,36.49212839,0.29567506
2364,1,6.21432914,12.55745611,40.52511808,6.29542349,12.56481218,41.38466433,0.13036418
2365,1,7.76791143,11.66049496,45.53732572,7.58719481,11.73968271,46.80854200,0.36734869
2366,3,6.21432914,12.55745611,44.26951514,6.07438606,12.78809785,45.24042035,0.26994618
2367,3,7.76791143,11.66049496,41.79292866,7.75842433,11.66068365,42.74502436,0.01325594
2368,2,7.76791143,13.45441726,47.45817347,7.80089936,13.34276349,48.71420263,0.31684285
2369,2,4.66074686,13.45441726,38.60427033,4.97551856,13.50483722,39.47927372,0.33027183
2370,1,4.66074686,15.24833957,36.68342258,4.69161796,15.22935452,37.61012340,0.05014141
2371,1,6.21432914,14.35137842,45.53732572,6.06120852,14.36759637,46.57954827,0.17392237
2372,2,6.21432914,16.14530072,47.45817347,6.77419178,16.09790834,48.97537036,0.79035166
2373,1,6.21432914,14.35137842,49.37902122,6.25744579,14.20304832,50.51705146,0.23468289
2374,2,3.10716457,16.14530072,38.60427033,3.17461980,16.22583401,39.32477983,0.26275642
2375,1,3.10716457,17.93922302,36.68342258,3.16360481,18.09352136,37.66769677,0.16588823
2376,1,3.10716457,17.93922302,40.52511808,3.09747179,17.77513126,41.28131444,0.26288571
2377,1,4.66074686,17.04226187,45.53732572,4.63758334,16.96657265,46.05894418,0.44680085
2378,1,1.55358229,18.83618417,43.03122190,1.47665116,18.95325095,43.97186501,0.14160469
2379,3,3.10716457,17.93922302,44.26951514,3.01649716,18.02166084,45.31926770,0.15110007
2380,1,4.66074686,17.04226187,49.37902122,4.66721330,16.75082496,50.62926390,0.41040846
2381,2,1.55358229,18.83618417,38.60427033,1.51310879,19.00763289,39.59748544,0.17901962
2382,1,1.55358229,20.63010647,36.68342258,1.55371659,20.61640518,37.65437101,0.01672826
2383,1,3.10716457,19.73314532,45.53732572,3.10716457,19.73314532,46.49867773,0.00000000
2384,3,1.55358229,20.63010647,44.26951514,1.52328356,20.57458922,45.25924237,0.06932050
2385,3,3.10716457,19.73314532,41.79292866,3.07932919,19.28142683,42.70222862,0.45555880
2386,1,0.00000000,23.32098992,36.68342258,-0.05921207,23.26663051,37.49627116,0.16886172
2387,3,1.55358229,22.42402877,35.41561200,1.53451768,22.31320511,36.46746149,0.14434381
2388,1,1.55358229,22.42402877,45.53732572,1.70653180,22.45481458,46.65673275,0.22208717
2389,2,1.55358229,24.21795108,47.45817347,1.70862484,24.23183054,48.41085868,0.15590365
2390,1,1.55358229,22.42402877,49.37902122,1.60763387,22.53010091,50.35963569,0.12059815
2391,2,-1.55358229,24.21795108,38.60427033,-1.69571240,24.19437608,39.46435524,0.17610160
2392,1,-1.55358229,26.01187338,40.52511808,-1.77648456,25.91088956,41.61495971,0.27639236
2393,1,0.00000000,25.11491223,49.37902122,0.15564725,25.19413815,50.59707116,0.31047808
2394,2,-3.10716457,26.90883453,38.60427033,-3.00934936,27.15342339,39.83438233,0.37632892
2395,1,-3.10716457,28.70275683,40.52511808,-3.34712776,28.69812479,41.76676562,0.36901134
2396,3,-1.55358229,27.80579568,41.79292866,-1.52092093,27.87122362,42.89214902,0.15606173
2397,2,-4.66074686,29.59971798,38.60427033,-4.68057988,29.62398471,39.51780647,0.05717150
2398,1,-4.66074686,31.39364028,36.68342258,-4.68000895,31.35167540,37.57870096,0.08060896
2399,3,-3.10716457,30.49667913,35.41561200,-3.10694947,30.48822543,36.36285991,0.01644497
2400,1,-4.66074686,31.39364028,40.52511808,-4.68172672,31.49620481,41.16980287,0.33352326
2401,2,-3.10716457,32.29060143,47.45817347,-3.05856314,32.26125835,48.48008559,0.08300989
2402,1,-3.10716457,30.49667913,49.37902122,-3.10435177,30.50888685,50.34339183,0.01288612
2403,2,15.53582286,0.00000000,38.60427033,-3.17371889,32.27976736,39.34052894,0.23497637
2404,1,15.53582286,1.79392230,36.68342258,15.84544604,1.49070810,37.37603314,0.50992875
2405,1,17.08940514,0.89696115,45.53732572,17.05044378,0.96738391,46.71267095,0.22862732
2406,3,15.53582286,1.79392230,44.26951514,15.45417590,2.01215841,45.21073972,0.23387675
2407,2,17.08940514,2.69088345,47.45817347,17.09022634,2.74075329,48.46990738,0.07089437
2408,1,17.08940514,0.89696115,49.37902122,17.00913590,0.94794405,50.44186428,0.13907854
2409,2,13.98224057,2.69088345,38.60427033,14.01735885,2.80124183,39.57896980,0.11657796
2410,1,13.98224057,4.48480575,36.68342258,14.40226636,4.01836122,37.05855821,0.85886076
2411,1,13.98224057,4.48480575,40.52511808,14.18162919,4.39194912,41.50172383,0.22047868
2412,1,15.53582286,3.58784460,45.53732572,15.56120675,3.55291736,46.59018131,0.10117885
2413,1,12.42865829,5.38176691,43.03122190,12.48076886,5.33397426,44.06301106,0.09980501
2414,3,13.98224057,4.48480575,44.26951514,14.06897691,4.56570420,45.23263808,0.11862077
2415,2,12.42865829,5.38176691,38.60427033,12.54425329,5.39844086,39.90789946,0.36165432
2416,1,12.42865829,7.17568921,40.52511808,12.36180269,7.09731520,41.72868813,0.26321424
2417,3,12.42865829,7.17568921,44.26951514,12.42865829,7.17568921,45.23086715,0.00000000
2418,3,13.98224057,6.27872806,41.79292866,14.05959691,6.32048644,42.89690584,0.16754016
2419,1,12.42865829,8.96961151,45.53732572,12.37874147,8.91883144,46.57286671,0.10283146
2420,3,12.42865829,8.96961151,41.79292866,12.49401813,8.94510278,42.73306836,0.07295580
2421,2,12.42865829,10.76353381,47.45817347,12.27904933,10.55274817,48.58585840,0.30737610
2422,1,12.42865829,8.96961151,49.37902122,12.44214441,8.88536984,50.43999716,0.13116197
2423,2,9.32149372,10.76353381,38.60427033,9.57084311,10.80932831,39.57897070,0.25387090
2424,1,9.32149372,12.55745611,36.68342258,9.38539217,12.63500190,37.55993310,0.13150833
2425,3,10.87507600,11.66049496,35.41561200,11.01740512,11.31538050,36.44928774,0.38025293
2426,1,9.32149372,12.55745611,40.52511808,9.21718391,12.39723605,41.47311136,0.19164931
2427,1,10.87507600,11.66049496,45.53732572,10.89276853,11.56201248,46.48104165,0.10160146
2428,2,10.87507600,13.45441726,47.45817347,10.87665399,13.42317939,48.14540326,0.27590087
2429,2,7.76791143,13.45441726,38.60427033,7.92597496,13.43825330,39.41982290,0.21564514
2430,1,7.76791143,15.24833957,36.68342258,7.76791143,15.24833957,37.64477459,0.00000000
2431,1,7.76791143,15.24833957,40.52511808,7.90350885,15.01145476,41.36038858,0.30066197
2432,1,9.32149372,14.35137842,45.53732572,8.98414174,14.31194178,46.74064423,0.41702445
2433,2,9.32149372,16.14530072,47.45817347,9.64596680,16.21360175,48.21711906,0.38847931
2434,2,6.21432914,16.14530072,38.60427033,6.33372138,16.11626955,39.70033247,0.18232974
2435,1,6.21432914,17.93922302,36.68342258,6.12267126,17.89985048,37.96580132,0.33616890
2436,1,6.21432914,17.93922302,40.52511808,6.03446349,18.16510144,41.17547067,0.42437408
2437,1,7.76791143,17.04226187,45.53732572,7.48924405,17.00913575,46.76343312,0.38580858
2438,1,4.66074686,18.83618417,43.03122190,4.70270743,19.00449053,43.95769757,0.17692959
2439,3,6.21432914,17.93922302,44.26951514,6.09598207,18.68506309,45.45686185,0.78826204
2440,2,7.76791143,18.83618417,47.45817347,7.32510485,18.98955971,48.75626345,0.57705649
2441,2,4.66074686,18.83618417,38.60427033,4.45966029,19.16293315,39.51455882,0.38705063
2442,1,4.66074686,20.63010647,36.68342258,4.69955587,20.66151192,37.53188060,0.12344025
2443,3,6.21432914,19.73314532,35.41561200,6.28859207,19.88962758,36.39374367,0.17402079
2444,1,4.66074686,20.63010647,40.52511808,4.51842519,20.66912274,41.50509675,0.14874366
2445,1,6.21432914,19.73314532,45.53732572,6.21714964,20.19364237,46.87028316,0.59173987
2446,3,4.66074686,20.63010647,44.26951514,4.39261161,21.02153407,45.17528730,0.47770409
2447,3,6.21432914,19.73314532,41.79292866,6.03841803,20.04486513,42.76532569,0.35810048
2448,2,6.21432914,21.52706762,47.45817347,6.12177163,21.76631424,48.80726735,0.46491891
2449,1,6.21432914,19.73314532,49.37902122,6.16016912,19.99295085,50.72360492,0.46615313
2450,1,3.10716457,23.32098992,36.68342258,3.16118218,23.14881586,37.67085208,0.18232346
2451,3,4.66074686,22.42402877,35.41561200,4.66074686,22.42402877,36.37696401,0.00000000
2452,1,4.66074686,22.42402877,45.53732572,4.62699176,22.63036007,46.54410455,0.21395235
2453,2,4.66074686,24.21795108,47.45817347,4.65964289,24.30003973,48.41004956,0.08264114
2454,2,1.55358229,24.21795108,38.60427033,1.25028486,24.01075749,39.48770144,0.37548658
2455,1,1.55358229,26.01187338,36.68342258,1.69540787,25.68559644,37.69018053,0.35865420
2456,3,3.10716457,25.11491223,35.41561200,3.14743330,25.05682463,36.34308758,0.07837954
2457,1,1.55358229,26.01187338,40.52511808,1.58932087,25.73555047,41.57978537,0.29383556
2458,1,0.00000000,26.90883453,43.03122190,-0.20314664,26.67231790,43.96387913,0.31310073
2459,2,3.10716457,26.90883453,47.45817347,3.17939234,26.83995940,48.67999276,0.27893339
2460,1,3.10716457,25.11491223,49.37902122,3.10802688,25.04377795,50.41289226,0.10158660
2461,2,0.00000000,26.90883453,38.60427033,-0.06982708,26.61307568,39.93312844,0.47687509
2462,3,1.55358229,27.80579568,35.41561200,1.66989567,27.64601540,36.08616932,0.35159649
2463,1,0.00000000,28.70275683,40.52511808,0.04136645,28.67178558,41.53324024,0.06969826
2464,1,1.55358229,27.80579568,45.53732572,1.60690702,27.70680815,46.94501019,0.46027679
2465,3,-0.00000000,28.70275683,44.26951514,0.11767477,27.98476795,45.53321050,0.78788761
2466,3,1.55358229,27.80579568,41.79292866,1.49100388,27.31150484,42.95911704,0.53869976
2467,2,1.55358229,29.59971798,47.45817347,1.72140623,29.49266660,48.68624568,0.33281307
2468,1,1.55358229,27.80579568,49.37902122,1.58241621,27.74754489,50.46656404,0.14194601
2469,2,-1.55358229,29.59971798,38.60427033,-1.47076591,29.78656368,39.88854359,0.38216227
2470,1,-1.55358229,31.39364028,40.52511808,-1.62646958,31.90221296,41.26348830,0.56007107
2471,1,0.00000000,30.49667913,45.53732572,0.05977285,30.47133591,47.10021853,0.60503422
2472,3,-0.00000000,30.49667913,41.79292866,0.17106472,30.40715517,43.27734933,0.55756480
2473,2,0.00000000,32.29060143,47.45817347,18.60495132,0.06339898,48.73738352,0.32634324
2474,1,0.00000000,30.49667913,49.37902122,0.00071257,30.46425691,50.36884592,0.04315556
2475,2,18.64298743,0.00000000,38.60427033,18.61145090,0.03610319,39.38990956,0.18213450
2476,1,18.64298743,1.79392230,40.52511808,18.89902422,1.84746787,41.09114160,0.47403225
2477,3,20.19656972,0.89696115,41.79292866,20.15272219,0.90012910,43.11510262,0.36349020
2478,2,17.08940514,2.69088345,38.60427033,16.95394277,2.51819650,39.67654581,0.24591636
2479,1,17.08940514,4.48480575,36.68342258,17.15997893,4.34460633,37.98655242,0.37609656
2480,3,18.64298743,3.58784460,35.41561200,18.54762187,3.94021710,36.50359406,0.38638858
2481,1,18.64298743,3.58784460,45.53732572,18.57162726,3.81628157,46.65315555,0.28484929
2482,2,18.64298743,5.38176691,47.45817347,18.64376448,5.47096031,48.52161372,0.13556576
2483,1,18.64298743,3.58784460,49.37902122,18.11975432,3.80219158,50.96410732,0.84187988
2484,2,15.53582286,5.38176691,38.60427033,15.55819497,5.31833145,39.63593097,0.09730299
2485,1,15.53582286,7.17568921,36.68342258,15.97910570,7.02075189,37.85860133,0.51597203
2486,3,17.08940514,6.27872806,35.41561200,17.12124575,6.48911681,36.21508900,0.26735888
2487,1,15.53582286,7.17568921,40.52511808,15.52199577,7.04566003,41.43851972,0.13927675
2488,1,13.98224057,8.07265036,43.03122190,13.96887269,8.12071576,43.95187620,0.06438390
2489,2,13.98224057,8.07265036,38.60427033,14.04723793,8.11884830,39.73298986,0.18539362
2490,3,15.53582286,8.96961151,35.41561200,15.53983776,8.92610407,36.20540751,0.17703290
2491,1,13.98224057,9.86657266,40.52511808,13.95116078,9.98290852,41.54085397,0.13212718
2492,3,15.53582286,8.96961151,41.79292866,15.24783892,9.63430298,43.35058448,0.93825783
2493,2,15.53582286,10.76353381,47.45817347,15.49807792,10.75481502,48.82019695,0.40253984
2494,1,15.53582286,8.96961151,49.37902122,15.55215468,8.85146000,50.43531827,0.15245022
2495,2,12.42865829,10.76353381,38.60427033,12.50487332,11.04253608,39.80311306,0.37423634
2496,1,12.42865829,12.55745611,36.68342258,12.40141116,12.65041164,37.62440024,0.09898611
2497,3,13.98224057,11.66049496,35.41561200,13.90237004,11.78570080,35.98833703,0.41603694
2498,1,12.42865829,12.55745611,40.52511808,12.54985459,12.94223111,41.42281598,0.40840199
2499,3,13.98224057,11.66049496,41.79292866,13.67556997,12.03902886,42.92033377,0.51469253
2500,2,13.98224057,13.45441726,47.45817347,13.71080257,13.09362717,49.04102544,0.76818636
2501,1,13.98224057,11.66049496,49.37902122,14.02445319,11.32583197,50.77619835,0.55111229
2502,2,10.87507600,13.45441726,38.60427033,10.94538316,13.52788885,39.48035534,0.13270882
2503,1,10.87507600,15.24833957,36.68342258,10.87507600,15.24833957,37.64477459,0.00000000
2504,3,12.42865829,14.35137842,35.41561200,12.39453617,14.32722528,36.21028001,0.17184659
2505,1,10.87507600,15.24833957,40.52511808,11.06316582,15.46423941,41.38017348,0.30543329
2506,1,12.42865829,14.35137842,45.53732572,12.38667671,14.41363924,46.42112893,0.10794758
2507,2,12.42865829,16.14530072,47.45817347,12.58406706,16.15962829,48.49607141,0.17382879
2508,1,12.42865829,14.35137842,49.37902122,12.28211638,14.49928593,50.53007904,0.28167261
2509,2,9.32149372,16.14530072,38.60427033,9.38117610,16.02711440,39.62279356,0.14421699
2510,1,9.32149372,17.93922302,40.52511808,9.13481898,17.66453146,41.49322723,0.33218755
2511,2,7.76791143,18.83618417,38.60427033,7.75693459,18.93885766,39.54185626,0.10595831
2512,1,7.76791143,20.63010647,36.68342258,7.76562245,20.58727590,37.66650475,0.04808219
2513,1,9.32149372,19.73314532,45.53732572,9.40665209,19.98802660,46.30095351,0.33363345
2514,1,6.21432914,21.52706762,43.03122190,6.22741786,21.62936765,44.08513001,0.13857576
2515,3,7.76791143,20.63010647,44.26951514,7.88106327,20.96024378,45.17957168,0.35273957
2516,1,6.21432914,23.32098992,36.68342258,6.20264205,23.22141016,37.58640839,0.11601436
2517,3,7.76791143,22.42402877,35.41561200,7.76516147,22.42119011,36.34610792,0.03110818
2518,1,7.76791143,22.42402877,45.53732572,7.86429980,22.58481019,46.49371903,0.18752592
2519,1,4.66074686,24.21795108,43.03122190,4.57281794,24.60753701,44.38530298,0.56012928
2520,3,6.21432914,23.32098992,44.26951514,6.16470503,23.32133975,45.27741780,0.06804144
2521,3,7.76791143,22.42402877,41.79292866,7.73684104,22.50377633,42.71830238,0.09284115
2522,2,7.76791143,24.21795108,47.45817347,7.80456102,24.16617562,48.45791670,0.07414699
2523,1,7.76791143,22.42402877,49.37902122,7.86834112,22.47116358,50.44894470,0.15522750
2524,1,4.66074686,26.01187338,36.68342258,4.62317732,25.68556416,37.66272330,0.32895491
2525,1,4.66074686,26.01187338,40.52511808,4.79689474,26.01038033,41.31846848,0.21624758
2526,3,6.21432914,25.11491223,41.79292866,6.20110028,25.22311316,42.80357676,0.11963507
2527,2,3.10716457,26.90883453,38.60427033,3.08162040,26.73099958,39.56407597,0.17966681
2528,1,3.10716457,28.70275683,36.68342258,2.90021057,28.40456790,37.56913120,0.37076748
2529,3,4.66074686,27.80579568,35.41561200,4.61578858,27.54854345,36.06900361,0.40378158
2530,1,3.10716457,28.70275683,40.52511808,3.01696230,28.28057516,41.81911175,0.54499934
2531,1,1.55358229,29.59971798,43.03122190,1.42425110,29.28703826,44.48694238,0.59907875
2532,2,4.66074686,29.59971798,47.45817347,4.66323478,29.65824143,48.50907211,0.10700366
2533,1,4.66074686,27.80579568,49.37902122,4.70458400,27.83317020,50.38926869,0.07114651
2534,3,3.10716457,30.49667913,35.41561200,3.44905488,30.19300567,36.39285403,0.45755770
2535,1,1.55358229,31.39364028,40.52511808,1.54014129,31.39737032,42.08012073,0.59381449
2536,1,3.10716457,30.49667913,45.53732572,3.34016946,30.25595284,46.47768324,0.33568019
2537,1,18.64298743,0.00000000,43.03122190,0.09755560,32.04042894,44.62855771,0.69034685
2538,3,1.55358229,31.39364028,44.26951514,1.80608023,31.26500005,45.52026671,0.40503781
2539,3,3.10716457,30.49667913,41.79292866,3.01069838,29.79545051,43.23097787,0.85338592
2540,3,23.30373429,0.89696115,35.41561200,23.66710589,0.76990215,36.51838890,0.41010231
2541,1,21.75015200,1.79392230,40.52511808,21.65403642,1.89078478,42.08140375,0.61038234
2542,1,23.30373429,0.89696115,45.53732572,23.65440030,1.14969541,46.60583598,0.44533600
2543,1,20.19656972,2.69088345,43.03122190,20.02909283,2.37805377,44.56033864,0.66952797
2544,3,21.75015200,1.79392230,44.26951514,21.85228833,1.92342683,45.43069810,0.25910550
2545,3,23.30373429,0.89696115,41.79292866,23.40991852,1.36214774,43.04352281,0.55797372
2546,2,20.19656972,2.69088345,38.60427033,20.32278944,2.85111446,39.30231885,0.33306775
2547,1,20.19656972,4.48480575,36.68342258,20.21729121,4.68139494,37.60725406,0.20120755
2548,3,21.75015200,3.58784460,35.41561200,21.65757079,3.97650888,36.29691710,0.40747848
2549,1,20.19656972,4.48480575,40.52511808,20.24636892,4.56667773,41.25298480,0.25238534
2550,1,21.75015200,3.58784460,45.53732572,21.60053600,3.78120572,46.59364105,0.26228134
2551,3,20.19656972,4.48480575,44.26951514,20.05918067,4.55890832,45.34238714,0.19184277
2552,3,21.75015200,3.58784460,41.79292866,21.56536845,3.74729499,42.99450851,0.34245993
2553,2,21.75015200,5.38176691,47.45817347,21.67012367,5.35163648,48.53353950,0.14251868
2554,2,18.64298743,5.38176691,38.60427033,18.65829842,5.53737338,39.58862827,0.15804137
2555,1,18.64298743,7.17568921,36.68342258,18.89274641,7.28915842,37.74043808,0.29052765
2556,1,18.64298743,7.17568921,40.52511808,18.63478707,7.22308425,41.43040095,0.07387344
2557,1,20.19656972,6.27872806,45.53732572,20.16687072,6.33229192,46.49798118,0.06125033
2558,2,20.19656972,8.07265036,47.45817347,20.19458757,8.07229090,48.41775594,0.00268131
2559,1,20.19656972,6.27872806,49.37902122,20.19656972,6.27872806,50.34037323,0.00000000
2560,2,17.08940514,8.07265036,38.60427033,17.17178544,8.24076642,39.68161544,0.22023606
2561,1,17.08940514,9.86657266,36.68342258,17.69341630,9.88396883,37.10707096,0.80886173
2562,1,17.08940514,9.86657266,40.52511808,17.13065860,10.04194651,41.41030291,0.19559978
2563,1,18.64298743,8.96961151,45.53732572,18.66712714,9.01687286,46.54210543,0.06857351
2564,2,18.64298743,10.76353381,47.45817347,18.61728036,10.74894902,48.45166939,0.04366693
2565,1,18.64298743,8.96961151,49.37902122,18.64298743,8.96961151,50.34037323,0.00000000
2566,3,17.08940514,11.66049496,35.41561200,17.01572072,11.61101252,36.18712456,0.20956365
2567,1,15.53582286,12.55745611,40.52511808,15.43063162,12.54112275,41.75870782,0.29231037
2568,1,13.98224057,13.45441726,43.03122190,13.90499234,13.79385386,43.99560393,0.34812882
2569,3,17.08940514,11.66049496,41.79292866,17.18955337,11.68502317,42.66930363,0.13361286
2570,3,15.53582286,14.35137842,35.41561200,15.51390602,14.25712334,36.24116963,0.16674676
2571,1,13.98224057,15.24833957,40.52511808,13.99091712,15.49093831,41.42707536,0.24991432
2572,1,15.53582286,14.35137842,45.53732572,15.81002200,14.27919319,46.20934899,0.40510122
2573,1,12.42865829,16.14530072,43.03122190,12.46946340,16.34052837,43.83345101,0.25514504
2574,3,13.98224057,15.24833957,44.26951514,13.99962517,15.37012869,45.33525148,0.16134095
2575,3,15.53582286,14.35137842,41.79292866,15.53929787,14.41583691,42.79259158,0.07506463
2576,2,12.42865829,16.14530072,38.60427033,12.48836274,16.27148718,39.49564004,0.15615750
2577,1,12.42865829,17.93922302,36.68342258,12.42854978,17.94240103,37.64124774,0.00474870
2578,3,13.98224057,17.04226187,35.41561200,13.98224057,17.04226187,36.37696401,0.00000000
2579,1,12.42865829,17.93922302,40.52511808,12.46368613,18.03468121,41.44309836,0.11054557
2580,1,13.98224057,17.04226187,45.53732572,14.22182573,16.86701330,46.74883415,0.38818983
2581,3,12.42865829,17.93922302,44.26951514,13.20948531,18.30046213,45.64945058,0.95676362
2582,3,13.98224057,17.04226187,41.79292866,14.05144790,17.11260639,42.71345835,0.10679170
2583,2,13.98224057,18.83618417,47.45817347,14.12185770,18.99958367,48.92960289,0.55350818
2584,1,13.98224057,17.04226187,49.37902122,13.66138918,17.28117499,50.68155653,0.52576719
2585,3,12.42865829,19.73314532,35.41561200,12.51984156,19.72206346,36.42660419,0.10440950
2586,1,12.42865829,19.73314532,45.53732572,12.55385702,20.13537330,46.35052500,0.44655492
2587,1,9.32149372,21.52706762,43.03122190,9.36927701,21.89435366,44.07899313,0.38032954
2588,3,10.87507600,20.63010647,44.26951514,10.97746837,20.71335185,45.06812777,0.20951872
2589,3,12.42865829,19.73314532,41.79292866,12.50913833,19.80277640,42.76608188,0.10707377
2590,1,9.32149372,23.32098992,36.68342258,9.43804658,22.98966474,37.73063859,0.36157098
2591,3,10.87507600,22.42402877,35.41561200,10.89941443,22.30609569,36.43241284,0.13257128
2592,1,10.87507600,22.42402877,45.53732572,10.89630429,22.52947664,46.65609990,0.19066104
2593,1,7.76791143,24.21795108,43.03122190,7.60999491,24.23156813,43.95675283,0.16249985
2594,3,9.32149372,23.32098992,44.26951514,9.46213504,23.43192647,45.46572368,0.29537178
2595,3,10.87507600,22.42402877,41.79292866,10.87084963,22.44803670,42.71711158,0.04444979
2596,2,10.87507600,24.21795108,47.45817347,10.92142242,24.24359570,48.51559637,0.10970531
2597,1,10.87507600,22.42402877,49.37902122,10.83694493,22.48070566,50.36155392,0.07151832
2598,2,7.76791143,24.21795108,38.60427033,7.95835193,24.26302997,39.28734861,0.34019988
2599,1,7.76791143,26.01187338,36.68342258,7.55031918,25.94947753,37.49188056,0.27315968
2600,3,9.32149372,25.11491223,35.41561200,9.22682371,25.28978831,36.21832417,0.25438288
2601,1,7.76791143,26.01187338,40.52511808,7.71512632,25.98052420,41.61097197,0.13881555
2602,3,7.76791143,26.01187338,44.26951514,7.73495184,25.76466713,45.34320381,0.27352658
2603,3,9.32149372,25.11491223,41.79292866,9.28804703,25.18772347,42.95590953,0.21696625
2604,2,6.21432914,26.90883453,38.60427033,6.25504640,26.79762894,39.45076014,0.16497849
2605,1,6.21432914,28.70275683,36.68342258,5.82752072,28.35164713,37.54378587,0.53206907
2606,3,7.76791143,27.80579568,41.79292866,7.70237607,27.80100656,42.82351810,0.09545492
2607,1,4.66074686,31.39364028,36.68342258,5.03642635,31.17454172,37.56589643,0.44199663
2608,3,6.21432914,30.49667913,35.41561200,6.36526924,30.38485550,36.18791781,0.26650686
2609,1,6.21432914,30.49667913,45.53732572,6.23134931,30.68244466,46.65592857,0.24398022
2610,1,21.75015200,0.00000000,43.03122190,21.78127184,0.04193842,44.34815606,0.35939663
2611,3,4.66074686,31.39364028,44.26951514,4.79441742,31.74142017,45.44179817,0.42814783
2612,2,6.21432914,32.29060143,47.45817347,6.17622360,32.26487423,48.58777990,0.17442325
2613,1,6.21432914,30.49667913,49.37902122,6.21443642,30.49173779,50.34528615,0.00696887
2614,2,24.85731657,0.00000000,38.60427033,25.28354962,0.17063756,39.53643210,0.46004767
2615,3,26.41089886,0.89696115,35.41561200,26.61161540,1.12180971,36.24149517,0.33044790
2616,1,24.85731657,1.79392230,40.52511808,25.07153926,1.72352340,41.86171179,0.43778270
2617,1,26.41089886,0.89696115,45.53732572,26.56855460,0.88837039,46.49628366,0.15790777
2618,1,23.30373429,2.69088345,43.03122190,23.33023110,2.97517357,44.33975326,0.44950690
2619,3,24.85731657,1.79392230,44.26951514,25.10695784,1.90947957,45.33706534,0.29487676
2620,3,26.41089886,0.89696115,41.79292866,26.63921724,0.87108196,42.91241723,0.27893760
2621,2,26.41089886,2.69088345,47.45817347,26.33196685,2.50815415,48.65239892,0.30634996
2622,1,26.41089886,0.89696115,49.37902122,26.37426168,0.82533023,50.49647495,0.17561611
2623,1,23.30373429,4.48480575,40.52511808,23.11889903,4.41465284,41.79892149,0.36974502
2624,1,21.75015200,5.38176691,43.03122190,21.69407373,5.47709220,44.12565380,0.17303740
2625,1,24.85731657,3.58784460,49.37902122,24.85202159,3.59173825,50.34647950,0.00897128
2626,2,21.75015200,5.38176691,38.60427033,21.81279090,5.39230050,39.49054701,0.09834070
2627,1,21.75015200,7.17568921,40.52511808,21.72406373,7.09222514,41.35602022,0.15704782
2628,1,23.30373429,6.27872806,45.53732572,23.26039927,6.23259951,46.48116235,0.06567005
2629,3,21.75015200,7.17568921,44.26951514,21.75330131,7.21325062,45.25281773,0.04361887
2630,3,23.30373429,6.27872806,41.79292866,23.27871631,6.27982076,42.84363826,0.09280018
2631,2,23.30373429,8.07265036,47.45817347,23.21592348,7.86626938,48.55042217,0.25968787
2632,1,23.30373429,6.27872806,49.37902122,23.30583415,6.21207163,50.41853549,0.10274643
2633,2,20.19656972,8.07265036,38.60427033,20.17294172,8.33638585,39.80899992,0.35964891
2634,1,21.75015200,8.96961151,45.53732572,21.67826888,8.87037574,46.49239799,0.12269620
2635,1,18.64298743,10.76353381,43.03122190,18.64773689,10.75442149,43.99324927,0.01029795
2636,3,20.19656972,9.86657266,44.26951514,20.16105409,9.78926518,45.23137762,0.08507683
2637,2,18.64298743,10.76353381,38.60427033,18.64047406,10.86039929,39.59787524,0.10212486
2638,1,18.64298743,12.55745611,40.52511808,18.78492708,12.51105249,41.46570255,0.15076953
2639,1,20.19656972,11.66049496,45.53732572,20.08599843,11.57936356,46.61113132,0.17735310
2640,1,17.08940514,13.45441726,43.03122190,17.29698094,13.38117927,43.85242054,0.26094919
2641,3,18.64298743,12.55745611,44.26951514,18.47386502,12.51271738,45.31835727,0.19559771
2642,3,20.19656972,11.66049496,41.79292866,20.16317251,11.61220874,42.72299016,0.06652841
2643,2,20.19656972,13.45441726,47.45817347,20.32163845,13.51630173,48.36124290,0.15122412
2644,3,18.64298743,14.35137842,35.41561200,18.56527424,14.31922420,36.31371597,0.10523093
2645,1,18.64298743,14.35137842,45.53732572,18.71865394,14.33793373,46.53949674,0.08701938
2646,1,15.53582286,16.14530072,43.03122190,15.50942500,16.24244698,43.94292241,0.11224756
2647,3,17.08940514,15.24833957,44.26951514,17.27312491,15.19716325,45.05904521,0.25669972
2648,3,18.64298743,14.35137842,41.79292866,18.69538917,14.29073417,42.62546640,0.15171283
2649,1,15.53582286,17.93922302,36.68342258,15.53364470,17.93917199,37.64481131,0.00217906
2650,3,17.08940514,17.04226187,35.41561200,17.03876781,17.07175942,36.41646436,0.07067194
2651,1,15.53582286,17.93922302,40.52511808,15.46600879,18.14105906,41.49111591,0.21361970
2652,1,13.98224057,18.83618417,43.03122190,14.08062443,19.02269574,43.91516515,0.22462873
2653,3,17.08940514,17.04226187,41.79292866,16.99524554,16.99088624,42.70986580,0.11609551
2654,2,13.98224057,18.83618417,38.60427033,13.98224057,18.83618417,39.56562234,0.00000000
2655,1,13.98224057,20.63010647,36.68342258,13.88877627,20.62370919,37.69203112,0.10492703
2656,3,15.53582286,19.73314532,35.41561200,15.42358526,19.70398451,36.33830043,0.12223953
2657,1,13.98224057,20.63010647,40.52511808,14.02036870,20.68712586,41.50713081,0.07163679
2658,1,12.42865829,21.52706762,43.03122190,12.42580151,21.63207223,43.81464493,0.20662248
2659,3,13.98224057,20.63010647,44.26951514,14.18594007,21.00106574,45.20998702,0.42372189
2660,3,15.53582286,19.73314532,41.79292866,15.62818834,19.76980529,42.75968852,0.09952176
2661,2,15.53582286,21.52706762,47.45817347,15.54116135,21.53668180,48.41786971,0.01112085
2662,1,15.53582286,19.73314532,49.37902122,15.49429047,20.01377125,50.75228022,0.50014320
2663,1,12.42865829,23.32098992,36.68342258,12.39186354,23.13945795,37.74539694,0.21079034
2664,3,13.98224057,22.42402877,35.41561200,13.93530308,22.40328958,36.39332378,0.05385986
2665,1,13.98224057,22.42402877,45.53732572,14.10095680,22.61640570,46.50397931,0.22612061
2666,1,10.87507600,24.21795108,43.03122190,11.01571819,24.31377851,44.16955980,0.24553437
2667,3,12.42865829,23.32098992,44.26951514,12.45489715,23.33280097,45.28969354,0.06548682
2668,3,13.98224057,22.42402877,41.79292866,13.97001220,22.42409755,42.68488298,0.07046685
2669,2,13.98224057,24.21795108,47.45817347,13.99789651,24.11331875,48.49970756,0.13274863
2670,1,13.98224057,22.42402877,49.37902122,13.93268109,22.46083041,50.37035737,0.06862617
2671,1,10.87507600,26.01187338,36.68342258,10.75071844,25.80307281,37.83163031,0.30655756
2672,3,12.42865829,25.11491223,35.41561200,12.38261394,24.90174889,36.65796984,0.35570067
2673,1,10.87507600,26.01187338,40.52511808,10.75599993,25.95672162,41.61958751,0.18692531
2674,1,9.32149372,26.90883453,43.03122190,9.33188359,26.69684801,44.41094865,0.46913075
2675,2,12.42865829,26.90883453,47.45817347,12.21903310,26.93104045,48.98562270,0.60407109
2676,1,12.42865829,25.11491223,49.37902122,12.42000741,24.96380662,50.51005764,0.22737752
2677,2,9.32149372,26.90883453,38.60427033,9.18301899,26.89778140,39.81146327,0.28237419
2678,3,10.87507600,27.80579568,35.41561200,11.14435531,27.58521802,36.46254570,0.35845513
2679,1,9.32149372,28.70275683,40.52511808,9.83335691,28.65311041,42.29100768,0.95485571
2680,1,7.76791143,29.59971798,43.03122190,7.75260366,29.40267645,44.20965418,0.29357033
2681,3,9.32149372,28.70275683,44.26951514,9.01025136,28.41309394,45.52418960,0.51654085
2682,2,10.87507600,29.59971798,47.45817347,10.34599528,29.49985921,48.62816641,0.57743330
2683,1,10.87507600,27.80579568,49.37902122,10.63583663,27.95162556,50.62458472,0.39909647
2684,1,7.76791143,31.39364028,36.68342258,8.04610489,31.81037533,37.55135394,0.50969316
2685,1,7.76791143,31.39364028,40.52511808,8.00863556,31.47001390,41.37495047,0.27607546
2686,1,9.32149372,30.49667913,45.53732572,9.14221896,30.37262894,46.59727837,0.23926967
2687,1,24.85731657,0.00000000,43.03122190,6.34638020,32.18079539,44.14310134,0.22837109
2688,3,7.76791143,31.39364028,44.26951514,7.86639956,31.35437705,45.28100576,0.11728339
2689,3,9.32149372,30.49667913,41.79292866,9.35091148,30.59299198,42.83170880,0.12703025
2690,2,9.32149372,32.29060143,47.45817347,9.12740896,32.22124352,48.62975520,0.29440779
2691,1,9.32149372,30.49667913,49.37902122,9.19275827,30.57971251,50.56162517,0.26910923
2692,2,27.96448115,0.00000000,38.60427033,28.23261538,0.14366314,39.41216029,0.34071346
2693,1,27.96448115,1.79392230,36.68342258,28.58286896,1.99630833,37.77529450,0.66362568
2694,3,29.51806343,0.89696115,35.41561200,29.66035084,0.95834259,36.34354291,0.15852557
2695,1,27.96448115,1.79392230,40.52511808,28.06695920,1.74197716,41.32324670,0.19960442
2696,3,27.96448115,1.79392230,44.26951514,28.01031952,1.81827351,45.29207238,0.08025096
2697,3,29.51806343,0.89696115,41.79292866,29.53987853,0.89729251,42.75326551,0.02184122
2698,1,27.96448115,3.58784460,49.37902122,27.96448115,3.58784460,50.34037323,0.00000000
2699,2,24.85731657,5.38176691,38.60427033,24.69981827,4.97924709,39.95061721,0.57883415
2700,1,24.85731657,7.17568921,36.68342258,24.55392745,7.40001197,37.76052582,0.39466950
2701,3,26.41089886,6.27872806,35.41561200,26.59680913,6.39542474,36.35561104,0.22053728
2702,1,24.85731657,7.17568921,40.52511808,24.65167031,7.05694283,41.33451171,0.28192630
2703,3,24.85731657,7.17568921,44.26951514,24.85627389,7.31169171,45.24020210,0.13632648
2704,2,23.30373429,8.07265036,38.60427033,23.17646973,8.22714359,39.67174638,0.22655405
2705,1,23.30373429,9.86657266,36.68342258,22.90415639,9.84521843,37.76276682,0.41718181
2706,3,24.85731657,8.96961151,35.41561200,24.71031226,9.13368590,36.63884327,0.34221546
2707,1,24.85731657,8.96961151,45.53732572,24.82121205,8.68613418,46.82265722,0.43200190
2708,2,24.85731657,10.76353381,47.45817347,25.03714148,10.64795764,48.40464247,0.21428102
2709,1,24.85731657,8.96961151,49.37902122,24.84004631,8.94250050,50.33755601,0.03226771
2710,2,21.75015200,10.76353381,38.60427033,21.68996437,10.86579333,39.69109897,0.17269610
2711,1,21.75015200,12.55745611,36.68342258,21.77923979,12.54555117,37.63885798,0.03198176
2712,3,23.30373429,11.66049496,35.41561200,23.30291933,11.68105240,36.37110615,0.02139129
2713,1,21.75015200,12.55745611,40.52511808,21.75074971,12.57750422,41.50786889,0.02932903
2714,1,23.30373429,11.66049496,45.53732572,22.94544118,11.39462593,47.26377536,0.88568317
2715,1,20.19656972,13.45441726,43.03122190,20.22102598,13.52947774,43.87599862,0.14079056
2716,3,21.75015200,12.55745611,44.26951514,21.37656014,12.42965820,45.23283443,0.39485067
2717,2,23.30373429,13.45441726,47.45817347,23.49341259,13.57324409,48.35356969,0.23334060
2718,2,20.19656972,13.45441726,38.60427033,20.20504686,13.41334138,39.55626652,0.04297234
2719,1,20.19656972,15.24833957,36.68342258,20.08549535,14.93306201,37.57877871,0.34072410
2720,3,21.75015200,14.35137842,35.41561200,21.74352176,14.34090150,36.37761079,0.01241548
2721,1,20.19656972,15.24833957,40.52511808,20.15681409,15.09681064,41.39960755,0.17912740
2722,1,21.75015200,14.35137842,45.53732572,21.75813182,14.28683091,46.44041090,0.08732171
2723,1,18.64298743,16.14530072,43.03122190,18.62790948,16.04097601,43.73016221,0.28279125
2724,3,20.19656972,15.24833957,44.26951514,20.16918932,15.07191789,45.25673912,0.18039859
2725,3,21.75015200,14.35137842,41.79292866,21.64909503,14.40006649,42.65495530,0.14982847
2726,2,21.75015200,16.14530072,47.45817347,21.67563426,16.14873958,48.39013994,0.08017624
2727,1,18.64298743,17.93922302,36.68342258,18.46028407,18.00909211,37.59500237,0.20184024
2728,3,20.19656972,17.04226187,35.41561200,19.89732710,17.42346493,35.96853225,0.63378105
2729,2,20.19656972,18.83618417,47.45817347,19.91293100,18.62193084,49.40317503,1.04590719
2730,1,20.19656972,17.04226187,49.37902122,20.26185009,16.53540204,50.72943086,0.64228829
2731,2,17.08940514,18.83618417,38.60427033,17.08940514,18.83618417,39.56562234,0.00000000
2732,1,17.08940514,20.63010647,36.68342258,16.81588958,20.58056277,37.63974537,0.27801194
2733,3,18.64298743,19.73314532,35.41561200,18.32455112,19.81960304,36.44261005,0.33643131
2734,1,17.08940514,20.63010647,40.52511808,17.23529866,20.46806873,41.65611527,0.27626189
2735,1,15.53582286,21.52706762,43.03122190,15.56854624,21.63458675,43.80453193,0.21906841
2736,1,18.64298743,19.73314532,49.37902122,18.42138936,20.07668315,50.77914764,0.59970570
2737,1,15.53582286,23.32098992,36.68342258,15.42566667,23.15726089,37.61749552,0.19921277
2738,3,17.08940514,22.42402877,35.41561200,16.92007484,22.37111693,36.17866152,0.26607573
2739,1,17.08940514,22.42402877,45.53732572,17.08630343,22.36467478,46.58378862,0.10380935
2740,1,13.98224057,24.21795108,43.03122190,14.01238553,24.19180379,44.01398460,0.04528594
2741,3,15.53582286,23.32098992,44.26951514,15.53297746,23.57109952,45.35240248,0.27808945
2742,3,17.08940514,22.42402877,41.79292866,17.13019478,22.40284673,42.67978882,0.08753004
2743,1,13.98224057,26.01187338,36.68342258,13.89488955,25.68061464,37.83892005,0.39377026
2744,3,15.53582286,25.11491223,35.41561200,15.40374983,25.13858005,36.19772597,0.22389669
2745,3,15.53582286,25.11491223,41.79292866,15.55080690,24.86143732,42.66713795,0.26845466
2746,2,12.42865829,26.90883453,38.60427033,12.12833363,26.74552519,39.68857982,0.36329517
2747,1,12.42865829,28.70275683,36.68342258,12.46052178,28.57774905,37.73918103,0.15985870
2748,3,13.98224057,27.80579568,35.41561200,14.03029056,27.86497743,36.28098881,0.12256639
2749,1,12.42865829,28.70275683,40.52511808,12.41915600,28.88776030,40.93780047,0.57909838
2750,3,13.98224057,27.80579568,41.79292866,14.44964195,27.64879705,42.64060382,0.50599905
2751,1,13.98224057,27.80579568,49.37902122,14.06097172,27.84367523,50.40289522,0.10743581
2752,2,10.87507600,29.59971798,38.60427033,10.80592263,29.72861124,39.22761065,0.36830363
2753,1,10.87507600,31.39364028,36.68342258,10.98251050,31.55527619,37.53456205,0.22319306
2754,3,12.42865829,30.49667913,35.41561200,12.34081599,30.66173511,36.25204756,0.22486410
2755,1,10.87507600,31.39364028,40.52511808,10.93242071,31.39181696,41.24096081,0.25212408
2756,1,27.96448115,0.00000000,43.03122190,9.42820669,32.23710294,44.08836217,0.15305274
2757,2,31.07164572,0.00000000,38.60427033,31.18211469,0.02698296,39.41166650,0.19139977
2758,1,31.07164572,1.79392230,36.68342258,31.49817150,1.75994703,37.64213452,0.42788495
2759,3,32.62522800,0.89696115,35.41561200,32.53026175,0.80772432,35.91836368,0.47675577
2760,1,31.07164572,1.79392230,40.52511808,31.04263203,1.84171209,41.48872499,0.05595304
2761,1,29.51806343,2.69088345,43.03122190,29.52438530,2.68862653,43.99652827,0.00779080
2762,3,31.07164572,1.79392230,44.26951514,30.98774897,2.13754622,45.44453214,0.41324181
2763,3,32.62522800,0.89696115,41.79292866,32.56220190,1.00201885,42.76294328,0.12281877
2764,3,31.07164572,3.58784460,35.41561200,31.10629072,3.53926318,36.38213793,0.05989324
2765,1,31.07164572,3.58784460,45.53732572,30.99521358,3.81574749,46.65772534,0.28823209
2766,1,27.96448115,5.38176691,43.03122190,28.18498066,5.42320961,43.54661894,0.49921275
2767,3,29.51806343,4.48480575,44.26951514,29.67847355,4.71961639,45.20253338,0.28578007
2768,3,31.07164572,3.58784460,41.79292866,31.07164572,3.58784460,42.75428067,0.00000000
2769,2,31.07164572,5.38176691,47.45817347,31.11965326,5.30592681,48.65727075,0.25412450
2770,1,31.07164572,3.58784460,49.37902122,31.06910441,3.52603424,50.40762179,0.09137477
2771,1,27.96448115,7.17568921,36.68342258,27.91938340,7.21504746,37.74252726,0.11462313
2772,3,29.51806343,6.27872806,35.41561200,29.45416351,5.91666825,36.14074058,0.43700345
2773,1,27.96448115,7.17568921,40.52511808,28.02518657,7.27473609,41.28411960,0.23332629
2774,1,26.41089886,8.07265036,43.03122190,26.54199578,7.85452079,43.87981672,0.27835427
2775,3,27.96448115,7.17568921,44.26951514,27.99440030,7.14753660,45.19947228,0.05170457
2776,3,29.51806343,6.27872806,41.79292866,29.72445540,6.45190035,42.61922166,0.30137555
2777,2,26.41089886,8.07265036,38.60427033,26.27693399,7.71270497,39.55608697,0.38418510
2778,1,26.41089886,9.86657266,36.68342258,25.79626307,10.21282694,38.03326742,0.80535450
2779,3,27.96448115,8.96961151,35.41561200,28.14685587,8.85163926,36.29066934,0.23371941
2780,1,26.41089886,9.86657266,40.52511808,26.13250890,9.80376719,40.91288486,0.64066022
2781,1,27.96448115,8.96961151,45.53732572,27.71310900,8.82163601,46.38543988,0.31290176
2782,3,27.96448115,8.96961151,41.79292866,27.96448115,8.96961151,42.75428067,0.00000000
2783,2,27.96448115,10.76353381,47.45817347,27.98265683,10.76394904,48.55841517,0.14007453
2784,1,23.30373429,13.45441726,43.03122190,23.24236951,13.71118775,43.78419189,0.33633285
2785,2,26.41089886,13.45441726,47.45817347,26.39829688,13.22467893,48.94282730,0.57164964
2786,1,26.41089886,11.66049496,49.37902122,26.42330405,11.38754772,50.63357421,0.40077537
2787,2,23.30373429,13.45441726,38.60427033,23.33234479,13.30646930,39.44319787,0.19415178
2788,1,23.30373429,15.24833957,36.68342258,23.30826717,15.17093213,37.61871905,0.08180067
2789,1,23.30373429,15.24833957,40.52511808,23.25466287,15.14647183,41.12942255,0.37452368
2790,1,21.75015200,16.14530072,43.03122190,21.82228700,16.27042052,43.70475607,0.32202102
2791,3,23.30373429,15.24833957,44.26951514,23.23788905,15.24977722,45.31967156,0.11056168
2792,3,24.85731657,14.35137842,41.79292866,24.53963354,14.94266034,42.74072005,0.67135737
2793,1,24.85731657,14.35137842,49.37902122,24.75407669,14.21282668,50.54107805,0.26483482
2794,3,23.30373429,17.04226187,35.41561200,23.29472517,16.79154611,36.19936205,0.30737927
2795,1,23.30373429,17.04226187,45.53732572,22.88124890,16.99581193,46.37438616,0.44283167
2796,2,20.19656972,18.83618417,38.60427033,20.05136997,18.72506347,39.61648152,0.18978259
2797,1,20.19656972,20.63010647,36.68342258,19.77210702,20.66980402,37.66766730,0.42692921
2798,1,20.19656972,20.63010647,40.52511808,20.02048407,20.89097794,40.85831967,0.70259023
2799,1,21.75015200,19.73314532,45.53732572,22.27407804,19.70960706,47.29049057,0.94974740
2800,1,18.64298743,21.52706762,43.03122190,18.79276414,21.63016387,43.84618932,0.23343167
2801,2,21.75015200,21.52706762,47.45817347,21.64239788,21.58123278,48.81767711,0.41601627
2802,1,21.75015200,19.73314532,49.37902122,21.79175868,19.77488845,50.57577761,0.24267020
2803,2,18.64298743,21.52706762,38.60427033,18.18706190,21.72648851,39.38360381,0.52987501
2804,1,18.64298743,23.32098992,36.68342258,18.36533381,23.22284233,37.39276324,0.38760057
2805,1,20.19656972,22.42402877,45.53732572,20.03290509,22.33581090,46.62574347,0.22519814
2806,1,17.08940514,24.21795108,43.03122190,17.17925075,24.04894802,44.19063767,0.27543333
2807,3,18.64298743,23.32098992,44.26951514,18.74353900,23.27171267,45.30291476,0.13315301
2808,3,20.19656972,22.42402877,41.79292866,20.16606372,22.73936165,42.76360849,0.31694234
2809,2,20.19656972,24.21795108,47.45817347,20.14946482,24.25425183,48.50697661,0.10575593
2810,1,20.19656972,22.42402877,49.37902122,20.03615978,22.50219835,50.49282570,0.23469892
2811,3,18.64298743,25.11491223,35.41561200,18.30261715,24.99529736,36.32378238,0.36467510
2812,1,18.64298743,25.11491223,45.53732572,18.64292917,25.04924167,46.60059841,0.12124542
2813,1,15.53582286,26.90883453,43.03122190,15.77217233,26.59151954,43.83279926,0.42670577
2814,3,17.08940514,26.01187338,44.26951514,17.15819407,25.97910914,45.34886268,0.14045767
2815,3,17.08940514,27.80579568,35.41561200,16.92901398,27.79601257,36.46126157,0.18145830
2816,1,15.53582286,28.70275683,40.52511808,16.02429560,28.44962793,41.56014636,0.55507482
2817,1,17.08940514,27.80579568,45.53732572,17.10270381,27.97073057,46.46803332,0.16828385
2818,1,13.98224057,29.59971798,43.03122190,14.12672597,29.46742713,43.57685306,0.45956580
2819,3,15.53582286,28.70275683,44.26951514,15.65629925,28.93852777,45.34574325,0.28861569
2820,3,17.08940514,27.80579568,41.79292866,17.34393623,27.52857024,42.86339415,0.39184917
2821,2,17.08940514,29.59971798,47.45817347,17.14828660,29.64166759,48.43395468,0.07372243
2822,3,15.53582286,30.49667913,35.41561200,15.45154628,30.65871998,36.16995693,0.27606469
2823,1,13.98224057,31.39364028,40.52511808,13.91374232,31.62870731,41.37894461,0.26741400
2824,1,15.53582286,30.49667913,45.53732572,15.27707590,30.61290915,46.50371115,0.28369833
2825,3,15.53582286,30.49667913,41.79292866,15.37480432,30.78512211,42.57974120,0.37361792
2826,1,15.53582286,30.49667913,49.37902122,16.00591500,30.25262958,51.14506873,0.96336994
2827,3,35.73239258,0.89696115,35.41561200,35.70400404,0.94354807,36.41975010,0.06933181
2828,1,35.73239258,0.89696115,45.53732572,35.63109274,0.69801477,46.53504958,0.22619511
2829,1,32.62522800,2.69088345,43.03122190,32.50807156,2.60099303,44.11709507,0.19316169
2830,3,34.17881029,1.79392230,44.26951514,33.93204651,1.61391627,45.34060700,0.32455719
2831,3,35.73239258,0.89696115,41.79292866,35.70961788,1.03271226,42.99880747,0.28060722
2832,2,35.73239258,2.69088345,47.45817347,35.39693563,2.43412081,48.39579834,0.42310920
2833,1,32.62522800,4.48480575,36.68342258,32.74960968,4.40690501,37.65233616,0.14695750
2834,3,34.17881029,3.58784460,35.41561200,34.25608808,3.52723172,36.52483462,0.17751477
2835,1,34.17881029,3.58784460,45.53732572,33.98037253,3.55729560,46.67239159,0.26549443
2836,1,31.07164572,5.38176691,43.03122190,31.13738670,5.42676326,43.91421332,0.11174494
2837,3,32.62522800,4.48480575,44.26951514,32.56321834,4.57655418,45.53933937,0.32774698
2838,2,34.17881029,5.38176691,47.45817347,34.07032779,5.33029858,48.57925450,0.19982693
2839,1,34.17881029,3.58784460,49.37902122,34.08110028,3.58232407,50.36216522,0.10026272
2840,1,31.07164572,7.17568921,36.68342258,30.77139521,6.56511669,37.61522375,0.68104509
2841,3,32.62522800,6.27872806,35.41561200,32.67428666,6.31691921,36.57312468,0.20577736
2842,1,29.51806343,8.07265036,43.03122190,29.51312815,8.02628720,44.04494292,0.07011714
2843,3,32.62522800,6.27872806,41.79292866,32.62206483,6.30745898,42.77037823,0.03308478
2844,1,32.62522800,6.27872806,49.37902122,32.63384278,6.29934181,50.37696626,0.04287413
2845,2,29.51806343,8.07265036,38.60427033,29.64172389,7.84618277,39.43649077,0.28853846
2846,3,31.07164572,8.96961151,35.41561200,31.19081712,9.00926418,36.41391358,0.13091764
2847,1,29.51806343,9.86657266,40.52511808,29.86513915,9.99368522,41.88122096,0.54078406
2848,1,27.96448115,10.76353381,43.03122190,28.34113320,10.83097593,44.35056240,0.52399520
2849,3,29.51806343,9.86657266,44.26951514,29.74445722,9.69665817,45.36656360,0.31390860
2850,3,31.07164572,8.96961151,41.79292866,31.28617981,8.88277501,42.92207011,0.28586492
2851,2,31.07164572,10.76353381,47.45817347,-6.12614344,10.72844804,48.57515732,0.18228823
2852,1,31.07164572,8.96961151,49.37902122,31.15810831,9.32235254,51.11628602,0.85670454
2853,3,29.51806343,11.66049496,35.41561200,29.93044232,11.61853294,36.62133541,0.48118036
2854,1,29.51806343,11.66049496,45.53732572,29.71740114,11.70085463,46.78403429,0.35041802
2855,3,27.96448115,12.55745611,44.26951514,28.36683048,12.57633006,45.46471289,0.46575213
2856,3,29.51806343,11.66049496,41.79292866,29.39446641,11.79069358,42.79636082,0.18438721
2857,2,29.51806343,13.45441726,47.45817347,-7.70215017,13.50232668,48.58593843,0.18523803
2858,1,29.51806343,11.66049496,49.37902122,29.51806343,11.66049496,50.34037323,0.00000000
2859,2,26.41089886,13.45441726,38.60427033,26.31783132,13.61614669,39.64231940,0.20174343
2860,1,26.41089886,15.24833957,36.68342258,26.37374672,15.19744714,37.71082673,0.09128640
2861,3,27.96448115,14.35137842,35.41561200,28.09344525,14.64398522,36.48920605,0.33889343
2862,1,26.41089886,15.24833957,40.52511808,26.44755571,15.29096323,41.49593689,0.05700984
2863,1,27.96448115,14.35137842,45.53732572,28.20396130,14.37126466,46.48448558,0.24072313
2864,1,24.85731657,16.14530072,43.03122190,24.78128165,16.35004099,44.24043291,0.33035431
2865,3,26.41089886,15.24833957,44.26951514,26.38252772,15.34496038,45.08546357,0.17686918
2866,3,27.96448115,14.35137842,41.79292866,27.88360735,14.27164176,42.84167244,0.14330327
2867,1,27.96448115,14.35137842,49.37902122,27.97821305,14.17353025,50.62741853,0.33795494
2868,2,24.85731657,16.14530072,38.60427033,24.84881077,16.17274556,39.50468957,0.06736743
2869,1,24.85731657,17.93922302,36.68342258,25.20933395,17.88381837,37.72240167,0.36470792
2870,3,26.41089886,17.04226187,35.41561200,26.20994340,16.84162203,36.23887390,0.31576625
2871,1,26.41089886,17.04226187,45.53732572,26.54115281,17.12887110,46.44853444,0.16426077
2872,3,24.85731657,17.93922302,44.26951514,24.89160900,18.07864387,45.38089991,0.20766312
2873,3,26.41089886,17.04226187,41.79292866,26.61634192,16.97359049,42.69114802,0.22562876
2874,2,26.41089886,18.83618417,47.45817347,-10.72468324,18.79232620,48.50181397,0.17695451
2875,1,26.41089886,17.04226187,49.37902122,26.49650615,17.20898696,50.78090223,0.47873966
2876,1,23.30373429,20.63010647,36.68342258,23.68980750,20.38355275,37.84469299,0.49980860
2877,1,24.85731657,19.73314532,45.53732572,25.17208318,19.70980003,46.64099621,0.34623341
2878,1,21.75015200,21.52706762,43.03122190,21.93277277,21.51381043,44.26898750,0.33155780
2879,3,23.30373429,20.63010647,44.26951514,23.58851256,20.68244013,45.72747119,0.57485045
2880,2,21.75015200,21.52706762,38.60427033,22.19312891,21.20216515,39.66791036,0.55879603
2881,1,21.75015200,23.32098992,36.68342258,21.62446007,22.92537926,37.95038269,0.51546345
2882,1,21.75015200,23.32098992,40.52511808,21.75932898,23.31214922,41.57127006,0.08575202
2883,1,23.30373429,22.42402877,45.53732572,23.31327727,22.40906674,46.83709236,0.33887961
2884,3,21.75015200,23.32098992,44.26951514,21.72730588,23.03320967,45.66091492,0.51795802
2885,3,23.30373429,22.42402877,41.79292866,23.18141942,22.30825297,42.81122789,0.17778625
2886,2,23.30373429,24.21795108,47.45817347,23.21853389,24.30829918,48.85577284,0.45357871
2887,1,23.30373429,22.42402877,49.37902122,23.00719582,22.53847765,50.70017511,0.48009478
2888,2,20.19656972,24.21795108,38.60427033,20.18197695,24.15052459,39.58729626,0.07231209
2889,1,20.19656972,26.01187338,36.68342258,19.88140082,25.72709061,37.44635624,0.46883099
2890,1,18.64298743,26.90883453,43.03122190,18.69784292,26.55010250,44.08723632,0.37504502
2891,2,21.75015200,26.90883453,47.45817347,21.51747271,27.18156021,49.23573654,0.89147039
2892,1,21.75015200,25.11491223,49.37902122,21.57598067,25.09073901,50.59931455,0.31300257
2893,2,18.64298743,26.90883453,38.60427033,18.80439905,26.76069319,39.63689050,0.23038819
2894,1,18.64298743,28.70275683,36.68342258,18.48664772,28.72428725,37.70122739,0.16760842
2895,1,18.64298743,28.70275683,40.52511808,18.94917430,28.48892493,41.43315231,0.37724961
2896,1,20.19656972,27.80579568,45.53732572,19.96189232,27.76204803,47.06307989,0.61281084
2897,1,17.08940514,29.59971798,43.03122190,17.12353889,29.58477439,44.02503873,0.04942053
2898,3,18.64298743,28.70275683,44.26951514,18.63947766,28.78406762,45.22426984,0.08165346
2899,2,20.19656972,29.59971798,47.45817347,-17.04741375,29.75115418,48.54672821,0.20217996
2900,1,20.19656972,27.80579568,49.37902122,19.75091432,27.93932208,50.82927660,0.67488113
2901,3,18.64298743,30.49667913,35.41561200,18.55558434,30.51311519,36.32877161,0.10115311
2902,1,17.08940514,31.39364028,40.52511808,17.04274784,31.80635816,41.58936498,0.42790221
2903,1,18.64298743,30.49667913,45.53732572,18.68830587,30.47972348,46.41196503,0.09929929
2904,1,34.17881029,0.00000000,43.03122190,15.48636155,32.25182990,44.03733372,0.07715629
2905,3,17.08940514,31.39364028,44.26951514,17.15754132,31.42100157,45.19261588,0.08279093
2906,3,18.64298743,30.49667913,41.79292866,18.21064223,30.23674740,42.26803835,0.70065574
2907,2,18.64298743,32.29060143,47.45817347,18.62517149,32.20512734,48.24982681,0.19084252
2908,1,18.64298743,30.49667913,49.37902122,18.79705504,30.67121870,50.36602562,0.23421984
2909,4,3.39397976,2.53909003,1.52772800,3.64281815,3.09399855,2.18196068,0.68129750
2910,4,1.95990381,5.02298245,1.52772800,1.74017895,5.04004647,2.31270144,0.28227574
2911,4,-5.21047597,17.44244454,1.52772800,-4.29900635,17.30106299,2.34779339,0.93312782
2912,4,-8.07862789,22.41022937,1.52772800,-8.04026057,22.59413747,2.46132990,0.18990605
2913,4,-9.51270384,24.89412179,1.52772800,-9.38221389,24.96490928,2.40809622,0.16910609
2914,4,6.26213168,2.53909003,1.52772800,6.29471308,2.49210794,2.35346156,0.14717755
2915,4,4.82805572,5.02298245,1.52772800,4.92399265,5.49729863,2.26592226,0.53289692
2916,4,1.95990381,9.99076728,1.52772800,2.94256197,10.63569427,2.70640423,1.19531490
2917,4,0.52582785,12.47465970,1.52772800,0.52964241,12.45172372,2.45852675,0.03839417
2918,4,-3.77640002,19.92633695,1.52772800,-3.65827786,19.96547672,2.27585119,0.24688316
2919,4,-9.51270384,29.86190663,1.52772800,-9.71334875,30.39266979,2.64639691,0.58882640
2920,4,-3.77640002,24.89412179,1.52772800,-3.40047805,24.95984452,2.15546136,0.50689073
2921,4,10.56435954,0.05519761,1.52772800,10.82148071,0.06204457,2.13113487,0.44077534
2922,4,-0.90824811,24.89412179,1.52772800,-0.68609604,24.94674089,2.39250598,0.24788476
2923,4,-2.34232406,27.37801421,1.52772800,-1.74637230,27.30076732,1.52152640,1.13898445
2924,4,13.43251146,0.05519761,1.52772800,13.54995737,1.02051280,2.83840879,1.03327516
2925,4,11.99843550,7.50687486,1.52772800,11.24860242,7.95313324,2.58036712,0.87734231
2926,4,10.56435954,9.99076728,1.52772800,10.30417955,10.45477777,2.05684893,0.68543641
2927,4,9.13028359,12.47465970,1.52772800,8.98622200,12.79988120,2.49010335,0.35570186
2928,4,7.69620763,14.95855212,1.52772800,7.59524092,15.14275716,2.47179189,0.21077156
2929,4,6.26213168,17.44244454,1.52772800,6.18709757,17.47362753,2.38010125,0.13593700
2930,4,4.82805572,19.92633695,1.52772800,4.82805572,19.92633695,2.48908001,0.00000000
2931,4,3.39397976,22.41022937,1.52772800,3.43051018,22.52664825,2.27659018,0.24503012
2932,4,1.95990381,24.89412179,1.52772800,2.06437433,24.93699250,2.37391062,0.16129469
2933,4,16.30066337,0.05519761,1.52772800,16.20427727,0.69396633,2.31669545,0.66860466
2934,4,17.73473932,2.53909003,1.52772800,17.81844023,2.83865432,2.78470115,0.42911125
2935,4,13.43251146,9.99076728,1.52772800,13.52279870,9.91094799,2.35561209,0.17982378
2936,4,11.99843550,12.47465970,1.52772800,11.93986700,12.62190602,2.28557003,0.25793034
2937,4,10.56435954,14.95855212,1.52772800,10.56650155,15.01887947,2.43537320,0.08079851
2938,4,9.13028359,17.44244454,1.52772800,9.14773955,17.55976907,2.28778040,0.23364780
2939,4,19.16881528,0.05519761,1.52772800,18.89060611,0.34022305,2.60433181,0.41463577
2940,4,6.26213168,27.37801421,1.52772800,6.43139624,27.53164665,2.01571732,0.52566687
2941,4,20.60289124,7.50687486,1.52772800,20.70179847,7.53346912,2.24048353,0.26886819
2942,4,19.16881528,9.99076728,1.52772800,19.24701150,9.99535281,2.49892613,0.07894696
2943,4,17.73473932,12.47465970,1.52772800,17.65778523,12.39854529,2.53443439,0.11735568
2944,4,13.43251146,19.92633695,1.52772800,13.15239691,19.65024766,2.64646131,0.42362523
2945,4,10.56435954,24.89412179,1.52772800,10.63455624,24.98297182,2.50376007,0.11418147
2946,4,9.13028359,27.37801421,1.52772800,9.18969777,27.60450463,1.43198455,1.08271824
2947,4,7.69620763,29.86190663,1.52772800,7.67147214,29.95369952,1.87393137,0.62245131
2948,4,26.33919506,2.53909003,1.52772800,26.55503298,2.70214102,2.63568723,0.30767728
2949,4,23.47104315,7.50687486,1.52772800,23.41886555,7.67881178,2.09677000,0.43149965
2950,4,20.60289124,12.47465970,1.52772800,20.37923871,12.53229430,2.52863417,0.23432185
2951,4,16.30066337,19.92633695,1.52772800,15.84986122,19.89888967,2.35304175,0.47168034
2952,4,14.86658741,22.41022937,1.52772800,14.24998970,22.09001768,2.10084963,0.79589641
2953,4,27.77327102,0.05519761,1.52772800,27.59479237,0.14374905,1.88992587,0.63141245
2954,4,29.20734697,2.53909003,1.52772800,29.27601141,2.62457630,2.51530583,0.11274086
2955,4,27.77327102,5.02298245,1.52772800,27.79495707,4.98488540,1.81355710,0.67694378
2956,4,23.47104315,12.47465970,1.52772800,23.04594493,12.15622776,2.11452848,0.64992019
2957,4,19.16881528,19.92633695,1.52772800,18.57045518,19.76949659,2.42957200,0.62142973
2958,4,30.64142293,5.02298245,1.52772800,30.62110202,5.03078532,2.54004391,0.05541790
2959,4,23.47104315,17.44244454,1.52772800,23.76925772,17.53450605,2.62327033,0.33972679
2960,4,19.16881528,24.89412179,1.52772800,18.98779014,25.10802035,2.63860007,0.31761446
2961,4,17.73473932,27.37801421,1.52772800,17.87087807,28.28057647,1.73097029,1.18654235
2962,4,16.30066337,29.86190663,1.52772800,15.97173040,30.13700728,2.34017827,0.45392620
2963,4,33.50957484,5.02298245,1.52772800,33.52566714,4.99748145,2.52057764,0.04360463
2964,4,30.64142293,9.99076728,1.52772800,30.93525268,9.96640830,3.20245448,0.77190182
2965,4,29.20734697,12.47465970,1.52772800,29.20729148,12.25590554,2.23271680,0.33700961
2966,4,24.90511911,19.92633695,1.52772800,24.94562454,19.98689620,2.46148276,0.07790842
2967,4,22.03696719,24.89412179,1.52772800,21.96595141,25.35939114,2.29714939,0.50828749
2968,4,20.60289124,27.37801421,1.52772800,20.36102143,27.54537763,2.56152511,0.30291882
2969,4,-0.90824811,5.02298245,1.52772800,-1.06262144,4.71873613,2.25785849,0.41214116
2970,4,-5.21047597,12.47465970,1.52772800,-5.30489953,12.44647554,2.30204395,0.21140635
2971,4,-6.64455193,14.95855212,1.52772800,-6.89287405,14.70647792,2.11965558,0.51154637
2972,4,-9.51270384,19.92633695,1.52772800,-9.60744586,19.86538516,2.84649706,0.37475074
2973,4,-10.94677980,22.41022937,1.52772800,-10.74923970,22.32441010,2.57495563,0.23186560
2974,4,-13.81493171,27.37801421,1.52772800,-13.67389296,27.52362868,2.12232946,0.41904830
2975,4,3.39397976,4.19501831,3.88909300,3.37283620,4.00662352,4.73508759,0.22191661
2976,4,-0.90824811,11.64669556,3.88909300,-1.10227583,11.69646331,4.62401361,0.30231567
2977,4,-3.77640002,16.61448040,3.88909300,-3.66399642,16.77238528,4.94423206,0.21532425
2978,4,-5.21047597,19.09837281,3.88909300,-4.92436756,19.80561080,4.68327540,0.78101810
2979,4,-8.07862789,24.06615765,3.88909300,-7.74459349,24.23552253,4.61601495,0.44183808
2980,4,-9.51270384,26.55005007,3.88909300,-9.13168828,26.82254986,4.38563004,0.65991057
2981,4,-10.94677980,29.03394249,3.88909300,-11.02807505,28.73533674,4.79696306,0.31406151
2982,4,-12.38085576,31.51783490,3.88909300,-12.16804607,31.65886720,4.35641044,0.55610092
2983,4,3.39397976,9.16280314,3.88909300,3.41733548,9.04339531,4.86589624,0.12264771
2984,4,1.95990381,11.64669556,3.88909300,2.09091740,12.14291499,4.81049991,0.51477558
2985,4,0.52582785,14.13058798,3.88909300,0.19699822,14.09143636,4.60908990,0.40977318
2986,4,-0.90824811,16.61448040,3.88909300,-1.02470134,16.50975036,4.32023209,0.55286117
2987,4,-2.34232406,19.09837281,3.88909300,-2.28973297,19.12362335,4.81678663,0.06735206
2988,4,-9.51270384,31.51783490,3.88909300,-9.71871066,31.05159098,5.38412795,0.73799707
2989,4,6.26213168,9.16280314,3.88909300,6.13563444,8.85624596,4.87347451,0.33242926
2990,4,-2.34232406,24.06615765,3.88909300,-2.11282290,24.05493106,4.55156839,0.37699344
2991,4,-3.77640002,26.55005007,3.88909300,-4.45421801,26.48124272,4.15526414,0.97336947
2992,4,11.99843550,4.19501831,3.88909300,12.02818990,4.16084108,4.71571142,0.14214974
2993,4,10.56435954,6.67891072,3.88909300,10.31331954,6.84190546,4.88571966,0.30138459
2994,4,9.13028359,9.16280314,3.88909300,8.83379928,9.11444763,5.15180861,0.42551289
2995,4,0.52582785,24.06615765,3.88909300,0.69367794,23.77635033,4.45058641,0.52158301
2996,4,-0.90824811,26.55005007,3.88909300,-1.19747998,26.45075031,5.47158417,0.69233617
2997,4,-3.77640002,31.51783490,3.88909300,-3.57234603,31.42310690,4.37361704,0.52723461
2998,4,14.86658741,4.19501831,3.88909300,14.85471559,4.08702177,4.85860584,0.10895316
2999,4,13.43251146,6.67891072,3.88909300,13.56688447,6.47961260,4.65555098,0.30945037
3000,4,11.99843550,9.16280314,3.88909300,12.19719138,8.80523235,5.02926837,0.44647347
3001,4,1.95990381,26.55005007,3.88909300,1.82759357,26.21125879,4.90850313,0.36831546
3002,4,-0.90824811,31.51783490,3.88909300,-0.88606116,31.52044854,4.81929610,0.03833205
3003,4,16.30066337,1.71112589,3.88909300,16.25110979,1.74748253,4.82909306,0.06506357
3004,4,16.30066337,6.67891072,3.88909300,16.26762519,6.43225219,5.01330528,0.29741456
3005,4,1.95990381,31.51783490,3.88909300,1.98207745,31.62364305,4.88928330,0.11487143
3006,4,19.16881528,1.71112589,3.88909300,19.17786248,1.75411441,4.91663243,0.07943953
3007,4,14.86658741,14.13058798,3.88909300,15.47333047,14.18166616,4.52780624,0.68908773
3008,4,10.56435954,21.58226523,3.88909300,10.39555183,21.66728868,4.11048153,0.76372180
3009,4,9.13028359,24.06615765,3.88909300,9.37749853,24.10897941,4.85665801,0.25097317
3010,4,22.03696719,1.71112589,3.88909300,22.03696719,1.71112589,4.85044501,0.00000000
3011,4,19.16881528,11.64669556,3.88909300,19.19575032,11.51499936,4.76393026,0.15985677
3012,4,17.73473932,14.13058798,3.88909300,18.19240220,14.04517481,4.63848466,0.51154462
3013,4,16.30066337,16.61448040,3.88909300,16.32253456,16.76973896,4.45735295,0.42320791
3014,4,14.86658741,19.09837281,3.88909300,14.80936720,19.05906166,4.72712954,0.14151405
3015,4,13.43251146,21.58226523,3.88909300,13.08877108,21.62601831,4.52169817,0.47764659
3016,4,11.99843550,24.06615765,3.88909300,12.14774421,24.16477558,4.82733114,0.18042405
3017,4,10.56435954,26.55005007,3.88909300,10.76720627,26.48898309,5.16851281,0.38215585
3018,4,24.90511911,1.71112589,3.88909300,24.76100119,1.97515698,4.91997990,0.30873531
3019,4,26.33919506,4.19501831,3.88909300,26.41306512,4.14143812,4.96626570,0.14745187
3020,4,20.60289124,14.13058798,3.88909300,20.90633994,14.07765695,4.87873126,0.30932656
3021,4,17.73473932,19.09837281,3.88909300,17.83459963,19.15728212,4.98514802,0.17772812
3022,4,29.20734697,4.19501831,3.88909300,29.38758613,3.97500225,4.93622673,0.29707191
3023,4,14.86658741,29.03394249,3.88909300,14.65604204,29.06852597,4.79934789,0.21939983
3024,4,32.07549889,4.19501831,3.88909300,32.10253876,4.17172548,4.81554630,0.04991624
3025,4,27.77327102,11.64669556,3.88909300,27.76933193,11.39051583,4.70386016,0.29517908
3026,4,24.90511911,16.61448040,3.88909300,25.00495973,16.34312407,4.73937077,0.30974166
3027,4,23.47104315,19.09837281,3.88909300,23.50121747,19.16271368,4.89116044,0.08190228
3028,4,20.60289124,24.06615765,3.88909300,20.41961674,23.80134022,4.55346071,0.43808389
3029,4,19.16881528,26.55005007,3.88909300,19.74224617,26.35709844,5.21186834,0.70475537
3030,4,17.73473932,29.03394249,3.88909300,17.37111466,28.88802136,4.40704794,0.59170672
3031,4,16.30066337,31.51783490,3.88909300,16.55840408,31.47845288,4.63812719,0.33624407
3032,4,-2.34232406,4.19501831,3.88909300,-2.21691023,4.40833076,4.96346802,0.27203866
3033,4,-3.77640002,6.67891072,3.88909300,-3.56019096,6.77252041,4.78900964,0.24348190
3034,4,-6.64455193,11.64669556,3.88909300,-6.60880007,11.87131730,5.13350319,0.36311851
3035,4,-8.07862789,14.13058798,3.88909300,28.92972872,13.84080847,4.43224120,0.57960200
3036,4,-15.24900767,26.55005007,3.88909300,-15.01529051,27.01582949,4.43901338,0.66396549
3037,4,-13.81493171,29.03394249,3.88909300,-13.66356550,29.37929027,4.54448436,0.48558083
3038,4,1.95990381,8.33483900,6.25045800,1.98845291,8.56780772,7.52061577,0.38787945
3039,4,0.52582785,10.81873142,6.25045800,0.56517777,10.66215885,6.51452792,0.71572740
3040,4,-2.34232406,15.78651626,6.25045800,-2.28413251,15.95066521,7.14536435,0.18640322
3041,4,-3.77640002,18.27040867,6.25045800,-3.72051222,18.29711235,7.20171848,0.06275645
3042,4,-8.07862789,25.72208593,6.25045800,-8.19475315,25.86401240,6.75788422,0.48956800
3043,4,-9.51270384,28.20597835,6.25045800,-9.43324335,28.32876793,7.04255887,0.22368997
3044,4,7.69620763,3.36705417,6.25045800,8.30495817,3.05673736,7.38644417,0.70524522
3045,4,6.26213168,5.85094658,6.25045800,6.55715259,5.80985834,7.33181656,0.32113417
3046,4,4.82805572,8.33483900,6.25045800,4.70105998,8.62994192,7.27134937,0.32673932
3047,4,3.39397976,10.81873142,6.25045800,3.77836995,11.12776564,6.69363754,0.71537450
3048,4,-0.90824811,18.27040867,6.25045800,-0.55029696,17.97222760,6.56975034,0.79327271
3049,4,10.56435954,3.36705417,6.25045800,11.00336349,3.28263665,7.08344280,0.46511173
3050,4,9.13028359,5.85094658,6.25045800,9.27868395,5.86342422,7.21086480,0.14892701
3051,4,7.69620763,8.33483900,6.25045800,7.41417791,8.39611359,7.36379933,0.32618414
3052,4,11.99843550,5.85094658,6.25045800,12.00011171,5.90448264,6.80931054,0.40604771
3053,4,7.69620763,13.30262384,6.25045800,7.54781816,13.39971252,7.31045396,0.20291938
3054,4,6.26213168,15.78651626,6.25045800,6.15448057,15.74090634,7.26980536,0.13050857
3055,4,4.82805572,18.27040867,6.25045800,4.75709783,18.07491587,7.11504263,0.22938261
3056,4,0.52582785,25.72208593,6.25045800,1.19037679,25.72112998,7.51195432,0.72918641
3057,4,-2.34232406,30.68987077,6.25045800,-2.42309274,30.72629852,7.04691290,0.18719406
3058,4,7.69620763,18.27040867,6.25045800,7.48137501,18.12351897,7.12858683,0.27323203
3059,4,6.26213168,20.75430109,6.25045800,5.94652864,20.52568519,7.05833009,0.41883958
3060,4,3.39397976,25.72208593,6.25045800,3.72130722,26.67942182,7.19525344,1.01188408
3061,4,1.95990381,28.20597835,6.25045800,1.58547287,28.34055201,6.87417833,0.52182732
3062,4,0.52582785,30.68987077,6.25045800,0.46946124,30.83247221,7.08059635,0.20181525
3063,4,17.73473932,0.88316175,6.25045800,17.65014033,1.05933022,7.06368275,0.24522236
3064,4,13.43251146,13.30262384,6.25045800,13.63459035,13.32052578,7.37584635,0.26089131
3065,4,11.99843550,15.78651626,6.25045800,12.37719746,15.72062776,7.66369429,0.59329699
3066,4,9.13028359,20.75430109,6.25045800,9.08433212,21.51228207,6.49394695,1.04497563
3067,4,4.82805572,28.20597835,6.25045800,4.98122673,28.99463970,7.88561607,1.04855267
3068,4,20.60289124,5.85094658,6.25045800,20.42621198,6.11184054,6.94877274,0.41045075
3069,4,19.16881528,8.33483900,6.25045800,19.12508752,8.49047707,7.21968779,0.16185606
3070,4,16.30066337,13.30262384,6.25045800,16.43033569,13.47046468,7.53891168,0.38984736
3071,4,14.86658741,15.78651626,6.25045800,14.95237285,15.62896184,6.77684380,0.47050838
3072,4,11.99843550,20.75430109,6.25045800,11.74213817,20.99956808,6.80607341,0.53894936
3073,4,10.56435954,23.23819351,6.25045800,10.79868788,23.53843985,7.11030774,0.39415777
3074,4,23.47104315,0.88316175,6.25045800,23.49087178,0.88912059,7.12928738,0.08508036
3075,4,24.90511911,3.36705417,6.25045800,24.66184298,3.71969614,7.01066935,0.47328342
3076,4,22.03696719,8.33483900,6.25045800,22.03978966,8.33905878,7.21190086,0.00507751
3077,4,17.73473932,15.78651626,6.25045800,17.92919032,15.98888838,6.52976126,0.73753383
3078,4,16.30066337,18.27040867,6.25045800,16.18564094,18.05737951,6.85474185,0.43140382
3079,4,11.99843550,25.72208593,6.25045800,12.33730535,25.77424004,7.35742956,0.37250219
3080,4,10.56435954,28.20597835,6.25045800,10.87806130,28.07516874,7.38119395,0.37975105
3081,4,9.13028359,30.68987077,6.25045800,9.16031262,30.63643413,7.15835482,0.08133065
3082,4,26.33919506,0.88316175,6.25045800,26.35260452,0.92478949,7.21440327,0.04381104
3083,4,24.90511911,8.33483900,6.25045800,24.77244572,8.83708004,7.12942523,0.52596153
3084,4,14.86658741,25.72208593,6.25045800,14.58825591,25.90502653,5.82760986,1.42370845
3085,4,13.43251146,28.20597835,6.25045800,13.72667806,28.11103145,7.17499905,0.31129399
3086,4,11.99843550,30.68987077,6.25045800,12.24144320,30.42454378,7.16704947,0.36256676
3087,4,27.77327102,8.33483900,6.25045800,27.55437007,8.67373106,7.35299303,0.42743198
3088,4,26.33919506,10.81873142,6.25045800,26.40466425,11.12504178,7.04724175,0.35382901
3089,4,23.47104315,15.78651626,6.25045800,23.60003575,15.49775883,7.72613959,0.60378378
3090,4,22.03696719,18.27040867,6.25045800,22.48875965,17.97298026,7.47598773,0.60197172
3091,4,19.16881528,23.23819351,6.25045800,18.73069401,23.62113805,7.99496927,0.97567166
3092,4,17.73473932,25.72208593,6.25045800,17.78373913,26.00387445,7.07297385,0.31793275
3093,4,32.07549889,5.85094658,6.25045800,32.41842692,5.80369168,6.97451192,0.41969399
3094,4,29.20734697,10.81873142,6.25045800,29.11855697,10.90413340,7.14832264,0.13859224
3095,4,26.33919506,15.78651626,6.25045800,26.30622495,15.81271261,7.76583248,0.55562053
3096,4,24.90511911,18.27040867,6.25045800,25.13319738,18.08671518,6.82926951,0.48176783
3097,4,20.60289124,25.72208593,6.25045800,20.97527532,25.11875635,7.61651752,0.81637286
3098,4,17.73473932,30.68987077,6.25045800,17.32993922,31.05326177,7.22540956,0.54415172
3099,4,34.94365080,0.88316175,6.25045800,35.01569305,1.19855724,6.46755593,0.81152852
3100,4,-2.34232406,5.85094658,6.25045800,-2.15205445,5.92707869,7.22476228,0.20534455
3101,4,-3.77640002,8.33483900,6.25045800,-3.78476263,8.30049063,7.10793821,0.10972281
3102,4,-8.07862789,15.78651626,6.25045800,-8.26183651,15.70793572,7.92769700,0.74312481
3103,4,-9.51270384,18.27040867,6.25045800,-9.65914320,19.11569924,7.21295088,0.85788223
3104,4,-16.68308362,30.68987077,6.25045800,-16.20270388,30.71073694,7.66760000,0.66252895
3105,4,0.52582785,0.88316175,6.25045800,0.56492966,0.72237697,7.46403296,0.30165728
3106,4,-0.90824811,8.33483900,6.25045800,-1.02531778,8.39311134,7.49564791,0.31251388
3107,4,-6.64455193,18.27040867,6.25045800,-6.32882402,17.59110585,7.55171267,0.82259969
3108,4,-10.94677980,25.72208593,6.25045800,-10.67134395,26.05010545,7.87864246,0.79254478
3109,4,-13.81493171,30.68987077,6.25045800,-13.80605935,31.27216202,6.49921279,0.92029160
3110,4,3.39397976,0.88316175,6.25045800,3.27277979,1.01981522,7.40651111,0.26696839
3111,4,3.39397976,2.53909003,8.61182300,3.12857847,2.64439752,9.86087072,0.40533484
3112,4,0.52582785,7.50687486,8.61182300,0.52089283,7.50875555,9.55753519,0.01650744
3113,4,-0.90824811,9.99076728,8.61182300,-1.16440743,9.63605206,9.95263221,0.57916168
3114,4,-3.77640002,14.95855212,8.61182300,-3.74563222,14.90143636,9.57622530,0.06494745
3115,4,-5.21047597,17.44244454,8.61182300,-5.21162405,17.46255767,10.03356101,0.46082657
3116,4,-9.51270384,24.89412179,8.61182300,-9.61746128,24.35179758,9.73048283,0.57431300
3117,4,4.82805572,0.05519761,8.61182300,-13.98862696,31.76301862,9.17315369,0.72788744
3118,4,-2.34232406,17.44244454,8.61182300,-2.54824147,17.34669271,9.47035581,0.24928333
3119,4,-6.64455193,24.89412179,8.61182300,-6.94796764,24.33575868,9.18479313,0.74476234
3120,4,-8.07862789,27.37801421,8.61182300,-8.28727182,26.81405272,9.31586281,0.65405995
3121,4,9.13028359,2.53909003,8.61182300,9.21979640,2.26742558,9.82863367,0.38350129
3122,4,7.69620763,5.02298245,8.61182300,7.71797650,4.70387192,9.53488566,0.32213582
3123,4,10.56435954,5.02298245,8.61182300,10.43704738,4.66138544,9.36435697,0.43653838
3124,4,-3.77640002,29.86190663,8.61182300,-3.93335386,29.91699468,9.41022081,0.23285891
3125,4,7.69620763,14.95855212,8.61182300,7.74929223,14.91765676,9.56422526,0.06760549
3126,4,6.26213168,17.44244454,8.61182300,6.22198073,17.17427213,9.58608208,0.27146847
3127,4,4.82805572,19.92633695,8.61182300,4.41592072,19.76966363,9.22114325,0.56420577
3128,4,3.39397976,22.41022937,8.61182300,3.62689765,22.86230431,9.65266334,0.51472409
3129,4,1.95990381,24.89412179,8.61182300,1.83061812,24.87746549,10.02244288,0.46779679
3130,4,-0.90824811,29.86190663,8.61182300,-1.21975225,30.16267513,9.42567980,0.45744001
3131,4,11.99843550,12.47465970,8.61182300,11.72961478,12.40225304,9.42176967,0.31690832
3132,4,10.56435954,14.95855212,8.61182300,10.65631466,14.91235716,9.61983453,0.11299039
3133,4,7.69620763,19.92633695,8.61182300,7.79933250,19.39496560,9.51742715,0.54414895
3134,4,6.26213168,22.41022937,8.61182300,6.36348860,21.71032732,9.47638687,0.71379552
3135,4,4.82805572,24.89412179,8.61182300,4.60351875,25.46454928,9.46902105,0.62181382
3136,4,3.39397976,27.37801421,8.61182300,3.07026184,27.71072869,9.63645252,0.46850429
3137,4,19.16881528,5.02298245,8.61182300,19.31432191,5.04119559,9.33809876,0.27706451
3138,4,13.43251146,14.95855212,8.61182300,13.55572671,14.37962081,9.88509501,0.66905721
3139,4,10.56435954,19.92633695,8.61182300,10.70227526,19.80770328,10.15286696,0.60756683
3140,4,9.13028359,22.41022937,8.61182300,9.07525543,21.78495844,9.22147033,0.71950540
3141,4,20.60289124,7.50687486,8.61182300,20.71846202,7.36860689,9.52725067,0.18596689
3142,4,16.30066337,14.95855212,8.61182300,16.30356783,15.05755552,9.75008879,0.20275254
3143,4,14.86658741,17.44244454,8.61182300,14.36522028,16.86955401,9.13065214,0.88056746
3144,4,7.69620763,29.86190663,8.61182300,7.45719145,29.95329321,9.35208271,0.33817458
3145,4,24.90511911,0.05519761,8.61182300,24.86712131,0.10225653,9.34536811,0.23569973
3146,4,26.33919506,2.53909003,8.61182300,26.29770468,2.27998190,10.14234701,0.62674974
3147,4,20.60289124,12.47465970,8.61182300,20.46693710,11.76945634,9.48809599,0.72321072
3148,4,11.99843550,27.37801421,8.61182300,11.63034713,26.77160538,9.84391319,0.75928906
3149,4,10.56435954,29.86190663,8.61182300,10.16078637,29.64396651,9.49036937,0.46607508
3150,4,27.77327102,0.05519761,8.61182300,8.94406047,32.27144824,9.45256174,0.23399712
3151,4,26.33919506,7.50687486,8.61182300,25.86351487,7.52153425,9.25148502,0.57443102
3152,4,22.03696719,14.95855212,8.61182300,22.35710961,14.65351742,10.00523913,0.61823680
3153,4,16.30066337,24.89412179,8.61182300,16.48443090,25.22666759,9.33836055,0.44664868
3154,4,13.43251146,29.86190663,8.61182300,12.84693304,29.18781966,9.51824606,0.89460187
3155,4,30.64142293,0.05519761,8.61182300,11.63099658,32.05876644,9.85177569,0.54315505
3156,4,29.20734697,7.50687486,8.61182300,29.33157032,7.75986606,9.20519217,0.46351630
3157,4,27.77327102,9.99076728,8.61182300,27.89882674,10.19527020,9.58693569,0.24036439
3158,4,23.47104315,17.44244454,8.61182300,23.92000307,17.28997850,9.75340403,0.50724097
3159,4,22.03696719,19.92633695,8.61182300,22.17574604,19.93920629,10.04129905,0.48843147
3160,4,20.60289124,22.41022937,8.61182300,20.67866297,22.76349085,9.78192593,0.41726727
3161,4,19.16881528,24.89412179,8.61182300,19.42179754,25.28123681,10.04208428,0.65858482
3162,4,34.94365080,2.53909003,8.61182300,35.18715938,3.24126421,9.93168291,0.82515025
3163,4,26.33919506,17.44244454,8.61182300,26.55779280,17.91689631,9.48271809,0.53016216
3164,4,24.90511911,19.92633695,8.61182300,24.64993111,19.77651023,8.91162219,0.72472139
3165,4,36.37772676,0.05519761,8.61182300,17.71505055,32.12642636,9.71798091,0.26359205
3166,4,0.52582785,2.53909003,8.61182300,0.41742629,2.21370353,9.73964704,0.38123511
3167,4,-2.34232406,7.50687486,8.61182300,-2.67589460,7.42795252,9.43888663,0.36814591
3168,4,-8.07862789,17.44244454,8.61182300,-8.10281721,17.43454039,10.02954875,0.45708269
3169,4,-15.24900767,29.86190663,8.61182300,-14.57805618,29.10288695,9.15069471,1.09762306
3170,4,1.95990381,0.05519761,8.61182300,2.04135315,0.01562863,9.84003807,0.28180773
3171,4,3.39397976,4.19501831,10.97318800,4.08506774,4.72165300,11.62250663,0.92320719
3172,4,-0.90824811,11.64669556,10.97318800,-0.24460250,11.65630514,12.07400592,0.67820983
3173,4,-2.34232406,14.13058798,10.97318800,-2.25697183,14.27073906,11.92682566,0.16427672
3174,4,-3.77640002,16.61448040,10.97318800,-3.68092719,16.58651956,12.11051935,0.20215241
3175,4,-6.64455193,21.58226523,10.97318800,-6.74152271,22.20775945,10.87394429,1.23511523
3176,4,-8.07862789,24.06615765,10.97318800,-8.08040210,24.28801028,12.01595570,0.23632658
3177,4,4.82805572,6.67891072,10.97318800,5.90420673,6.61493425,12.35082659,1.15563338
3178,4,-3.77640002,21.58226523,10.97318800,-3.85343611,21.43637966,11.57814264,0.39272923
3179,4,-5.21047597,24.06615765,10.97318800,-4.77311226,23.99848009,11.45953087,0.64923105
3180,4,6.26213168,9.16280314,10.97318800,6.07978193,9.31505659,12.67136351,0.77417143
3181,4,4.82805572,11.64669556,10.97318800,4.81013696,11.72463491,12.74988467,0.81925731
3182,4,1.95990381,16.61448040,10.97318800,1.75765023,16.67093899,11.61237746,0.38455532
3183,4,-2.34232406,24.06615765,10.97318800,-1.81994244,23.74450014,11.87111091,0.61674092
3184,4,-5.21047597,29.03394249,10.97318800,-5.79678708,28.96112175,12.02490064,0.59768605
3185,4,-6.64455193,31.51783490,10.97318800,-6.72992278,31.52038618,11.96444490,0.09049306
3186,4,10.56435954,1.71112589,10.97318800,10.12663163,2.67008746,12.36629860,1.13913498
3187,4,7.69620763,11.64669556,10.97318800,7.70513741,11.58937047,11.90359014,0.06575562
3188,4,6.26213168,14.13058798,10.97318800,6.47509695,14.01840087,11.79850292,0.27648914
3189,4,4.82805572,16.61448040,10.97318800,4.67283059,16.05806961,11.67273181,0.63421711
3190,4,3.39397976,19.09837281,10.97318800,3.17101586,18.96016311,12.04374980,0.28415066
3191,4,-2.34232406,29.03394249,10.97318800,-3.08026202,28.89203451,11.82502600,0.75939688
3192,4,-3.77640002,31.51783490,10.97318800,-4.00617503,31.44963378,11.98503299,0.24494385
3193,4,13.43251146,6.67891072,10.97318800,13.42589964,6.86102734,11.81535627,0.21774972
3194,4,11.99843550,9.16280314,10.97318800,11.50228112,9.98369425,12.13608352,0.98012814
3195,4,9.13028359,14.13058798,10.97318800,9.20109089,13.98517258,11.72859818,0.26186132
3196,4,4.82805572,21.58226523,10.97318800,4.65889393,21.18569000,11.53632452,0.58690987
3197,4,3.39397976,24.06615765,10.97318800,3.23851531,24.06094355,12.20769950,0.31434454
3198,4,1.95990381,26.55005007,10.97318800,1.98056445,26.47787760,12.22254044,0.29762388
3199,4,17.73473932,4.19501831,10.97318800,17.62389274,4.24953992,11.32303253,0.62385974
3200,4,16.30066337,6.67891072,10.97318800,16.12325108,6.47712958,11.78145417,0.30923458
3201,4,14.86658741,9.16280314,10.97318800,14.52817672,9.61167869,12.38286761,0.71903316
3202,4,13.43251146,11.64669556,10.97318800,13.33220773,11.92381922,11.57794786,0.46261898
3203,4,11.99843550,14.13058798,10.97318800,11.89903467,14.20344449,12.04114812,0.16295363
3204,4,7.69620763,21.58226523,10.97318800,7.66572086,20.83366493,11.82751883,0.75682586
3205,4,6.26213168,24.06615765,10.97318800,5.94946186,23.84766104,12.03591548,0.39468997
3206,4,4.82805572,26.55005007,10.97318800,5.04121098,26.42649493,11.98045800,0.25061824
3207,4,3.39397976,29.03394249,10.97318800,3.55079014,28.70267954,12.12831067,0.41457413
3208,4,19.16881528,1.71112589,10.97318800,18.71713521,1.85455175,12.02523182,0.48250479
3209,4,20.60289124,4.19501831,10.97318800,20.41574886,4.90379121,11.95324120,0.73330146
3210,4,19.16881528,6.67891072,10.97318800,18.77800617,7.04235090,11.54264092,0.66212190
3211,4,10.56435954,21.58226523,10.97318800,10.25166574,21.21814018,12.59517718,0.81658186
3212,4,26.33919506,4.19501831,10.97318800,26.58522170,4.39164003,11.84596464,0.32716174
3213,4,22.03696719,11.64669556,10.97318800,21.60061637,11.16073356,11.88985763,0.65464313
3214,4,20.60289124,14.13058798,10.97318800,20.18380421,13.61097158,11.47628335,0.80971249
3215,4,19.16881528,16.61448040,10.97318800,18.58881979,16.32197719,12.17000458,0.69093882
3216,4,13.43251146,26.55005007,10.97318800,13.80011737,26.48211860,11.48495493,0.58470124
3217,4,11.99843550,29.03394249,10.97318800,11.86874672,28.83011567,12.03606845,0.26205452
3218,4,10.56435954,31.51783490,10.97318800,10.08136976,31.02279327,11.83914789,0.69817262
3219,4,27.77327102,1.71112589,10.97318800,28.61331295,1.77871949,11.48805344,0.95372406
3220,4,27.77327102,6.67891072,10.97318800,27.68192414,6.78456173,11.14211740,0.80463655
3221,4,26.33919506,9.16280314,10.97318800,26.55159374,9.46784748,11.84083254,0.38333580
3222,4,19.16881528,21.58226523,10.97318800,19.06290915,21.73718235,11.77646478,0.24536341
3223,4,17.73473932,24.06615765,10.97318800,17.53827711,23.98088506,11.52048467,0.46616590
3224,4,29.20734697,9.16280314,10.97318800,29.26009540,9.21846511,12.00226077,0.10230715
3225,4,22.03696719,21.58226523,10.97318800,21.83795115,21.58256029,12.18829078,0.32248554
3226,4,20.60289124,24.06615765,10.97318800,20.54750676,24.01104935,12.20073296,0.27742215
3227,4,33.50957484,1.71112589,10.97318800,33.78296447,1.40144961,12.09000022,0.44137191
3228,4,-12.38085576,21.58226523,10.97318800,-12.39838614,21.57375730,12.02699160,0.09448278
3229,4,-16.68308362,29.03394249,10.97318800,-16.13827134,28.82100639,11.36666032,0.81526042
3230,4,-0.90824811,1.71112589,10.97318800,-0.81495298,1.84408600,12.14149116,0.26308012
3231,4,0.52582785,4.19501831,10.97318800,1.51422683,4.27178668,12.40521278,1.09743282
3232,4,-2.34232406,9.16280314,10.97318800,-3.31367714,8.96129502,11.59905458,1.04722625
3233,4,-3.77640002,11.64669556,10.97318800,-2.96673160,11.64021895,11.95574346,0.80997190
3234,4,-5.21047597,14.13058798,10.97318800,-5.38779261,13.99135482,11.55088791,0.44498989
3235,4,-6.64455193,16.61448040,10.97318800,-6.65221001,16.62260687,12.18842210,0.25412753
3236,4,-10.94677980,24.06615765,10.97318800,-10.79649778,24.42282576,12.18589716,0.46149457
3237,4,-13.81493171,29.03394249,10.97318800,-13.48864226,28.74140569,11.99702616,0.44265912
3238,4,-15.24900767,31.51783490,10.97318800,-14.75024439,31.13983820,11.71398318,0.66354475
3239,4,1.95990381,1.71112589,10.97318800,1.89716304,1.59701487,12.05423282,0.17687311
3240,4,4.82805572,3.36705417,13.33455300,5.41913013,3.16928293,14.56262437,0.67795401
3241,4,3.39397976,5.85094658,13.33455300,3.22930997,5.55323079,14.18983086,0.35637419
3242,4,-5.21047597,20.75430109,13.33455300,-4.57724586,20.79779455,14.12618898,0.65702024
3243,4,-6.64455193,23.23819351,13.33455300,-6.63897656,23.30856134,14.11052104,0.19836818
3244,4,7.69620763,3.36705417,13.33455300,8.06980811,3.50020878,14.02538519,0.48009212
3245,4,4.82805572,8.33483900,13.33455300,4.72346658,7.81118819,14.49536872,0.57003055
3246,4,0.52582785,15.78651626,13.33455300,0.38942881,16.00417110,13.95100093,0.43004320
3247,4,-2.34232406,20.75430109,13.33455300,-1.94029497,20.95018592,13.45723547,0.95045508
3248,4,-3.77640002,23.23819351,13.33455300,-3.64673877,23.34408484,13.85270481,0.47376306
3249,4,-8.07862789,30.68987077,13.33455300,-7.77678765,31.18474322,14.73224260,0.72553206
3250,4,9.13028359,0.88316175,13.33455300,9.46191073,1.22403234,14.57792748,0.55290686
3251,4,6.26213168,10.81873142,13.33455300,6.61387329,11.06971262,14.68634744,0.58237360
3252,4,4.82805572,13.30262384,13.33455300,4.84083595,13.44385276,14.86354944,0.58508900
3253,4,3.39397976,15.78651626,13.33455300,3.11487226,16.11014155,13.90752151,0.57747387
3254,4,1.95990381,18.27040867,13.33455300,1.70568015,18.41307337,14.27482928,0.29227910
3255,4,-5.21047597,30.68987077,13.33455300,-5.20097061,30.45641634,14.22338381,0.24464391
3256,4,11.99843550,0.88316175,13.33455300,12.09614682,1.33069400,13.68981234,0.75972425
3257,4,9.13028359,10.81873142,13.33455300,9.26683560,11.03356966,14.06609234,0.34295158
3258,4,7.69620763,13.30262384,13.33455300,7.88903905,13.38961575,14.04118622,0.33110906
3259,4,-2.34232406,30.68987077,13.33455300,-2.52638463,30.96223584,14.34572813,0.33248063
3260,4,14.86658741,0.88316175,13.33455300,15.46061060,1.28660129,13.47467672,1.09089088
3261,4,14.86658741,5.85094658,13.33455300,14.62697910,5.75413744,14.15743527,0.29318599
3262,4,13.43251146,8.33483900,13.33455300,12.96505605,8.55002751,14.34597284,0.51703717
3263,4,11.99843550,10.81873142,13.33455300,12.07435080,11.11867648,14.54622526,0.39798291
3264,4,10.56435954,13.30262384,13.33455300,10.60167533,13.39763785,14.29764200,0.10209381
3265,4,19.16881528,3.36705417,13.33455300,19.68382971,3.36309477,14.07804246,0.55921340
3266,4,17.73473932,5.85094658,13.33455300,17.96245210,5.48104298,13.72989960,0.71347313
3267,4,16.30066337,8.33483900,13.33455300,16.45491869,8.29200465,13.78656180,0.53391010
3268,4,10.56435954,18.27040867,13.33455300,10.26747713,17.53019622,14.33487134,0.79848107
3269,4,6.26213168,25.72208593,13.33455300,6.36560302,25.56802263,14.20154842,0.20819458
3270,4,4.82805572,28.20597835,13.33455300,4.86111659,28.52507712,14.51069046,0.38606973
3271,4,20.60289124,0.88316175,13.33455300,20.51120462,0.80474501,14.55950110,0.28989398
3272,4,11.99843550,20.75430109,13.33455300,12.18165935,20.16506082,14.20464294,0.62378189
3273,4,7.69620763,28.20597835,13.33455300,7.51401718,28.03849037,14.12393038,0.30136499
3274,4,20.60289124,10.81873142,13.33455300,20.30011472,9.91842023,13.93670513,1.01550895
3275,4,19.16881528,13.30262384,13.33455300,19.00476952,13.36136001,14.06442042,0.28973448
3276,4,17.73473932,15.78651626,13.33455300,17.17582956,15.67007946,14.40668058,0.58155729
3277,4,14.86658741,20.75430109,13.33455300,14.88280083,20.69751022,13.52417290,0.77398871
3278,4,13.43251146,23.23819351,13.33455300,13.18326027,22.69856901,14.25325286,0.59593621
3279,4,27.77327102,3.36705417,13.33455300,27.88506966,3.41654602,14.05206882,0.27277183
3280,4,26.33919506,5.85094658,13.33455300,26.21297907,5.55566041,14.28127235,0.32146309
3281,4,23.47104315,10.81873142,13.33455300,23.29214263,10.11493519,13.75245708,0.90701168
3282,4,22.03696719,13.30262384,13.33455300,22.23366559,13.05025566,13.74813277,0.63437716
3283,4,20.60289124,15.78651626,13.33455300,20.79523393,15.34919479,13.48351112,0.94245935
3284,4,19.16881528,18.27040867,13.33455300,18.60842576,18.27590548,14.28731602,0.56048229
3285,4,17.73473932,20.75430109,13.33455300,17.44828798,20.87668748,14.42439509,0.33696068
3286,4,16.30066337,23.23819351,13.33455300,15.85928047,23.18041408,14.07726185,0.49594572
3287,4,29.20734697,5.85094658,13.33455300,29.36945789,5.70141121,14.06670672,0.31807646
3288,4,27.77327102,8.33483900,13.33455300,27.65780806,7.78518607,13.67636298,0.83623106
3289,4,20.60289124,20.75430109,13.33455300,20.12033869,20.52708405,14.02171118,0.59972227
3290,4,19.16881528,23.23819351,13.33455300,18.57787261,23.31009054,13.94813915,0.68943710
3291,4,14.86658741,30.68987077,13.33455300,14.96784366,30.97729094,14.20099460,0.31917264
3292,4,32.07549889,0.88316175,13.33455300,32.20962967,1.02213375,14.28202410,0.19364133
3293,4,33.50957484,3.36705417,13.33455300,33.76150726,3.32862560,14.01607482,0.37848597
3294,4,26.33919506,15.78651626,13.33455300,26.72406228,15.39903214,14.22908675,0.55021032
3295,4,34.94365080,0.88316175,13.33455300,35.09878431,0.99290579,14.44073246,0.23892499
3296,4,-0.90824811,3.36705417,13.33455300,-0.78781491,3.43588791,14.35274912,0.14991161
3297,4,-8.07862789,15.78651626,13.33455300,-7.84439902,15.25586583,14.36639679,0.58431338
3298,4,-10.94677980,20.75430109,13.33455300,-10.87670463,20.78323689,14.14448885,0.16933595
3299,4,-12.38085576,23.23819351,13.33455300,-12.21197737,23.22793309,14.18411553,0.20278578
3300,4,-15.24900767,28.20597835,13.33455300,-15.33842393,28.49312362,14.25312632,0.30377243
3301,4,1.95990381,3.36705417,13.33455300,2.09580967,3.15765933,14.82279696,0.58303664
3302,4,-2.34232406,10.81873142,13.33455300,-2.26625500,10.67610909,14.40606102,0.19560669
3303,4,-3.77640002,13.30262384,13.33455300,-4.76290272,12.52410494,13.80418770,1.34946848
3304,4,-5.21047597,15.78651626,13.33455300,-5.14848885,15.21613767,13.97305062,0.65833813
3305,4,-9.51270384,23.23819351,13.33455300,-9.40516548,23.04313008,14.53395883,0.32601205
3306,4,-0.90824811,9.99076728,15.69591800,-0.37456047,9.59722103,16.76749101,0.67219775
3307,4,-2.34232406,12.47465970,15.69591800,-2.02388621,11.76244123,16.89310172,0.81503032
3308,4,-9.51270384,24.89412179,15.69591800,-9.57152424,24.97212293,16.64917745,0.09802809
3309,4,-10.94677980,27.37801421,15.69591800,-11.05433809,27.54687734,16.80289439,0.24756818
3310,4,-12.38085576,29.86190663,15.69591800,-12.12732679,30.04535933,16.62823059,0.31428509
3311,4,3.39397976,7.50687486,15.69591800,2.78521407,7.13302965,16.47173435,0.73809172
3312,4,-9.51270384,29.86190663,15.69591800,-9.39044533,30.64453420,17.08040346,0.89805065
3313,4,7.69620763,0.05519761,15.69591800,7.48865567,0.26219469,16.19204175,0.54987539
3314,4,9.13028359,2.53909003,15.69591800,9.00116409,2.37158975,17.02089670,0.42065729
3315,4,7.69620763,5.02298245,15.69591800,7.70920601,4.70040966,16.44498585,0.38637640
3316,4,0.52582785,17.44244454,15.69591800,0.86527926,16.84619755,16.49831116,0.70427668
3317,4,-0.90824811,19.92633695,15.69591800,-0.56498909,19.14052209,16.83689474,0.87612602
3318,4,-2.34232406,22.41022937,15.69591800,-1.61963947,22.39349432,17.37201843,1.01657188
3319,4,-3.77640002,24.89412179,15.69591800,-3.63917380,24.96937872,17.29831678,0.65987544
3320,4,11.99843550,2.53909003,15.69591800,11.71615684,2.59638654,17.07099353,0.50411436
3321,4,10.56435954,5.02298245,15.69591800,10.42578183,4.88089813,16.33603039,0.37760645
3322,4,3.39397976,17.44244454,15.69591800,3.83808040,17.26115279,16.26895626,0.61715447
3323,4,1.95990381,19.92633695,15.69591800,2.24102407,19.25800555,17.21034803,0.91191598
3324,4,-0.90824811,24.89412179,15.69591800,-0.95496273,25.29463300,16.95116237,0.49896313
3325,4,-2.34232406,27.37801421,15.69591800,-2.65179176,27.46004323,16.80243519,0.35152802
3326,4,-3.77640002,29.86190663,15.69591800,-3.82135108,29.91359526,16.61105165,0.08263444
3327,4,11.99843550,7.50687486,15.69591800,12.60643153,8.60929924,17.29675002,1.41206705
3328,4,9.13028359,12.47465970,15.69591800,9.33158158,12.15062615,16.56215269,0.39314873
3329,4,7.69620763,14.95855212,15.69591800,7.49708904,14.01735452,17.31990853,1.16815707
3330,4,0.52582785,27.37801421,15.69591800,0.69923789,27.47672292,17.14694689,0.52877017
3331,4,-0.90824811,29.86190663,15.69591800,-0.97266471,29.60565079,16.83607799,0.31904364
3332,4,17.73473932,2.53909003,15.69591800,18.05358902,2.47882875,16.07419384,0.66728882
3333,4,14.86658741,7.50687486,15.69591800,14.78408956,7.15070719,16.55207133,0.38043142
3334,4,10.56435954,14.95855212,15.69591800,10.71350397,14.48761596,16.79237086,0.51213003
3335,4,9.13028359,17.44244454,15.69591800,9.70452730,17.00283790,17.07495952,0.83514930
3336,4,7.69620763,19.92633695,15.69591800,7.84782387,18.89916110,16.45783624,1.05728499
3337,4,1.95990381,29.86190663,15.69591800,1.77066796,29.96122165,16.82517905,0.27178507
3338,4,19.16881528,0.05519761,15.69591800,19.06477962,0.03651488,16.73969784,0.13404033
3339,4,20.60289124,2.53909003,15.69591800,20.67198429,2.50637728,16.82750579,0.18661242
3340,4,17.73473932,7.50687486,15.69591800,17.36549974,7.71106394,17.22031786,0.70360069
3341,4,16.30066337,9.99076728,15.69591800,15.78159510,9.63771661,16.05810882,0.86779650
3342,4,11.99843550,17.44244454,15.69591800,12.60231886,17.73460907,16.32932691,0.74671407
3343,4,10.56435954,19.92633695,15.69591800,10.50297116,19.46898050,16.23484237,0.62561056
3344,4,9.13028359,22.41022937,15.69591800,9.64671414,21.85922373,17.22367309,0.94399162
3345,4,7.69620763,24.89412179,15.69591800,7.66363659,25.06452723,16.54373350,0.20733892
3346,4,6.26213168,27.37801421,15.69591800,5.83178444,27.12846889,16.63942716,0.49778507
3347,4,22.03696719,0.05519761,15.69591800,21.78726724,0.02197541,16.91762621,0.36226942
3348,4,20.60289124,7.50687486,15.69591800,20.05983795,7.36561880,17.00715147,0.66126937
3349,4,13.43251146,19.92633695,15.69591800,14.16524678,19.99098085,16.07880179,0.93579131
3350,4,11.99843550,22.41022937,15.69591800,12.35767361,21.60483890,17.32474440,1.10599634
3351,4,9.13028359,27.37801421,15.69591800,9.10428194,27.35567906,16.22846309,0.43017475
3352,4,7.69620763,29.86190663,15.69591800,7.15173081,29.49960134,16.39508317,0.70460065
3353,4,24.90511911,0.05519761,15.69591800,5.82186389,32.11901103,17.38378858,0.87925978
3354,4,26.33919506,2.53909003,15.69591800,26.13899596,2.47942466,17.10027107,0.48978523
3355,4,23.47104315,7.50687486,15.69591800,23.51525100,7.67563692,17.17145711,0.54297637
3356,4,22.03696719,9.99076728,15.69591800,21.95926922,9.62710659,16.07833385,0.68807932
3357,4,19.16881528,14.95855212,15.69591800,18.65734952,14.63711097,16.44685367,0.63968483
3358,4,17.73473932,17.44244454,15.69591800,17.35751061,17.04530935,16.75188108,0.55584990
3359,4,27.77327102,0.05519761,15.69591800,27.79460090,0.32526416,16.89340027,0.35937224
3360,4,20.60289124,17.44244454,15.69591800,20.08902063,16.93006390,16.78878406,0.73749092
3361,4,19.16881528,19.92633695,15.69591800,18.32640235,19.59031571,16.66010392,0.90696078
3362,4,14.86658741,27.37801421,15.69591800,14.85631024,27.54428152,17.22727590,0.59384944
3363,4,13.43251146,29.86190663,15.69591800,13.52025497,29.83529622,16.60242431,0.10684142
3364,4,30.64142293,5.02298245,15.69591800,30.23758348,5.22240272,16.60464687,0.45345777
3365,4,29.20734697,7.50687486,15.69591800,29.47035514,7.96945912,16.93988547,0.60251887
3366,4,24.90511911,14.95855212,15.69591800,25.22314476,14.57533698,16.34875767,0.58581057
3367,4,17.73473932,27.37801421,15.69591800,17.56018868,27.45465725,16.89933342,0.30811812
3368,4,16.30066337,29.86190663,15.69591800,16.22863174,29.79439712,16.30703524,0.36388251
3369,4,33.50957484,0.05519761,15.69591800,33.50990520,0.05484834,16.65647427,0.00092970
3370,4,33.50957484,5.02298245,15.69591800,32.87819212,4.67625202,16.21332060,0.84614255
3371,4,32.07549889,7.50687486,15.69591800,32.14491733,7.50049213,16.71401189,0.08988493
3372,4,27.77327102,14.95855212,15.69591800,27.93892780,14.64912979,16.55686519,0.36505544
3373,4,26.33919506,17.44244454,15.69591800,26.24139482,17.10235238,16.30886398,0.49660278
3374,4,20.60289124,27.37801421,15.69591800,20.84631506,27.77803267,16.83694629,0.50155108
3375,4,-8.07862789,17.44244454,15.69591800,-8.32078720,17.15576915,16.26058552,0.54606089
3376,4,-10.94677980,22.41022937,15.69591800,-11.15230346,22.66344260,16.63006592,0.32725675
3377,4,-12.38085576,24.89412179,15.69591800,-12.26426453,25.11701174,17.03966743,0.45771304
3378,4,-13.81493171,27.37801421,15.69591800,-13.74887717,27.86585043,16.41717402,0.54771659
3379,4,-15.24900767,29.86190663,15.69591800,-15.37631949,30.23810827,16.34545136,0.50494242
3380,4,-0.90824811,11.64669556,18.05728300,-0.80359177,11.78047316,19.32924348,0.35401556
3381,4,-3.77640002,16.61448040,18.05728300,-3.43933391,16.52189266,19.22027214,0.40353882
3382,4,-9.51270384,26.55005007,18.05728300,-9.46220331,26.62787546,18.81405681,0.22463155
3383,4,-10.94677980,29.03394249,18.05728300,-10.78174601,29.22106684,18.94111696,0.26126754
3384,4,-12.38085576,31.51783490,18.05728300,-12.16784964,31.88095035,18.64148554,0.56521338
3385,4,4.82805572,6.67891072,18.05728300,4.38543869,7.86200353,19.64527361,1.41006892
3386,4,3.39397976,9.16280314,18.05728300,2.22977145,9.26389852,18.74415231,1.20039244
3387,4,1.95990381,11.64669556,18.05728300,1.90670135,11.94554989,19.10276522,0.31499572
3388,4,-2.34232406,19.09837281,18.05728300,-2.48968168,19.03445624,18.76265174,0.30220362
3389,4,-3.77640002,21.58226523,18.05728300,-2.97408308,21.58688605,19.60862198,0.99590082
3390,4,-5.21047597,24.06615765,18.05728300,-4.49522851,24.22372165,19.77529023,1.05305862
3391,4,9.13028359,4.19501831,18.05728300,9.29585938,4.31570045,18.90711510,0.23327283
3392,4,0.52582785,19.09837281,18.05728300,0.55019389,18.96790623,19.32722509,0.33592122
3393,4,-2.34232406,24.06615765,18.05728300,-1.80512527,24.26450060,19.34411411,0.65867983
3394,4,-3.77640002,26.55005007,18.05728300,-3.38598537,26.68410071,19.40066212,0.56243922
3395,4,11.99843550,4.19501831,18.05728300,12.01296778,4.39765113,19.09375914,0.21659844
3396,4,10.56435954,6.67891072,18.05728300,10.62569789,6.64063597,18.40667954,0.61621169
3397,4,3.39397976,19.09837281,18.05728300,3.98324666,19.00402090,19.29267748,0.65668640
3398,4,1.95990381,21.58226523,18.05728300,2.24356173,21.09977981,19.21835519,0.59425765
3399,4,-0.90824811,26.55005007,18.05728300,-0.57113323,26.69241087,19.42625415,0.54778317
3400,4,-2.34232406,29.03394249,18.05728300,-1.98438628,29.01844279,19.29771325,0.45414134
3401,4,13.43251146,6.67891072,18.05728300,13.33109769,6.78063764,19.18398118,0.21902619
3402,4,10.56435954,11.64669556,18.05728300,9.37858993,11.58621306,20.19476169,1.67122161
3403,4,9.13028359,14.13058798,18.05728300,9.47519043,14.11752466,19.19108793,0.38583855
3404,4,6.26213168,19.09837281,18.05728300,6.62970603,19.45844264,18.83009770,0.54800319
3405,4,4.82805572,21.58226523,18.05728300,4.91802793,21.57179946,18.99776626,0.09295180
3406,4,16.30066337,6.67891072,18.05728300,15.82633853,6.91364662,20.28814790,1.37540829
3407,4,14.86658741,9.16280314,18.05728300,14.94163771,8.91669294,18.66662329,0.43602183
3408,4,10.56435954,16.61448040,18.05728300,11.04648483,16.33780414,19.35116506,0.64774283
3409,4,9.13028359,19.09837281,18.05728300,9.35060798,19.35364698,18.73038653,0.44361574
3410,4,7.69620763,21.58226523,18.05728300,7.66844402,21.96351217,19.09444900,0.38970220
3411,4,6.26213168,24.06615765,18.05728300,5.95392045,23.97414252,19.75928178,0.80747667
3412,4,1.95990381,31.51783490,18.05728300,1.61036514,31.85275702,19.14521425,0.50037227
3413,4,19.16881528,1.71112589,18.05728300,19.03174616,1.99221175,18.98170125,0.31489889
3414,4,17.73473932,9.16280314,18.05728300,17.92073749,9.23419628,19.41043435,0.43954411
3415,4,16.30066337,11.64669556,18.05728300,16.80792821,11.72133926,19.41305720,0.64688342
3416,4,11.99843550,19.09837281,18.05728300,12.07477628,19.30595018,18.75977449,0.34047767
3417,4,7.69620763,26.55005007,18.05728300,7.69855207,27.24839201,18.71834806,0.76017051
3418,4,22.03696719,6.67891072,18.05728300,21.44053419,7.17024809,19.44605495,0.88308127
3419,4,20.60289124,9.16280314,18.05728300,20.65142672,9.58802905,18.46836574,0.69711479
3420,4,17.73473932,14.13058798,18.05728300,17.78003993,14.23941524,18.99565578,0.12009814
3421,4,9.13028359,29.03394249,18.05728300,9.29771227,29.35644981,18.06795561,1.01775963
3422,4,7.69620763,31.51783490,18.05728300,7.96360492,31.59080928,19.12098358,0.29546878
3423,4,24.90511911,1.71112589,18.05728300,24.95100830,1.51104479,19.47104036,0.49679862
3424,4,26.33919506,4.19501831,18.05728300,26.37338175,4.43727262,19.24665049,0.33443525
3425,4,24.90511911,6.67891072,18.05728300,24.97998296,6.94650605,19.35025481,0.43264714
3426,4,23.47104315,9.16280314,18.05728300,23.48583066,9.35890811,19.31387732,0.35474476
3427,4,19.16881528,16.61448040,18.05728300,18.68573214,16.85145498,19.12305744,0.54811524
3428,4,13.43251146,26.55005007,18.05728300,13.52510138,26.64522937,19.42814386,0.43049912
3429,4,10.56435954,31.51783490,18.05728300,10.86032903,31.49797111,18.69751630,0.43716099
3430,4,27.77327102,1.71112589,18.05728300,27.65877596,1.87744880,19.28020733,0.33044290
3431,4,29.20734697,4.19501831,18.05728300,29.06014536,4.17837584,18.87261649,0.20800648
3432,4,26.33919506,9.16280314,18.05728300,26.23133328,9.34061571,18.99445588,0.20937074
3433,4,24.90511911,11.64669556,18.05728300,24.33712704,12.08459751,18.94514080,0.72095389
3434,4,16.30066337,26.55005007,18.05728300,16.42865603,26.66972430,19.35480680,0.37909829
3435,4,14.86658741,29.03394249,18.05728300,14.44608471,29.21634409,19.68256968,0.80678505
3436,4,30.64142293,6.67891072,18.05728300,30.78253383,6.59638317,18.89362883,0.20579025
3437,4,26.33919506,14.13058798,18.05728300,26.43159983,13.80494219,18.66616135,0.48869367
3438,4,24.90511911,16.61448040,18.05728300,25.17223266,16.23005091,18.69728457,0.56780436
3439,4,19.16881528,26.55005007,18.05728300,19.31098557,26.91677501,18.91666445,0.40632200
3440,4,17.73473932,29.03394249,18.05728300,17.04167893,29.27862911,18.85598803,0.75276709
3441,4,-3.77640002,6.67891072,18.05728300,-3.78954916,6.78254954,19.04972025,0.10899631
3442,4,-5.21047597,9.16280314,18.05728300,31.52340880,9.21392812,18.73937507,0.62080862
3443,4,-9.51270384,16.61448040,18.05728300,-9.35016034,16.34234189,18.70610342,0.44514689
3444,4,-12.38085576,21.58226523,18.05728300,-12.15222534,21.88106856,19.04093090,0.37689840
3445,4,-13.81493171,24.06615765,18.05728300,-13.26847391,24.28869929,19.65979860,0.87133900
3446,4,-9.51270384,21.58226523,18.05728300,-9.47164428,21.40034807,19.12823658,0.21631516
3447,4,-10.94677980,24.06615765,18.05728300,-10.62437869,24.13705104,19.01949017,0.33010464
3448,4,-13.81493171,29.03394249,18.05728300,-13.95887472,29.79600208,18.63010096,0.86741750
3449,4,4.82805572,3.36705417,20.41864800,5.09822793,3.67855465,21.14337830,0.47541078
3450,4,3.39397976,5.85094658,20.41864800,3.45574394,5.85077464,21.23247324,0.15993434
3451,4,-0.90824811,13.30262384,20.41864800,-0.87164970,13.35789766,21.54990348,0.18237825
3452,4,-2.34232406,15.78651626,20.41864800,-2.06975135,15.80357433,21.46359419,0.28561311
3453,4,-3.77640002,18.27040867,20.41864800,-3.86041610,18.37486423,21.18021472,0.24059058
3454,4,-10.94677980,30.68987077,20.41864800,-10.90842959,31.32965466,20.99396631,0.74820865
3455,4,4.82805572,8.33483900,20.41864800,4.99316107,8.86183126,22.10601542,0.91218364
3456,4,3.39397976,10.81873142,20.41864800,3.43017866,10.84021984,21.07291508,0.30995688
3457,4,1.95990381,13.30262384,20.41864800,1.90248893,13.05231600,21.59265166,0.33342346
3458,4,-5.21047597,25.72208593,20.41864800,-5.58695854,26.40731265,20.98536758,0.87579081
3459,4,10.56435954,3.36705417,20.41864800,10.42991570,3.42106091,21.23463120,0.20524124
3460,4,4.82805572,13.30262384,20.41864800,4.73934879,13.35215042,21.47112120,0.13647297
3461,4,-2.34232406,25.72208593,20.41864800,-1.99708492,26.05144472,21.65785809,0.55215250
3462,4,13.43251146,3.36705417,20.41864800,14.03617857,3.69101470,20.77646956,0.91302432
3463,4,11.99843550,5.85094658,20.41864800,11.25821916,6.40058882,21.04609720,0.98057019
3464,4,3.39397976,20.75430109,20.41864800,3.58953716,20.45062261,21.56789437,0.40714568
3465,4,1.95990381,23.23819351,20.41864800,1.80759786,22.51104418,21.50800515,0.75387569
3466,4,11.99843550,10.81873142,20.41864800,12.08252521,10.92447155,21.58016404,0.24149056
3467,4,10.56435954,13.30262384,20.41864800,10.67571039,13.53808054,21.58469818,0.33127060
3468,4,6.26213168,20.75430109,20.41864800,6.20766723,19.69741639,21.51986407,1.06748940
3469,4,4.82805572,23.23819351,20.41864800,4.30266671,23.53985672,21.88271777,0.78724802
3470,4,3.39397976,25.72208593,20.41864800,3.23122103,25.98355100,21.33081897,0.31188645
3471,4,0.52582785,30.68987077,20.41864800,0.50048670,30.61019381,21.30123791,0.11486540
3472,4,17.73473932,0.88316175,20.41864800,17.66071553,0.60555294,21.30778803,0.29624439
3473,4,19.16881528,3.36705417,20.41864800,19.00398604,3.59718906,21.23869268,0.31638348
3474,4,13.43251146,13.30262384,20.41864800,13.44477532,13.27620149,21.38555551,0.02965479
3475,4,10.56435954,18.27040867,20.41864800,10.74400382,18.34722278,21.53600471,0.25001987
3476,4,6.26213168,25.72208593,20.41864800,6.08634505,26.01622040,21.55834035,0.38629173
3477,4,20.60289124,0.88316175,20.41864800,20.31732998,1.21102758,21.31347615,0.43984845
3478,4,16.30066337,13.30262384,20.41864800,16.19217530,13.39040081,21.47686751,0.16987575
3479,4,14.86658741,15.78651626,20.41864800,14.32676882,16.41475439,21.31229436,0.83106637
3480,4,24.90511911,3.36705417,20.41864800,25.01436096,3.14888292,21.64766737,0.36218543
3481,4,23.47104315,5.85094658,20.41864800,23.23149607,6.53739413,21.39956018,0.72730711
3482,4,22.03696719,8.33483900,20.41864800,21.84907988,8.87868468,21.57708813,0.60820514
3483,4,17.73473932,15.78651626,20.41864800,17.81741352,15.57682840,21.36929469,0.22565156
3484,4,26.33919506,0.88316175,20.41864800,26.56642223,0.91036688,21.58145641,0.30488848
3485,4,27.77327102,3.36705417,20.41864800,27.70446891,3.53162426,21.44488913,0.18980949
3486,4,24.90511911,8.33483900,20.41864800,25.09040229,8.59574894,21.51636565,0.34784974
3487,4,23.47104315,10.81873142,20.41864800,23.53367555,11.14319656,21.37258011,0.33053819
3488,4,20.60289124,15.78651626,20.41864800,20.44112333,15.30679258,20.68301731,0.86144562
3489,4,19.16881528,18.27040867,20.41864800,19.59016099,18.08921706,21.37565263,0.45867364
3490,4,14.86658741,25.72208593,20.41864800,14.96024031,25.78825155,21.57993301,0.23048201
3491,4,29.20734697,0.88316175,20.41864800,29.29266052,0.94021551,21.24902604,0.16639626
3492,4,26.33919506,10.81873142,20.41864800,26.23211647,11.18775540,20.99752978,0.54215127
3493,4,20.60289124,20.75430109,20.41864800,20.99445354,20.66397110,21.93114881,0.68208910
3494,4,17.73473932,25.72208593,20.41864800,17.52819745,24.97000771,21.17955268,0.80527034
3495,4,32.07549889,5.85094658,20.41864800,32.13192171,5.97242943,21.26468432,0.17674650
3496,4,23.47104315,20.75430109,20.41864800,23.54759979,20.83811071,20.99556588,0.40084232
3497,4,22.03696719,23.23819351,20.41864800,21.63524557,23.07403187,20.83332176,0.69798740
3498,4,17.73473932,30.68987077,20.41864800,18.07070344,30.92084607,20.77131086,0.73261447
3499,4,34.94365080,0.88316175,20.41864800,34.93574810,0.58052061,21.44922889,0.31055877
3500,4,-2.34232406,5.85094658,20.41864800,-2.21775233,6.03053407,21.24628224,0.25622300
3501,4,-3.77640002,8.33483900,20.41864800,-3.46822200,8.45051011,21.18091357,0.38469327
3502,4,-10.94677980,20.75430109,20.41864800,-11.04862993,20.42193118,21.12324121,0.43216697
3503,4,-12.38085576,23.23819351,20.41864800,-12.06996396,22.88883543,21.66684000,0.54861822
3504,4,-16.68308362,30.68987077,20.41864800,-15.61073537,30.96101184,21.35151223,1.10646275
3505,4,0.52582785,0.88316175,20.41864800,0.54027947,1.08010749,21.20096523,0.26655193
3506,4,1.95990381,3.36705417,20.41864800,2.29129853,3.37834820,21.37939360,0.33158767
3507,4,-5.21047597,15.78651626,20.41864800,-5.39266454,16.12409507,21.07782105,0.48832801
3508,4,-9.51270384,23.23819351,20.41864800,-9.39120654,23.13110721,21.23118470,0.21994333
3509,4,3.39397976,0.88316175,20.41864800,3.92071780,1.22457294,21.01817746,0.72452061
3510,4,3.39397976,2.53909003,22.78001300,3.98519822,2.51543982,23.42016864,0.67325010
3511,4,1.95990381,5.02298245,22.78001300,2.26334311,5.14239319,23.57781065,0.36480730
3512,4,-3.77640002,14.95855212,22.78001300,-3.81251388,15.20688916,23.47132344,0.36864339
3513,4,-5.21047597,17.44244454,22.78001300,-5.45746500,17.66381104,23.32488743,0.53240988
3514,4,-8.07862789,22.41022937,22.78001300,-7.94328626,22.53274323,23.72567527,0.18322982
3515,4,-9.51270384,24.89412179,22.78001300,-9.23519636,24.93171776,23.71467170,0.28131192
3516,4,4.82805572,5.02298245,22.78001300,4.98524602,5.04890080,23.49574286,0.29276406
3517,4,-0.90824811,14.95855212,22.78001300,-1.13856512,14.82543686,23.83010447,0.28042876
3518,4,-2.34232406,17.44244454,22.78001300,-2.56966741,17.63166715,23.46732937,0.40321921
3519,4,-3.77640002,19.92633695,22.78001300,-3.90000393,20.00069376,23.67263285,0.15978414
3520,4,-6.64455193,24.89412179,22.78001300,-6.42536644,25.22999715,23.40381350,0.52420947
3521,4,-8.07862789,27.37801421,22.78001300,-8.00118607,27.31939265,24.16239787,0.43209071
3522,4,6.26213168,7.50687486,22.78001300,6.56829702,7.26128169,23.64919780,0.40317244
3523,4,3.39397976,12.47465970,22.78001300,3.27604062,11.63388572,23.67494650,0.85159964
3524,4,1.95990381,14.95855212,22.78001300,2.92968031,14.33498874,23.76609595,1.15321696
3525,4,-5.21047597,27.37801421,22.78001300,-5.32534029,27.82240422,23.29908760,0.63740537
3526,4,-6.64455193,29.86190663,22.78001300,-7.05541342,29.85508490,23.84615766,0.42406981
3527,4,10.56435954,0.05519761,22.78001300,10.62763819,0.09549006,23.53509489,0.21948811
3528,4,11.99843550,2.53909003,22.78001300,11.74965835,2.57747982,23.46417865,0.37442773
3529,4,4.82805572,14.95855212,22.78001300,5.60313762,14.86088890,23.74916677,0.78124959
3530,4,-3.77640002,29.86190663,22.78001300,-3.95876381,30.14100064,22.87386899,0.92935427
3531,4,13.43251146,0.05519761,22.78001300,13.34415715,0.17664777,23.33972418,0.42880296
3532,4,3.39397976,22.41022937,22.78001300,3.06295093,22.25386129,23.94027757,0.41665005
3533,4,17.73473932,2.53909003,22.78001300,17.90020356,2.49782479,23.78634076,0.17636341
3534,4,11.99843550,12.47465970,22.78001300,12.14771852,12.64913165,23.69827227,0.23362976
3535,4,4.82805572,24.89412179,22.78001300,5.08034732,25.12375723,23.95894117,0.40462683
3536,4,3.39397976,27.37801421,22.78001300,3.65476903,27.41909324,23.60767142,0.29592652
3537,4,1.95990381,29.86190663,22.78001300,1.96698804,29.78605009,23.44469124,0.30630006
3538,4,19.16881528,0.05519761,22.78001300,0.46503764,32.23332468,23.51916396,0.25635764
3539,4,13.43251146,14.95855212,22.78001300,13.23689781,15.19633625,23.74538468,0.30793205
3540,4,10.56435954,19.92633695,22.78001300,10.54571426,19.95249860,23.72872046,0.03452482
3541,4,6.26213168,27.37801421,22.78001300,6.35201130,27.80508334,23.59638414,0.45987590
3542,4,20.60289124,7.50687486,22.78001300,20.77975561,7.55518624,23.70526312,0.18686450
3543,4,16.30066337,14.95855212,22.78001300,15.91463556,14.70304160,23.84840184,0.47514206
3544,4,13.43251146,19.92633695,22.78001300,13.40870421,19.89912415,23.73956590,0.03620164
3545,4,11.99843550,22.41022937,22.78001300,11.64950662,22.55877839,23.64859943,0.39041469
3546,4,9.13028359,27.37801421,22.78001300,9.09595776,27.81623404,23.63103291,0.45319759
3547,4,23.47104315,7.50687486,22.78001300,23.45176123,8.08365837,23.63222252,0.58733558
3548,4,19.16881528,14.95855212,22.78001300,18.62354571,14.44324335,23.71223405,0.75080666
3549,4,14.86658741,22.41022937,22.78001300,15.05291421,22.06778875,23.88384524,0.41507092
3550,4,13.43251146,24.89412179,22.78001300,13.66688357,24.38615074,23.52558798,0.59960370
3551,4,11.99843550,27.37801421,22.78001300,12.27172004,26.71746323,23.73230336,0.71490849
3552,4,27.77327102,0.05519761,22.78001300,9.29924606,32.21352138,23.71601060,0.21607532
3553,4,29.20734697,2.53909003,22.78001300,29.04698085,2.40686297,23.53218530,0.29488547
3554,4,24.90511911,9.99076728,22.78001300,24.98394461,10.39925264,23.55604037,0.45543273
3555,4,19.16881528,19.92633695,22.78001300,18.87744475,19.77220306,23.39650010,0.47705958
3556,4,17.73473932,22.41022937,22.78001300,17.93982603,22.77981784,23.72715367,0.42291625
3557,4,16.30066337,24.89412179,22.78001300,16.34680211,24.98956243,23.78661132,0.11526026
3558,4,30.64142293,0.05519761,22.78001300,30.65289085,0.17441173,23.83141543,0.14984191
3559,4,32.07549889,2.53909003,22.78001300,31.76075538,2.63263550,23.43898270,0.44637349
3560,4,30.64142293,5.02298245,22.78001300,31.32995098,5.29952391,23.79443369,0.74388328
3561,4,27.77327102,9.99076728,22.78001300,27.67116967,10.27399871,23.12318409,0.68759899
3562,4,26.33919506,12.47465970,22.78001300,26.78571891,12.97287921,23.71645087,0.66949753
3563,4,20.60289124,22.41022937,22.78001300,20.65459117,22.53580636,23.88177904,0.19534217
3564,4,33.50957484,0.05519761,22.78001300,33.92307445,1.05040547,23.93477312,1.09490972
3565,4,33.50957484,5.02298245,22.78001300,33.92596702,4.64112450,23.29299301,0.72127345
3566,4,32.07549889,7.50687486,22.78001300,32.15277604,7.83922245,23.24934565,0.59875681
3567,4,29.20734697,12.47465970,22.78001300,29.42164500,12.28332153,23.69124116,0.29162706
3568,4,19.16881528,29.86190663,22.78001300,19.27063972,30.52726696,23.18573918,0.87280734
3569,4,36.37772676,0.05519761,22.78001300,36.59056648,0.57304759,23.64948653,0.56737202
3570,4,0.52582785,2.53909003,22.78001300,0.88372649,2.79350480,23.63791754,0.45113157
3571,4,-2.34232406,7.50687486,22.78001300,-2.49502681,7.96460370,23.91909155,0.51421838
3572,4,-6.64455193,14.95855212,22.78001300,-6.39214433,14.46859224,22.99734737,0.92592253
3573,4,-15.24900767,29.86190663,22.78001300,-15.38084586,30.31715547,23.98909248,0.53479129
3574,4,1.95990381,0.05519761,22.78001300,2.21974672,0.44691586,23.25101149,0.67927027
3575,4,0.52582785,9.16280314,25.14137800,0.22241424,9.28707397,25.65619040,0.55398618
3576,4,-0.90824811,11.64669556,25.14137800,-1.03629649,11.69146213,25.41371062,0.70224508
3577,4,-6.64455193,21.58226523,25.14137800,-6.93644700,21.01458325,25.86262532,0.68199400
3578,4,-8.07862789,24.06615765,25.14137800,-8.59843820,24.13094855,26.24005074,0.54153264
3579,4,6.26213168,4.19501831,25.14137800,6.38519399,4.00474065,25.97187291,0.26167441
3580,4,4.82805572,6.67891072,25.14137800,5.03526218,6.36973147,25.87841642,0.43456060
3581,4,-2.34232406,19.09837281,25.14137800,-2.38840173,19.01317742,25.80886808,0.30941274
3582,4,-3.77640002,21.58226523,25.14137800,-3.97094617,21.46042943,26.06763386,0.23221522
3583,4,-5.21047597,24.06615765,25.14137800,-6.03215933,23.56227370,25.52237864,1.12510901
3584,4,-9.51270384,31.51783490,25.14137800,-10.28886624,31.54631318,26.90794710,1.11875539
3585,4,7.69620763,1.71112589,25.14137800,8.10794173,2.02171046,26.69572251,0.78589302
3586,4,7.69620763,6.67891072,25.14137800,7.69044134,6.93568167,26.11070242,0.25695939
3587,4,3.39397976,14.13058798,25.14137800,3.02225593,14.04719540,26.47401696,0.53196516
3588,4,0.52582785,19.09837281,25.14137800,0.60740016,19.20265475,25.89393387,0.24723388
3589,4,-0.90824811,21.58226523,25.14137800,-1.26973663,21.49580598,25.71204159,0.53924632
3590,4,-2.34232406,24.06615765,25.14137800,-2.42090105,23.69056397,26.84433524,0.83499897
3591,4,-6.64455193,31.51783490,25.14137800,-6.14427421,31.25853237,25.99659764,0.57339313
3592,4,10.56435954,1.71112589,25.14137800,10.47992832,0.79005782,26.16568178,0.92706955
3593,4,6.26213168,14.13058798,25.14137800,5.74376792,14.03494693,26.34190156,0.57883609
3594,4,4.82805572,16.61448040,25.14137800,4.97581717,16.58456259,25.76402377,0.37074309
3595,4,3.39397976,19.09837281,25.14137800,3.67001204,18.86983707,26.46874009,0.51223606
3596,4,1.95990381,21.58226523,25.14137800,1.41518302,21.80026960,26.06238491,0.58811084
3597,4,0.52582785,24.06615765,25.14137800,-0.14009011,24.36363054,25.51424896,0.93714823
3598,4,13.43251146,1.71112589,25.14137800,13.07000658,1.60837123,25.64173210,0.59538842
3599,4,14.86658741,4.19501831,25.14137800,14.27681344,4.17127013,26.45778343,0.68881074
3600,4,11.99843550,9.16280314,25.14137800,11.34298800,8.85303772,26.72110768,0.95286777
3601,4,7.69620763,16.61448040,25.14137800,7.78109538,16.47862283,26.07847807,0.16202273
3602,4,6.26213168,19.09837281,25.14137800,6.38770711,18.75490187,26.62734458,0.63950131
3603,4,0.52582785,29.03394249,25.14137800,0.63358026,28.91435527,26.46912274,0.40019410
3604,4,16.30066337,1.71112589,25.14137800,15.61347458,1.80116265,26.59976844,0.85286708
3605,4,14.86658741,9.16280314,25.14137800,14.13550313,9.06582472,26.54226101,0.85853162
3606,4,13.43251146,11.64669556,25.14137800,13.24996672,11.59589358,26.05358086,0.19575255
3607,4,9.13028359,19.09837281,25.14137800,9.02461916,19.12946131,26.05234531,0.12112013
3608,4,19.16881528,6.67891072,25.14137800,18.75561077,6.37678074,26.44364723,0.61501630
3609,4,17.73473932,9.16280314,25.14137800,17.57751551,8.72523703,25.72179118,0.60108055
3610,4,14.86658741,14.13058798,25.14137800,14.41664719,14.05812429,26.03113883,0.46132688
3611,4,11.99843550,19.09837281,25.14137800,11.74920275,19.15636395,26.04000075,0.26346707
3612,4,10.56435954,21.58226523,25.14137800,10.48857283,21.58185549,26.10969034,0.07610677
3613,4,7.69620763,26.55005007,25.14137800,7.70215991,26.71210139,25.69560314,0.43823321
3614,4,22.03696719,6.67891072,25.14137800,21.41419251,6.09588040,25.91708316,0.87306209
3615,4,20.60289124,9.16280314,25.14137800,20.46982628,8.97366953,26.07758583,0.23261564
3616,4,17.73473932,14.13058798,25.14137800,17.30050498,13.74307705,25.98897765,0.59301247
3617,4,13.43251146,21.58226523,25.14137800,13.16504862,22.02029807,25.84800916,0.57296758
3618,4,10.56435954,26.55005007,25.14137800,10.44270473,26.76067005,25.75147838,0.42724510
3619,4,9.13028359,29.03394249,25.14137800,9.08685411,29.09366470,26.12968025,0.07860774
3620,4,24.90511911,1.71112589,25.14137800,24.92472080,1.81000524,26.46196039,0.37310563
3621,4,26.33919506,4.19501831,25.14137800,26.37878111,4.11208420,26.56380356,0.47014246
3622,4,19.16881528,16.61448040,25.14137800,18.89850425,16.28816274,26.23237713,0.44312486
3623,4,11.99843550,29.03394249,25.14137800,11.80796879,28.97614851,26.55890686,0.49770978
3624,4,22.03696719,16.61448040,25.14137800,22.13289702,16.63270154,26.01816128,0.12917589
3625,4,19.16881528,21.58226523,25.14137800,19.15241331,21.82159114,26.03992405,0.24797278
3626,4,17.73473932,24.06615765,25.14137800,17.69795004,24.12477286,26.10412793,0.06921812
3627,4,30.64142293,1.71112589,25.14137800,30.49958079,2.33976354,25.83646015,0.69728339
3628,4,32.07549889,4.19501831,25.14137800,32.76015072,3.89179754,25.63897157,0.88077401
3629,4,27.77327102,11.64669556,25.14137800,28.23940055,11.42231014,25.99019521,0.52942387
3630,4,26.33919506,14.13058798,25.14137800,26.51922868,13.97305598,26.43203328,0.40702466
3631,4,24.90511911,16.61448040,25.14137800,24.90421646,16.50803191,25.91898726,0.21235229
3632,4,23.47104315,19.09837281,25.14137800,23.46172953,19.01045883,26.08676169,0.08983652
3633,4,16.30066337,31.51783490,25.14137800,16.45927753,31.64392274,26.38239017,0.34534968
3634,4,33.50957484,1.71112589,25.14137800,33.29560056,1.38580012,26.56498576,0.60440237
3635,4,-3.77640002,6.67891072,25.14137800,32.93276890,7.49400782,25.89404000,1.02011759
3636,4,-8.07862789,14.13058798,25.14137800,29.22425262,13.96024330,26.10505712,0.17119733
3637,4,-9.51270384,16.61448040,25.14137800,27.65491411,16.45017614,26.00056804,0.22680678
3638,4,-10.94677980,19.09837281,25.14137800,26.18231388,18.90592762,26.19504591,0.26489447
3639,4,-15.24900767,26.55005007,25.14137800,-15.25440697,26.66898929,26.15051538,0.12829315
3640,4,-16.68308362,29.03394249,25.14137800,-16.36592315,29.15479994,26.24802671,0.36919970
3641,4,-18.11715958,31.51783490,25.14137800,-17.65387785,31.49820812,25.70582926,0.61036496
3642,4,-0.90824811,1.71112589,25.14137800,-0.46063543,1.45750892,26.21613399,0.52681983
3643,4,-0.90824811,6.67891072,25.14137800,-1.36467221,7.15703849,26.26309822,0.68018166
3644,4,-2.34232406,9.16280314,25.14137800,-2.60696273,9.57743475,26.11237180,0.49198167
3645,4,-12.38085576,26.55005007,25.14137800,-12.51970947,26.84254750,26.20208557,0.33868367
3646,4,-13.81493171,29.03394249,25.14137800,-13.65602546,29.31167457,26.01122157,0.33280640
3647,4,0.52582785,10.81873142,27.50274300,-0.08912271,10.42133903,28.29977981,0.75038949
3648,4,6.26213168,5.85094658,27.50274300,6.14188172,5.66832723,28.46320013,0.21865654
3649,4,-0.90824811,18.27040867,27.50274300,-0.85794250,18.52418839,28.08862881,0.45597113
3650,4,-2.34232406,20.75430109,27.50274300,-2.29020030,21.35066448,28.23430643,0.64122459
3651,4,7.69620763,8.33483900,27.50274300,7.84758142,7.84802958,28.67334887,0.55107587
3652,4,4.82805572,13.30262384,27.50274300,4.78253103,12.80616297,28.57580962,0.51090708
3653,4,3.39397976,15.78651626,27.50274300,3.39985156,16.29406426,27.96841760,0.70946145
3654,4,1.95990381,18.27040867,27.50274300,2.18627571,18.89455875,28.75394126,0.72444351
3655,4,0.52582785,20.75430109,27.50274300,0.39324080,20.92047791,28.43004879,0.21529795
3656,4,-0.90824811,23.23819351,27.50274300,-0.62027451,23.41112778,28.87014144,0.52698079
3657,4,13.43251146,3.36705417,27.50274300,13.37759889,2.99066562,28.74291305,0.47161767
3658,4,6.26213168,15.78651626,27.50274300,6.29481260,15.80159837,28.34178262,0.12749837
3659,4,4.82805572,18.27040867,27.50274300,4.87614487,18.40075955,28.86653989,0.42575322
3660,4,0.52582785,25.72208593,27.50274300,0.59295333,25.78801336,28.31993810,0.17214375
3661,4,-0.90824811,28.20597835,27.50274300,-1.04674316,28.17911731,28.48410904,0.14248845
3662,4,16.30066337,3.36705417,27.50274300,16.31271308,3.30131943,28.76421383,0.30746960
3663,4,14.86658741,5.85094658,27.50274300,14.81352177,5.65832459,28.67698256,0.29195942
3664,4,13.43251146,8.33483900,27.50274300,12.95819117,8.12838128,28.81368522,0.62435393
3665,4,11.99843550,10.81873142,27.50274300,12.03295063,10.74368044,28.55785841,0.12496207
3666,4,10.56435954,13.30262384,27.50274300,10.66793204,13.07550405,28.90936133,0.51046328
3667,4,7.69620763,18.27040867,27.50274300,7.95715541,18.02933527,28.73379685,0.44603723
3668,4,1.95990381,28.20597835,27.50274300,1.64245149,28.22991251,28.91986626,0.55594627
3669,4,0.52582785,30.68987077,27.50274300,0.35358512,30.74310353,28.46950124,0.18036217
3670,4,14.86658741,10.81873142,27.50274300,14.75677608,10.81201587,28.53952619,0.13339224
3671,4,13.43251146,13.30262384,27.50274300,13.33468111,13.12869025,28.35271760,0.22853577
3672,4,10.56435954,18.27040867,27.50274300,10.65650383,18.27601083,28.45648682,0.09262742
3673,4,9.13028359,20.75430109,27.50274300,9.15045558,20.70754776,28.40431986,0.07852294
3674,4,3.39397976,30.68987077,27.50274300,3.06956053,30.52515661,28.48982827,0.36474757
3675,4,20.60289124,0.88316175,27.50274300,20.54186937,0.69516992,28.38746358,0.21198343
3676,4,22.03696719,3.36705417,27.50274300,21.71192275,3.15190896,28.24732091,0.44601834
3677,4,20.60289124,5.85094658,27.50274300,20.51108250,5.75990080,28.51129428,0.13764429
3678,4,19.16881528,8.33483900,27.50274300,19.14166596,8.35037348,28.42263737,0.05193402
3679,4,23.47104315,0.88316175,27.50274300,23.43487984,1.03153432,28.61036861,0.21146671
3680,4,24.90511911,3.36705417,27.50274300,25.13122453,3.15312679,28.82365713,0.47557702
3681,4,23.47104315,5.85094658,27.50274300,23.46110328,5.05383484,27.38286914,1.34332994
3682,4,22.03696719,8.33483900,27.50274300,22.32577363,7.70413531,27.91877431,0.88236669
3683,4,19.16881528,13.30262384,27.50274300,18.93671013,13.80930892,29.09607690,0.84261716
3684,4,17.73473932,15.78651626,27.50274300,17.05139179,15.48651005,28.06806778,0.84486989
3685,4,26.33919506,0.88316175,27.50274300,26.43356840,0.77477978,28.55607999,0.17062888
3686,4,26.33919506,5.85094658,27.50274300,25.79188915,5.78940959,28.62932261,0.57500498
3687,4,20.60289124,15.78651626,27.50274300,20.89753400,15.43728685,28.13218433,0.56474795
3688,4,13.43251146,28.20597835,27.50274300,13.30532892,28.11256823,28.66517686,0.25560665
3689,4,29.20734697,5.85094658,27.50274300,28.53928568,5.31955569,28.35303301,0.86082341
3690,4,27.77327102,8.33483900,27.50274300,26.72940656,8.34610362,28.53658816,1.04643927
3691,4,26.33919506,10.81873142,27.50274300,25.50410052,10.92811420,28.41305288,0.84377294
3692,4,23.47104315,15.78651626,27.50274300,23.59337426,15.41122465,28.52714972,0.39973064
3693,4,16.30066337,28.20597835,27.50274300,15.93940667,28.03070195,29.35739314,0.97939255
3694,4,14.86658741,30.68987077,27.50274300,15.08218417,30.43337958,28.40003147,0.34113608
3695,4,32.07549889,0.88316175,27.50274300,32.49764791,0.42914716,29.23065392,0.98587606
3696,4,29.20734697,10.81873142,27.50274300,28.20666002,10.63479915,28.59844728,1.02628260
3697,4,27.77327102,13.30262384,27.50274300,28.01874553,13.35296312,28.62090638,0.29560377
3698,4,26.33919506,15.78651626,27.50274300,26.56420629,15.73483046,28.51009952,0.23541005
3699,4,24.90511911,18.27040867,27.50274300,24.83194926,17.82770045,28.30174309,0.47718188
3700,4,22.03696719,23.23819351,27.50274300,21.70670656,23.59932415,27.94182020,0.71572229
3701,4,20.60289124,25.72208593,27.50274300,20.59995763,25.92672387,29.33680725,0.89638828
3702,4,17.73473932,30.68987077,27.50274300,17.80004891,30.57736336,28.64143234,0.21993587
3703,4,34.94365080,0.88316175,27.50274300,35.07659978,1.03970752,28.59783886,0.24509065
3704,4,-13.81493171,25.72208593,27.50274300,-13.86021509,25.68683522,28.27556456,0.19707088
3705,4,-15.24900767,28.20597835,27.50274300,-15.33143125,28.16126348,28.56469277,0.13752446
3706,4,0.52582785,0.88316175,27.50274300,0.48892782,0.66381029,28.64360272,0.28583159
3707,4,1.95990381,3.36705417,27.50274300,1.97774963,2.93397346,28.87598088,0.59793590
3708,4,-0.90824811,8.33483900,27.50274300,-1.48085101,8.12288738,28.80826423,0.70089231
3709,4,-2.34232406,10.81873142,27.50274300,-2.78621134,10.51096229,28.67649257,0.58040545
3710,4,-9.51270384,23.23819351,27.50274300,-9.59781215,22.98040421,28.49875192,0.27367837
3711,4,-10.94677980,25.72208593,27.50274300,-11.27022743,25.78011652,29.11669014,0.73066156
3712,4,-12.38085576,28.20597835,27.50274300,-12.62931212,28.46435537,28.38885445,0.36626547
3713,4,0.52582785,7.50687486,29.86410800,-0.06879802,7.27749630,30.97981934,0.65576006
3714,4,-0.90824811,9.99076728,29.86410800,-1.08573221,9.94918509,30.79138004,0.18544846
3715,4,-2.34232406,12.47465970,29.86410800,-2.34104053,12.36319651,30.62531768,0.22909091
3716,4,-3.77640002,14.95855212,29.86410800,-3.74080340,15.11091803,30.71587867,0.19102503
3717,4,-5.21047597,17.44244454,29.86410800,-5.48698958,17.22827779,30.77596029,0.35323844
3718,4,-8.07862789,22.41022937,29.86410800,-7.75567587,22.73747349,30.55580065,0.53301302
3719,4,-9.51270384,24.89412179,29.86410800,-9.26483439,24.99443009,30.78562010,0.27034837
3720,4,-2.34232406,17.44244454,29.86410800,-2.77556420,17.64077919,31.01976579,0.51457593
3721,4,-8.07862789,27.37801421,29.86410800,-8.02894868,27.42256192,30.75409496,0.09770104
3722,4,6.26213168,7.50687486,29.86410800,6.04866759,7.29864998,30.64472475,0.34869722
3723,4,4.82805572,9.99076728,29.86410800,4.63094089,9.62551074,30.64594140,0.45220960
3724,4,-5.21047597,27.37801421,29.86410800,-5.28701449,27.25847444,30.62129817,0.24865630
3725,4,-6.64455193,29.86190663,29.86410800,-6.48050487,29.70851871,30.36742293,0.51013455
3726,4,9.13028359,7.50687486,29.86410800,9.13591341,7.50775435,31.05003668,0.22464895
3727,4,7.69620763,9.99076728,29.86410800,7.60947320,9.89212672,30.74233904,0.15544104
3728,4,-2.34232406,27.37801421,29.86410800,-2.45020588,27.14800700,30.57966041,0.35349575
3729,4,-3.77640002,29.86190663,29.86410800,-3.75622729,29.71746194,30.41709036,0.43363231
3730,4,14.86658741,2.53909003,29.86410800,14.97261406,2.08118598,30.79882439,0.47077300
3731,4,13.43251146,5.02298245,29.86410800,13.76585269,4.51844189,30.96538695,0.62069082
3732,4,0.52582785,27.37801421,29.86410800,0.25624711,26.98883014,30.91044078,0.48099870
3733,4,16.30066337,5.02298245,29.86410800,16.46058810,4.92142759,30.94998924,0.22670870
3734,4,13.43251146,9.99076728,29.86410800,13.30385336,9.94977842,30.83354666,0.13527153
3735,4,11.99843550,12.47465970,29.86410800,12.20523943,12.43244676,31.06514312,0.31937093
3736,4,10.56435954,14.95855212,29.86410800,10.84515368,14.84730884,30.97177029,0.33559963
3737,4,4.82805572,24.89412179,29.86410800,4.82805572,24.89412179,30.82546001,0.00000000
3738,4,1.95990381,29.86190663,29.86410800,1.65887685,30.00047559,30.99087278,0.37037815
3739,4,20.60289124,2.53909003,29.86410800,20.84404776,2.19108448,30.64478709,0.46033361
3740,4,7.69620763,24.89412179,29.86410800,7.69620763,24.89412179,30.82546001,0.00000000
3741,4,22.03696719,0.05519761,29.86410800,3.47818211,32.04481713,30.71421401,0.33174663
3742,4,23.47104315,2.53909003,29.86410800,23.27526963,3.41122332,30.80179991,0.89414962
3743,4,19.16881528,9.99076728,29.86410800,20.10103466,9.70684307,31.17862006,1.03651722
3744,4,17.73473932,12.47465970,29.86410800,18.55747995,12.88528719,31.63895542,1.22771815
3745,4,13.43251146,19.92633695,29.86410800,13.63779183,20.53739984,31.90859864,1.26044721
3746,4,11.99843550,22.41022937,29.86410800,12.31363646,23.34729809,30.82293792,0.98866364
3747,4,24.90511911,0.05519761,29.86410800,6.14277433,31.58343458,30.38058846,0.89070559
3748,4,20.60289124,12.47465970,29.86410800,21.04482571,12.79782232,30.49499592,0.63948938
3749,4,19.16881528,14.95855212,29.86410800,19.23524402,15.49079738,31.21921283,0.66538642
3750,4,16.30066337,19.92633695,29.86410800,16.25483464,20.25933958,30.97314713,0.36715461
3751,4,14.86658741,22.41022937,29.86410800,14.94428415,22.63947136,30.76903538,0.24854056
3752,4,27.77327102,5.02298245,29.86410800,27.32182941,5.12068897,30.78253595,0.46388422
3753,4,26.33919506,7.50687486,29.86410800,25.39690298,7.56765298,30.78217953,0.94524152
3754,4,22.03696719,14.95855212,29.86410800,22.01737047,15.31624457,30.86369324,0.36026338
3755,4,16.30066337,24.89412179,29.86410800,16.57057666,24.82115232,30.62877680,0.34185087
3756,4,14.86658741,27.37801421,29.86410800,14.47950430,26.53421932,31.10480733,0.96946278
3757,4,13.43251146,29.86190663,29.86410800,13.43352085,29.86096381,30.82766373,0.00260079
3758,4,30.64142293,5.02298245,29.86410800,30.36816098,4.46961872,30.18525949,0.88923575
3759,4,29.20734697,7.50687486,29.86410800,28.72028869,7.37394352,30.15692665,0.83775496
3760,4,27.77327102,9.99076728,29.86410800,27.21657958,9.59150754,30.91264565,0.69059035
3761,4,26.33919506,12.47465970,29.86410800,26.36370693,12.16592991,31.17568393,0.46751654
3762,4,16.30066337,29.86190663,29.86410800,16.64333140,30.04610183,31.05058099,0.44947604
3763,4,33.50957484,0.05519761,29.86410800,33.93640155,0.08664174,31.51908344,0.81503573
3764,4,22.03696719,24.89412179,29.86410800,22.28320136,24.54191640,30.97180881,0.45398004
3765,4,20.60289124,27.37801421,29.86410800,20.99390452,27.74204184,31.33023161,0.73498427
3766,4,0.52582785,2.53909003,29.86410800,0.56332958,2.24554177,31.10077507,0.40419716
3767,4,-2.34232406,7.50687486,29.86410800,-2.79031353,7.36909051,31.07571413,0.53132497
3768,4,-12.38085576,24.89412179,29.86410800,-12.36707787,23.88971935,30.74381941,1.00780915
3769,4,-13.81493171,27.37801421,29.86410800,-13.72093543,27.19658641,30.53951764,0.35144614
3770,4,3.39397976,4.19501831,32.22547300,3.22973543,3.79973254,32.36498880,0.92662927
3771,4,0.52582785,9.16280314,32.22547300,0.12656858,9.03415081,33.05351856,0.44014770
3772,4,-0.90824811,11.64669556,32.22547300,-1.28260339,11.50998567,33.01609879,0.43356535
3773,4,-2.34232406,14.13058798,32.22547300,-2.50459452,13.93915866,32.84264551,0.42595354
3774,4,-3.77640002,16.61448040,32.22547300,-3.80914257,16.30994066,33.16167225,0.30732586
3775,4,-5.21047597,19.09837281,32.22547300,-5.05431675,18.72870372,33.00883918,0.43899874
3776,4,-8.07862789,24.06615765,32.22547300,-7.91187671,23.73889906,33.11415487,0.37441300
3777,4,4.82805572,6.67891072,32.22547300,4.66586126,6.35889359,32.79622026,0.53036787
3778,4,-0.90824811,16.61448040,32.22547300,-0.91582293,16.87494954,32.85799835,0.41955754
3779,4,-6.64455193,26.55005007,32.22547300,-6.56870290,26.97079603,33.00971460,0.46276164
3780,4,-8.07862789,29.03394249,32.22547300,-8.15890798,29.50669610,32.50444460,0.83401673
3781,4,-9.51270384,31.51783490,32.22547300,-9.63925777,31.67705082,33.22718685,0.20735159
3782,4,7.69620763,1.71112589,32.22547300,7.66789313,1.76091800,33.18632330,0.05728191
3783,4,7.69620763,6.67891072,32.22547300,7.38446274,6.51740533,32.88738830,0.46144470
3784,4,6.26213168,9.16280314,32.22547300,6.14380681,9.11164196,32.90263928,0.31205732
3785,4,4.82805572,11.64669556,32.22547300,4.74155633,11.22541272,33.94552682,0.87211800
3786,4,1.95990381,16.61448040,32.22547300,2.07756058,16.03152714,32.94487747,0.64204067
3787,4,0.52582785,19.09837281,32.22547300,1.15979918,18.55814026,33.39004266,0.85736122
3788,4,-2.34232406,24.06615765,32.22547300,-2.44711622,24.57393743,32.99065515,0.55435036
3789,4,-3.77640002,26.55005007,32.22547300,-3.84653551,26.91038436,32.90779922,0.46110214
3790,4,-5.21047597,29.03394249,32.22547300,-5.06599439,29.34349566,32.77694013,0.53357634
3791,4,10.56435954,1.71112589,32.22547300,10.40548597,1.70633646,32.94891576,0.28611984
3792,4,3.39397976,19.09837281,32.22547300,3.87435040,18.49127695,33.61581374,0.88507212
3793,4,-0.90824811,26.55005007,32.22547300,-1.14345322,26.95268364,33.24806816,0.47030412
3794,4,-2.34232406,29.03394249,32.22547300,-1.54322283,29.31786160,31.95564892,1.49498074
3795,4,14.86658741,4.19501831,32.22547300,14.98735856,4.56381042,33.40056549,0.44303305
3796,4,10.56435954,11.64669556,32.22547300,10.50969168,11.75566048,33.08784174,0.15703381
3797,4,9.13028359,14.13058798,32.22547300,9.09074944,14.08139872,33.04569795,0.15459425
3798,4,4.82805572,21.58226523,32.22547300,4.95003429,21.36711064,33.17692366,0.24752435
3799,4,3.39397976,24.06615765,32.22547300,3.46717563,23.60646564,33.63589098,0.64678793
3800,4,16.30066337,1.71112589,32.22547300,15.84030535,1.97609470,33.37957995,0.56505968
3801,4,11.99843550,14.13058798,32.22547300,12.11568060,14.11368390,33.26780759,0.14349335
3802,4,7.69620763,21.58226523,32.22547300,7.75825143,22.06367807,32.14338605,1.15081390
3803,4,6.26213168,24.06615765,32.22547300,6.30548992,23.97469822,33.43246214,0.26567341
3804,4,4.82805572,26.55005007,32.22547300,4.75048766,26.21052239,33.51783958,0.48048568
3805,4,9.13028359,24.06615765,32.22547300,9.10138827,23.94567922,33.58501232,0.41701694
3806,4,7.69620763,26.55005007,32.22547300,7.45296953,26.46136818,33.27721661,0.27422599
3807,4,6.26213168,29.03394249,32.22547300,6.20780438,28.90217831,33.36760207,0.23020339
3808,4,4.82805572,31.51783490,32.22547300,5.07531643,31.51311573,33.43300278,0.34894645
3809,4,22.03696719,1.71112589,32.22547300,22.33246936,1.48581814,32.81562928,0.52523459
3810,4,20.60289124,9.16280314,32.22547300,20.68387105,8.69738171,33.64144777,0.65563457
3811,4,19.16881528,11.64669556,32.22547300,19.06091807,11.14933373,33.67788827,0.70721547
3812,4,14.86658741,19.09837281,32.22547300,14.99946172,18.91488659,33.62303975,0.49153440
3813,4,13.43251146,21.58226523,32.22547300,13.29152384,21.52609048,34.42391587,1.24636548
3814,4,11.99843550,24.06615765,32.22547300,11.80324463,23.60721401,33.48680265,0.58199254
3815,4,10.56435954,26.55005007,32.22547300,9.98237151,26.18285451,32.30315937,1.12000340
3816,4,9.13028359,29.03394249,32.22547300,8.71193364,28.67845451,32.31608750,1.02935523
3817,4,7.69620763,31.51783490,32.22547300,7.77232069,31.13296368,33.35629766,0.42736406
3818,4,24.90511911,1.71112589,32.22547300,24.90572740,1.53699748,31.92122673,1.27752107
3819,4,22.03696719,11.64669556,32.22547300,21.76817878,11.20699190,33.37515636,0.54868499
3820,4,20.60289124,14.13058798,32.22547300,21.04094550,13.80944137,33.02498474,0.56676181
3821,4,17.73473932,19.09837281,32.22547300,17.70865857,18.64934020,33.50484846,0.55086242
3822,4,16.30066337,21.58226523,32.22547300,16.05417263,21.41990242,33.43143542,0.38334530
3823,4,14.86658741,24.06615765,32.22547300,14.51787224,23.66363051,33.25910980,0.53745275
3824,4,29.20734697,4.19501831,32.22547300,29.68551287,4.08821579,33.68131560,0.69611087
3825,4,27.77327102,6.67891072,32.22547300,28.18016198,6.44761681,33.87804595,0.83477154
3826,4,26.33919506,9.16280314,32.22547300,26.56961898,8.58568061,33.36090705,0.64534499
3827,4,20.60289124,19.09837281,32.22547300,20.67181550,19.21518512,33.11664693,0.15271094
3828,4,19.16881528,21.58226523,32.22547300,18.76062449,21.15147162,33.26623163,0.59875560
3829,4,13.43251146,31.51783490,32.22547300,13.37216754,31.48939376,33.25559817,0.09581250
3830,4,30.64142293,1.71112589,32.22547300,30.59479206,1.56352596,33.20675274,0.15606823
3831,4,32.07549889,4.19501831,32.22547300,31.97750682,3.72391629,32.25363190,1.04994711
3832,4,30.64142293,6.67891072,32.22547300,30.50353761,6.25667026,32.23766060,1.04795632
3833,4,29.20734697,9.16280314,32.22547300,29.16835682,8.61223984,32.54231745,0.84854592
3834,4,27.77327102,11.64669556,32.22547300,27.81100493,11.00371541,33.17038134,0.64429630
3835,4,0.52582785,4.19501831,32.22547300,0.43000910,4.16297748,33.03206934,0.18481657
3836,4,-2.34232406,9.16280314,32.22547300,-2.63645120,9.14830866,33.13361130,0.29925335
3837,4,-3.77640002,11.64669556,32.22547300,-4.00285763,11.65715341,32.96327736,0.31838023
3838,4,-5.21047597,14.13058798,32.22547300,-5.38852471,14.13789389,32.70124149,0.51724857
3839,4,-6.64455193,16.61448040,32.22547300,-6.70367213,16.50816603,33.14242063,0.12949784
3840,4,-8.07862789,19.09837281,32.22547300,-8.38281529,18.89342202,32.97170249,0.42522054
3841,4,-9.51270384,21.58226523,32.22547300,-9.41978311,21.40120374,33.21657016,0.20567523
3842,4,-10.94677980,24.06615765,32.22547300,-10.62111232,23.81679089,32.83449936,0.54071846
3843,4,1.95990381,1.71112589,32.22547300,1.98311041,1.57653315,33.32807866,0.19648497
3844,4,3.39397976,5.85094658,34.58683800,2.97249430,6.22395669,35.86421199,0.64548929
3845,4,1.95990381,8.33483900,34.58683800,2.64681087,8.97185879,36.13970733,1.10793875
3846,4,-10.94677980,30.68987077,34.58683800,-10.66489309,31.39100351,35.75336402,0.78303488
3847,4,6.26213168,0.88316175,34.58683800,6.10906800,1.07741567,35.60373377,0.25347225
3848,4,7.69620763,3.36705417,34.58683800,8.17148176,3.33356628,35.61586063,0.48123409
3849,4,4.82805572,8.33483900,34.58683800,4.94351000,7.97228034,35.06721170,0.61328509
3850,4,-0.90824811,18.27040867,34.58683800,-0.03832063,17.24034601,35.45211894,1.35167768
3851,4,-3.77640002,23.23819351,34.58683800,-3.60077064,23.55521853,35.23910459,0.47632378
3852,4,-5.21047597,25.72208593,34.58683800,-4.81142290,25.99577924,35.28618501,0.55027085
3853,4,9.13028359,0.88316175,34.58683800,9.77829702,1.13440147,35.53807695,0.69508638
3854,4,3.39397976,15.78651626,34.58683800,3.13487607,16.09947399,35.45579653,0.41666992
3855,4,1.95990381,18.27040867,34.58683800,2.18038764,19.02771412,35.87240676,0.85278436
3856,4,-2.34232406,25.72208593,34.58683800,-2.10368779,25.81326545,35.52927523,0.25616155
3857,4,-3.77640002,28.20597835,34.58683800,-3.20666556,28.31634465,35.76582947,0.61979433
3858,4,13.43251146,3.36705417,34.58683800,13.91435328,2.76151473,35.13970950,0.87504622
3859,4,11.99843550,5.85094658,34.58683800,12.37020033,5.49880475,34.97137400,0.77131684
3860,4,7.69620763,13.30262384,34.58683800,7.76029756,13.50157002,35.44883636,0.23142655
3861,4,6.26213168,15.78651626,34.58683800,5.73247082,15.30833664,35.23033082,0.78117273
3862,4,4.82805572,18.27040867,34.58683800,4.82397743,18.19865217,36.15290067,0.60896683
3863,4,0.52582785,25.72208593,34.58683800,0.61190511,25.69465592,35.71826791,0.19258295
3864,4,-0.90824811,28.20597835,34.58683800,-0.48344210,28.23843066,35.81289683,0.50158050
3865,4,16.30066337,3.36705417,34.58683800,16.45693824,3.46548045,35.82083047,0.32930592
3866,4,14.86658741,5.85094658,34.58683800,15.01450252,5.80012881,35.82853000,0.32101687
3867,4,13.43251146,8.33483900,34.58683800,12.49208911,9.10570155,35.50126793,1.21689150
3868,4,10.56435954,13.30262384,34.58683800,10.61087915,13.24558291,35.36690379,0.19565898
3869,4,9.13028359,15.78651626,34.58683800,9.38742619,15.67661207,35.23464949,0.42012963
3870,4,7.69620763,18.27040867,34.58683800,7.38095282,17.25778091,36.18238428,1.23571962
3871,4,0.52582785,30.68987077,34.58683800,0.03042345,30.86928750,35.30387152,0.58078172
3872,4,17.73473932,0.88316175,34.58683800,17.02658615,0.77434651,35.51798359,0.71710118
3873,4,10.56435954,18.27040867,34.58683800,10.88838648,17.86963361,35.83631908,0.59045107
3874,4,6.26213168,25.72208593,34.58683800,6.32163058,25.56163659,35.64732053,0.19776494
3875,4,20.60289124,5.85094658,34.58683800,20.64070722,6.19102651,35.66434995,0.36135514
3876,4,19.16881528,8.33483900,34.58683800,19.05520585,8.45085956,35.82039710,0.31696147
3877,4,7.69620763,28.20597835,34.58683800,7.51172254,28.01331643,35.58885253,0.26982736
3878,4,24.90511911,3.36705417,34.58683800,24.83838084,3.55806173,35.72763050,0.27043811
3879,4,23.47104315,5.85094658,34.58683800,23.32492251,5.86474325,36.00014627,0.47519054
3880,4,22.03696719,8.33483900,34.58683800,21.73803994,8.79222248,36.15221750,0.81449761
3881,4,20.60289124,10.81873142,34.58683800,20.61594951,11.26358515,35.91240285,0.57507943
3882,4,10.56435954,28.20597835,34.58683800,10.00819673,27.75568106,34.52796976,1.24616776
3883,4,9.13028359,30.68987077,34.58683800,8.96514027,30.31807096,35.66657101,0.42369974
3884,4,27.77327102,3.36705417,34.58683800,28.47442999,3.49387592,36.04864954,0.87072809
3885,4,26.33919506,10.81873142,34.58683800,25.85983113,10.78996423,35.56257593,0.48044176
3886,4,24.90511911,13.30262384,34.58683800,24.86271802,13.35740239,35.49505335,0.08730433
3887,4,22.03696719,18.27040867,34.58683800,21.87185541,18.34113445,35.40141633,0.23196239
3888,4,20.60289124,20.75430109,34.58683800,20.23071681,20.51510427,35.47034069,0.44920979
3889,4,24.90511911,18.27040867,34.58683800,24.56884539,18.60771958,35.68321231,0.49506533
3890,4,23.47104315,20.75430109,34.58683800,22.91330731,20.86998294,35.78971808,0.61869812
3891,4,22.03696719,23.23819351,34.58683800,21.25068209,23.02794653,35.73401865,0.83485349
3892,4,20.60289124,25.72208593,34.58683800,20.49470943,25.59902898,35.24181295,0.34743808
3893,4,19.16881528,28.20597835,34.58683800,19.04543064,27.86036866,35.70025151,0.39723107
3894,4,-0.90824811,3.36705417,34.58683800,-1.04101016,3.12583362,35.55233824,0.27537306
3895,4,-9.51270384,18.27040867,34.58683800,-9.35057979,17.97886921,35.34893967,0.38856167
3896,4,-10.94677980,20.75430109,34.58683800,-10.64921119,20.37055252,35.48175179,0.49012660
3897,4,-13.81493171,25.72208593,34.58683800,-14.23250079,25.94881773,36.11049179,0.73617561
3898,4,-15.24900767,28.20597835,34.58683800,-15.55596479,28.31214951,35.81496386,0.42031331
3899,4,-16.68308362,30.68987077,34.58683800,-16.64956466,30.78752592,35.47008529,0.12946196
3900,4,0.52582785,0.88316175,34.58683800,0.44527615,0.73912223,35.46529752,0.18468115
3901,4,1.95990381,3.36705417,34.58683800,1.81396311,3.03597826,35.99006406,0.57110648
3902,4,0.52582785,5.85094658,34.58683800,0.39863274,5.43650263,35.44067488,0.44665635
3903,4,-6.64455193,18.27040867,34.58683800,-6.62707825,17.98490693,35.43100126,0.30911128
3904,4,-8.07862789,20.75430109,34.58683800,-7.92454590,20.38953006,35.47332412,0.40299388
3905,4,3.39397976,0.88316175,34.58683800,3.39570194,0.83757104,35.53777357,0.04679723
3906,4,-0.90824811,9.99076728,36.94820300,0.06096511,9.86593535,38.81040691,1.32909421
3907,4,-2.34232406,12.47465970,36.94820300,-2.27923204,12.74386429,37.75710863,0.31573979
3908,4,-10.94677980,27.37801421,36.94820300,-10.92814402,27.30074981,38.32543549,0.42340719
3909,4,3.39397976,7.50687486,36.94820300,3.61047692,7.47239629,38.20057847,0.36435483
3910,4,1.95990381,9.99076728,36.94820300,2.55500298,10.82314103,38.13684452,1.04816487
3911,4,0.52582785,12.47465970,36.94820300,0.40436573,12.70924010,38.22757195,0.41341962
3912,4,-2.34232406,17.44244454,36.94820300,-1.79744026,16.94807618,38.95965724,1.28219075
3913,4,-9.51270384,29.86190663,36.94820300,-9.53580061,29.65814035,37.61137943,0.36188787
3914,4,7.69620763,0.05519761,36.94820300,7.93829313,0.42044992,38.13666448,0.49355177
3915,4,9.13028359,2.53909003,36.94820300,9.37142184,2.73303830,37.98730356,0.31907432
3916,4,6.26213168,7.50687486,36.94820300,6.32751691,7.45217013,37.98409519,0.11324343
3917,4,4.82805572,9.99076728,36.94820300,5.10971010,9.88960546,37.97493558,0.30632911
3918,4,0.52582785,17.44244454,36.94820300,0.99576781,17.56252105,37.95233812,0.48692128
3919,4,-0.90824811,19.92633695,36.94820300,-0.90824811,19.92633695,37.90955501,0.00000000
3920,4,-3.77640002,24.89412179,36.94820300,-3.71350974,24.97692845,37.56231368,0.36247576
3921,4,-5.21047597,27.37801421,36.94820300,-4.89642576,27.24606058,38.61255588,0.78118469
3922,4,10.56435954,0.05519761,36.94820300,10.76473825,0.05139777,37.83552511,0.21365040
3923,4,-2.34232406,27.37801421,36.94820300,-1.88020924,27.15848981,37.88822854,0.51205067
3924,4,13.43251146,5.02298245,36.94820300,12.80754146,5.48116937,37.67488911,0.80968564
3925,4,11.99843550,7.50687486,36.94820300,11.29362392,7.95046953,38.03141567,0.84165647
3926,4,0.52582785,27.37801421,36.94820300,0.79280004,27.69290236,38.15764340,0.48163943
3927,4,-0.90824811,29.86190663,36.94820300,-1.22062206,30.08806383,37.67291152,0.45246515
3928,4,14.86658741,7.50687486,36.94820300,13.96166280,7.94158903,37.47849503,1.09255557
3929,4,13.43251146,9.99076728,36.94820300,13.17546553,10.53969632,37.71506278,0.63657123
3930,4,9.13028359,17.44244454,36.94820300,9.32322424,17.63972908,38.05479658,0.31183714
3931,4,1.95990381,29.86190663,36.94820300,1.49826423,30.24451342,37.51279260,0.71897112
3932,4,19.16881528,0.05519761,36.94820300,19.11582749,0.46347284,37.23922146,0.78666603
3933,4,16.30066337,9.99076728,36.94820300,15.75502635,9.84309334,38.24876855,0.65923681
3934,4,14.86658741,12.47465970,36.94820300,15.05663128,12.50881362,37.80463479,0.21975307
3935,4,13.43251146,14.95855212,36.94820300,13.58924634,15.01471736,37.98862819,0.18431746
3936,4,10.56435954,19.92633695,36.94820300,10.64181462,20.03033540,37.62680526,0.31106653
3937,4,22.03696719,0.05519761,36.94820300,21.79632817,0.11719799,37.58453506,0.40913220
3938,4,23.47104315,2.53909003,36.94820300,22.99960997,2.67847508,37.59878390,0.58159790
3939,4,20.60289124,7.50687486,36.94820300,21.11984708,7.09292053,38.19046235,0.71938200
3940,4,19.16881528,9.99076728,36.94820300,19.86955897,9.76650838,38.06319197,0.75162364
3941,4,17.73473932,12.47465970,36.94820300,18.05654589,12.63651043,37.89812922,0.36039655
3942,4,16.30066337,14.95855212,36.94820300,16.76365834,15.03456393,37.94299323,0.47038309
3943,4,9.13028359,27.37801421,36.94820300,9.22571236,27.44501553,37.62944318,0.30341138
3944,4,7.69620763,29.86190663,36.94820300,7.63308625,29.63352543,37.94280934,0.23926581
3945,4,26.33919506,2.53909003,36.94820300,26.47693592,2.78840421,37.76404787,0.31984751
3946,4,24.90511911,5.02298245,36.94820300,25.28489151,5.27238557,37.79788527,0.46786657
3947,4,27.77327102,5.02298245,36.94820300,27.96101784,5.02229865,38.24513834,0.38453285
3948,4,20.60289124,17.44244454,36.94820300,20.44264137,17.08627240,38.12525030,0.44616484
3949,4,16.30066337,24.89412179,36.94820300,16.64899770,24.98690962,38.08477023,0.40080763
3950,4,14.86658741,27.37801421,36.94820300,15.35269814,27.38305209,38.03640479,0.50241406
3951,4,13.43251146,29.86190663,36.94820300,13.91976906,30.55575840,37.85147713,0.84983722
3952,4,27.77327102,9.99076728,36.94820300,28.03635089,10.39396970,37.92514282,0.48169097
3953,4,26.33919506,12.47465970,36.94820300,26.08779366,12.42491530,37.74313900,0.30556744
3954,4,23.47104315,17.44244454,36.94820300,23.14748947,17.28000504,38.39076080,0.60218982
3955,4,22.03696719,19.92633695,36.94820300,21.63606342,19.54131851,38.22863653,0.64091813
3956,4,16.30066337,29.86190663,36.94820300,16.54459008,29.83190810,37.95437155,0.24981728
3957,4,33.50957484,0.05519761,36.94820300,33.87438415,0.81247125,37.72275031,0.86107212
3958,4,32.07549889,7.50687486,36.94820300,32.42065001,8.03867798,38.02883567,0.64511374
3959,4,30.64142293,9.99076728,36.94820300,30.71976750,10.14624676,38.32780789,0.45304217
3960,4,29.20734697,12.47465970,36.94820300,28.74097345,13.02599834,37.91234480,0.72214011
3961,4,22.03696719,24.89412179,36.94820300,21.82766420,25.12086898,38.39874935,0.57838839
3962,4,20.60289124,27.37801421,36.94820300,20.38920029,27.71968995,38.35969427,0.60417836
3963,4,-3.77640002,9.99076728,36.94820300,-3.88104502,10.57620973,38.15673267,0.64404210
3964,4,-5.21047597,12.47465970,36.94820300,-5.70561660,12.66348481,37.73863255,0.55680665
3965,4,-12.38085576,24.89412179,36.94820300,-12.60117340,25.15210177,38.41771700,0.61100093
3966,4,-13.81493171,27.37801421,36.94820300,-13.85568890,27.56730896,38.28658789,0.42384837
3967,4,-0.90824811,11.64669556,39.30956800,-1.09225577,11.81911072,40.32758040,0.25844963
3968,4,-2.34232406,14.13058798,39.30956800,-2.62291752,14.09150007,40.10018131,0.33077523
3969,4,-5.21047597,19.09837281,39.30956800,-5.21189614,19.01420845,40.13827639,0.15709865
3970,4,-8.07862789,24.06615765,39.30956800,-8.01894443,24.05705959,40.08303705,0.19734462
3971,4,-9.51270384,26.55005007,39.30956800,-9.42560399,26.41031731,40.41678315,0.21997201
3972,4,-10.94677980,29.03394249,39.30956800,-10.79526985,28.99737067,40.45335798,0.23995077
3973,4,4.82805572,6.67891072,39.30956800,4.82109831,6.49714360,40.43832495,0.24720863
3974,4,3.39397976,9.16280314,39.30956800,3.29005237,9.25264804,40.23862640,0.14112365
3975,4,1.95990381,11.64669556,39.30956800,1.88708871,11.89120458,40.55290741,0.38026779
3976,4,0.52582785,14.13058798,39.30956800,0.38023115,14.16127469,40.53305356,0.30142009
3977,4,-2.34232406,19.09837281,39.30956800,-2.36400483,19.22688387,40.34178301,0.14834660
3978,4,-6.64455193,26.55005007,39.30956800,-6.70147018,26.40977788,40.47445714,0.25365988
3979,4,-8.07862789,29.03394249,39.30956800,-8.05760754,28.75557653,40.18748782,0.29135956
3980,4,-9.51270384,31.51783490,39.30956800,-9.26711518,31.17634614,39.86937264,0.58152271
3981,4,7.69620763,6.67891072,39.30956800,7.53363072,6.41229114,40.19501646,0.32136988
3982,4,6.26213168,9.16280314,39.30956800,6.26377857,8.82624825,40.33737614,0.34305732
3983,4,3.39397976,14.13058798,39.30956800,3.14109280,14.30973461,40.50373562,0.38761894
3984,4,-3.77640002,26.55005007,39.30956800,-3.61529912,25.03386066,40.28469202,1.52478638
3985,4,10.56435954,1.71112589,39.30956800,10.21433388,1.28482267,40.85204165,0.80122079
3986,4,10.56435954,6.67891072,39.30956800,10.68385754,6.59634752,40.31587844,0.15204510
3987,4,9.13028359,9.16280314,39.30956800,8.98256353,8.71971971,40.17054761,0.47772247
3988,4,1.95990381,21.58226523,39.30956800,2.14423201,21.61029855,39.98775618,0.33903467
3989,4,11.99843550,9.16280314,39.30956800,12.07886343,8.93257317,40.45814741,0.30745502
3990,4,4.82805572,21.58226523,39.30956800,4.90318139,21.93653893,39.68627327,0.68772489
3991,4,3.39397976,24.06615765,39.30956800,3.32159214,24.04875061,40.36562061,0.12046234
3992,4,9.13028359,19.09837281,39.30956800,9.89597147,19.29477928,40.14213964,0.80089813
3993,4,7.69620763,21.58226523,39.30956800,7.60847397,21.65049406,40.12409890,0.18414344
3994,4,6.26213168,24.06615765,39.30956800,6.02919369,24.34408355,40.44245797,0.40115855
3995,4,3.39397976,29.03394249,39.30956800,3.34841265,28.96518242,39.70157702,0.57528754
3996,4,1.95990381,31.51783490,39.30956800,2.00134022,31.49627845,39.88011809,0.39358328
3997,4,16.30066337,11.64669556,39.30956800,16.60603847,11.73104679,40.01954275,0.40442503
3998,4,14.86658741,14.13058798,39.30956800,15.00469348,13.99242223,40.08946291,0.26662659
3999,4,10.56435954,21.58226523,39.30956800,10.72999636,21.88449345,40.29050910,0.34519731
4000,4,9.13028359,24.06615765,39.30956800,9.49319405,24.22604012,40.93215573,0.77103767
4001,4,6.26213168,29.03394249,39.30956800,6.20007683,29.05789285,40.21320122,0.08806748
4002,4,4.82805572,31.51783490,39.30956800,4.71875102,31.31865126,39.78869077,0.53307287
4003,4,22.03696719,1.71112589,39.30956800,22.05167518,1.53878306,39.89497345,0.41382870
4004,4,17.73473932,14.13058798,39.30956800,17.78939779,14.16770727,40.31378418,0.07875739
4005,4,16.30066337,16.61448040,39.30956800,16.18894088,16.44372191,40.20312717,0.21502615
4006,4,13.43251146,21.58226523,39.30956800,13.37056432,21.77445433,39.62754316,0.67432030
4007,4,11.99843550,24.06615765,39.30956800,12.18692565,24.18675039,40.25584204,0.22427325
4008,4,9.13028359,29.03394249,39.30956800,8.92391859,29.08347317,40.27849466,0.21236096
4009,4,24.90511911,1.71112589,39.30956800,24.65325181,2.33311329,39.73663938,0.85776527
4010,4,26.33919506,4.19501831,39.30956800,26.67780120,4.01982468,40.42977396,0.41301514
4011,4,19.16881528,16.61448040,39.30956800,18.90249046,16.65466420,40.33112453,0.27598593
4012,4,16.30066337,21.58226523,39.30956800,16.04495192,21.39844609,39.98879072,0.42281764
4013,4,14.86658741,24.06615765,39.30956800,14.98566649,23.90282879,40.16261027,0.22931886
4014,4,13.43251146,26.55005007,39.30956800,14.01123356,26.35121852,40.85550230,0.84627993
4015,4,29.20734697,4.19501831,39.30956800,29.39861528,4.16163063,40.39381137,0.22978379
4016,4,24.90511911,11.64669556,39.30956800,24.84383374,11.35811634,39.92000263,0.45845051
4017,4,22.03696719,16.61448040,39.30956800,21.61854793,16.57076405,40.53168273,0.49495756
4018,4,17.73473932,24.06615765,39.30956800,17.85927088,23.79198419,40.21353128,0.30654961
4019,4,16.30066337,26.55005007,39.30956800,16.66232478,26.68328486,40.32101321,0.38866415
4020,4,14.86658741,29.03394249,39.30956800,14.47436785,29.01796884,40.03135216,0.45987400
4021,4,32.07549889,4.19501831,39.30956800,32.09306316,4.10494784,39.99260161,0.29305687
4022,4,30.64142293,6.67891072,39.30956800,30.87781209,6.44262604,40.68733608,0.53395939
4023,4,29.20734697,9.16280314,39.30956800,28.27934201,9.33889488,40.42554360,0.95713633
4024,4,27.77327102,11.64669556,39.30956800,27.73341182,12.00654154,40.32628004,0.36625486
4025,4,23.47104315,19.09837281,39.30956800,23.44777519,19.20453085,40.31079027,0.11576081
4026,4,16.30066337,31.51783490,39.30956800,15.59781934,31.49644935,39.89271070,0.79842931
4027,4,33.50957484,1.71112589,39.30956800,33.50898441,1.79797333,40.30447832,0.09310739
4028,4,-2.34232406,4.19501831,39.30956800,-2.36725871,4.24603124,39.99399067,0.28269050
4029,4,-3.77640002,6.67891072,39.30956800,-3.76160459,6.58623892,40.05280550,0.23744664
4030,4,-5.21047597,9.16280314,39.30956800,31.54758775,9.08375282,40.69636268,0.68259841
4031,4,-6.64455193,11.64669556,39.30956800,-6.66381679,11.75812566,40.52247196,0.27580099
4032,4,-2.34232406,9.16280314,39.30956800,-3.03187459,9.20090018,40.40430452,0.70336530
4033,4,-3.77640002,11.64669556,39.30956800,-3.94046310,11.76148888,40.60944837,0.39331368
4034,4,-10.94677980,24.06615765,39.30956800,-10.79871715,24.07177506,40.15215560,0.18989231
4035,4,-12.38085576,26.55005007,39.30956800,-12.24541648,26.69760867,40.63336097,0.41410239
4036,4,4.82805572,3.36705417,41.67093300,5.03010471,2.95814557,42.99201947,0.58089493
4037,4,-3.77640002,18.27040867,41.67093300,-3.54460384,18.24264083,42.59160149,0.23697187
4038,4,-5.21047597,20.75430109,41.67093300,-5.11992329,20.46102028,42.44533855,0.35939171
4039,4,-6.64455193,23.23819351,41.67093300,-6.68881002,22.90793641,42.67947759,0.33653480
4040,4,-8.07862789,25.72208593,41.67093300,-8.11150829,25.73139448,42.70511180,0.08044570
4041,4,6.26213168,5.85094658,41.67093300,6.25554039,5.51502330,42.53643018,0.34939383
4042,4,1.95990381,13.30262384,41.67093300,2.11699831,13.74508219,42.96475765,0.57531394
4043,4,9.13028359,5.85094658,41.67093300,9.35268837,5.71995029,42.71073310,0.26977402
4044,4,7.69620763,8.33483900,41.67093300,7.67648072,7.85777276,42.50031612,0.49537576
4045,4,4.82805572,13.30262384,41.67093300,4.81535339,13.76329895,42.58279581,0.46349982
4046,4,3.39397976,15.78651626,41.67093300,3.44992630,16.11469653,42.75821372,0.35593587
4047,4,0.52582785,20.75430109,41.67093300,0.52203619,21.54015032,42.17585845,0.90878963
4048,4,-0.90824811,23.23819351,41.67093300,-0.78007934,23.98794908,42.47104649,0.77753361
4049,4,-5.21047597,30.68987077,41.67093300,-4.68783544,29.98152998,43.10320836,0.99833291
4050,4,11.99843550,0.88316175,41.67093300,12.52223017,0.63359704,42.14577690,0.75718792
4051,4,13.43251146,3.36705417,41.67093300,13.26460083,3.08579995,43.08776695,0.56103628
4052,4,10.56435954,8.33483900,41.67093300,10.37420222,8.23915831,42.46750989,0.26919406
4053,4,6.26213168,15.78651626,41.67093300,6.09757627,16.12147688,42.11468051,0.63811560
4054,4,3.39397976,20.75430109,41.67093300,3.19249927,21.46142485,43.24748147,0.95868926
4055,4,1.95990381,23.23819351,41.67093300,1.93094938,23.81317322,42.69793339,0.57943916
4056,4,-2.34232406,30.68987077,41.67093300,-2.00152242,30.22883061,42.72006818,0.58000833
4057,4,14.86658741,0.88316175,41.67093300,15.22473080,0.74224358,42.47580294,0.41546511
4058,4,16.30066337,3.36705417,41.67093300,16.18077044,3.28859527,42.63801522,0.14339786
4059,4,11.99843550,10.81873142,41.67093300,11.68886656,11.04028899,42.57678152,0.38470940
4060,4,10.56435954,13.30262384,41.67093300,10.74878175,13.59998490,42.60009840,0.35138459
4061,4,9.13028359,15.78651626,41.67093300,9.27164374,15.86581048,42.92923261,0.33830185
4062,4,7.69620763,18.27040867,41.67093300,7.49370898,18.33270141,42.87988028,0.32586732
4063,4,4.82805572,23.23819351,41.67093300,5.25254419,23.18294904,42.78186253,0.45344884
4064,4,3.39397976,25.72208593,41.67093300,3.37903552,26.09211188,43.06360302,0.56848726
4065,4,17.73473932,0.88316175,41.67093300,17.91533405,0.89630553,42.87723880,0.30461381
4066,4,19.16881528,3.36705417,41.67093300,19.09834817,3.34783635,42.75597306,0.14364425
4067,4,17.73473932,5.85094658,41.67093300,17.59619914,5.61674211,42.61509499,0.27265476
4068,4,16.30066337,8.33483900,41.67093300,16.92242204,8.25294867,42.75886644,0.63977553
4069,4,10.56435954,18.27040867,41.67093300,10.74217913,18.41470371,42.88274122,0.33936584
4070,4,9.13028359,20.75430109,41.67093300,8.87512228,20.60857129,42.29992758,0.44362815
4071,4,4.82805572,28.20597835,41.67093300,5.14253778,28.10075230,42.53477929,0.34565713
4072,4,3.39397976,30.68987077,41.67093300,4.02968119,31.62447798,42.40706515,1.15253240
4073,4,19.16881528,8.33483900,41.67093300,19.60364546,8.73710238,42.78831827,0.61256795
4074,4,6.26213168,30.68987077,41.67093300,6.48163913,30.46868216,42.68952886,0.31683557
4075,4,24.90511911,3.36705417,41.67093300,24.96292548,3.72333924,42.88710888,0.44183236
4076,4,22.03696719,8.33483900,41.67093300,22.24952864,8.24584233,43.21516412,0.62677814
4077,4,11.99843550,25.72208593,41.67093300,12.50497245,25.48205820,42.95311273,0.64585093
4078,4,27.77327102,3.36705417,41.67093300,27.69055685,3.33662143,42.86530076,0.24912672
4079,4,26.33919506,5.85094658,41.67093300,26.28931675,6.07578522,42.52528616,0.25394687
4080,4,24.90511911,8.33483900,41.67093300,24.86811059,8.81501034,42.72190192,0.48986257
4081,4,23.47104315,10.81873142,41.67093300,22.99082561,10.80078150,42.62610028,0.48059269
4082,4,19.16881528,18.27040867,41.67093300,18.90109712,18.18063175,42.58847968,0.28574782
4083,4,13.43251146,28.20597835,41.67093300,12.31145111,28.19712055,43.07647211,1.20588429
4084,4,11.99843550,30.68987077,41.67093300,12.39784617,30.91339155,42.87990452,0.52039009
4085,4,26.33919506,10.81873142,41.67093300,26.68257998,10.84483899,42.83019822,0.39719573
4086,4,24.90511911,13.30262384,41.67093300,24.83981059,12.76692890,42.25226817,0.66003566
4087,4,22.03696719,18.27040867,41.67093300,22.10210244,18.23299071,42.63582367,0.07520124
4088,4,20.60289124,20.75430109,41.67093300,20.46031975,20.37616945,43.00401592,0.54908473
4089,4,17.73473932,25.72208593,41.67093300,17.73501780,25.35300051,42.44333411,0.41464029
4090,4,33.50957484,3.36705417,41.67093300,33.38386061,3.69755671,42.35839058,0.44727414
4091,4,24.90511911,18.27040867,41.67093300,24.82165722,18.31557134,42.48942074,0.17151021
4092,4,20.60289124,25.72208593,41.67093300,20.43668651,25.69263366,42.34400155,0.33406407
4093,4,-0.90824811,3.36705417,41.67093300,-1.24580413,3.11103658,42.20269128,0.60335715
4094,4,-2.34232406,5.85094658,41.67093300,-2.44764396,6.17765703,42.40457068,0.41192938
4095,4,-15.24900767,28.20597835,41.67093300,-14.95514771,27.58651551,42.84367581,0.71747749
4096,4,-16.68308362,30.68987077,41.67093300,-17.24345178,30.38758283,43.56571188,1.12990096
4097,4,1.95990381,3.36705417,41.67093300,2.15376942,3.13644073,42.78817492,0.33921688
4098,4,0.52582785,5.85094658,41.67093300,0.17165237,5.43661842,42.28465451,0.64649444
4099,4,-5.21047597,15.78651626,41.67093300,-5.23501235,16.15126884,43.03082110,0.54081188
4100,4,-6.64455193,18.27040867,41.67093300,-6.90959913,18.14231321,42.22104767,0.50574165
4101,4,-8.07862789,20.75430109,41.67093300,-7.64490325,20.44986850,43.46954570,0.99085909
4102,4,-9.51270384,23.23819351,41.67093300,-9.35890557,23.33583326,42.34522660,0.33998524
4103,4,-13.81493171,30.68987077,41.67093300,-14.58623332,30.28311892,42.97198670,0.93581540
4104,4,3.39397976,0.88316175,41.67093300,3.26366662,0.59908263,43.00457085,0.48608560
4105,4,3.39397976,2.53909003,44.03229800,3.39341068,2.35397334,45.08496958,0.20641651
4106,4,-0.90824811,9.99076728,44.03229800,-1.31180542,9.64789273,45.14755701,0.55146063
4107,4,-2.34232406,12.47465970,44.03229800,-2.54388882,12.14757585,45.26632589,0.47113091
4108,4,-3.77640002,14.95855212,44.03229800,-4.15192105,14.91279297,45.25051449,0.45726284
4109,4,-5.21047597,17.44244454,44.03229800,-5.30680287,17.55425367,45.36549693,0.40006285
4110,4,-8.07862789,22.41022937,44.03229800,-8.21548676,22.55276294,45.10554722,0.22708403
4111,4,-9.51270384,24.89412179,44.03229800,-9.43032093,24.98946324,45.00114084,0.12622618
4112,4,-12.38085576,29.86190663,44.03229800,-12.77640063,29.81927075,45.02114917,0.39878537
4113,4,4.82805572,0.05519761,44.03229800,-14.04522126,32.21185976,45.32088720,0.42196822
4114,4,-6.64455193,24.89412179,44.03229800,-6.36260496,24.53690053,45.33848147,0.57097274
4115,4,7.69620763,5.02298245,44.03229800,7.85227108,4.69457739,44.89917728,0.37567376
4116,4,6.26213168,7.50687486,44.03229800,6.40620243,7.00237636,44.81443665,0.55442993
4117,4,3.39397976,12.47465970,44.03229800,3.18884401,12.44567475,45.10646693,0.23589926
4118,4,1.95990381,14.95855212,44.03229800,1.77033900,15.15586132,45.26991734,0.38883078
4119,4,10.56435954,0.05519761,44.03229800,10.88681322,0.04951283,45.23536828,0.40303400
4120,4,9.13028359,7.50687486,44.03229800,8.97400115,8.60874370,44.77555566,1.13406537
4121,4,4.82805572,14.95855212,44.03229800,4.47074565,14.86634348,45.05033894,0.37334509
4122,4,0.52582785,22.41022937,44.03229800,0.34417851,22.44995311,44.86526084,0.22596070
4123,4,-0.90824811,24.89412179,44.03229800,-0.93968495,24.84598461,45.05223473,0.08208308
4124,4,-2.34232406,27.37801421,44.03229800,-2.34232406,27.37801421,44.99365001,0.00000000
4125,4,-3.77640002,29.86190663,44.03229800,-3.80068704,29.83731194,45.67544477,0.68267038
4126,4,13.43251146,0.05519761,44.03229800,-5.08003081,32.08365747,44.79183929,0.35561456
4127,4,7.69620763,14.95855212,44.03229800,7.87017020,14.20954328,44.75517894,0.80507494
4128,4,6.26213168,17.44244454,44.03229800,6.55559456,16.59619623,44.75836966,0.92607424
4129,4,1.95990381,24.89412179,44.03229800,1.93504001,24.94661942,45.17573778,0.19112866
4130,4,-0.90824811,29.86190663,44.03229800,-1.08565326,29.86629675,45.26053753,0.32050087
4131,4,16.30066337,0.05519761,44.03229800,-2.36062866,32.24056583,44.85864753,0.17214749
4132,4,17.73473932,2.53909003,44.03229800,17.65492145,2.46457017,45.09014705,0.14572502
4133,4,16.30066337,5.02298245,44.03229800,16.36412541,4.85841238,44.92402590,0.18962662
4134,4,14.86658741,7.50687486,44.03229800,15.29276034,7.28020621,45.56537061,0.74824227
4135,4,13.43251146,9.99076728,44.03229800,13.53084379,10.05698549,45.01088024,0.11979557
4136,4,11.99843550,12.47465970,44.03229800,12.23084013,12.44641553,44.85325365,0.27298495
4137,4,10.56435954,14.95855212,44.03229800,10.54392744,14.56697535,45.13923115,0.41826272
4138,4,9.13028359,17.44244454,44.03229800,8.78350799,18.08019003,45.26669552,0.77558138
4139,4,3.39397976,27.37801421,44.03229800,3.26222396,27.39650270,45.45298604,0.47821648
4140,4,17.73473932,7.50687486,44.03229800,17.97854278,7.41048838,45.12510845,0.29327769
4141,4,16.30066337,9.99076728,44.03229800,16.52424321,9.85036800,45.19085820,0.32953144
4142,4,14.86658741,12.47465970,44.03229800,15.19640019,12.26888453,45.04486378,0.39210041
4143,4,11.99843550,17.44244454,44.03229800,11.29406686,17.12186936,45.71719215,1.05944176
4144,4,6.26213168,27.37801421,44.03229800,6.08017659,27.23557025,44.94237662,0.23670001
4145,4,4.82805572,29.86190663,44.03229800,4.72479692,29.59340720,44.77569552,0.36091339
4146,4,24.90511911,5.02298245,44.03229800,24.77042401,5.06335980,45.25174833,0.29391809
4147,4,17.73473932,17.44244454,44.03229800,17.42079824,17.44224895,45.07584707,0.32452334
4148,4,16.30066337,19.92633695,44.03229800,16.11644755,19.85241753,45.08251971,0.21747959
4149,4,11.99843550,27.37801421,44.03229800,11.39577766,26.89120951,45.28562802,0.82790485
4150,4,10.56435954,29.86190663,44.03229800,10.58273633,29.83045121,44.76202864,0.23446878
4151,4,27.77327102,5.02298245,44.03229800,27.46074853,4.77996619,45.57743778,0.70536187
4152,4,24.90511911,9.99076728,44.03229800,25.44569780,10.00026812,45.10639112,0.55229172
4153,4,23.47104315,12.47465970,44.03229800,23.58198618,11.98624140,45.18837142,0.53737995
4154,4,20.60289124,17.44244454,44.03229800,20.13544303,17.28385280,44.84600250,0.51522709
4155,4,19.16881528,19.92633695,44.03229800,18.83976506,19.76812667,45.10837262,0.38270853
4156,4,14.86658741,27.37801421,44.03229800,14.07271019,27.36061807,45.09089890,0.80000064
4157,4,13.43251146,29.86190663,44.03229800,13.18587607,30.10411342,45.51899897,0.62887572
4158,4,30.64142293,0.05519761,44.03229800,30.28989347,0.02805088,45.09023528,0.36556617
4159,4,26.33919506,12.47465970,44.03229800,26.20696253,12.62635065,44.83624795,0.25548189
4160,4,22.03696719,19.92633695,44.03229800,21.87375861,19.36624386,45.10317596,0.59358003
4161,4,32.07549889,7.50687486,44.03229800,31.84462380,7.55660687,44.81263058,0.29756447
4162,4,22.03696719,24.89412179,44.03229800,21.56471549,25.08337341,44.74828610,0.56483740
4163,4,20.60289124,27.37801421,44.03229800,20.52093553,27.59627715,44.88995067,0.25516466
4164,4,0.52582785,2.53909003,44.03229800,0.46876686,2.30934705,44.76324809,0.33033747
4165,4,-2.34232406,7.50687486,44.03229800,-2.80946103,7.38485821,45.49665460,0.69722208
4166,4,-3.77640002,9.99076728,44.03229800,-4.02193718,9.87623493,44.98239795,0.27116925
4167,4,-13.81493171,27.37801421,44.03229800,-13.77783449,27.29890512,45.28405394,0.30326373
4168,4,-15.24900767,29.86190663,44.03229800,-15.44783779,29.88743351,45.55313544,0.59431388
4169,4,1.95990381,0.05519761,44.03229800,1.87760718,0.06305563,45.39060385,0.40547113
4170,4,-0.90824811,11.64669556,46.39366300,-0.78913730,11.67512078,47.29656353,0.13569065
4171,4,-2.34232406,14.13058798,46.39366300,-2.35905041,14.31394834,47.21296998,0.23254587
4172,4,-3.77640002,16.61448040,46.39366300,-3.57993666,16.74397168,47.38224757,0.23687012
4173,4,-6.64455193,21.58226523,46.39366300,-6.50594189,21.51515613,46.95623899,0.42747946
4174,4,-8.07862789,24.06615765,46.39366300,-7.97679572,23.72817685,47.55903252,0.40770572
4175,4,4.82805572,6.67891072,46.39366300,4.85367373,7.01988392,48.08415624,0.80533592
4176,4,3.39397976,9.16280314,46.39366300,3.37699400,9.18789939,47.34702836,0.03133886
4177,4,1.95990381,11.64669556,46.39366300,1.97224516,11.56153489,47.37856188,0.08921381
4178,4,0.52582785,14.13058798,46.39366300,0.68840103,13.83543165,48.30443005,1.00744042
4179,4,-5.21047597,24.06615765,46.39366300,-5.29152548,24.11719352,47.80847467,0.46346451
4180,4,-9.51270384,31.51783490,46.39366300,-9.69807816,32.10454143,47.87508860,0.80564553
4181,4,6.26213168,9.16280314,46.39366300,6.34129631,9.34174753,48.13784159,0.80691114
4182,4,3.39397976,14.13058798,46.39366300,3.22300754,14.02939776,47.32342111,0.20116942
4183,4,1.95990381,16.61448040,46.39366300,1.95169264,16.24958615,48.26083964,0.97659279
4184,4,-2.34232406,24.06615765,46.39366300,-2.67275558,24.24370947,47.06667320,0.47312856
4185,4,-3.77640002,26.55005007,46.39366300,-3.70913226,26.74030421,47.40897370,0.20888545
4186,4,-6.64455193,31.51783490,46.39366300,-6.52966735,31.48136392,47.51187007,0.19781837
4187,4,10.56435954,1.71112589,46.39366300,10.64004802,1.85658111,47.25998415,0.18951736
4188,4,4.82805572,16.61448040,46.39366300,4.67450482,16.19682091,48.17285501,0.93106369
4189,4,-0.90824811,26.55005007,46.39366300,-0.89653605,26.52704634,47.35271290,0.02591609
4190,4,-2.34232406,29.03394249,46.39366300,-2.10640281,28.95399802,47.61796609,0.36220605
4191,4,16.30066337,6.67891072,46.39366300,16.64709100,6.53741551,47.80998241,0.58909111
4192,4,14.86658741,9.16280314,46.39366300,14.69861834,9.18138321,47.42460510,0.18276107
4193,4,13.43251146,11.64669556,46.39366300,13.55773756,11.73269045,47.15925665,0.24778627
4194,4,9.13028359,19.09837281,46.39366300,9.33241120,18.42089531,47.91374232,0.90111461
4195,4,4.82805572,26.55005007,46.39366300,4.91827258,26.34136237,47.34201051,0.22772517
4196,4,1.95990381,31.51783490,46.39366300,1.94430445,31.66428857,47.73023549,0.40309109
4197,4,19.16881528,1.71112589,46.39366300,19.14504560,1.62655205,47.21181788,0.16799747
4198,4,16.30066337,11.64669556,46.39366300,16.70762421,11.85403026,47.27383876,0.46389049
4199,4,14.86658741,14.13058798,46.39366300,14.20184756,14.82178659,47.68646298,1.01463902
4200,4,11.99843550,19.09837281,46.39366300,12.05284565,18.57586109,47.89305837,0.75197714
4201,4,7.69620763,26.55005007,46.39366300,7.69834583,26.22045946,47.54625007,0.38105825
4202,4,6.26213168,29.03394249,46.39366300,6.40337542,28.61777448,47.53344985,0.47432541
4203,4,22.03696719,1.71112589,46.39366300,21.81625732,1.83743700,47.70617307,0.43356582
4204,4,23.47104315,4.19501831,46.39366300,23.53008698,4.31210361,47.62197958,0.29743104
4205,4,16.30066337,16.61448040,46.39366300,16.34721918,16.55151102,47.41641228,0.09950985
4206,4,10.56435954,26.55005007,46.39366300,10.40963256,26.37001951,47.77161081,0.47948253
4207,4,26.33919506,4.19501831,46.39366300,26.20737947,4.65593959,47.99361555,0.79852014
4208,4,17.73473932,19.09837281,46.39366300,17.53564539,19.10525286,47.40708998,0.20590661
4209,4,13.43251146,26.55005007,46.39366300,13.53816393,26.02422757,47.40445727,0.53860587
4210,4,11.99843550,29.03394249,46.39366300,12.04075050,28.58190272,47.46727864,0.46768967
4211,4,10.56435954,31.51783490,46.39366300,10.91307390,31.38794282,47.54370259,0.41722495
4212,4,27.77327102,6.67891072,46.39366300,27.80798130,6.78713020,47.42763685,0.13487102
4213,4,20.60289124,19.09837281,46.39366300,20.24384338,18.68790917,47.17862049,0.57315861
4214,4,16.30066337,26.55005007,46.39366300,16.25605179,26.17504342,47.52689489,0.41492515
4215,4,14.86658741,29.03394249,46.39366300,14.79870109,28.68407562,47.55882185,0.41055159
4216,4,13.43251146,31.51783490,46.39366300,13.62369543,32.09612042,47.32577889,0.60977061
4217,4,30.64142293,1.71112589,46.39366300,30.45424133,1.82047870,47.60724750,0.33259016
4218,4,30.64142293,6.67891072,46.39366300,30.50525561,6.74856433,47.04363746,0.34691374
4219,4,29.20734697,9.16280314,46.39366300,29.51393333,9.43047113,47.58912228,0.46951843
4220,4,26.33919506,14.13058798,46.39366300,25.92375287,14.25698007,47.00075053,0.56041993
4221,4,24.90511911,16.61448040,46.39366300,24.70287822,16.60835399,47.63694027,0.34701695
4222,4,-5.21047597,9.16280314,46.39366300,-5.11286350,8.91822374,47.28811387,0.27170396
4223,4,-13.81493171,24.06615765,46.39366300,-13.61658249,24.59484902,46.43955323,1.07560553
4224,4,-15.24900767,26.55005007,46.39366300,21.73887111,26.38422753,47.14343090,0.40140531
4225,4,0.52582785,4.19501831,46.39366300,1.25655018,4.64996844,47.59312255,0.89310130
4226,4,-2.34232406,9.16280314,46.39366300,-2.48425306,9.56151265,47.60563278,0.49185605
4227,4,-3.77640002,11.64669556,46.39366300,-4.11848218,11.73632865,47.45167784,0.36660333
4228,4,-5.21047597,14.13058798,46.39366300,-5.88224344,13.93220729,47.11295046,0.74109492
4229,4,-6.64455193,16.61448040,46.39366300,-6.27471166,16.55503551,47.73822834,0.53588056
4230,4,-9.51270384,21.58226523,46.39366300,-10.05237782,21.75165793,46.95170365,0.69469557
4231,4,-10.94677980,24.06615765,46.39366300,-11.14490253,24.18446133,47.51035279,0.27816938
4232,4,-12.38085576,26.55005007,46.39366300,-12.28846264,26.69199773,47.56307299,0.26827924
4233,4,-13.81493171,29.03394249,46.39366300,-13.79604290,28.96110302,47.51214464,0.17421852
4234,4,1.95990381,1.71112589,46.39366300,1.97936685,1.83036293,47.46195642,0.16134667
4235,4,-3.77640002,18.27040867,48.75502800,-3.77640002,18.27040867,49.71638001,0.00000000
4236,4,-10.94677980,30.68987077,48.75502800,-11.00105411,30.75202894,49.84922011,0.15638360
4237,4,6.26213168,5.85094658,48.75502800,6.35848852,5.93354678,50.35460260,0.65071922
4238,4,4.82805572,8.33483900,48.75502800,5.21946043,8.40737402,50.43842023,0.82450048
4239,4,-0.90824811,18.27040867,48.75502800,-0.67094911,18.06041407,50.19650114,0.57526067
4240,4,-5.21047597,25.72208593,48.75502800,-4.79962888,25.93120149,49.78119977,0.46553867
4241,4,-8.07862789,30.68987077,48.75502800,-8.31192998,31.04013241,50.18064035,0.62661850
4242,4,9.13028359,0.88316175,48.75502800,9.14559647,1.21070798,50.20596729,0.58925098
4243,4,10.56435954,3.36705417,48.75502800,10.95669725,3.43447396,49.45866989,0.47422443
4244,4,7.69620763,8.33483900,48.75502800,7.92856917,8.18268709,50.02500225,0.41519848
4245,4,6.26213168,10.81873142,48.75502800,6.53971656,11.16754971,50.15062757,0.62233312
4246,4,1.95990381,18.27040867,48.75502800,2.10067356,18.37046194,49.96492947,0.30266089
4247,4,0.52582785,20.75430109,48.75502800,0.51183936,20.57135216,50.20140277,0.51856829
4248,4,-2.34232406,25.72208593,48.75502800,-2.08058016,25.88717244,49.95169038,0.38876007
4249,4,-3.77640002,28.20597835,48.75502800,-3.59648226,28.37553889,49.82461053,0.26987964
4250,4,11.99843550,0.88316175,48.75502800,11.94337368,0.88756455,49.67717198,0.06773816
4251,4,13.43251146,3.36705417,48.75502800,13.51449302,3.61051708,50.38112380,0.71265662
4252,4,9.13028359,10.81873142,48.75502800,9.20697691,10.81721092,50.58331283,0.87031987
4253,4,4.82805572,18.27040867,48.75502800,4.84243362,18.62690736,49.39873225,0.47770089
4254,4,3.39397976,20.75430109,48.75502800,3.32352245,20.86444069,49.73127555,0.13159347
4255,4,-0.90824811,28.20597835,48.75502800,-0.74783547,28.26253570,49.87637388,0.23351442
4256,4,14.86658741,5.85094658,48.75502800,14.85699303,5.89948844,49.76262930,0.06773005
4257,4,10.56435954,13.30262384,48.75502800,10.42424866,13.24386861,50.34214560,0.64394550
4258,4,9.13028359,15.78651626,48.75502800,9.02591487,15.62683637,50.29888317,0.61294407
4259,4,19.16881528,3.36705417,48.75502800,19.54453820,3.35294786,49.28164753,0.57476868
4260,4,10.56435954,18.27040867,48.75502800,10.64308886,18.17334382,50.28967867,0.58676336
4261,4,9.13028359,20.75430109,48.75502800,9.13224876,20.75189257,49.71547992,0.00323621
4262,4,6.26213168,25.72208593,48.75502800,6.22187042,25.70763379,49.77812411,0.07511436
4263,4,3.39397976,30.68987077,48.75502800,3.30627999,30.77323204,49.91547520,0.23297907
4264,4,20.60289124,0.88316175,48.75502800,20.54562438,0.91580738,49.97620088,0.26805245
4265,4,22.03696719,3.36705417,48.75502800,22.20652100,3.47234317,49.85070278,0.24057613
4266,4,16.30066337,13.30262384,48.75502800,16.24999605,13.23719776,49.70558097,0.08345279
4267,4,14.86658741,15.78651626,48.75502800,15.15321970,15.70748971,50.08117644,0.47061630
4268,4,11.99843550,20.75430109,48.75502800,12.03656658,20.69762421,49.69519932,0.07151832
4269,4,9.13028359,25.72208593,48.75502800,8.97501791,25.63693838,49.96904206,0.30853792
4270,4,7.69620763,28.20597835,48.75502800,7.77336053,28.17687461,49.84710058,0.15455570
4271,4,23.47104315,0.88316175,48.75502800,23.29094100,0.97323077,49.90268426,0.27433280
4272,4,22.03696719,8.33483900,48.75502800,21.68163264,8.39782515,50.10795226,0.53250232
4273,4,20.60289124,10.81873142,48.75502800,20.58361674,10.85974332,49.71102456,0.04563073
4274,4,19.16881528,13.30262384,48.75502800,18.94298694,13.25435204,50.11999310,0.46500766
4275,4,17.73473932,15.78651626,48.75502800,17.85250304,15.74111385,49.71108118,0.12632398
4276,4,16.30066337,18.27040867,48.75502800,16.39615295,18.09664099,49.66728703,0.20426353
4277,4,23.47104315,10.81873142,48.75502800,23.32395820,10.82559435,49.85238147,0.20044321
4278,4,22.03696719,13.30262384,48.75502800,21.91616550,13.27546938,49.93031371,0.24718018
4279,4,16.30066337,23.23819351,48.75502800,16.30066337,23.23819351,49.71638001,0.00000000
4280,4,14.86658741,25.72208593,48.75502800,14.83985396,25.73493782,49.81270381,0.10078751
4281,4,11.99843550,30.68987077,48.75502800,11.93798842,30.73808307,49.98326480,0.27785926
4282,4,29.20734697,0.88316175,48.75502800,29.31301458,0.94017994,49.91958554,0.23602797
4283,4,29.20734697,5.85094658,48.75502800,29.03074737,5.56147049,49.74162975,0.34003144
4284,4,27.77327102,8.33483900,48.75502800,27.77327102,8.33483900,49.71638001,0.00000000
4285,4,23.47104315,15.78651626,48.75502800,23.34340365,15.83071676,49.86659066,0.20201179
4286,4,17.73473932,25.72208593,48.75502800,17.75864362,25.71328125,49.75247910,0.04418237
4287,4,16.30066337,28.20597835,48.75502800,16.24425294,28.10684900,49.80856554,0.14665244
4288,4,14.86658741,30.68987077,48.75502800,14.60651329,30.67964684,49.43573229,0.38276131
4289,4,32.07549889,0.88316175,48.75502800,32.06764093,0.92708211,49.80099809,0.09566067
4290,4,30.64142293,8.33483900,48.75502800,30.52237229,7.83387797,49.55334547,0.54010673
4291,4,26.33919506,15.78651626,48.75502800,26.42090059,15.42520880,49.41162534,0.47968143
4292,4,24.90511911,18.27040867,48.75502800,24.74827359,18.24492128,49.81497112,0.18700356
4293,4,23.47104315,20.75430109,48.75502800,23.57367608,20.68921819,49.55046233,0.20566473
4294,4,-0.90824811,3.36705417,48.75502800,-0.96947543,3.36576527,50.22580953,0.51309734
4295,4,-8.07862789,15.78651626,48.75502800,-8.07846950,15.76781428,49.62263063,0.09559673
4296,4,-10.94677980,20.75430109,48.75502800,-10.99458912,20.72464306,49.74289656,0.06219693
4297,4,-12.38085576,23.23819351,48.75502800,-12.34131283,23.11840701,49.71406833,0.12616574
4298,4,0.52582785,0.88316175,48.75502800,0.48509995,0.75335511,50.27613902,0.57605440
4299,4,1.95990381,3.36705417,48.75502800,1.71789434,3.15883895,49.82648907,0.33770722
4300,4,0.52582785,5.85094658,48.75502800,0.10932743,5.82544812,49.76714164,0.42035641
4301,4,-0.90824811,8.33483900,48.75502800,-1.50593001,7.84229202,50.63173151,1.19903902
4302,4,-5.21047597,15.78651626,48.75502800,-5.02701297,15.61026097,49.96867240,0.35829604
4303,4,-6.64455193,18.27040867,48.75502800,-6.55122715,17.98914614,50.03846692,0.43767351
4304,4,-9.51270384,23.23819351,48.75502800,-9.61927109,23.26866820,49.70867156,0.11110673
4305,4,-12.38085576,28.20597835,48.75502800,-12.35717909,28.39063155,49.75456827,0.19004140
