label,source_holdout,model,atom_index,atom_id,element,distance_to_marked_pair_A,within_4p5A,DFT_Fx_eV_A,DFT_Fy_eV_A,DFT_Fz_eV_A,MACE_Fx_eV_A,MACE_Fy_eV_A,MACE_Fz_eV_A,error_Fx_eV_A,error_Fy_eV_A,error_Fz_eV_A,error_norm_eV_A
AgC_registry_holdout_v15_01,v15,v15,0,113766,Ti,5.140365697259218,False,-0.71893763,-0.04194106,-1.98625399,-0.704695395912226,-0.03837415131509248,-1.9759702648813002,0.01424223408777403,0.00356690868490752,0.010283725118699794,0.017925375078206823
AgC_registry_holdout_v15_01,v15,v15,1,600768,Ti,5.063791413108523,False,-1.35688411,-0.59088222,1.66363356,-1.1783046411735092,-0.6816083462966458,1.6187615424688828,0.17857946882649078,-0.09072612629664578,-0.04487201753111725,0.20526898118434603
AgC_registry_holdout_v15_01,v15,v15,2,602398,Ti,4.80150306440671,False,-1.20229684,-1.43260895,1.84178385,-1.111122645299034,-1.4573737341172825,1.8436497927482656,0.0911741947009661,-0.024764784117282446,0.001865942748265681,0.09449608486114695
AgC_registry_holdout_v15_01,v15,v15,3,602560,Ti,4.056899599866926,True,0.91239147,1.36549557,-1.19487797,0.8687623094332442,1.3041535984235955,-1.207804471164311,-0.04362916056675581,-0.06134197157640453,-0.012926501164310933,0.07637693081677943
AgC_registry_holdout_v15_01,v15,v15,4,602563,C,4.270407405877869,True,0.31265671,-0.55462241,0.69509617,0.31746113747624327,-0.542634047532395,0.7136836510198548,0.004804427476243267,0.01198836246760504,0.018587481019854746,0.022633996745882574
AgC_registry_holdout_v15_01,v15,v15,5,602564,C,3.463781532191114,True,5.12688018,-2.5445381,-0.16138373,5.205644082498361,-2.56074187288751,-0.18732405433689042,0.07876390249836174,-0.01620377288750996,-0.02594032433689042,0.08449387563169597
AgC_registry_holdout_v15_01,v15,v15,6,602568,C,3.981112408021359,True,0.44478466,0.76203316,1.61437072,0.30746888358466884,0.9026263036397555,1.6266419616023946,-0.13731577641533116,0.1405931436397555,0.012271241602394678,0.19690768868055528
AgC_registry_holdout_v15_01,v15,v15,7,602569,Ti,3.3657542408819854,True,-0.57879271,0.63349244,0.32873116,-0.44241563340168416,0.5154680286953326,0.30866441511118403,0.13637707659831583,-0.11802441130466745,-0.02006674488881599,0.18146939944725954
AgC_registry_holdout_v15_01,v15,v15,8,602577,C,4.748147829821231,False,-1.73262857,-4.47995836,-1.98609733,-1.7453836649233425,-4.428417952642251,-1.9886290311574029,-0.012755094923342591,0.05154040735774945,-0.002531701157402866,0.05315557870869838
AgC_registry_holdout_v15_01,v15,v15,9,602709,Ti,2.6502117834910877,True,0.22264856,-0.33147277,0.03583584,0.12367003530514939,-0.4820937742022305,0.294280539982528,-0.0989785246948506,-0.15062100420223046,0.258444699982528,0.31508268471421336
AgC_registry_holdout_v15_01,v15,v15,10,602714,Ti,4.329030877869089,True,-0.81566129,1.74245349,-1.39050372,-0.817345229145785,1.7395279989411898,-1.387474945076579,-0.0016839391457850184,-0.0029254910588101257,0.003028774923421018,0.004535154519818388
AgC_registry_holdout_v15_01,v15,v15,11,602717,Si,4.070713105842623,True,-0.58925974,-0.03591202,0.15527511,-0.5804915180987279,-0.04218956361665921,0.12688262271190587,0.008768221901272133,-0.006277543616659206,-0.028392487288094126,0.030371410957899102
AgC_registry_holdout_v15_01,v15,v15,12,602720,Ti,5.156472657235632,False,-1.5596532,0.70031731,-1.0366687,-1.4725737270753314,0.7506734542795502,-1.055832975547167,0.08707947292466867,0.05035614427955026,-0.01916427554716682,0.10240041664362856
AgC_registry_holdout_v15_01,v15,v15,13,602722,Si,4.077844372515014,True,1.00706926,0.54922857,-0.01442957,0.9913809432081538,0.5703545784196555,-0.0247561452610372,-0.015688316791846124,0.021126008419655506,-0.0103265752610372,0.028267820434737127
AgC_registry_holdout_v15_01,v15,v15,14,602726,Si,3.9472599792709273,True,-0.05522368,0.32334541,-1.43280749,-0.09212255810862272,0.3164702453612005,-1.4360647096518155,-0.03689887810862272,-0.0068751646387995025,-0.0032572196518154684,0.037674986056344714
AgC_registry_holdout_v15_01,v15,v15,15,602728,Si,4.621567805117097,False,-0.56462785,-1.70362838,0.82890969,-0.561452563373706,-1.691229031704347,0.8664775592164473,0.0031752866262940715,0.012399348295653034,0.03756786921644728,0.039688425022670316
AgC_registry_holdout_v15_01,v15,v15,16,604584,Ti,4.453410972486209,True,1.25191884,-3.25047784,-1.39822047,1.2762156302255043,-3.3344604336986947,-1.4962451796589864,0.02429679022550424,-0.08398259369869487,-0.09802470965898635,0.1313478350158494
AgC_registry_holdout_v15_01,v15,v15,17,604585,C,5.1243300876796924,False,1.13647474,0.34715784,0.72017967,1.1156838960979318,0.24490344217294546,0.6826737890825624,-0.02079084390206809,-0.10225439782705453,-0.03750588091743767,0.1108824249758577
AgC_registry_holdout_v15_01,v15,v15,18,604586,Ti,4.05096681993575,True,1.0413344,-1.93287316,0.04636333,1.0184140014585557,-1.8801722242570726,0.05811816997339586,-0.022920398541444342,0.052700935742927335,0.01175483997339586,0.058659266619000144
AgC_registry_holdout_v15_01,v15,v15,19,604587,C,3.549752096708295,True,-3.59064269,-3.17759202,1.37923269,-3.6953680976071537,-3.2247013961349493,1.3599143959863735,-0.10472540760715354,-0.047109376134949255,-0.019318294013626502,0.11644698708814023
AgC_registry_holdout_v15_01,v15,v15,20,604588,Ti,4.723909254145136,False,-3.46399593,0.72051959,-0.54228574,-3.4646238048158216,0.6974084198371907,-0.5009126028586829,-0.0006278748158217162,-0.02311117016280928,0.04137313714131707,0.047394692635282475
AgC_registry_holdout_v15_01,v15,v15,21,604589,Ti,1.9371144299373555,True,-0.62428739,3.5164478,0.26970766,-0.529809853708933,3.295116045263272,0.2553403619315215,0.09447753629106703,-0.22133175473672795,-0.014367298068478529,0.24108125139101438
AgC_registry_holdout_v15_01,v15,v15,22,604590,Ti,3.365068859631872,True,3.88685667,4.80622113,-0.59563805,3.9892076795845766,4.849811625642626,-0.7568302085825213,0.10235100958457677,0.043590495642625626,-0.16119215858252123,0.19585395697264982
AgC_registry_holdout_v15_01,v15,v15,23,604592,C,3.124081749548177,True,-2.34645797,-2.36712034,3.02322323,-2.406672963696178,-2.3783267998706976,3.1221156548868683,-0.060214993696178,-0.011206459870697572,0.09889242488686811,0.11632343662680003
AgC_registry_holdout_v15_01,v15,v15,24,604593,Si,4.573692493903866,False,0.26029075,-0.15946342,1.36427705,0.25940689642397696,-0.17010482066454594,1.3371971698475642,-0.0008838535760230526,-0.010641400664545941,-0.027079880152435898,0.02910911393906622
AgC_registry_holdout_v15_01,v15,v15,25,604594,Si,3.983729747941635,True,0.33282332,0.9922087,-0.52668657,0.3458199524237052,1.0228793367987654,-0.5378368809305824,0.012996632423705246,0.03067063679876536,-0.011150310930582386,0.03512733764245949
AgC_registry_holdout_v15_01,v15,v15,26,604596,C,4.971686928535246,False,1.12400153,0.54041736,-2.62685227,1.1448108488567876,0.5618447931135887,-2.6777966050330937,0.020809318856787717,0.021427433113588745,-0.05094433503309359,0.05905495671901612
AgC_registry_holdout_v15_01,v15,v15,27,604598,C,4.6100300693630745,False,-0.59622905,-0.62180312,1.2298202,-0.5431197917813615,-0.5628934654359077,1.1852867044505968,0.053109258218638544,0.05890965456409236,-0.044533495549403224,0.09096248092067097
AgC_registry_holdout_v15_01,v15,v15,28,604599,Ti,4.336597561475172,True,-0.6752814,2.44430182,-0.08778897,-0.7312102319755773,2.4336922068354268,-0.050533966742665415,-0.0559288319755773,-0.010609613164573428,0.03725500325733458,0.06803332569673672
AgC_registry_holdout_v15_01,v15,v15,29,604600,Ti,2.602663001729525,True,-1.6400158,2.3906022,-1.39716015,-1.8033968764469634,2.456047652093938,-1.5199391669415054,-0.16338107644696342,0.06544545209393782,-0.1227790169415055,0.21459536421337463
AgC_registry_holdout_v15_01,v15,v15,30,604601,Ti,5.431712282124001,False,2.09225123,-0.86690388,0.29697157,2.0724298938085166,-0.8650792763412036,0.2960495819722329,-0.019821336191483407,0.001824603658796331,-0.0009219880277671066,0.019926480091848855
AgC_registry_holdout_v15_01,v15,v15,31,604602,C,2.422443461320726,True,0.32708944,0.50262712,0.21001298,0.34494698771870036,0.6689922790258979,0.4213006020994132,0.01785754771870035,0.16636515902589788,0.21128762209941324,0.269515709005361
AgC_registry_holdout_v15_01,v15,v15,32,604603,C,3.6786726794619935,True,-1.02545595,1.12914043,0.70947986,-1.026463033788061,1.2177964224124362,0.7239626825997089,-0.001007083788060914,0.08865599241243616,0.0144828225997089,0.08983680403289485
AgC_registry_holdout_v15_01,v15,v15,33,604605,Si,5.780762118773747,False,-1.18039207,-0.13774492,1.56788601,-1.2102338557640964,-0.16724244985328465,1.5720471872330803,-0.029841785764096462,-0.02949752985328466,0.004161177233080293,0.042165766220961236
AgC_registry_holdout_v15_01,v15,v15,34,604608,Ti,4.900973306690706,False,1.88155842,-1.350007,0.28181025,1.8344708269123888,-1.473826672839223,0.2701184403175917,-0.047087593087611124,-0.12381967283922313,-0.011691809682408294,0.1329859060895039
AgC_registry_holdout_v15_01,v15,v15,35,604611,Ti,5.663225556628967,False,0.63568929,-1.07036626,1.05864724,0.6835548630325252,-1.082590330541648,1.0783397689845202,0.047865573032525255,-0.012224070541648091,0.01969252898452023,0.05318210864703812
AgC_registry_holdout_v15_01,v15,v15,36,604794,Ti,4.549747903213149,False,0.46946382,1.11816189,-0.87709636,0.4567137877563515,1.0998763047893585,-0.8238594068801762,-0.012750032243648457,-0.01828558521064161,0.05323695311982379,0.05771567487426641
AgC_registry_holdout_v15_01,v15,v15,37,604795,Ti,4.839833587928087,False,1.55616972,2.72982091,-1.07491116,1.5666624164291623,2.6917940428913107,-1.0914002680557024,0.010492696429162285,-0.03802686710868919,-0.01648910805570236,0.042755467310381386
AgC_registry_holdout_v15_01,v15,v15,38,604796,Ti,2.104735887853792,True,-0.29245783,0.31536552,0.47730984,-0.38271256540068876,0.2662448723346921,0.4385483108916351,-0.09025473540068879,-0.04912064766530794,-0.03876152910836489,0.10982354678358502
AgC_registry_holdout_v15_01,v15,v15,39,604803,Si,3.936295524345177,True,0.2431919,0.94243036,-0.48523587,0.25114793907957356,0.9701714728517271,-0.47514069244085777,0.007956039079573568,0.02774111285172709,0.010095177559142243,0.030574180447537246
AgC_registry_holdout_v15_01,v15,v15,40,604804,C,0.0,True,-0.1099582,0.94384664,1.36187882,0.00742656862367367,1.2436245257235354,1.3276280832261955,0.11738476862367367,0.2997778857235355,-0.034250736773804524,0.32375774530234014
AgC_registry_holdout_v15_01,v15,v15,41,604805,Ti,3.1176111803439137,True,0.46620329,1.13922302,-1.33770598,0.44691510352167513,1.1826263147587448,-1.4277252996331171,-0.019288186478324865,0.043403294758744826,-0.09001931963311716,0.10178093161661683
AgC_registry_holdout_v15_01,v15,v15,42,604806,Ti,3.7115615214910758,True,1.13502438,0.30350451,-1.80945061,1.1870701004440862,0.25875289265230406,-1.7910094488471668,0.052045720444086285,-0.04475161734769595,0.01844116115283323,0.07107419149342008
AgC_registry_holdout_v15_01,v15,v15,43,604810,C,2.9967465750949227,True,-1.41448967,-1.29062318,0.33416968,-1.3690381289826576,-1.2993953741184652,0.3221189814520918,0.04545154101734239,-0.008772194118465082,-0.012050698547908245,0.04783318206011125
AgC_registry_holdout_v15_01,v15,v15,44,604813,Si,4.431482243906845,True,0.68660583,-1.69306513,0.19625485,0.7110144192476524,-1.7372098403634846,0.20037412260903287,0.024408589247652435,-0.04414471036348466,0.004119272609032859,0.05061129408505667
AgC_registry_holdout_v15_01,v15,v15,45,606503,Si,5.659839420492102,False,0.54857769,-0.82432731,-1.05005853,0.5421564530412867,-0.8480250027120625,-1.025949802442445,-0.006421236958713328,-0.023697692712062457,0.02410872755755511,0.03440993560586391
AgC_registry_holdout_v15_01,v15,v15,46,688433,Ag,0.0,True,-0.68524822,-0.04425846,0.98387164,-1.0143151127671255,0.14056732189795337,1.0537949911650577,-0.32906689276712553,0.18482578189795337,0.06992335116505766,0.38384223921782334
AgC_registry_holdout_v15_01,v15,v15,47,751743,Ag,2.9181713593385563,True,-0.26338635,-0.45306793,0.34025352,-0.1855837629458659,-0.4527336177103415,0.33506504255310154,0.07780258705413409,0.00033431228965852267,-0.005188477446898432,0.07797611567166003
AgC_registry_holdout_v15_01,v15,v16,0,113766,Ti,5.140365697259218,False,-0.71893763,-0.04194106,-1.98625399,-0.6997807083758016,-0.04393975061953221,-1.9791644290759296,0.019156921624198353,-0.0019986906195322077,0.007089560924070426,0.020524236512094448
AgC_registry_holdout_v15_01,v15,v16,1,600768,Ti,5.063791413108523,False,-1.35688411,-0.59088222,1.66363356,-1.3442494391074717,-0.6511727589653133,1.6131765487288194,0.012634670892528232,-0.060290538965313334,-0.05045701127118063,0.07962721886208582
AgC_registry_holdout_v15_01,v15,v16,2,602398,Ti,4.80150306440671,False,-1.20229684,-1.43260895,1.84178385,-1.1551796648391672,-1.46780946972871,1.8513463748524894,0.0471171751608328,-0.03520051972870997,0.00956252485248954,0.05958646378047937
AgC_registry_holdout_v15_01,v15,v16,3,602560,Ti,4.056899599866926,True,0.91239147,1.36549557,-1.19487797,0.8581723355686751,1.326449068251261,-1.1756953625230804,-0.05421913443132487,-0.039046501748738915,0.01918260747691969,0.06951486364015917
AgC_registry_holdout_v15_01,v15,v16,4,602563,C,4.270407405877869,True,0.31265671,-0.55462241,0.69509617,0.32190548475779507,-0.5363981960072464,0.7179284148875724,0.009248774757795064,0.018224213992753646,0.022832244887572406,0.030642669870299833
AgC_registry_holdout_v15_01,v15,v16,5,602564,C,3.463781532191114,True,5.12688018,-2.5445381,-0.16138373,5.091509707903607,-2.544725842163233,-0.1815056881588402,-0.03537047209639255,-0.00018774216323302895,-0.020121958158840186,0.04069396446142418
AgC_registry_holdout_v15_01,v15,v16,6,602568,C,3.981112408021359,True,0.44478466,0.76203316,1.61437072,0.3381380412226671,0.826167137352561,1.661504581120942,-0.10664661877733289,0.06413397735256099,0.04713386112094198,0.1330724209288492
AgC_registry_holdout_v15_01,v15,v16,7,602569,Ti,3.3657542408819854,True,-0.57879271,0.63349244,0.32873116,-0.5406901404131681,0.598147019455008,0.29837080910028146,0.03810256958683189,-0.03534542054499201,-0.030360350899718558,0.060190160901726714
AgC_registry_holdout_v15_01,v15,v16,8,602577,C,4.748147829821231,False,-1.73262857,-4.47995836,-1.98609733,-1.729538921043837,-4.443023184108908,-1.9808486276422639,0.003089648956162927,0.03693517589109252,0.0052487023577361125,0.03743396886810648
AgC_registry_holdout_v15_01,v15,v16,9,602709,Ti,2.6502117834910877,True,0.22264856,-0.33147277,0.03583584,0.11035157935349546,-0.4027317861882459,0.1604933373032842,-0.11229698064650454,-0.07125901618824587,0.12465749730328418,0.1822853556497515
AgC_registry_holdout_v15_01,v15,v16,10,602714,Ti,4.329030877869089,True,-0.81566129,1.74245349,-1.39050372,-0.8161077176974861,1.7415798134505238,-1.3810371107967234,-0.0004464276974861514,-0.0008736765494761212,0.009466609203276688,0.009517315704007627
AgC_registry_holdout_v15_01,v15,v16,11,602717,Si,4.070713105842623,True,-0.58925974,-0.03591202,0.15527511,-0.5934213734803618,-0.04679527169362299,0.12200668283068053,-0.004161633480361804,-0.010883251693622989,-0.033268427169319464,0.03524985967308139
AgC_registry_holdout_v15_01,v15,v16,12,602720,Ti,5.156472657235632,False,-1.5596532,0.70031731,-1.0366687,-1.5134118261206018,0.7474794564877476,-1.0517647033450106,0.046241373879398306,0.047162146487747636,-0.015096003345010489,0.06775265335452653
AgC_registry_holdout_v15_01,v15,v16,13,602722,Si,4.077844372515014,True,1.00706926,0.54922857,-0.01442957,0.9867707484359385,0.5539793719740685,-0.031492340868797486,-0.020298511564061483,0.004750801974068519,-0.017062770868797487,0.026939521911760706
AgC_registry_holdout_v15_01,v15,v16,14,602726,Si,3.9472599792709273,True,-0.05522368,0.32334541,-1.43280749,-0.08180753101255814,0.3211443258844867,-1.4337513911225066,-0.02658385101255814,-0.0022010841155132854,-0.0009439011225065297,0.026691512794716647
AgC_registry_holdout_v15_01,v15,v16,15,602728,Si,4.621567805117097,False,-0.56462785,-1.70362838,0.82890969,-0.5583149894887529,-1.7022276508919623,0.853091617049531,0.0063128605112471314,0.0014007291080377904,0.024181927049530927,0.025031576971845045
AgC_registry_holdout_v15_01,v15,v16,16,604584,Ti,4.453410972486209,True,1.25191884,-3.25047784,-1.39822047,1.2459450044561304,-3.2713291464725045,-1.4393675948502522,-0.005973835543869654,-0.02085130647250466,-0.04114712485025218,0.046513971838123606
AgC_registry_holdout_v15_01,v15,v16,17,604585,C,5.1243300876796924,False,1.13647474,0.34715784,0.72017967,1.116170309516645,0.35707175043375206,0.7429515605147111,-0.02030443048335484,0.00991391043375206,0.02277189051471107,0.032079814758751886
AgC_registry_holdout_v15_01,v15,v16,18,604586,Ti,4.05096681993575,True,1.0413344,-1.93287316,0.04636333,1.051170999587776,-1.8888550011023513,0.03583211337505948,0.009836599587776051,0.04401815889764871,-0.010531216624940519,0.046316989623574514
AgC_registry_holdout_v15_01,v15,v16,19,604587,C,3.549752096708295,True,-3.59064269,-3.17759202,1.37923269,-3.640241137217483,-3.2101719089512777,1.384955249416806,-0.04959844721748308,-0.032579888951277614,0.0057225594168059946,0.05961713526111357
AgC_registry_holdout_v15_01,v15,v16,20,604588,Ti,4.723909254145136,False,-3.46399593,0.72051959,-0.54228574,-3.4353812902907737,0.7219211749335593,-0.5270849099849544,0.028614639709226175,0.0014015849335593522,0.015200830015045574,0.03243188676535971
AgC_registry_holdout_v15_01,v15,v16,21,604589,Ti,1.9371144299373555,True,-0.62428739,3.5164478,0.26970766,-0.5671165054067455,3.43069536206583,0.2667900302861145,0.05717088459325448,-0.08575243793417009,-0.002917629713885539,0.10310433172265976
AgC_registry_holdout_v15_01,v15,v16,22,604590,Ti,3.365068859631872,True,3.88685667,4.80622113,-0.59563805,3.9075568059918613,4.79161057917517,-0.6092531583690619,0.02070013599186149,-0.014610550824829538,-0.013615108369061879,0.02876343166918345
AgC_registry_holdout_v15_01,v15,v16,23,604592,C,3.124081749548177,True,-2.34645797,-2.36712034,3.02322323,-2.3513803490852965,-2.3724266310669746,3.0302545621384303,-0.00492237908529658,-0.0053062910669745555,0.007031332138430102,0.010090895519612677
AgC_registry_holdout_v15_01,v15,v16,24,604593,Si,4.573692493903866,False,0.26029075,-0.15946342,1.36427705,0.2727636683728519,-0.1815612464143292,1.35372079831933,0.01247291837285186,-0.022097826414329197,-0.010556251680670092,0.02748312344911511
AgC_registry_holdout_v15_01,v15,v16,25,604594,Si,3.983729747941635,True,0.33282332,0.9922087,-0.52668657,0.34894322304486586,1.0175593294643894,-0.5385541633924069,0.01611990304486588,0.025350629464389374,-0.01186759339240695,0.03230085852332944
AgC_registry_holdout_v15_01,v15,v16,26,604596,C,4.971686928535246,False,1.12400153,0.54041736,-2.62685227,1.148494313128658,0.6034643043074118,-2.619472441642332,0.024492783128658102,0.06304694430741187,0.007379828357668039,0.0680387792253654
AgC_registry_holdout_v15_01,v15,v16,27,604598,C,4.6100300693630745,False,-0.59622905,-0.62180312,1.2298202,-0.5632417906005528,-0.5727894704107978,1.2175806489095333,0.032987259399447244,0.04901364958920229,-0.012239551090466705,0.06033492968120271
AgC_registry_holdout_v15_01,v15,v16,28,604599,Ti,4.336597561475172,True,-0.6752814,2.44430182,-0.08778897,-0.6681080181544351,2.424616762965504,-0.049482807144660135,0.00717338184556493,-0.01968505703449619,0.03830616285533986,0.043661435961881365
AgC_registry_holdout_v15_01,v15,v16,29,604600,Ti,2.602663001729525,True,-1.6400158,2.3906022,-1.39716015,-1.7151585762612573,2.3749785348742973,-1.4250225221147612,-0.07514277626125732,-0.01562366512570268,-0.02786237211476128,0.08165076555716365
AgC_registry_holdout_v15_01,v15,v16,30,604601,Ti,5.431712282124001,False,2.09225123,-0.86690388,0.29697157,2.077221023027036,-0.8553150498247013,0.3024919294784514,-0.015030206972963978,0.011588830175298659,0.005520359478451364,0.01976568934424943
AgC_registry_holdout_v15_01,v15,v16,31,604602,C,2.422443461320726,True,0.32708944,0.50262712,0.21001298,0.2858886008012925,0.5868670756608467,0.2451897270153794,-0.041200839198707484,0.08423995566084674,0.0351767470153794,0.10015629191919587
AgC_registry_holdout_v15_01,v15,v16,32,604603,C,3.6786726794619935,True,-1.02545595,1.12914043,0.70947986,-1.0070315966615386,1.1580514089412366,0.7193083951387131,0.018424353338461374,0.02891097894123651,0.00982853513871318,0.03566372950567584
AgC_registry_holdout_v15_01,v15,v16,33,604605,Si,5.780762118773747,False,-1.18039207,-0.13774492,1.56788601,-1.1876177661755776,-0.15187870093156655,1.5708406891450093,-0.007225696175577667,-0.014133780931566559,0.0029546791450092424,0.01614634873564995
AgC_registry_holdout_v15_01,v15,v16,34,604608,Ti,4.900973306690706,False,1.88155842,-1.350007,0.28181025,1.826332672541164,-1.4450508808030023,0.2840219941549532,-0.055225747458836016,-0.0950438808030023,0.0022117441549532324,0.10994596069292137
AgC_registry_holdout_v15_01,v15,v16,35,604611,Ti,5.663225556628967,False,0.63568929,-1.07036626,1.05864724,0.6798648145581269,-1.077452918370983,1.0285326907395527,0.0441755245581269,-0.00708665837098299,-0.03011454926044732,0.05393128752415062
AgC_registry_holdout_v15_01,v15,v16,36,604794,Ti,4.549747903213149,False,0.46946382,1.11816189,-0.87709636,0.4590820781628082,1.1038943509795924,-0.865826609698601,-0.01038174183719176,-0.014267539020407671,0.011269750301398984,0.020936821753285186
AgC_registry_holdout_v15_01,v15,v16,37,604795,Ti,4.839833587928087,False,1.55616972,2.72982091,-1.07491116,1.5550427734783,2.7013132767095778,-1.0695723134733195,-0.0011269465217000896,-0.028507633290422163,0.005338846526680596,0.029025134737317024
AgC_registry_holdout_v15_01,v15,v16,38,604796,Ti,2.104735887853792,True,-0.29245783,0.31536552,0.47730984,-0.28886523987463997,0.30845015380591373,0.4391218693625065,0.0035925901253600068,-0.006915366194086281,-0.03818797063749346,0.038974993198424145
AgC_registry_holdout_v15_01,v15,v16,39,604803,Si,3.936295524345177,True,0.2431919,0.94243036,-0.48523587,0.2560152391884616,0.9606401395941347,-0.47867446782321227,0.012823339188461597,0.018209779594134723,0.006561402176787745,0.023218227738887723
AgC_registry_holdout_v15_01,v15,v16,40,604804,C,0.0,True,-0.1099582,0.94384664,1.36187882,-0.06450457291741685,1.019250407482102,1.3103459194500628,0.04545362708258316,0.07540376748210209,-0.0515329005499372,0.10201666630775175
AgC_registry_holdout_v15_01,v15,v16,41,604805,Ti,3.1176111803439137,True,0.46620329,1.13922302,-1.33770598,0.4801244658165397,1.1759051549011972,-1.4443223689616684,0.013921175816539733,0.036682134901197205,-0.10661638896166847,0.11360648111903837
AgC_registry_holdout_v15_01,v15,v16,42,604806,Ti,3.7115615214910758,True,1.13502438,0.30350451,-1.80945061,1.2136969982783319,0.31424324071372245,-1.8319471244212338,0.07867261827833194,0.010738730713722444,-0.022496514421233682,0.08252753701168326
AgC_registry_holdout_v15_01,v15,v16,43,604810,C,2.9967465750949227,True,-1.41448967,-1.29062318,0.33416968,-1.42890756445794,-1.3464022149505888,0.36574557479684144,-0.014417894457940061,-0.05577903495058867,0.03157589479684142,0.06569789610665236
AgC_registry_holdout_v15_01,v15,v16,44,604813,Si,4.431482243906845,True,0.68660583,-1.69306513,0.19625485,0.698610578233009,-1.72536597101822,0.20627423533618103,0.01200474823300901,-0.03230084101822017,0.01001938533618102,0.03588657678209426
AgC_registry_holdout_v15_01,v15,v16,45,606503,Si,5.659839420492102,False,0.54857769,-0.82432731,-1.05005853,0.546176785242307,-0.8486912138831775,-1.0339788097466545,-0.0024009047576930564,-0.02436390388317744,0.016079720253345586,0.029290298044063568
AgC_registry_holdout_v15_01,v15,v16,46,688433,Ag,0.0,True,-0.68524822,-0.04425846,0.98387164,-0.826382526634096,0.07323555299351422,1.0156319226908006,-0.14113430663409599,0.11749401299351422,0.031760282690800556,0.18636644321069898
AgC_registry_holdout_v15_01,v15,v16,47,751743,Ag,2.9181713593385563,True,-0.26338635,-0.45306793,0.34025352,-0.09950900535138477,-0.45260048829016164,0.35031066901423247,0.16387734464861523,0.00046744170983836764,0.010057149014232492,0.16418632353861753
AgSi_registry_holdout_v15_01,v15,v15,0,365143,C,5.963165354660304,False,-2.24196291,-0.63820014,-0.74417496,-2.1326103730253134,-0.6084398156740064,-0.6834763019290524,0.10935253697468639,0.029760324325993626,0.06069865807094765,0.12856119686127032
AgSi_registry_holdout_v15_01,v15,v15,1,365320,Ti,5.322889129797151,False,-4.0766027,-0.2959543,-2.60153982,-4.062292143563246,-0.29102401147694573,-2.616715663019061,0.014310556436753608,0.0049302885230542715,-0.015175843019060942,0.021433757995023915
AgSi_registry_holdout_v15_01,v15,v15,2,366772,C,5.577716985848424,False,1.26794026,1.45259968,1.32585821,1.130241504164959,1.3954327707164587,1.3394770090480894,-0.1376987558350411,-0.0571669092835414,0.01361879904808938,0.14971464378297522
AgSi_registry_holdout_v15_01,v15,v15,3,366778,C,5.179948025080242,False,-0.65665355,0.2249998,0.5944676,-0.6955496639485409,0.3787875309304988,0.5252973586400524,-0.03889611394854087,0.15378773093049877,-0.06917024135994754,0.17305518239810896
AgSi_registry_holdout_v15_01,v15,v15,4,366929,Si,3.4675699430207945,True,0.75737247,0.96922314,-0.53734104,0.98771955924015,1.0658133410099375,-0.4338220142474146,0.23034708924015002,0.09659020100993754,0.10351902575258543,0.2703805413584976
AgSi_registry_holdout_v15_01,v15,v15,5,366931,C,4.0555719351048625,True,-1.61171246,1.02571504,1.31377737,-1.4530641934958206,0.8300965914221208,1.2204068909502865,0.1586482665041793,-0.19561844857787913,-0.0933704790497134,0.2686147729496098
AgSi_registry_holdout_v15_01,v15,v15,6,366933,Si,2.7973345455101635,True,0.28633341,0.70244093,1.36241178,0.25022640780796146,0.6482794001570772,1.2407719678263502,-0.03610700219203855,-0.05416152984292277,-0.12163981217364972,0.13796170058339552
AgSi_registry_holdout_v15_01,v15,v15,7,366934,Si,0.0,True,-7.87574394,-1.94549672,2.28867985,-8.76560301210086,-1.8194518942741635,2.9198749915244235,-0.889859072100859,0.12604482572583642,0.6311951415244237,1.0982457707528381
AgSi_registry_holdout_v15_01,v15,v15,8,366935,Ti,2.557862077998755,True,2.59910366,-2.4379308,0.57959075,2.4086063612655533,-2.482913565631816,0.6676123916815755,-0.19049729873444665,-0.0449827656318158,0.08802164168157545,0.21461705298817133
AgSi_registry_holdout_v15_01,v15,v15,9,366936,Si,2.5203699726963014,True,-1.28070469,-0.36956733,-2.43200621,-1.404882457304749,-0.5540133083439965,-2.3917695585589294,-0.12417776730474883,-0.1844459783439965,0.04023665144107058,0.2259633265360921
AgSi_registry_holdout_v15_01,v15,v15,10,367109,C,4.58206208494198,False,-0.10769837,1.78399329,2.85922292,-0.01937299622813271,1.7861397570793645,2.8033011660975062,0.08832537377186729,0.0021464670793645,-0.055921753902493876,0.1045620463284549
AgSi_registry_holdout_v15_01,v15,v15,11,367110,Si,3.5970714074769785,True,-0.14048159,0.11136732,-0.52882122,-0.09754119507605274,0.15879860154695657,-0.541737589522397,0.042940394923947245,0.04743128154695657,-0.012916369522397053,0.06527201994001967
AgSi_registry_holdout_v15_01,v15,v15,12,367111,C,3.4921048876527325,True,-0.02773394,0.12861163,1.1322919,0.094588318893712,-0.057181356130306116,1.3520887428735155,0.122322258893712,-0.18579298613030612,0.21979684287351553,0.31271779746800676
AgSi_registry_holdout_v15_01,v15,v15,13,367112,Ti,5.0931841441201495,False,0.99797848,0.42548824,-2.96243686,1.0065613009685288,0.3642062018324635,-2.8793092401092095,0.008582820968528804,-0.06128203816753652,0.08312761989079043,0.1036308554748679
AgSi_registry_holdout_v15_01,v15,v15,14,367113,Ti,4.072254001971062,True,0.06615213,0.70957224,0.51765998,0.06070035196802964,0.813454670307403,0.45023356107208656,-0.005451778031970361,0.10388243030740307,-0.06742641892791346,0.12396613722999042
AgSi_registry_holdout_v15_01,v15,v15,15,367115,Si,5.424173540703174,False,-0.2616519,0.46013218,-1.10358047,-0.2790966465457294,0.4672668537103517,-1.1002922358792975,-0.017444746545729417,0.007134673710351702,0.00328823412070256,0.01913204731936639
AgSi_registry_holdout_v15_01,v15,v15,16,367117,Ti,2.9477838785865047,True,1.01266948,0.8478645,2.5090357,0.753316145338058,0.9097617850425925,2.445815002083326,-0.259353334661942,0.06189728504259251,-0.06322069791667406,0.27402971142010235
AgSi_registry_holdout_v15_01,v15,v15,17,367118,Si,2.725315191580791,True,0.75488007,0.2217572,0.34855083,0.7263341748505758,0.1739153191287039,0.5484609905987032,-0.028545895149424183,-0.047841880871296094,0.19991016059870326,0.20752779574260538
AgSi_registry_holdout_v15_01,v15,v15,18,367120,Si,4.256313564529699,True,-0.25135319,-0.99721321,-0.13379333,-0.09509907339381382,-1.1556824192383823,-0.2296870974224935,0.15625411660618618,-0.15846920923838237,-0.0958937674224935,0.2423292261851573
AgSi_registry_holdout_v15_01,v15,v15,19,367121,Ti,4.611370919256764,False,0.19425909,-2.16290288,-0.33611502,0.14220868256787164,-2.1997000791039363,-0.4459830582661389,-0.052050407432128354,-0.03679719910393642,-0.10986803826613889,0.12702072511285337
AgSi_registry_holdout_v15_01,v15,v15,20,367122,C,5.0207931325746715,False,-1.37576539,0.12974778,-1.7789837,-1.3525454425149481,0.16750897426409408,-1.7671997605411591,0.02321994748505185,0.03776119426409408,0.01178393945884082,0.04586867103621864
AgSi_registry_holdout_v15_01,v15,v15,21,368645,C,5.09618656301879,False,-0.13638978,0.26304883,0.64176783,-0.4417948195489008,0.0820343195720838,0.8951328132947541,-0.30540503954890086,-0.18101451042791622,0.2533649832947541,0.436156286126057
AgSi_registry_holdout_v15_01,v15,v15,22,368823,Ti,4.583841073195806,False,-0.02493621,2.46961416,1.63622109,0.0539201145411079,2.429750579406794,1.7015796603422788,0.0788563245411079,-0.03986358059320594,0.06535857034227877,0.1099052669121465
AgSi_registry_holdout_v15_01,v15,v15,23,368827,Ti,3.644974831232437,True,-2.26816347,0.40515196,-0.90948362,-2.4803912605174623,0.4321857921688151,-1.174861390473577,-0.2122277905174621,0.02703383216881511,-0.2653777704735769,0.3408765527448051
AgSi_registry_holdout_v15_01,v15,v15,24,368829,C,4.161078349671146,True,0.85148152,0.23779092,0.47179687,0.9134016064027102,0.2945364678008784,0.3282103237707822,0.061920086402710184,0.0567455478008784,-0.1435865462292178,0.16634677800719846
AgSi_registry_holdout_v15_01,v15,v15,25,368832,Ti,5.18898655141642,False,0.45878421,0.28481087,0.03397134,0.30329163072738546,0.23286203133330247,0.07347178026800527,-0.15549257927261456,-0.05194883866669753,0.03950044026800527,0.1686324667109959
AgSi_registry_holdout_v15_01,v15,v15,26,368833,Ti,2.758564494176977,True,0.22053143,-0.9782497,1.86035178,0.1749932628205789,-0.9389685365267872,1.9738655896732609,-0.04553816717942111,0.039281163473212755,0.11351380967326086,0.12846057551018314
AgSi_registry_holdout_v15_01,v15,v15,27,368838,C,4.847674631489904,False,1.5467595,-0.5911749,-0.87126629,1.9882538512247545,-0.769443802835692,-0.7885815037100659,0.44149435122475444,-0.17826890283569208,0.08268478628993414,0.4832533887779995
AgSi_registry_holdout_v15_01,v15,v15,28,368841,C,4.687467157842113,False,1.37963376,0.40718468,0.98257847,1.3399894411304905,0.4333522897558745,0.9302604518057082,-0.039644318869509476,0.026167609755874455,-0.05231801819429183,0.07066534402903119
AgSi_registry_holdout_v15_01,v15,v15,29,368844,Ti,3.6416198542575318,True,-1.32673613,-1.85126244,-0.04366295,-1.4108632039495923,-1.6945346063333013,-0.041393032421333256,-0.08412707394959229,0.15672783366669862,0.0022699175786667428,0.17789359444058256
AgSi_registry_holdout_v15_01,v15,v15,30,369024,C,4.384109739140318,True,2.13910347,-0.98257707,-2.05929389,2.0718497966473435,-1.0191859763116833,-1.9958232700729728,-0.0672536733526563,-0.03660890631168323,0.0634706199270274,0.09945746927548761
AgSi_registry_holdout_v15_01,v15,v15,31,369026,C,4.380943838589152,True,1.20080169,0.64569541,-0.11277514,1.2498589457673814,0.5379104324580212,-0.053817319914916326,0.0490572557673814,-0.1077849775419788,0.05895782008508367,0.13228847370930033
AgSi_registry_holdout_v15_01,v15,v15,32,369031,Ti,4.466823029131554,True,-0.13924339,0.93569015,-1.85417768,-0.09184793816263889,0.9444740441071229,-1.9798128365647552,0.0473954518373611,0.00878389410712288,-0.1256351565647551,0.13456477330863115
AgSi_registry_holdout_v15_01,v15,v15,33,369042,Ti,5.034483098609296,False,0.86013625,-0.22733171,-0.89774953,0.8404293761716042,-0.14372653943012348,-0.7491519339299036,-0.019706873828395866,0.08360517056987651,0.14859759607009637,0.17163749875804524
AgSi_registry_holdout_v15_01,v15,v15,34,683609,Ag,0.0,True,-0.44709956,0.41837817,0.20172431,-0.36977693745727647,0.39262790946191173,0.07308461313429082,0.07732262254272354,-0.025750260538088265,-0.12863969686570917,0.15228274847915463
AgSi_registry_holdout_v15_01,v15,v15,35,685172,Ag,2.000847243603418,True,8.82372544,1.43732217,-3.51138623,9.91467072728707,1.6108606374451173,-4.2439569834358295,1.0909452872870702,0.17353846744511725,-0.7325707534358297,1.325495050283707
AgSi_registry_holdout_v15_01,v15,v15,36,696217,Ag,2.862780415964615,True,0.03802735,0.1361962,-0.16806245,0.021077074379452332,0.14904658165980517,-0.2735750579645927,-0.01695027562054767,0.012850381659805177,-0.10551260796459269,0.10763528506909348
AgSi_registry_holdout_v15_01,v15,v15,37,700029,Ag,4.990908278203002,False,-0.4571729,-0.05877941,0.59722493,-0.5394679336624045,-0.14001864858103205,0.6923513770207752,-0.08229503366240454,-0.08123923858103205,0.09512644702077522,0.14973752827370465
AgSi_registry_holdout_v15_01,v15,v15,38,701518,Ag,2.890765897530322,True,0.08497274,-0.06847164,0.1287649,0.051230105580206214,-0.040357289854875515,0.1888612333116973,-0.03374263441979379,0.028114350145124485,0.06009633331169731,0.07443487985602673
AgSi_registry_holdout_v15_01,v15,v15,39,703887,Ag,4.992919023055539,False,0.13724445,-0.91227207,0.42893713,0.15514568163546422,-0.9343512974938073,0.4258210246414334,0.017901231635464226,-0.022079227493807307,-0.003116105358566601,0.028594693448182464
AgSi_registry_holdout_v15_01,v15,v15,40,707313,Ag,5.73871046355208,False,0.27572863,0.14363351,1.03658035,0.35881063429013504,0.004590314337066137,1.0747525877023294,0.08308200429013507,-0.13904319566293386,0.03817223770232947,0.16641138611354114
AgSi_registry_holdout_v15_01,v15,v15,41,710704,Ag,4.078968933054388,True,0.66363637,-0.21336246,0.4667221,0.6935514519895916,-0.2642630091642858,0.28962508837880835,0.029915081989591585,-0.0509005491642858,-0.17709701162119162,0.1866792156637325
AgSi_registry_holdout_v15_01,v15,v15,42,714846,Ag,4.9678156707639545,False,-0.51264688,-0.38050887,-0.10956092,-0.49053429686361294,-0.39873949934002745,-0.024725650239933186,0.022112583136387087,-0.01823062934002745,0.08483526976006682,0.08954521301756117
AgSi_registry_holdout_v15_01,v15,v15,43,729574,Ag,4.9853776048612755,False,0.00758942,-0.46906886,0.08363231,-0.0006623376959267874,-0.4988153152735187,0.06574822256288393,-0.008251757695926787,-0.029746455273518713,-0.017884087437116072,0.0356760940949279
AgSi_registry_holdout_v15_01,v15,v15,44,730721,Ag,2.8515866416098263,True,-0.61837569,-0.08085555,0.21189888,-1.0071371038372898,0.19557581752770864,-0.05001987056511829,-0.3887614138372898,0.27643136752770864,-0.2619187505651183,0.544197730369762
AgSi_registry_holdout_v15_01,v15,v15,45,735549,Ag,4.999175547540151,False,0.60011213,-0.18620538,-0.01586474,0.8219947423533702,0.10173260578500483,0.02454479963681995,0.22188261235337026,0.28793798578500485,0.04040953963681995,0.36575006249670194
AgSi_registry_holdout_v15_01,v15,v15,46,737082,Ag,2.8831456109142475,True,0.26688935,0.26466526,-0.03529926,0.2231665506369177,0.29214876010921087,0.016551124496465324,-0.04372279936308232,0.027483500109210857,0.05185038449646533,0.07318120205919439
AgSi_registry_holdout_v15_01,v15,v15,47,737200,Ag,5.010457471364573,False,-0.49646942,-0.84144714,0.08938622,-0.5409022787108481,-0.743171549157792,0.17517217415252195,-0.04443285871084807,0.09827559084220794,0.08578595415252195,0.1378100163938088
AgSi_registry_holdout_v15_01,v15,v15,48,744883,Ag,4.105366510791015,True,-0.11425222,-0.40650919,0.20519741,-0.05334753575865566,-0.4481384565947141,0.1870548258615759,0.06090468424134434,-0.041629266594714054,-0.018142584138424095,0.07597058482709891
AgSi_registry_holdout_v15_01,v15,v15,49,752169,Ag,4.0522480489444614,True,-0.39502172,0.08719342,0.07083518,-0.2200800598839938,0.17186368552247355,0.0626170957830994,0.17494166011600623,0.08467026552247356,-0.008218084216900595,0.19452808336069755
AgSi_registry_holdout_v15_01,v15,v15,50,755982,Ag,4.981367104607234,False,-0.65002418,-0.23413141,-0.2284925,-0.7316748974051526,-0.26289308882801965,-0.22633348944525858,-0.08165071740515262,-0.028761678828019638,0.0021590105547414085,0.0865952374461652
AgSi_registry_holdout_v15_01,v15,v16,0,365143,C,5.963165354660304,False,-2.24196291,-0.63820014,-0.74417496,-2.185635943565294,-0.6202525256642522,-0.7098628109064462,0.056326966434705916,0.017947614335747875,0.034312149093553845,0.06835325583686191
AgSi_registry_holdout_v15_01,v15,v16,1,365320,Ti,5.322889129797151,False,-4.0766027,-0.2959543,-2.60153982,-4.0779198204154365,-0.27640811424783457,-2.6144036189111004,-0.0013171204154369676,0.019546185752165435,-0.012863798911100233,0.023436414104383362
AgSi_registry_holdout_v15_01,v15,v16,2,366772,C,5.577716985848424,False,1.26794026,1.45259968,1.32585821,1.1783535667751979,1.4062917904356595,1.340089981450704,-0.08958669322480217,-0.04630788956434051,0.014231771450703867,0.10184664725695707
AgSi_registry_holdout_v15_01,v15,v16,3,366778,C,5.179948025080242,False,-0.65665355,0.2249998,0.5944676,-0.6812224754168548,0.297020335825021,0.54729366346512,-0.024568925416854737,0.07202053582502102,-0.04717393653488,0.08953194940834804
AgSi_registry_holdout_v15_01,v15,v16,4,366929,Si,3.4675699430207945,True,0.75737247,0.96922314,-0.53734104,0.9102104818804138,1.0351749641471975,-0.4884357383572479,0.1528380118804138,0.06595182414719747,0.04890530164275214,0.1734959063282732
AgSi_registry_holdout_v15_01,v15,v16,5,366931,C,4.0555719351048625,True,-1.61171246,1.02571504,1.31377737,-1.538511943588336,0.885795193337134,1.2937373473119076,0.07320051641166381,-0.13991984666286594,-0.02004002268809235,0.15917751600786284
AgSi_registry_holdout_v15_01,v15,v16,6,366933,Si,2.7973345455101635,True,0.28633341,0.70244093,1.36241178,0.2857068223213838,0.6322191330397504,1.2934814152218352,-0.0006265876786162305,-0.07022179696024955,-0.06893036477816472,0.0984016695432367
AgSi_registry_holdout_v15_01,v15,v16,7,366934,Si,0.0,True,-7.87574394,-1.94549672,2.28867985,-8.862220153484465,-1.8943320611932903,2.847434930884231,-0.9864762134844645,0.05116465880670962,0.558755080884231,1.1348834224251392
AgSi_registry_holdout_v15_01,v15,v16,8,366935,Ti,2.557862077998755,True,2.59910366,-2.4379308,0.57959075,2.523515553444643,-2.535716716365828,0.581304326069837,-0.07558810655535675,-0.09778591636582767,0.0017135760698369085,0.12360656792855194
AgSi_registry_holdout_v15_01,v15,v16,9,366936,Si,2.5203699726963014,True,-1.28070469,-0.36956733,-2.43200621,-1.3526288459777394,-0.4569798591731606,-2.444834667399645,-0.07192415597773927,-0.08741252917316056,-0.01282845739964511,0.11392367527785137
AgSi_registry_holdout_v15_01,v15,v16,10,367109,C,4.58206208494198,False,-0.10769837,1.78399329,2.85922292,-0.0342226116530957,1.7869670033920368,2.8212701921268266,0.0734757583469043,0.002973713392036892,-0.0379527278731735,0.0827522784520512
AgSi_registry_holdout_v15_01,v15,v16,11,367110,Si,3.5970714074769785,True,-0.14048159,0.11136732,-0.52882122,-0.10878301035031718,0.1576854680051818,-0.528404783222687,0.03169857964968281,0.04631814800518179,0.00041643677731295625,0.05612792714885087
AgSi_registry_holdout_v15_01,v15,v16,12,367111,C,3.4921048876527325,True,-0.02773394,0.12861163,1.1322919,0.07091852749472782,-0.032651985484433044,1.3168084633913957,0.09865246749472782,-0.16126361548443305,0.18451656339139566,0.2641677974085417
AgSi_registry_holdout_v15_01,v15,v16,13,367112,Ti,5.0931841441201495,False,0.99797848,0.42548824,-2.96243686,1.0060942297594633,0.4101731893821363,-2.914454722512936,0.008115749759463275,-0.015315050617863701,0.04798213748706415,0.05101668048210783
AgSi_registry_holdout_v15_01,v15,v16,14,367113,Ti,4.072254001971062,True,0.06615213,0.70957224,0.51765998,0.08043070486326492,0.8030467847661032,0.4280192653495791,0.01427857486326492,0.09347454476610328,-0.0896407146504209,0.13029514934330552
AgSi_registry_holdout_v15_01,v15,v16,15,367115,Si,5.424173540703174,False,-0.2616519,0.46013218,-1.10358047,-0.27494958360161903,0.4636051257690068,-1.09882571515374,-0.013297683601619037,0.0034729457690068077,0.00475475484626009,0.014542951389978031
AgSi_registry_holdout_v15_01,v15,v16,16,367117,Ti,2.9477838785865047,True,1.01266948,0.8478645,2.5090357,0.7926299952228539,0.8716133375925923,2.454639790834829,-0.22003948477714608,0.023748837592592276,-0.05439590916517112,0.22790414011574422
AgSi_registry_holdout_v15_01,v15,v16,17,367118,Si,2.725315191580791,True,0.75488007,0.2217572,0.34855083,0.7416779253763004,0.19087194125535234,0.45557313571965385,-0.013202144623699619,-0.030885258744647648,0.10702230571965388,0.1121693797430474
AgSi_registry_holdout_v15_01,v15,v16,18,367120,Si,4.256313564529699,True,-0.25135319,-0.99721321,-0.13379333,-0.1840737866562615,-1.1589853002008512,-0.21336896565465288,0.0672794033437385,-0.16177209020085126,-0.0795756356546529,0.19242923133475295
AgSi_registry_holdout_v15_01,v15,v16,19,367121,Ti,4.611370919256764,False,0.19425909,-2.16290288,-0.33611502,0.1904163558947083,-2.2310850969531253,-0.4088791976797839,-0.0038427341052917063,-0.06818221695312543,-0.07276417767978394,0.09979081554663337
AgSi_registry_holdout_v15_01,v15,v16,20,367122,C,5.0207931325746715,False,-1.37576539,0.12974778,-1.7789837,-1.3733196996810195,0.15626123704394274,-1.7501362443693949,0.0024456903189804535,0.02651345704394273,0.02884745563060509,0.039257107661123995
AgSi_registry_holdout_v15_01,v15,v16,21,368645,C,5.09618656301879,False,-0.13638978,0.26304883,0.64176783,-0.30110744921962507,0.15420842591427225,0.7412391955299089,-0.16471766921962508,-0.10884040408572776,0.09947136552990887,0.22107170030348766
AgSi_registry_holdout_v15_01,v15,v16,22,368823,Ti,4.583841073195806,False,-0.02493621,2.46961416,1.63622109,0.02171316204546439,2.470635187909786,1.6809939271294023,0.04664937204546439,0.0010210279097861985,0.044772837129402276,0.06466694174649594
AgSi_registry_holdout_v15_01,v15,v16,23,368827,Ti,3.644974831232437,True,-2.26816347,0.40515196,-0.90948362,-2.5060016534111296,0.438765110447999,-1.048607806919856,-0.2378381834111294,0.03361315044799901,-0.13912418691985584,0.27758311324260493
AgSi_registry_holdout_v15_01,v15,v16,24,368829,C,4.161078349671146,True,0.85148152,0.23779092,0.47179687,0.9058513575524247,0.2638559131751597,0.3678955055560614,0.05436983755242475,0.02606499317515973,-0.1039013644439386,0.12012891674368137
AgSi_registry_holdout_v15_01,v15,v16,25,368832,Ti,5.18898655141642,False,0.45878421,0.28481087,0.03397134,0.42146897373273595,0.27541912563588267,0.06912407959016464,-0.037315236267264074,-0.009391744364117327,0.03515273959016464,0.05211858421500529
AgSi_registry_holdout_v15_01,v15,v16,26,368833,Ti,2.758564494176977,True,0.22053143,-0.9782497,1.86035178,0.14540952962282266,-0.944302539272768,1.9175639387493246,-0.07512190037717734,0.03394716072723203,0.057212158749324615,0.1003441116681841
AgSi_registry_holdout_v15_01,v15,v16,27,368838,C,4.847674631489904,False,1.5467595,-0.5911749,-0.87126629,1.7630642016982132,-0.7077804808979555,-0.8258994916715622,0.21630470169821314,-0.11660558089795559,0.04536679832843782,0.24988543747860895
AgSi_registry_holdout_v15_01,v15,v16,28,368841,C,4.687467157842113,False,1.37963376,0.40718468,0.98257847,1.3577758384311274,0.375032833861754,0.9729199134742527,-0.021857921568872563,-0.03215184613824601,-0.00965855652574732,0.0400599258557662
AgSi_registry_holdout_v15_01,v15,v16,29,368844,Ti,3.6416198542575318,True,-1.32673613,-1.85126244,-0.04366295,-1.4190695137253158,-1.7377515423990006,-0.0898826314041086,-0.09233338372531574,0.1135108976009993,-0.0462196814041086,0.15344848182190743
AgSi_registry_holdout_v15_01,v15,v16,30,369024,C,4.384109739140318,True,2.13910347,-0.98257707,-2.05929389,2.0965329415820175,-0.9986784863743317,-2.0369816130402474,-0.042570528417982256,-0.0161014163743316,0.022312276959752797,0.05068868909504905
AgSi_registry_holdout_v15_01,v15,v16,31,369026,C,4.380943838589152,True,1.20080169,0.64569541,-0.11277514,1.239342234617435,0.551717851175966,-0.07481126823524246,0.038540544617434946,-0.09397755882403402,0.03796387176475753,0.10843620567552252
AgSi_registry_holdout_v15_01,v15,v16,32,369031,Ti,4.466823029131554,True,-0.13924339,0.93569015,-1.85417768,-0.0948087708081421,0.9511896697925122,-1.9761702206319232,0.0444346191918579,0.015499519792512184,-0.12199254063192311,0.13075492520878634
AgSi_registry_holdout_v15_01,v15,v16,33,369042,Ti,5.034483098609296,False,0.86013625,-0.22733171,-0.89774953,0.8540795274601827,-0.16141739955652346,-0.7801450712887993,-0.006056722539817372,0.06591431044347654,0.11760445871120073,0.1349525432065578
AgSi_registry_holdout_v15_01,v15,v16,34,683609,Ag,0.0,True,-0.44709956,0.41837817,0.20172431,-0.3982061730393919,0.3826873367698391,0.13048111042706143,0.04889338696060813,-0.03569083323016087,-0.07124319957293856,0.09348792622864449
AgSi_registry_holdout_v15_01,v15,v16,35,685172,Ag,2.000847243603418,True,8.82372544,1.43732217,-3.51138623,9.98660571518274,1.7449347079069097,-4.110857275380679,1.16288027518274,0.3076125379069097,-0.5994710453806795,1.343979740225432
AgSi_registry_holdout_v15_01,v15,v16,36,696217,Ag,2.862780415964615,True,0.03802735,0.1361962,-0.16806245,0.05393972237716786,0.16030413383966613,-0.23336395394305143,0.01591237237716786,0.02410793383966614,-0.06530150394305143,0.07140505924590873
AgSi_registry_holdout_v15_01,v15,v16,37,700029,Ag,4.990908278203002,False,-0.4571729,-0.05877941,0.59722493,-0.49518442901551224,-0.15520056586426625,0.6767027758960624,-0.038011529015512246,-0.09642115586426625,0.07947784589606244,0.13060874252735344
AgSi_registry_holdout_v15_01,v15,v16,38,701518,Ag,2.890765897530322,True,0.08497274,-0.06847164,0.1287649,0.043093149111811946,-0.04340569086116279,0.19786297836574085,-0.04187959088818806,0.02506594913883721,0.06909807836574086,0.0845975553608427
AgSi_registry_holdout_v15_01,v15,v16,39,703887,Ag,4.992919023055539,False,0.13724445,-0.91227207,0.42893713,0.13611378724450304,-0.9173785661915181,0.4554709836676885,-0.0011306627554969473,-0.005106496191518151,0.02653385366768851,0.02704440962711082
AgSi_registry_holdout_v15_01,v15,v16,40,707313,Ag,5.73871046355208,False,0.27572863,0.14363351,1.03658035,0.34424305627272866,0.08359931682241778,1.1045287854824468,0.06851442627272869,-0.06003419317758221,0.06794843548244689,0.11364559315026994
AgSi_registry_holdout_v15_01,v15,v16,41,710704,Ag,4.078968933054388,True,0.66363637,-0.21336246,0.4667221,0.7059827742561245,-0.21512460574675785,0.3369869527918064,0.04234640425612457,-0.0017621457467578427,-0.12973514720819357,0.13648271514073712
AgSi_registry_holdout_v15_01,v15,v16,42,714846,Ag,4.9678156707639545,False,-0.51264688,-0.38050887,-0.10956092,-0.5060794477851378,-0.3875027621761837,-0.04209651393319899,0.006567432214862223,-0.00699389217618368,0.06746440606680101,0.06814317118842586
AgSi_registry_holdout_v15_01,v15,v16,43,729574,Ag,4.9853776048612755,False,0.00758942,-0.46906886,0.08363231,0.010982546212553068,-0.5054458093878424,0.07703384686680823,0.003393126212553068,-0.03637694938784247,-0.006598463133191776,0.037125940634279674
AgSi_registry_holdout_v15_01,v15,v16,44,730721,Ag,2.8515866416098263,True,-0.61837569,-0.08085555,0.21189888,-0.837592023512563,0.1153044584915206,0.009852820228313824,-0.21921633351256298,0.1961600084915206,-0.2020460597716862,0.3568713494795407
AgSi_registry_holdout_v15_01,v15,v16,45,735549,Ag,4.999175547540151,False,0.60011213,-0.18620538,-0.01586474,0.6974606561370205,-0.03872708345637599,0.1248424241959212,0.0973485261370205,0.14747829654362402,0.1407071641959212,0.2258873381766167
AgSi_registry_holdout_v15_01,v15,v16,46,737082,Ag,2.8831456109142475,True,0.26688935,0.26466526,-0.03529926,0.23795831414398114,0.26892758558992313,-0.023088000665004063,-0.02893103585601889,0.004262325589923122,0.012211259334995936,0.03169048926228955
AgSi_registry_holdout_v15_01,v15,v16,47,737200,Ag,5.010457471364573,False,-0.49646942,-0.84144714,0.08938622,-0.4798876351268129,-0.7512715181995944,0.14906593908632765,0.016581784873187122,0.09017562180040561,0.059679719086327646,0.10939957599046454
AgSi_registry_holdout_v15_01,v15,v16,48,744883,Ag,4.105366510791015,True,-0.11425222,-0.40650919,0.20519741,-0.0769056967243233,-0.45043358649629023,0.16262334625221175,0.037346523275676696,-0.04392439649629021,-0.04257406374778824,0.071670540058972
AgSi_registry_holdout_v15_01,v15,v16,49,752169,Ag,4.0522480489444614,True,-0.39502172,0.08719342,0.07083518,-0.2885983452162529,0.12747039036193009,0.08035455007780143,0.10642337478374714,0.04027697036193009,0.009519370077801431,0.11418751003755113
AgSi_registry_holdout_v15_01,v15,v16,50,755982,Ag,4.981367104607234,False,-0.65002418,-0.23413141,-0.2284925,-0.7246426387393707,-0.23994525552330567,-0.22168527391191695,-0.07461845873937079,-0.005813845523305661,0.00680722608808304,0.07515353292708414
AgTi_registry_holdout_v15_01,v15,v15,0,478831,C,4.674273227973479,False,-1.59878026,2.36565352,0.22454291,-1.7377696868767445,2.3529215731154753,0.22551456159817485,-0.13898942687674443,-0.012731946884524614,0.000971651598174833,0.13957473754882893
AgTi_registry_holdout_v15_01,v15,v15,1,478840,Ti,5.172953269483752,False,1.35921549,-0.799031,4.05252068,1.4471531493707408,-0.8008940186144902,4.04216145804272,0.08793765937074083,-0.0018630186144901195,-0.010359221957279452,0.08856532195799076
AgTi_registry_holdout_v15_01,v15,v15,2,478841,Si,5.535932530674631,False,-1.12507132,-0.50897469,1.3377969,-1.1532747098863267,-0.45726996593243924,1.2887616982455432,-0.028203389886326757,0.051704724067560714,-0.04903520175445686,0.07663720182185046
AgTi_registry_holdout_v15_01,v15,v15,3,478844,C,5.203626173027497,False,-3.99943201,0.10958017,0.63760668,-4.029554535481193,0.10355577006785349,0.6999067934917725,-0.030122525481192763,-0.0060243999321465125,0.06230011349177256,0.06946196136732173
AgTi_registry_holdout_v15_01,v15,v15,4,479021,Ti,3.005196538773012,True,0.96584406,-1.05269636,-1.22083485,1.0564677084344567,-1.237954849901655,-1.1884467627422644,0.0906236484344567,-0.18525848990165494,0.032388087257735565,0.20876384249296687
AgTi_registry_holdout_v15_01,v15,v15,5,479027,Ti,0.0,True,-0.19127813,1.02298597,1.49019616,0.05769496818194046,0.9041217859985256,1.3907786838998246,0.24897309818194047,-0.11886418400147436,-0.09941747610017537,0.2932577917307219
AgTi_registry_holdout_v15_01,v15,v15,6,479028,Ti,3.3241615244369025,True,-0.08044,0.43618537,-1.92407869,-0.031198496815986854,0.4216831811665436,-1.9635248699918266,0.049241503184013144,-0.014502188833456442,-0.039446179991826646,0.06473824397317238
AgTi_registry_holdout_v15_01,v15,v15,7,479030,C,2.056509408011863,True,-0.71138891,-1.12640537,0.35376351,-0.7685694279879444,-1.062833886228498,0.3243388093072129,-0.057180517987944324,0.06357148377150201,-0.029424700692787076,0.09042542892980975
AgTi_registry_holdout_v15_01,v15,v15,8,479031,C,5.329006639046365,False,3.52045841,-2.33929072,-0.93171501,3.543872048159501,-2.304421791549466,-0.925269327099211,0.02341363815950137,0.03486892845053413,0.006445682900789063,0.04249220459343163
AgTi_registry_holdout_v15_01,v15,v15,9,480798,C,4.577502766010515,False,-1.29969039,0.8069142,2.05637607,-1.1632926131054284,0.796713518178627,2.147315817936708,0.13639777689457167,-0.010200681821373014,0.09093974793670823,0.16425116500711423
AgTi_registry_holdout_v15_01,v15,v15,10,480801,Ti,4.1978451386043325,True,4.33401445,-0.88059856,0.10641156,4.302693888811222,-0.8187518362622105,-0.0020196295036556122,-0.03132056118877813,0.061846723737789544,-0.10843118950365561,0.12869855340079053
AgTi_registry_holdout_v15_01,v15,v15,11,480802,C,5.213721101477046,False,0.31426726,1.39853417,2.7602007,0.41664065290229546,1.3716720550504578,2.868561225247282,0.10237339290229547,-0.02686211494954227,0.1083605252472819,0.15147240087143599
AgTi_registry_holdout_v15_01,v15,v15,12,480805,C,1.9646561542639767,True,-1.32009625,-0.58480293,-0.29940926,-1.390636436598796,-0.5876197511150217,-0.4103778667721314,-0.07054018659879602,-0.0028168211150216838,-0.11096860677213138,0.1315214206718241
AgTi_registry_holdout_v15_01,v15,v15,13,480807,C,3.849792736590153,True,0.9235595,0.31978378,-0.45073507,0.9559249720456992,0.4228745870223576,-0.4361043017377344,0.03236547204569917,0.10309080702235757,0.014630768262265614,0.10903805598599978
AgTi_registry_holdout_v15_01,v15,v15,14,480810,Ti,2.7221911018636655,True,-0.78761652,-0.23809353,-0.41762304,-0.8851048058037536,-0.22935351760159786,-0.3521522874683153,-0.09748828580375357,0.008740012398402136,0.06547075253168472,0.11775726356681215
AgTi_registry_holdout_v15_01,v15,v15,15,480811,Ti,4.091182493762058,True,0.05985833,0.4463705,-1.22611084,-0.06953717748705876,0.42308020157073534,-1.2293869403395488,-0.12939550748705875,-0.023290298429264666,-0.0032761003395487265,0.13151565759327852
AgTi_registry_holdout_v15_01,v15,v15,16,480812,Ti,3.140817251985049,True,1.47459177,-0.17468596,0.17547326,1.461413216501959,-0.14619534308610366,-0.0030609184133429945,-0.013178553498040868,0.028490616913896344,-0.178534178413343,0.18127283962624546
AgTi_registry_holdout_v15_01,v15,v15,17,480813,C,4.684369524963583,False,0.53198137,-0.86404912,0.97281781,0.5310721706279516,-0.8382276848524051,1.0136539087570313,-0.0009091993720483638,0.02582143514759494,0.040836098757031314,0.04832349447498182
AgTi_registry_holdout_v15_01,v15,v15,18,480974,C,5.665882932717777,False,0.60332508,1.5521881,-3.57824374,0.5271024385928504,1.4954002895401484,-3.6138774189256297,-0.07622264140714952,-0.056787810459851595,-0.03563367892562974,0.10151111049378685
AgTi_registry_holdout_v15_01,v15,v15,19,480975,C,4.202856667518898,True,-0.32510546,1.56273739,-1.57108483,-0.3562095955434837,1.413273452867769,-1.7318117927254306,-0.03110413554348368,-0.14946393713223083,-0.16072696272543063,0.2216756466053879
AgTi_registry_holdout_v15_01,v15,v15,20,480980,Ti,3.2188820937445066,True,2.19710288,-2.08264735,-0.2593312,2.255426767887408,-2.1715594133842653,-0.18351345955265574,0.05832388788740772,-0.0889120633842655,0.07581774044734424,0.13059617406375812
AgTi_registry_holdout_v15_01,v15,v15,21,682693,Ag,2.9549065764862306,True,-0.76359315,0.04663562,-0.21065498,-0.7789558666399072,0.3288537446432336,-0.2615721040000039,-0.015362716639907181,0.2822181246432336,-0.05091712400000392,0.28718571770917434
AgTi_registry_holdout_v15_01,v15,v15,22,685396,Ag,4.917572941401174,False,-0.38018054,-0.12529184,-0.18439223,-0.34468965760069153,-0.1580294537092847,-0.17300576281514266,0.03549088239930848,-0.03273761370928471,0.011386467184857335,0.049608524668767605
AgTi_registry_holdout_v15_01,v15,v15,23,685467,Ag,2.820732720330378,True,0.08331782,0.38810594,-0.11992109,0.10781863762522416,0.44035000827739057,-0.13796422166211372,0.02450081762522416,0.05224406827739059,-0.01804313166211373,0.06045897232548297
AgTi_registry_holdout_v15_01,v15,v15,24,686309,Ag,2.895749658249791,True,-0.0832351,-0.12863964,0.3419674,-0.06337377870664905,-0.14320243394496424,0.34892321832964257,0.019861321293350956,-0.014562793944964236,0.0069558183296425935,0.025591609164649944
AgTi_registry_holdout_v15_01,v15,v15,25,686324,Ag,2.816620715577418,True,0.33666254,-0.11433349,0.22542885,0.3429403796184047,-0.12628712340679168,0.22038382091266984,0.006277839618404668,-0.011953633406791689,-0.0050450290873301495,0.01441363730605099
AgTi_registry_holdout_v15_01,v15,v15,26,686418,Ag,4.100227577009647,True,0.05173469,0.08626037,-0.02217267,0.08607268041286387,0.04263668336499486,0.017163934012219315,0.03433799041286387,-0.04362368663500514,0.03933660401221931,0.068040370637124
AgTi_registry_holdout_v15_01,v15,v15,27,686622,Ag,3.9555335435419665,True,-0.3897547,0.19389498,0.17376036,-0.34902499247161317,0.1588360163611809,0.18994239638636637,0.04072970752838684,-0.03505896363881911,0.016182036386366366,0.05612395485339265
AgTi_registry_holdout_v15_01,v15,v15,28,686899,Ag,4.963910812163526,False,-0.12272176,-0.00856028,-0.18112212,-0.09352386871769036,-0.01593549809720643,-0.1649659759859156,0.029197891282309638,-0.00737521809720643,0.016156144014084384,0.03417501553355564
AgTi_registry_holdout_v15_01,v15,v15,29,687243,Ag,4.958869133577857,False,-0.26945366,0.34443881,-0.17763765,-0.25149566863334194,0.3224165091280901,-0.14459595294667515,0.017957991366658044,-0.022022300871909872,0.03304169705332485,0.043580097909270275
AgTi_registry_holdout_v15_01,v15,v15,30,687247,Ag,0.0,True,-0.19460358,0.04977521,-0.09683584,-0.2852559263198542,0.05112033260399942,-0.07713653083503208,-0.0906523463198542,0.0013451226039994171,0.019699309164967926,0.09277779922854153
AgTi_registry_holdout_v15_01,v15,v15,31,688096,Ag,2.921578884696014,True,-0.42951541,0.14271197,-0.22072971,-0.4395802015064439,0.13440793818592298,-0.23764419837386785,-0.010064791506443904,-0.008304031814077018,-0.01691448837386786,0.02136251130806253
AgTi_registry_holdout_v15_01,v15,v15,32,688280,Ag,4.9765046872669805,False,-0.29862762,0.49953284,0.06139232,-0.32125201264370545,0.4583014193462927,0.12041844895771728,-0.02262439264370547,-0.041231420653707274,0.05902612895771728,0.07547169728681463
AgTi_registry_holdout_v15_01,v15,v15,33,688689,Ag,4.098857205957061,True,-0.13683608,-0.11582124,-0.11085747,-0.13682753969344014,-0.13926340279466914,-0.09773441080102307,8.540306559862154e-06,-0.02344216279466914,0.013123059198976925,0.026865400651552903
AgTi_registry_holdout_v15_01,v15,v15,34,688707,Ag,4.9760053192631934,False,-0.09956545,-0.21597,-0.06606587,-0.11937282683838986,-0.2079826912270224,-0.07594703606231556,-0.01980737683838986,0.007987308772977597,-0.009881166062315566,0.023532248541181203
AgTi_registry_holdout_v15_01,v15,v15,35,689682,Ag,2.8194133705604436,True,0.29717378,-0.28828254,-0.01179417,0.31141890747347534,-0.3055001035614527,-0.006173148243229225,0.014245127473475339,-0.01721756356145271,0.005621021756770775,0.023042656906665872
AgTi_registry_holdout_v15_01,v15,v15,36,690927,Ag,4.427291797213522,True,0.03300131,-0.32914718,-0.20722784,0.008255994632727907,-0.32255902171439754,-0.15793586734527468,-0.02474531536727209,0.006588158285602441,0.04929197265472532,0.055546674341638964
AgTi_registry_holdout_v15_01,v15,v15,37,691757,Ag,5.81123976217973,False,0.05377518,-0.32110794,-0.29942611,0.04356887146558404,-0.2909604493296433,-0.30227047087598946,-0.01020630853441596,0.030147490670356658,-0.002844360875989438,0.03195512973548681
AgTi_registry_holdout_v15_01,v15,v15,38,694331,Ag,5.039372450400158,False,-0.07543688,0.26852945,-0.58829605,-0.1455374264825237,0.2680172224677896,-0.5442501960567141,-0.07010054648252372,-0.0005122275322104186,0.04404585394328586,0.08279122081348055
AgTi_registry_holdout_v15_01,v15,v15,39,696686,Ag,4.957159925809062,False,-0.28930861,0.11149138,-0.40806438,-0.2955371740748002,0.13499096989706974,-0.4144297510384439,-0.006228564074800158,0.02349958989706974,-0.006365371038443923,0.0251305329076288
AgTi_registry_holdout_v15_01,v15,v15,40,700223,Ag,5.055467974974405,False,-0.96728571,0.43693447,-0.27172284,-1.0017002006412263,0.4579953323885645,-0.2883931265368099,-0.03441449064122637,0.021060862388564472,-0.016670286536809853,0.04365564733072287
AgTi_registry_holdout_v15_01,v15,v15,41,701905,Ag,4.712706520233429,False,0.19007046,-0.24300965,-0.64139124,0.29090660796070134,-0.12103149919359396,-0.4058044477006034,0.10083614796070134,0.12197815080640603,0.2355867922993966,0.2838093280983235
AgTi_registry_holdout_v15_01,v15,v15,42,703736,Ag,4.987858050452797,False,-0.34471275,-0.65241359,0.08624683,-0.34426680873370286,-0.62682381185497,0.1582210752340623,0.00044594126629715625,0.02558977814502994,0.07197424523406229,0.07638931591615268
AgTi_registry_holdout_v15_01,v15,v15,43,704767,Ag,2.920469065462096,True,-0.13184881,-0.05289407,-0.42649827,-0.17775845418282726,-0.055985781066673124,-0.4327400364103265,-0.04590964418282725,-0.0030917110666731223,-0.006241766410326477,0.046435048769595075
AgTi_registry_holdout_v15_01,v15,v15,44,716228,Ag,2.8310294406726544,True,0.08967388,0.11115737,-0.68830077,0.06714823594118859,0.12162170150321361,-0.715724631347886,-0.02252564405881141,0.010464331503213603,-0.02742386134788599,0.03699966277280767
AgTi_registry_holdout_v15_01,v15,v15,45,720990,Ag,2.9031087124829633,True,-0.21860379,-0.01070949,-0.39551859,-0.2253430352231732,0.0034186430831816134,-0.47467997628449826,-0.006739245223173207,0.014128133083181614,-0.07916138628449826,0.08069415498707265
AgTi_registry_holdout_v15_01,v15,v15,46,721910,Ag,3.8811873290255745,True,-0.36475452,-0.4291065,1.22746671,-0.3567341117584602,-0.3354765985191619,1.274108041661898,0.008020408241539823,0.0936299014808381,0.04664133166189788,0.10491091086663754
AgTi_registry_holdout_v15_01,v15,v15,47,728014,Ag,4.991197998768104,False,-0.26056978,0.35658523,0.54094968,-0.27485006221901415,0.33667224782115396,0.4856520040904767,-0.014280282219014173,-0.019912982178846017,-0.05529767590952328,0.0604837687359543
AgTi_registry_holdout_v15_01,v15,v15,48,741114,Ag,5.066627214756492,False,-0.16245281,0.6317072,0.38802824,-0.22336519797202348,0.5391847432974111,0.33670752448228924,-0.060912387972023474,-0.09252245670258896,-0.05132071551771078,0.12208415066660602
AgTi_registry_holdout_v15_01,v15,v16,0,478831,C,4.674273227973479,False,-1.59878026,2.36565352,0.22454291,-1.7077042589000824,2.3388028460381785,0.22012307515952723,-0.10892399890008231,-0.026850673961821503,-0.004419834840472786,0.11227168462531517
AgTi_registry_holdout_v15_01,v15,v16,1,478840,Ti,5.172953269483752,False,1.35921549,-0.799031,4.05252068,1.4087729896572694,-0.808823797107497,4.0550844476777455,0.04955749965726941,-0.00979279710749692,0.0025637676777456875,0.05058080220967547
AgTi_registry_holdout_v15_01,v15,v16,2,478841,Si,5.535932530674631,False,-1.12507132,-0.50897469,1.3377969,-1.1473012198274277,-0.4869220595406284,1.3285944057173937,-0.022229899827427735,0.02205263045937156,-0.009202494282606333,0.03263698603634343
AgTi_registry_holdout_v15_01,v15,v16,3,478844,C,5.203626173027497,False,-3.99943201,0.10958017,0.63760668,-4.000891477359634,0.1010670836090641,0.71401746662225,-0.0014594673596337593,-0.008513086390935898,0.07641078662224998,0.07689740565912735
AgTi_registry_holdout_v15_01,v15,v16,4,479021,Ti,3.005196538773012,True,0.96584406,-1.05269636,-1.22083485,0.993057507648927,-1.1056132166116588,-1.206791076784377,0.02721344764892697,-0.05291685661165868,0.01404377321562289,0.061139128328195694
AgTi_registry_holdout_v15_01,v15,v16,5,479027,Ti,0.0,True,-0.19127813,1.02298597,1.49019616,-0.09171768523500393,0.9573076130886189,1.3689379868876488,0.09956044476499606,-0.06567835691138102,-0.12125817311235121,0.17008666401257777
AgTi_registry_holdout_v15_01,v15,v16,6,479028,Ti,3.3241615244369025,True,-0.08044,0.43618537,-1.92407869,-0.06659763890575884,0.423033172646932,-1.9499232915119198,0.013842361094241154,-0.013152197353067996,-0.025844601511919807,0.032133077711096046
AgTi_registry_holdout_v15_01,v15,v16,7,479030,C,2.056509408011863,True,-0.71138891,-1.12640537,0.35376351,-0.7571248027117442,-1.0798581051435594,0.3537411192446166,-0.045735892711744164,0.04654726485644067,-2.2390755383405736e-05,0.06525657245903846
AgTi_registry_holdout_v15_01,v15,v16,8,479031,C,5.329006639046365,False,3.52045841,-2.33929072,-0.93171501,3.510464580615219,-2.3083166343411836,-0.894203910172251,-0.009993829384780994,0.03097408565881654,0.03751109982774903,0.04966239239564653
AgTi_registry_holdout_v15_01,v15,v16,9,480798,C,4.577502766010515,False,-1.29969039,0.8069142,2.05637607,-1.2056423602160387,0.792441055730332,2.127459244771581,0.09404802978396143,-0.014473144269668059,0.07108317477158144,0.11877424614327263
AgTi_registry_holdout_v15_01,v15,v16,10,480801,Ti,4.1978451386043325,True,4.33401445,-0.88059856,0.10641156,4.320961522859772,-0.814375008876643,0.02138967767319272,-0.013052927140227766,0.06622355112335698,-0.08502188232680728,0.10855716514679921
AgTi_registry_holdout_v15_01,v15,v16,11,480802,C,5.213721101477046,False,0.31426726,1.39853417,2.7602007,0.371920361071987,1.388859310263733,2.8080439775701196,0.05765310107198701,-0.009674859736267027,0.047843277570119636,0.07554112908068493
AgTi_registry_holdout_v15_01,v15,v16,12,480805,C,1.9646561542639767,True,-1.32009625,-0.58480293,-0.29940926,-1.344423098177341,-0.5646693231239219,-0.3701532875932136,-0.0243268481773411,0.020133606876078125,-0.07074402759321358,0.07747176974997556
AgTi_registry_holdout_v15_01,v15,v16,13,480807,C,3.849792736590153,True,0.9235595,0.31978378,-0.45073507,0.9631477125841312,0.4060863244732306,-0.4020660651367737,0.039588212584131255,0.0863025444732306,0.04866900486322634,0.10669595958862296
AgTi_registry_holdout_v15_01,v15,v16,14,480810,Ti,2.7221911018636655,True,-0.78761652,-0.23809353,-0.41762304,-0.7924731506049143,-0.255021297633791,-0.38302096045405803,-0.004856630604914258,-0.016927767633791002,0.034602079545941966,0.0388257657593499
AgTi_registry_holdout_v15_01,v15,v16,15,480811,Ti,4.091182493762058,True,0.05985833,0.4463705,-1.22611084,-0.007765360462097829,0.3980483587925591,-1.20719363327367,-0.06762369046209783,-0.04832214120744088,0.018917206726330127,0.0852399762606266
AgTi_registry_holdout_v15_01,v15,v16,16,480812,Ti,3.140817251985049,True,1.47459177,-0.17468596,0.17547326,1.4845478364899514,-0.17424524900532395,0.03495681848732979,0.009956066489951398,0.0004407109946760468,-0.1405164415126702,0.1408693998763281
AgTi_registry_holdout_v15_01,v15,v16,17,480813,C,4.684369524963583,False,0.53198137,-0.86404912,0.97281781,0.5327021718719243,-0.8753222628323988,0.9989628273815334,0.0007208018719242482,-0.011273142832398775,0.02614501738153341,0.028480962738975615
AgTi_registry_holdout_v15_01,v15,v16,18,480974,C,5.665882932717777,False,0.60332508,1.5521881,-3.57824374,0.5604228444306044,1.4927630081779342,-3.5852214182567623,-0.04290223556939554,-0.05942509182206579,-0.006977678256762321,0.0736249370034892
AgTi_registry_holdout_v15_01,v15,v16,19,480975,C,4.202856667518898,True,-0.32510546,1.56273739,-1.57108483,-0.3348081259893148,1.498555941428197,-1.660121215460022,-0.009702665989314796,-0.06418144857180286,-0.08903638546002202,0.11018565244105423
AgTi_registry_holdout_v15_01,v15,v16,20,480980,Ti,3.2188820937445066,True,2.19710288,-2.08264735,-0.2593312,2.2618696246698007,-2.143993912479985,-0.19355092666514565,0.06476674466980059,-0.061346562479985156,0.06578027333485434,0.11083851453011274
AgTi_registry_holdout_v15_01,v15,v16,21,682693,Ag,2.9549065764862306,True,-0.76359315,0.04663562,-0.21065498,-0.7559214265192802,0.19330599584985747,-0.23665397832203622,0.007671723480719872,0.14667037584985748,-0.025998998322036226,0.14915429060825683
AgTi_registry_holdout_v15_01,v15,v16,22,685396,Ag,4.917572941401174,False,-0.38018054,-0.12529184,-0.18439223,-0.36725008661493846,-0.15098844211692938,-0.1690122859056751,0.012930453385061547,-0.025696602116929396,0.015379944094324888,0.03261985078818708
AgTi_registry_holdout_v15_01,v15,v16,23,685467,Ag,2.820732720330378,True,0.08331782,0.38810594,-0.11992109,0.09276746219180854,0.427963890842448,-0.1317213914476125,0.009449642191808535,0.03985795084244803,-0.011800301447612502,0.0426286182882666
AgTi_registry_holdout_v15_01,v15,v16,24,686309,Ag,2.895749658249791,True,-0.0832351,-0.12863964,0.3419674,-0.053874388075378934,-0.15205385072370603,0.3528495250489691,0.029360711924621072,-0.02341421072370603,0.010882125048969127,0.03909855897748788
AgTi_registry_holdout_v15_01,v15,v16,25,686324,Ag,2.816620715577418,True,0.33666254,-0.11433349,0.22542885,0.3378998746574214,-0.1182359741444891,0.2119333186967273,0.001237334657421374,-0.003902484144489099,-0.01349553130327269,0.014102827543087164
AgTi_registry_holdout_v15_01,v15,v16,26,686418,Ag,4.100227577009647,True,0.05173469,0.08626037,-0.02217267,0.07898324569157515,0.06298052943132701,0.009506288232855027,0.027248555691575152,-0.023279840568672994,0.03167895823285503,0.04783295055606207
AgTi_registry_holdout_v15_01,v15,v16,27,686622,Ag,3.9555335435419665,True,-0.3897547,0.19389498,0.17376036,-0.3696027816155314,0.1670360654009915,0.18600659161311084,0.020151918384468614,-0.026858914599008493,0.012246231613110836,0.035741730466403984
AgTi_registry_holdout_v15_01,v15,v16,28,686899,Ag,4.963910812163526,False,-0.12272176,-0.00856028,-0.18112212,-0.10763971354858917,-0.007988316834501685,-0.18589664460533495,0.015082046451410827,0.0005719631654983147,-0.004774524605334951,0.015830077455026858
AgTi_registry_holdout_v15_01,v15,v16,29,687243,Ag,4.958869133577857,False,-0.26945366,0.34443881,-0.17763765,-0.2703259158622564,0.34578412063632835,-0.1555289361684519,-0.0008722558622564214,0.0013453106363283673,0.02210871383154811,0.022166775098844342
AgTi_registry_holdout_v15_01,v15,v16,30,687247,Ag,0.0,True,-0.19460358,0.04977521,-0.09683584,-0.24578483800099726,0.061238335592344886,-0.08964720403112328,-0.051181258000997265,0.011463125592344886,0.007188635968876728,0.052939596768426064
AgTi_registry_holdout_v15_01,v15,v16,31,688096,Ag,2.921578884696014,True,-0.42951541,0.14271197,-0.22072971,-0.4341769828367303,0.14887826656500916,-0.22564990634672794,-0.004661572836730299,0.006166296565009166,-0.00492019634672794,0.009163067539320039
AgTi_registry_holdout_v15_01,v15,v16,32,688280,Ag,4.9765046872669805,False,-0.29862762,0.49953284,0.06139232,-0.32726864497698777,0.4721705853297875,0.11587350805700031,-0.028641024976987783,-0.02736225467021247,0.05448118805700031,0.06735874957622236
AgTi_registry_holdout_v15_01,v15,v16,33,688689,Ag,4.098857205957061,True,-0.13683608,-0.11582124,-0.11085747,-0.14609068040308426,-0.13190375844603197,-0.11081662432870411,-0.009254600403084262,-0.016082518446031965,4.084567129589156e-05,0.018555233670223326
AgTi_registry_holdout_v15_01,v15,v16,34,688707,Ag,4.9760053192631934,False,-0.09956545,-0.21597,-0.06606587,-0.12514089037196224,-0.22956087233578282,-0.06133592769723848,-0.025575440371962244,-0.013590872335782822,0.004729942302761518,0.029345993172063472
AgTi_registry_holdout_v15_01,v15,v16,35,689682,Ag,2.8194133705604436,True,0.29717378,-0.28828254,-0.01179417,0.2970639561346776,-0.3001651561733038,-0.009340225829922458,-0.0001098238653223782,-0.011882616173303828,0.002453944170077542,0.012133856369403489
AgTi_registry_holdout_v15_01,v15,v16,36,690927,Ag,4.427291797213522,True,0.03300131,-0.32914718,-0.20722784,0.03175724876101585,-0.31045507114583765,-0.17831391278373757,-0.0012440612389841496,0.018692108854162337,0.02891392721626243,0.03445225404599122
AgTi_registry_holdout_v15_01,v15,v16,37,691757,Ag,5.81123976217973,False,0.05377518,-0.32110794,-0.29942611,0.062388166930996344,-0.31073471710433787,-0.3163158793531991,0.008612986930996346,0.010373222895662115,-0.01688976935319908,0.021611376770600838
AgTi_registry_holdout_v15_01,v15,v16,38,694331,Ag,5.039372450400158,False,-0.07543688,0.26852945,-0.58829605,-0.10916737973456615,0.2739437105480536,-0.5491893699794994,-0.033730499734566155,0.005414260548053607,0.03910668002050055,0.05192680667874344
AgTi_registry_holdout_v15_01,v15,v16,39,696686,Ag,4.957159925809062,False,-0.28930861,0.11149138,-0.40806438,-0.30499622562173434,0.13977951496454596,-0.42828743830407545,-0.01568761562173432,0.028288134964545963,-0.020223058304075447,0.03814828896343433
AgTi_registry_holdout_v15_01,v15,v16,40,700223,Ag,5.055467974974405,False,-0.96728571,0.43693447,-0.27172284,-0.9907084483398013,0.45883019538054975,-0.30901673010833663,-0.023422738339801352,0.021895725380549735,-0.037293890108336614,0.04918212785848064
AgTi_registry_holdout_v15_01,v15,v16,41,701905,Ag,4.712706520233429,False,0.19007046,-0.24300965,-0.64139124,0.24155048633336354,-0.1646258355410389,-0.5268812658259733,0.05148002633336354,0.07838381445896109,0.11450997417402675,0.14800928911982827
AgTi_registry_holdout_v15_01,v15,v16,42,703736,Ag,4.987858050452797,False,-0.34471275,-0.65241359,0.08624683,-0.3395902330403841,-0.6578950036811285,0.14109573098426598,0.005122516959615908,-0.005481413681128533,0.05484890098426598,0.05535962441280675
AgTi_registry_holdout_v15_01,v15,v16,43,704767,Ag,2.920469065462096,True,-0.13184881,-0.05289407,-0.42649827,-0.15148309460517742,-0.04197701381808092,-0.44532519527619663,-0.01963428460517741,0.010917056181919078,-0.018826925276196615,0.029311096243432713
AgTi_registry_holdout_v15_01,v15,v16,44,716228,Ag,2.8310294406726544,True,0.08967388,0.11115737,-0.68830077,0.07161014124466852,0.1253706630532034,-0.717791115741249,-0.018063738755331474,0.014213293053203402,-0.02949034574124898,0.037389796056885714
AgTi_registry_holdout_v15_01,v15,v16,45,720990,Ag,2.9031087124829633,True,-0.21860379,-0.01070949,-0.39551859,-0.21762124819188322,-0.014502109161076568,-0.44678065998662,0.0009825418081167714,-0.0037926191610765676,-0.051262069986619974,0.05141156647894311
AgTi_registry_holdout_v15_01,v15,v16,46,721910,Ag,3.8811873290255745,True,-0.36475452,-0.4291065,1.22746671,-0.38333891570821627,-0.3784141152383519,1.2246488354850735,-0.01858439570821624,0.05069238476164811,-0.002817874514926544,0.0540651278870624
AgTi_registry_holdout_v15_01,v15,v16,47,728014,Ag,4.991197998768104,False,-0.26056978,0.35658523,0.54094968,-0.2751472276751581,0.35628207174231546,0.506481894899945,-0.014577447675158117,-0.00030315825768451043,-0.03446778510005499,0.03742488604331011
AgTi_registry_holdout_v15_01,v15,v16,48,741114,Ag,5.066627214756492,False,-0.16245281,0.6317072,0.38802824,-0.19030943371309786,0.5561324435756467,0.36604373713902133,-0.027856623713097856,-0.0755747564243533,-0.021984502860978694,0.08349163825999485
AgC_registry_holdout_v16_01,v16,v15,0,113766,Ti,5.140365697259218,False,-0.71580835,-0.03951792,-1.98653037,-0.6966400524478683,-0.03915279643817486,-1.9718442413826907,0.019168297552131675,0.00036512356182513694,0.014686128617309446,0.024150348238205853
AgC_registry_holdout_v16_01,v16,v15,1,600768,Ti,5.146638953595274,False,-1.49135948,-0.62745845,1.69840393,-1.2616318708887122,-0.7579953817343354,1.6970334419305457,0.22972760911128787,-0.13053693173433545,-0.0013704880694542787,0.2642282028326116
AgC_registry_holdout_v16_01,v16,v15,2,602398,Ti,4.759644207258647,False,-1.23902082,-1.38790895,1.7561813,-1.1643925931331598,-1.4727196047875244,1.8179026331408985,0.07462822686684012,-0.08481065478752448,0.06172133314089856,0.12873127970880655
AgC_registry_holdout_v16_01,v16,v15,3,602560,Ti,3.8306901068974497,True,0.93888197,1.33289365,-1.11394584,0.858964890257972,1.1227710957107964,-1.0917852614924275,-0.079917079742028,-0.21012255428920357,0.02216057850757247,0.22589669916867586
AgC_registry_holdout_v16_01,v16,v15,4,602563,C,4.0655071006034325,True,0.46309369,-0.3712323,0.67856431,0.7125487106707231,-0.2979608709015779,0.7574638020144513,0.24945502067072312,0.0732714290984221,0.07889949201445134,0.27170137927528903
AgC_registry_holdout_v16_01,v16,v15,5,602564,C,3.463781532191114,True,5.10483322,-2.56299147,-0.15190302,5.234267566204102,-2.4271519138577524,-0.20041694483653633,0.12943434620410255,0.13583955614224763,-0.048513924836536326,0.19380205337728343
AgC_registry_holdout_v16_01,v16,v15,6,602568,C,4.2960052626915255,True,0.46338857,0.72600611,1.63865387,0.29784975520416096,0.8356509044461212,1.7283850946151944,-0.16553881479583904,0.10964479444612119,0.08973122461519445,0.21789165386513945
AgC_registry_holdout_v16_01,v16,v15,7,602569,Ti,3.774345929571417,True,-0.69216989,0.73750063,0.3520196,-0.5049246961628964,0.5992471097523255,0.24376424351358794,0.18724519383710359,-0.13825352024767446,-0.10825535648641205,0.2566983067415303
AgC_registry_holdout_v16_01,v16,v15,8,602577,C,5.158695958817802,False,-1.71547425,-4.50312975,-2.02876859,-1.7773627122359965,-4.486380230760293,-1.9744820249816408,-0.06188846223599653,0.016749519239707134,0.054286565018359045,0.0840104713365555
AgC_registry_holdout_v16_01,v16,v15,9,602709,Ti,2.4746344494957127,True,1.04724398,-0.73134632,0.32311865,1.0673841764168965,-0.991421446908015,0.5920014088806341,0.020140196416896572,-0.26007512690801504,0.2688827588806341,0.37462332705157664
AgC_registry_holdout_v16_01,v16,v15,10,602714,Ti,4.329030877869089,True,-0.81534855,1.72369376,-1.3870897,-0.7984705691825686,1.7645567420699901,-1.3590052917190059,0.016877980817431304,0.04086298206999017,0.028084408280994122,0.05237731883763704
AgC_registry_holdout_v16_01,v16,v15,11,602717,Si,4.070713105842623,True,-0.58932527,-0.03737069,0.17218274,-0.5969030610463242,-0.04913173348113292,0.05831691063515121,-0.007577791046324167,-0.011761043481132924,-0.11386582936484879,0.11472215199276778
AgC_registry_holdout_v16_01,v16,v15,12,602720,Ti,5.127072204531612,False,-1.49538359,0.69226313,-1.03259784,-1.479952932842596,0.8077097811555372,-1.075584036789255,0.015430657157404104,0.1154466511555372,-0.04298619678925508,0.12415251732342043
AgC_registry_holdout_v16_01,v16,v15,13,602722,Si,4.062959690531346,True,1.02949106,0.57841523,0.03392357,0.9694705099440428,0.5820980682669828,-0.06399688362388711,-0.06002055005595719,0.003682838266982902,-0.09792045362388711,0.11491059552812458
AgC_registry_holdout_v16_01,v16,v15,14,602726,Si,4.179426598397002,True,-0.03092595,0.35940808,-1.44934207,-0.03889748049904078,0.3183428053103864,-1.4295430960596611,-0.007971530499040778,-0.04106527468961363,0.019798973940338804,0.04628068120631733
AgC_registry_holdout_v16_01,v16,v15,15,602728,Si,4.99647553427334,False,-0.54704379,-1.71988559,0.89522033,-0.5644704795026254,-1.7185524597778246,0.8651049342447671,-0.01742668950262538,0.001333130222175516,-0.03011539575523292,0.03481958938161811
AgC_registry_holdout_v16_01,v16,v15,16,604584,Ti,4.453410972486209,True,1.24891937,-3.27606765,-1.36155438,1.2773693598718636,-3.2599077802521226,-1.454452319099661,0.028449989871863535,0.01615986974787731,-0.09289793909966093,0.09849147375758883
AgC_registry_holdout_v16_01,v16,v15,17,604585,C,5.1243300876796924,False,1.12553057,0.34236312,0.71011458,1.1295719149442505,0.26072209660128265,0.6756941825318405,0.004041344944250458,-0.08164102339871737,-0.0344203974681595,0.08869246265841545
AgC_registry_holdout_v16_01,v16,v15,18,604586,Ti,4.05096681993575,True,1.04850808,-1.94108883,0.05385517,0.9902114537309425,-1.8885153152420122,0.02232026400638981,-0.058296626269057406,0.05257351475798777,-0.03153490599361019,0.0845985897304934
AgC_registry_holdout_v16_01,v16,v15,19,604587,C,3.549752096708295,True,-3.56336563,-3.16050535,1.38475734,-3.7473653125605635,-3.225525045776495,1.3436792397725084,-0.18399968256056365,-0.06501969577649458,-0.04107810022749159,0.19942631305711878
AgC_registry_holdout_v16_01,v16,v15,20,604588,Ti,4.723909254145136,False,-3.44960601,0.7398842,-0.55240485,-3.4245386908383812,0.6695136449035309,-0.5097028549066578,0.025067319161618862,-0.07037055509646906,0.04270199509334216,0.0860456036034815
AgC_registry_holdout_v16_01,v16,v15,21,604589,Ti,1.9371144299373555,True,-0.63462879,3.19960111,0.15674423,-0.5382618099799445,2.915211642289615,0.17754779000219414,0.0963669800200555,-0.2843894677103851,0.020803560002194132,0.30099294392318704
AgC_registry_holdout_v16_01,v16,v15,22,604590,Ti,3.365068859631872,True,3.82400762,4.79652171,-0.67536092,3.838272142488427,4.82941367336459,-0.7965718366848874,0.014264522488427023,0.032891963364589216,-0.12121091668488737,0.12640191525206818
AgC_registry_holdout_v16_01,v16,v15,23,604592,C,3.124081749548177,True,-2.34564913,-2.33935456,3.02785253,-2.426166921663164,-2.413819974693098,3.1450698926077223,-0.08051779166316386,-0.07446541469309809,0.1172173626077222,0.16052452415888968
AgC_registry_holdout_v16_01,v16,v15,24,604593,Si,4.573692493903866,False,0.25159527,-0.15520691,1.36316723,0.24467518356201634,-0.19854806042341874,1.3507734051616438,-0.006920086437983641,-0.04334115042341874,-0.01239382483835616,0.04560646676139722
AgC_registry_holdout_v16_01,v16,v15,25,604594,Si,3.983729747941635,True,0.32206033,0.9891314,-0.52387867,0.35086078198275406,1.032610691808976,-0.5436787250118591,0.02880045198275405,0.04347929180897592,-0.019800055011859108,0.05578491757718791
AgC_registry_holdout_v16_01,v16,v15,26,604596,C,4.833884208787923,False,1.09611347,0.52307229,-2.60708909,1.0868584829409706,0.6344064291363032,-2.6992587981955745,-0.009254987059029274,0.11133413913630319,-0.09216970819557435,0.14483162787023365
AgC_registry_holdout_v16_01,v16,v15,27,604598,C,4.688185350044635,False,-0.58645596,-0.61733127,1.24753425,-0.4694011249992857,-0.5719655305042449,1.2089736136301583,0.11705483500071429,0.045365739495755064,-0.03856063636984164,0.13132710076099416
AgC_registry_holdout_v16_01,v16,v15,28,604599,Ti,4.336597561475172,True,-0.61094126,2.42790005,-0.05598253,-0.7286045712318192,2.4094814860829743,-0.07499580116211618,-0.11766331123181917,-0.018418563917025566,-0.01901327116211618,0.12060432325205285
AgC_registry_holdout_v16_01,v16,v15,29,604600,Ti,2.7611101501565614,True,-1.44851731,2.29790739,-1.00491824,-1.5517888537770608,2.3552229446728545,-1.0373864196404998,-0.10327154377706083,0.05731555467285432,-0.03246817964049975,0.12249190687846322
AgC_registry_holdout_v16_01,v16,v15,30,604601,Ti,5.557460349865243,False,2.08705013,-0.87123138,0.2912789,2.076722299340102,-0.8528563868280927,0.28465671223276034,-0.010327830659897952,0.018374993171907272,-0.006622187767239662,0.022094294083128015
AgC_registry_holdout_v16_01,v16,v15,31,604602,C,2.422443461320726,True,0.19354205,0.67361607,0.0457099,0.2844186698196084,0.9478002373272097,0.29120479492556145,0.0908766198196084,0.27418416732720974,0.24549489492556145,0.3790821297255589
AgC_registry_holdout_v16_01,v16,v15,32,604603,C,3.914087900485831,True,-1.03025121,1.11636278,0.70693409,-0.9898721493131384,1.1567207779119184,0.7868858732089586,0.0403790606868617,0.04035799791191841,0.07995178320895868,0.09824217106570883
AgC_registry_holdout_v16_01,v16,v15,33,604605,Si,5.780762118773747,False,-1.18172857,-0.13782046,1.56402972,-1.1880867292093091,-0.16721653781199758,1.5744057948917314,-0.0063581592093091555,-0.029396077811997573,0.010376074891731424,0.031815381648170715
AgC_registry_holdout_v16_01,v16,v15,34,604608,Ti,5.241693484834022,False,1.89391324,-1.34790638,0.27533346,1.868100188892523,-1.5078046239164251,0.23671307927191454,-0.025813051107477003,-0.15989824391642515,-0.038620380728085435,0.1665091463632436
AgC_registry_holdout_v16_01,v16,v15,35,604611,Ti,5.884306375126267,False,0.65143784,-1.08217392,1.06797549,0.6667326075521138,-1.055667461218509,1.079670388482174,0.015294767552113786,0.026506458781490938,0.011694898482173866,0.032761149584781414
AgC_registry_holdout_v16_01,v16,v15,36,604794,Ti,4.549747903213149,False,0.47322264,1.12070493,-0.88412417,0.44024091181228686,1.1303002866117517,-0.8467060519244038,-0.032981728187713166,0.009595356611751704,0.03741811807559614,0.05079351162377076
AgC_registry_holdout_v16_01,v16,v15,37,604795,Ti,4.839833587928087,False,1.55423812,2.73414362,-1.06874564,1.5573644353240514,2.7006498502551204,-1.0923936767834588,0.0031263153240514985,-0.03349376974487983,-0.023648036783458837,0.041119777515694914
AgC_registry_holdout_v16_01,v16,v15,38,604796,Ti,2.104735887853792,True,-0.30448746,0.30199505,0.44787251,-0.37996312709726804,0.22074015352650758,0.5031972546219106,-0.07547566709726805,-0.0812548964734924,0.05532474462191056,0.12393450646278954
AgC_registry_holdout_v16_01,v16,v15,39,604803,Si,3.936295524345177,True,0.25101868,0.93720024,-0.48884587,0.2809495553824616,0.9572946227119781,-0.497596638061103,0.029930875382461586,0.020094382711978054,-0.008750768061102976,0.03709740502238812
AgC_registry_holdout_v16_01,v16,v15,40,604804,C,0.0,True,-1.49702133,-0.32784847,2.11402857,-1.4058380104942574,-0.19974050333361995,2.135848531390077,0.09118331950574254,0.12810796666638005,0.021819961390077136,0.15875188060160147
AgC_registry_holdout_v16_01,v16,v15,41,604805,Ti,3.460406224657508,True,0.54572587,1.03904341,-1.34578969,0.47066433366506455,1.2298043183991263,-1.5696042446215221,-0.0750615363349354,0.1907609083991264,-0.22381455462152222,0.3035076823914859
AgC_registry_holdout_v16_01,v16,v15,42,604806,Ti,3.7115615214910758,True,1.12819735,0.29730582,-1.7878595,1.1601654364410092,0.2351902122759221,-1.7764669308183332,0.031968086441009236,-0.0621156077240779,0.011392569181666756,0.07078204508341383
AgC_registry_holdout_v16_01,v16,v15,43,604810,C,2.9967465750949227,True,-1.43260777,-1.26593253,0.37251537,-1.4002839062381827,-1.3322780789240416,0.3985053043687634,0.032323863761817284,-0.06634554892404165,0.0259899343687634,0.07824347077563443
AgC_registry_holdout_v16_01,v16,v15,44,604813,Si,4.431482243906845,True,0.67931309,-1.69303459,0.19568388,0.750112052980743,-1.7444827751244174,0.18587993308631234,0.07079896298074306,-0.05144818512441751,-0.009803946913687661,0.08806546591503032
AgC_registry_holdout_v16_01,v16,v15,45,606503,Si,5.659839420492102,False,0.55889099,-0.82127791,-1.04998282,0.5349025254114266,-0.8591270444694614,-1.019185378996827,-0.0239884645885734,-0.037849134469461365,0.030797441003173054,0.0543735761721494
AgC_registry_holdout_v16_01,v16,v15,46,688433,Ag,0.0,True,-0.33730091,1.81576589,-0.15821442,-0.7146460813717815,2.3392429733709137,-0.20532230238767396,-0.37734517137178153,0.5234770833709137,-0.047107882387673966,0.647021473952116
AgC_registry_holdout_v16_01,v16,v15,47,751743,Ag,2.9181713593385576,True,-0.20703192,-0.48385851,0.14684389,-0.3002142081245683,-0.5367809907981202,0.12898123601183273,-0.09318228812456827,-0.05292248079812023,-0.017862653988167276,0.10864070232402978
AgC_registry_holdout_v16_01,v16,v16,0,113766,Ti,5.140365697259218,False,-0.71580835,-0.03951792,-1.98653037,-0.6926414719262077,-0.04591080191772984,-1.9750464559968899,0.023166878073792252,-0.00639288191772984,0.011483914003110218,0.026635567569151298
AgC_registry_holdout_v16_01,v16,v16,1,600768,Ti,5.146638953595274,False,-1.49135948,-0.62745845,1.69840393,-1.4020226896399801,-0.7453551273518083,1.6901975626075973,0.08933679036001996,-0.11789667735180831,-0.008206367392402658,0.14814868581329244
AgC_registry_holdout_v16_01,v16,v16,2,602398,Ti,4.759644207258647,False,-1.23902082,-1.38790895,1.7561813,-1.197103279298657,-1.479203793783317,1.8311778241794485,0.041917540701343015,-0.09129484378331698,0.07499652417944858,0.1253646974186418
AgC_registry_holdout_v16_01,v16,v16,3,602560,Ti,3.8306901068974497,True,0.93888197,1.33289365,-1.11394584,0.8755332834284532,1.1701174638731864,-1.0834521211123993,-0.0633486865715468,-0.16277618612681355,0.030493718887600663,0.1773104896838513
AgC_registry_holdout_v16_01,v16,v16,4,602563,C,4.0655071006034325,True,0.46309369,-0.3712323,0.67856431,0.629998825735853,-0.3339838099141572,0.7529579403231598,0.16690513573585297,0.0372484900858428,0.07439363032315982,0.1864917869004895
AgC_registry_holdout_v16_01,v16,v16,5,602564,C,3.463781532191114,True,5.10483322,-2.56299147,-0.15190302,5.112339320135483,-2.4270090518572,-0.18592126856846697,0.007506100135483251,0.1359824181428002,-0.03401824856846697,0.1403737896434846
AgC_registry_holdout_v16_01,v16,v16,6,602568,C,4.2960052626915255,True,0.46338857,0.72600611,1.63865387,0.3224773105890265,0.7692099264390069,1.742849587439501,-0.1409112594109735,0.04320381643900684,0.10419571743950096,0.18049736927837587
AgC_registry_holdout_v16_01,v16,v16,7,602569,Ti,3.774345929571417,True,-0.69216989,0.73750063,0.3520196,-0.607466488183541,0.6399984718435459,0.2524536100425134,0.08470340181645897,-0.09750215815645413,-0.09956598995748661,0.16307888729281
AgC_registry_holdout_v16_01,v16,v16,8,602577,C,5.158695958817802,False,-1.71547425,-4.50312975,-2.02876859,-1.7543947095526535,-4.4934950258156405,-1.9758438472254134,-0.03892045955265355,0.009634724184359733,0.052924742774586475,0.06639772947665132
AgC_registry_holdout_v16_01,v16,v16,9,602709,Ti,2.4746344494957127,True,1.04724398,-0.73134632,0.32311865,1.0024246234453222,-0.8978362579548429,0.4317785514880502,-0.044819356554677725,-0.1664899379548429,0.10865990148805021,0.20380051117103595
AgC_registry_holdout_v16_01,v16,v16,10,602714,Ti,4.329030877869089,True,-0.81534855,1.72369376,-1.3870897,-0.8006391792657456,1.7669951354497355,-1.3547696058288725,0.014709370734254379,0.04330137544973556,0.03232009417112747,0.055999671342493146
AgC_registry_holdout_v16_01,v16,v16,11,602717,Si,4.070713105842623,True,-0.58932527,-0.03737069,0.17218274,-0.6107567700734344,-0.0515943994865416,0.05887375620692803,-0.021431500073434417,-0.0142237094865416,-0.11330898379307197,0.1161918625170188
AgC_registry_holdout_v16_01,v16,v16,12,602720,Ti,5.127072204531612,False,-1.49538359,0.69226313,-1.03259784,-1.5084922927715143,0.8003928381981513,-1.0697145429057926,-0.013108702771514213,0.10812970819815138,-0.03711670290579261,0.11507181026631215
AgC_registry_holdout_v16_01,v16,v16,13,602722,Si,4.062959690531346,True,1.02949106,0.57841523,0.03392357,0.9650940451941438,0.5632759053964785,-0.06791529799246143,-0.06439701480585625,-0.015139324603521409,-0.10183886799246143,0.12143858406347813
AgC_registry_holdout_v16_01,v16,v16,14,602726,Si,4.179426598397002,True,-0.03092595,0.35940808,-1.44934207,-0.029597620323085688,0.3287752020714426,-1.4220914656369508,0.0013283296769143124,-0.0306328779285574,0.027250604363049158,0.0410211300193925
AgC_registry_holdout_v16_01,v16,v16,15,602728,Si,4.99647553427334,False,-0.54704379,-1.71988559,0.89522033,-0.5660039551029254,-1.726917080098009,0.8564983156653105,-0.01896016510292542,-0.007031490098008852,-0.03872201433468947,0.04368436914806581
AgC_registry_holdout_v16_01,v16,v16,16,604584,Ti,4.453410972486209,True,1.24891937,-3.27606765,-1.36155438,1.240372362151657,-3.206597946809244,-1.402113888927731,-0.008547007848343169,0.06946970319075607,-0.04055950892773086,0.0808960120712391
AgC_registry_holdout_v16_01,v16,v16,17,604585,C,5.1243300876796924,False,1.12553057,0.34236312,0.71011458,1.1284005483289896,0.36904016871369527,0.735242549949289,0.0028699783289896086,0.02667704871369525,0.025127969949288897,0.036760258125509745
AgC_registry_holdout_v16_01,v16,v16,18,604586,Ti,4.05096681993575,True,1.04850808,-1.94108883,0.05385517,1.0273145157323158,-1.8932412549980864,0.0070186651591497284,-0.02119356426768415,0.04784757500191361,-0.04683650484085027,0.07022973576512444
AgC_registry_holdout_v16_01,v16,v16,19,604587,C,3.549752096708295,True,-3.56336563,-3.16050535,1.38475734,-3.6878581737498664,-3.2108972694658138,1.3731996679422156,-0.12449254374986651,-0.05039191946581356,-0.011557672057784352,0.13480103404706048
AgC_registry_holdout_v16_01,v16,v16,20,604588,Ti,4.723909254145136,False,-3.44960601,0.7398842,-0.55240485,-3.397663505650203,0.6980627112257511,-0.5338558090715246,0.05194250434979697,-0.04182148877424885,0.018549040928475313,0.06921797166046945
AgC_registry_holdout_v16_01,v16,v16,21,604589,Ti,1.9371144299373555,True,-0.63462879,3.19960111,0.15674423,-0.5916964696747663,3.0555696527456626,0.18355791109929692,0.04293232032523375,-0.14403145725433752,0.02681368109929691,0.15266701772619826
AgC_registry_holdout_v16_01,v16,v16,22,604590,Ti,3.365068859631872,True,3.82400762,4.79652171,-0.67536092,3.793040667304613,4.77133306144382,-0.6768120996140382,-0.030966952695387295,-0.025188648556180304,-0.0014511796140381783,0.039944037071849896
AgC_registry_holdout_v16_01,v16,v16,23,604592,C,3.124081749548177,True,-2.34564913,-2.33935456,3.02785253,-2.3738648037855388,-2.4032129654805305,3.0586301946659646,-0.028215673785538797,-0.06385840548053068,0.030777664665964544,0.07629734490779069
AgC_registry_holdout_v16_01,v16,v16,24,604593,Si,4.573692493903866,False,0.25159527,-0.15520691,1.36316723,0.25786790276366417,-0.20645180950898204,1.3640499795229157,0.006272632763664188,-0.051244899508982034,0.0008827495229157822,0.05163491932978755
AgC_registry_holdout_v16_01,v16,v16,25,604594,Si,3.983729747941635,True,0.32206033,0.9891314,-0.52387867,0.3555698171503471,1.0247066473204351,-0.5431793079797831,0.03350948715034707,0.035575247320435155,-0.019300637979783097,0.0525452050849176
AgC_registry_holdout_v16_01,v16,v16,26,604596,C,4.833884208787923,False,1.09611347,0.52307229,-2.60708909,1.0957838244936833,0.6686627375151578,-2.6382831366739445,-0.0003296455063166448,0.14559044751515782,-0.03119404667394443,0.14889511617820103
AgC_registry_holdout_v16_01,v16,v16,27,604598,C,4.688185350044635,False,-0.58645596,-0.61733127,1.24753425,-0.48290697591068477,-0.5817975374074439,1.251252625799884,0.10354898408931523,0.0355337325925561,0.0037183757998839884,0.10953932890280872
AgC_registry_holdout_v16_01,v16,v16,28,604599,Ti,4.336597561475172,True,-0.61094126,2.42790005,-0.05598253,-0.6744426020202272,2.4005733723149834,-0.08021462331294738,-0.06350134202022717,-0.02732667768501651,-0.024232093312947373,0.07325545780348408
AgC_registry_holdout_v16_01,v16,v16,29,604600,Ti,2.7611101501565614,True,-1.44851731,2.29790739,-1.00491824,-1.5133163331288206,2.2890209531289463,-0.9912818087647033,-0.06479902312882069,-0.008886436871053949,0.013636431235296786,0.06681193318223656
AgC_registry_holdout_v16_01,v16,v16,30,604601,Ti,5.557460349865243,False,2.08705013,-0.87123138,0.2912789,2.0754634454860716,-0.8449889606293638,0.2916477713747556,-0.011586684513928525,0.026242419370636205,0.00036887137475560827,0.02868888109600595
AgC_registry_holdout_v16_01,v16,v16,31,604602,C,2.422443461320726,True,0.19354205,0.67361607,0.0457099,0.2776336814635666,0.851225797712297,0.1564215650621018,0.0840916314635666,0.177609727712297,0.11071166506210181,0.22555196882550946
AgC_registry_holdout_v16_01,v16,v16,32,604603,C,3.914087900485831,True,-1.03025121,1.11636278,0.70693409,-0.9713660695194879,1.0931877985488363,0.7796638411506309,0.05888514048051219,-0.0231749814511637,0.07272975115063096,0.09640620434963791
AgC_registry_holdout_v16_01,v16,v16,33,604605,Si,5.780762118773747,False,-1.18172857,-0.13782046,1.56402972,-1.1677871211965496,-0.15179716511913727,1.5727893744378103,0.013941448803450385,-0.013976705119137262,0.00875965443781035,0.021597310633419072
AgC_registry_holdout_v16_01,v16,v16,34,604608,Ti,5.241693484834022,False,1.89391324,-1.34790638,0.27533346,1.860464747238285,-1.4668017465045462,0.25864724501457326,-0.03344849276171513,-0.11889536650454624,-0.016686214985426717,0.12463281917224198
AgC_registry_holdout_v16_01,v16,v16,35,604611,Ti,5.884306375126267,False,0.65143784,-1.08217392,1.06797549,0.6582852796439562,-1.0527304202919905,1.0285077031248668,0.006847439643956177,0.029443499708009524,-0.03946778687513319,0.0497143169072463
AgC_registry_holdout_v16_01,v16,v16,36,604794,Ti,4.549747903213149,False,0.47322264,1.12070493,-0.88412417,0.4457320912440395,1.1315807712383983,-0.888462374679381,-0.02749054875596052,0.010875841238398243,-0.004338204679381064,0.02988033154747266
AgC_registry_holdout_v16_01,v16,v16,37,604795,Ti,4.839833587928087,False,1.55423812,2.73414362,-1.06874564,1.5463746767018973,2.7086956333576175,-1.070008990192268,-0.007863443298102624,-0.02544798664238268,-0.0012633501922680868,0.026665142384050124
AgC_registry_holdout_v16_01,v16,v16,38,604796,Ti,2.104735887853792,True,-0.30448746,0.30199505,0.44787251,-0.2971491600376083,0.25614370990274327,0.4992573111567208,0.0073382999623917144,-0.04585134009725672,0.05138480115672078,0.06925744598935246
AgC_registry_holdout_v16_01,v16,v16,39,604803,Si,3.936295524345177,True,0.25101868,0.93720024,-0.48884587,0.2813437559384548,0.9497850202583782,-0.49634879359731865,0.030325075938454793,0.01258478025837817,-0.007502923597318634,0.033679085310202764
AgC_registry_holdout_v16_01,v16,v16,40,604804,C,0.0,True,-1.49702133,-0.32784847,2.11402857,-1.3964186358373596,-0.34004787622714167,2.068481680884441,0.10060269416264034,-0.012199406227141663,-0.04554688911555882,0.11110466548791541
AgC_registry_holdout_v16_01,v16,v16,41,604805,Ti,3.460406224657508,True,0.54572587,1.03904341,-1.34578969,0.5100362780172403,1.2151408488929434,-1.575275439617502,-0.03568959198275967,0.1760974388929435,-0.229485749617502,0.2914579973822243
AgC_registry_holdout_v16_01,v16,v16,42,604806,Ti,3.7115615214910758,True,1.12819735,0.29730582,-1.7878595,1.1888923928349036,0.29388397360342283,-1.8198965800418845,0.06069504283490357,-0.003421846396577166,-0.03203708004188455,0.06871660465347997
AgC_registry_holdout_v16_01,v16,v16,43,604810,C,2.9967465750949227,True,-1.43260777,-1.26593253,0.37251537,-1.4504875002122737,-1.3732243609303139,0.42769622459861856,-0.017879730212273737,-0.10729183093031391,0.055180854598618545,0.12196781727602016
AgC_registry_holdout_v16_01,v16,v16,44,604813,Si,4.431482243906845,True,0.67931309,-1.69303459,0.19568388,0.736124219739939,-1.7331446245925393,0.19298617834929696,0.05681112973993907,-0.04011003459253937,-0.002697701650703044,0.06959595485040133
AgC_registry_holdout_v16_01,v16,v16,45,606503,Si,5.659839420492102,False,0.55889099,-0.82127791,-1.04998282,0.5388369153986484,-0.8572248688582635,-1.028822524973293,-0.020054074601351557,-0.03594695885826349,0.021160295026707132,0.04628291093796444
AgC_registry_holdout_v16_01,v16,v16,46,688433,Ag,0.0,True,-0.33730091,1.81576589,-0.15821442,-0.5649403236091894,2.1978517165577274,-0.17664177171503112,-0.22763941360918943,0.3820858265577274,-0.018427351715031126,0.4451391341770198
AgC_registry_holdout_v16_01,v16,v16,47,751743,Ag,2.9181713593385576,True,-0.20703192,-0.48385851,0.14684389,-0.18638839969023235,-0.4897653627497206,0.19011411718355564,0.020643520309767655,-0.005906852749720581,0.04327022718355564,0.04830484862519691
AgSi_registry_holdout_v16_01,v16,v15,0,365143,C,5.590075304219085,False,-2.27558099,-0.52644226,-0.43194511,-2.2664353430185877,-0.4279847920825901,-0.3527388273220352,0.009145646981412181,0.09845746791740995,0.07920628267796481,0.12669313739535418
AgSi_registry_holdout_v16_01,v16,v15,1,365320,Ti,5.322889129797151,False,-4.04130792,-0.31503422,-2.56077551,-4.0764248811358215,-0.3683984982756324,-2.5581905945676455,-0.03511696113582108,-0.05336427827563245,0.0025849154323545065,0.06393456766950356
AgSi_registry_holdout_v16_01,v16,v15,2,366772,C,5.577716985848424,False,1.16742989,1.31388253,1.33424802,1.130129466630482,1.2960080452567226,1.3191421859356278,-0.037300423369518,-0.017874484743277463,-0.015105834064372159,0.04403413461353918
AgSi_registry_holdout_v16_01,v16,v15,3,366778,C,4.566858918763497,False,0.48884913,-0.3297947,0.20456016,0.6328549169393891,-0.178597615908142,0.12023676645329295,0.1440057869393891,0.151197084091858,-0.08432339354670704,0.22518583350012483
AgSi_registry_holdout_v16_01,v16,v15,4,366929,Si,3.4675699430207945,True,0.8019731,0.99876281,-0.62398138,0.8868242978815599,0.9457044351818842,-0.5423706208218594,0.08485119788155993,-0.05305837481811582,0.08161075917814065,0.12913261762199268
AgSi_registry_holdout_v16_01,v16,v15,5,366931,C,4.0555719351048625,True,-1.41731699,1.13136869,1.2704196,-1.341918700611341,1.13603742947002,1.2345276649654833,0.07539828938865889,0.00466873947002,-0.03589193503451682,0.08363569914514285
AgSi_registry_holdout_v16_01,v16,v15,6,366933,Si,2.7973345455101635,True,0.32241185,0.73154432,1.40337578,0.3661685115858758,0.8337333296713981,1.3444483568012056,0.04375666158587582,0.1021890096713981,-0.058927423198794404,0.12581605754279448
AgSi_registry_holdout_v16_01,v16,v15,7,366934,Si,0.0,True,-0.4993756,0.48066497,-0.33738102,-0.4355521198272745,0.3902171363329223,-0.31217150559453566,0.06382348017272549,-0.0904478336670777,0.025209514405464317,0.11353310906068305
AgSi_registry_holdout_v16_01,v16,v15,8,366935,Ti,2.557862077998755,True,2.81262554,-1.2342106,-0.42998527,2.6303040574717835,-1.2947062770600415,-0.2394555508236586,-0.18232148252821645,-0.06049567706004155,0.19052971917634137,0.27055946448730095
AgSi_registry_holdout_v16_01,v16,v15,9,366936,Si,2.5203699726963014,True,-0.15379773,-0.28630848,-0.01043688,-0.1241470470742213,-0.24725653083288568,-0.15845689868055324,0.029650682925778687,0.0390519491671143,-0.14802001868055323,0.15592993189861679
AgSi_registry_holdout_v16_01,v16,v15,10,367109,C,4.58206208494198,False,-0.13090355,1.81844432,2.82709994,-0.11177925087874768,1.8588326516113343,2.7691105924944095,0.019124299121252325,0.04038833161133426,-0.057989347505590594,0.07321011249376946
AgSi_registry_holdout_v16_01,v16,v15,11,367110,Si,3.5970714074769785,True,-0.16530823,0.18884423,-0.54012199,-0.15780414422228078,0.18694480718703463,-0.5895270381914546,0.007504085777719216,-0.0018994228129653734,-0.049405048191454526,0.05000777836678735
AgSi_registry_holdout_v16_01,v16,v15,12,367111,C,3.4921048876527325,True,0.13169835,-0.00054999,0.95659611,0.16155925730732995,0.1975343036183176,0.8880908297933943,0.02986090730732996,0.19808429361831761,-0.06850528020660573,0.21171215028824014
AgSi_registry_holdout_v16_01,v16,v15,13,367112,Ti,5.0931841441201495,False,1.00756065,0.47699292,-2.97710065,1.0340222704348414,0.3931817539969006,-2.8974851712456777,0.02646162043484135,-0.0838111660030994,0.0796154787543224,0.11858816703245169
AgSi_registry_holdout_v16_01,v16,v15,14,367113,Ti,4.072254001971062,True,0.08177353,0.83791982,0.5334076,0.08976858201397986,0.7090722539224534,0.5383947179571402,0.007995052013979861,-0.12884756607754655,0.004987117957140241,0.12919166957018705
AgSi_registry_holdout_v16_01,v16,v15,15,367115,Si,5.424173540703174,False,-0.24409106,0.47119088,-1.09762811,-0.2710452697400989,0.4863053366386617,-1.1032492285671216,-0.026954209740098906,0.015114456638661733,-0.0056211185671215524,0.031409762752062725
AgSi_registry_holdout_v16_01,v16,v15,16,367117,Ti,2.4722682737699233,True,0.63866201,-0.95694801,2.46003571,0.6445337330378645,-0.892229338581727,2.523195650336543,0.00587172303786454,0.06471867141827292,0.06315994033654304,0.090620977841201
AgSi_registry_holdout_v16_01,v16,v15,17,367118,Si,3.2250985779409356,True,0.7898969,0.20164707,0.23385384,0.7948630372379588,0.18247707958420886,0.2291998451559782,0.004966137237958801,-0.01916999041579115,-0.004653994844021819,0.0203423381059294
AgSi_registry_holdout_v16_01,v16,v15,18,367120,Si,4.426495103595167,True,-0.4877923,-1.80951411,-0.1536184,-0.398550580351804,-1.6720974152961916,-0.1182281652517784,0.089241719648196,0.13741669470380846,0.03539023474822159,0.1676302515198887
AgSi_registry_holdout_v16_01,v16,v15,19,367121,Ti,4.419121961922564,True,-0.12574497,-2.3443022,-0.20167022,-0.027965223307322373,-2.2792628434810376,-0.1650042097321181,0.09777974669267764,0.06503935651896242,0.03666601026788191,0.12302598533907104
AgSi_registry_holdout_v16_01,v16,v15,20,367122,C,4.807991668588984,False,-1.35945491,0.12963902,-1.80342749,-1.4192142023833458,0.1341915021238143,-1.8458053959293705,-0.059759292383345874,0.0045524821238143165,-0.04237790592937052,0.07340153289001836
AgSi_registry_holdout_v16_01,v16,v15,21,368645,C,5.09618656301879,False,1.16164797,0.14928048,0.5746362,0.9339674501071746,0.00844639192898837,0.6789857388905474,-0.22768051989282534,-0.1408340880710116,0.10434953889054732,0.28733514537579724
AgSi_registry_holdout_v16_01,v16,v15,22,368823,Ti,4.583841073195806,False,0.04411809,2.48897131,1.66450692,-0.019310647125127756,2.5237511957818755,1.6979756521353497,-0.06342873712512775,0.0347798857818753,0.03346873213534973,0.0797057161001433
AgSi_registry_holdout_v16_01,v16,v15,23,368827,Ti,3.644974831232437,True,-2.42537412,0.45834708,-0.88368666,-2.510646708753171,0.5424575824056634,-0.9906839621634805,-0.08527258875317134,0.08411050240566342,-0.10699730216348058,0.1606063936394307
AgSi_registry_holdout_v16_01,v16,v15,24,368829,C,4.161078349671146,True,0.88851414,0.32598325,0.17272602,0.8307441815379298,0.2901276755313096,0.15633589240850504,-0.057769958462070115,-0.03585557446869042,-0.01639012759149497,0.06994016445258472
AgSi_registry_holdout_v16_01,v16,v15,25,368832,Ti,5.18898655141642,False,0.45740313,0.32426922,0.01525537,0.5015598866238942,0.3579698856827392,0.026699338052780575,0.04415675662389418,0.03370066568273916,0.011443968052780574,0.05671435821548753
AgSi_registry_holdout_v16_01,v16,v15,26,368833,Ti,2.758564494176977,True,0.07496888,-1.01150159,1.81095702,0.1542408860751257,-1.0404274689733624,1.8192095469215874,0.0792720060751257,-0.028925878973362407,0.0082525269215874,0.0847871548180967
AgSi_registry_holdout_v16_01,v16,v15,27,368838,C,5.881970850596807,False,1.24838108,-0.98995077,-0.84645175,1.2753200581074193,-0.9538177329013895,-0.8433574879380996,0.02693897810741941,0.03613303709861049,0.0030942620619003325,0.04517609289380058
AgSi_registry_holdout_v16_01,v16,v15,28,368841,C,5.321618685832215,False,1.36422404,0.43003378,0.90063806,1.3181741587462776,0.4108472031133571,0.8686274928030703,-0.04604988125372245,-0.01918657688664288,-0.03201056719692974,0.059273878803214414
AgSi_registry_holdout_v16_01,v16,v15,29,368844,Ti,4.454092911152405,True,-1.21029116,-1.73439843,-0.24762215,-1.2618315670365874,-1.7983347273001846,-0.23990713939610964,-0.051540407036587466,-0.06393629730018469,0.0077150106038903765,0.08248505960822759
AgSi_registry_holdout_v16_01,v16,v15,30,369024,C,4.384109739140318,True,2.16409491,-1.07433125,-2.01781245,2.206876864285896,-1.0330013800720188,-2.027822898596546,0.04278195428589582,0.041329869927981155,-0.010010448596545984,0.06032132990815446
AgSi_registry_holdout_v16_01,v16,v15,31,369026,C,4.380943838589152,True,1.2340346,0.78027695,-0.09076562,1.18101358670132,0.8663371457494562,-0.04842778805145562,-0.05302101329867992,0.08606019574945623,0.04233783194854439,0.10959049757053164
AgSi_registry_holdout_v16_01,v16,v15,32,369031,Ti,4.466823029131554,True,-0.09985017,0.93139701,-1.98941911,-0.06483218529016657,0.9535350895066519,-1.9310802031372014,0.03501798470983343,0.02213807950665192,0.058338906862798634,0.07155265104332098
AgSi_registry_holdout_v16_01,v16,v15,33,369042,Ti,5.583526107371807,False,0.81721908,-0.0774548,-0.72095748,0.8380483184822229,-0.08217596522421354,-0.7927890882481661,0.020829238482222956,-0.004721165224213536,-0.07183160824816603,0.07493948572242563
AgSi_registry_holdout_v16_01,v16,v15,34,683609,Ag,0.0,True,-0.38593932,0.3619823,-1.29114477,-0.47708793576039304,0.31711467072381216,-1.2244516180690193,-0.09114861576039307,-0.044867629276187815,0.0666931519309808,0.12152839514446856
AgSi_registry_holdout_v16_01,v16,v15,35,685172,Ag,2.8745446617961457,True,0.23563261,-0.79828175,-0.4508713,0.38555842838356363,-0.8068963805216188,-0.6942881041214992,0.14992581838356364,-0.008614630521618816,-0.24341680412149924,0.286013467175463
AgSi_registry_holdout_v16_01,v16,v15,36,696217,Ag,2.8627804159646164,True,-0.00811283,0.0088214,0.59342891,-0.04670684195717034,-0.07109421053609336,0.5960613115839647,-0.03859401195717034,-0.07991561053609336,0.0026324015839647164,0.08878587784330358
AgSi_registry_holdout_v16_01,v16,v15,37,700029,Ag,4.990908278203004,False,-0.12028395,-0.17504431,0.32769617,-0.1377222811319737,-0.1482928195983895,0.3342846961983764,-0.01743833113197371,0.02675149040161051,0.00658852619837641,0.032605924443918397
AgSi_registry_holdout_v16_01,v16,v15,38,701518,Ag,2.890765897530322,True,0.09966944,-0.01745342,0.18776501,0.011825330149442731,-0.0843450810731377,0.19474362014859087,-0.08784410985055727,-0.06689166107313771,0.006978610148590858,0.11063355257862018
AgSi_registry_holdout_v16_01,v16,v15,39,703887,Ag,4.9929190230555385,False,-0.00392031,-0.58878906,0.57345018,-0.09722982982861442,-0.7884651021437226,0.4759843280020385,-0.09330951982861442,-0.1996760421437226,-0.09746585199796154,0.24099124590432078
AgSi_registry_holdout_v16_01,v16,v15,40,707313,Ag,5.73871046355208,False,-0.62098784,0.32942536,1.43577522,-0.4366950590860388,0.3745633915630246,1.4254345099718067,0.18429278091396117,0.045138031563024594,-0.010340710028193367,0.19002158107507966
AgSi_registry_holdout_v16_01,v16,v15,41,710704,Ag,4.078968933054388,True,-0.52855774,0.05280849,0.17495261,-0.4825824145391551,0.24902700695420849,0.26093058341123176,0.045975325460844874,0.1962185169542085,0.08597797341123176,0.21910647835890681
AgSi_registry_holdout_v16_01,v16,v15,42,714846,Ag,4.967815670763956,False,-0.47843974,-0.16368828,0.08902793,-0.42437566160062046,-0.17161564654102235,0.11272618558614152,0.054064078399379545,-0.007927366541022357,0.02369825558614151,0.059559844117291524
AgSi_registry_holdout_v16_01,v16,v15,43,729574,Ag,4.985377604861276,False,0.2316957,-0.33730819,0.15112913,0.2190647430786318,-0.379306342854352,0.0789061831624661,-0.012630956921368203,-0.04199815285435199,-0.0722229468375339,0.08449579850989172
AgSi_registry_holdout_v16_01,v16,v15,44,730721,Ag,2.851586641609828,True,-0.30689539,-0.13492956,-0.00233995,-0.3863316880051958,-0.32348967694718894,-0.0018064348322715112,-0.0794362980051958,-0.18856011694718894,0.0005335151677284887,0.2046101849428372
AgSi_registry_holdout_v16_01,v16,v15,45,735549,Ag,4.820867911663133,False,-0.32594408,-0.0999354,0.61596423,-0.24429413995054444,-0.08527191104249529,0.6514368189178699,0.08164994004945558,0.014663488957504703,0.03547258891786986,0.09022214352930624
AgSi_registry_holdout_v16_01,v16,v15,46,737082,Ag,2.883145610914249,True,0.10101295,0.27322308,-0.0886089,0.03112286927396775,0.23617294839137554,0.02160370629742926,-0.06989008072603226,-0.03705013160862447,0.11021260629742927,0.13566191146736745
AgSi_registry_holdout_v16_01,v16,v15,47,737200,Ag,5.010457471364572,False,-0.04153994,-0.53394948,-0.31887829,-0.14222826881475178,-0.523199653519135,-0.2776905658677371,-0.10068832881475179,0.010749826480864977,0.041187724132262904,0.10931663619079977
AgSi_registry_holdout_v16_01,v16,v15,48,744883,Ag,4.1053665107910176,True,0.04222256,-0.41639347,0.06791688,0.06965974755752546,-0.3351366227274334,0.03635701304127739,0.027437187557525465,0.0812568472725666,-0.03155986695872261,0.09138653999466397
AgSi_registry_holdout_v16_01,v16,v15,49,752169,Ag,4.05224804894446,True,-0.47026493,0.25000509,0.00185185,-0.44928811305480276,0.1810413527792062,-0.007569101953186507,0.020976816945197263,-0.0689637372207938,-0.009420951953186507,0.0726964802195764
AgSi_registry_holdout_v16_01,v16,v15,50,755982,Ag,4.9813671046072345,False,-0.49151362,0.01355526,-0.46480988,-0.5162045351662987,-0.07622757121333444,-0.44009162832352877,-0.024690915166298733,-0.08978283121333444,0.024718251676471237,0.096341009120586
AgSi_registry_holdout_v16_01,v16,v16,0,365143,C,5.590075304219085,False,-2.27558099,-0.52644226,-0.43194511,-2.25659368467812,-0.46684166304261854,-0.369904269529263,0.018987305321879866,0.05960059695738151,0.062040840470737046,0.08810116234975544
AgSi_registry_holdout_v16_01,v16,v16,1,365320,Ti,5.322889129797151,False,-4.04130792,-0.31503422,-2.56077551,-4.09582879916965,-0.3358881146602213,-2.5567963140869954,-0.054520879169649206,-0.020853894660221306,0.003979195913004663,0.0585085052624417
AgSi_registry_holdout_v16_01,v16,v16,2,366772,C,5.577716985848424,False,1.16742989,1.31388253,1.33424802,1.1334689136003382,1.313054562274048,1.3165834533487057,-0.03396097639966178,-0.0008279677259521723,-0.017664566651294233,0.038289298290143936
AgSi_registry_holdout_v16_01,v16,v16,3,366778,C,4.566858918763497,False,0.48884913,-0.3297947,0.20456016,0.5420064808246136,-0.25600476044978027,0.13297649299926606,0.053157350824613536,0.07378993955021973,-0.07158366700073393,0.11573625407273248
AgSi_registry_holdout_v16_01,v16,v16,4,366929,Si,3.4675699430207945,True,0.8019731,0.99876281,-0.62398138,0.8296218316008535,0.9463687185577241,-0.5846370734021639,0.02764873160085346,-0.052394091442275914,0.039344306597836165,0.07111657780617778
AgSi_registry_holdout_v16_01,v16,v16,5,366931,C,4.0555719351048625,True,-1.41731699,1.13136869,1.2704196,-1.4086944572682891,1.1249700098010558,1.2890506716219776,0.008622532731710875,-0.006398680198944184,0.018631071621977524,0.021503674308848756
AgSi_registry_holdout_v16_01,v16,v16,6,366933,Si,2.7973345455101635,True,0.32241185,0.73154432,1.40337578,0.37042636914600346,0.7581529669384757,1.3876671811731736,0.048014519146003465,0.026608646938475644,-0.015708598826826403,0.05709793532011954
AgSi_registry_holdout_v16_01,v16,v16,7,366934,Si,0.0,True,-0.4993756,0.48066497,-0.33738102,-0.4901819202168477,0.3334652671415005,-0.3137743431840413,0.009193679783152275,-0.14719970285849954,0.023606676815958683,0.14936382246005497
AgSi_registry_holdout_v16_01,v16,v16,8,366935,Ti,2.557862077998755,True,2.81262554,-1.2342106,-0.42998527,2.729072179378705,-1.222867285154669,-0.383826687221779,-0.08355336062129481,0.01134331484533102,0.04615858277822099,0.09612725746054719
AgSi_registry_holdout_v16_01,v16,v16,9,366936,Si,2.5203699726963014,True,-0.15379773,-0.28630848,-0.01043688,-0.09917879237818417,-0.2549157336774507,-0.11442388604138912,0.05461893762181583,0.03139274632254929,-0.10398700604138912,0.12158137313774522
AgSi_registry_holdout_v16_01,v16,v16,10,367109,C,4.58206208494198,False,-0.13090355,1.81844432,2.82709994,-0.12359513730592714,1.856804765933356,2.791138793313822,0.007308412694072869,0.03836044593335597,-0.035961146686178225,0.0530861637274501
AgSi_registry_holdout_v16_01,v16,v16,11,367110,Si,3.5970714074769785,True,-0.16530823,0.18884423,-0.54012199,-0.16338921642953455,0.17971478416392955,-0.5713476220137101,0.0019190135704654498,-0.009129445836070449,-0.031225632013710092,0.032589407619854203
AgSi_registry_holdout_v16_01,v16,v16,12,367111,C,3.4921048876527325,True,0.13169835,-0.00054999,0.95659611,0.1519829055539193,0.11265316148782398,0.9254416426860124,0.02028455555391931,0.11320315148782398,-0.031154467313987633,0.11915123807335612
AgSi_registry_holdout_v16_01,v16,v16,13,367112,Ti,5.0931841441201495,False,1.00756065,0.47699292,-2.97710065,1.0319667280692137,0.43130406303593394,-2.9285165117097183,0.024406078069213688,-0.04568885696406605,0.04858413829028185,0.07101793288186212
AgSi_registry_holdout_v16_01,v16,v16,14,367113,Ti,4.072254001971062,True,0.08177353,0.83791982,0.5334076,0.10773277865912173,0.7286269878330706,0.512328577029373,0.025959248659121734,-0.10929283216692942,-0.021079022970627026,0.11429405480343646
AgSi_registry_holdout_v16_01,v16,v16,15,367115,Si,5.424173540703174,False,-0.24409106,0.47119088,-1.09762811,-0.2648026516585351,0.48713131505171825,-1.0989717163834407,-0.020711591658535117,0.01594043505171827,-0.0013436063834406653,0.02617007406908839
AgSi_registry_holdout_v16_01,v16,v16,16,367117,Ti,2.4722682737699233,True,0.63866201,-0.95694801,2.46003571,0.6945322177881283,-0.8988028314628698,2.4227623161655356,0.055870207788128345,0.05814517853713019,-0.037273393834464486,0.08883494691472764
AgSi_registry_holdout_v16_01,v16,v16,17,367118,Si,3.2250985779409356,True,0.7898969,0.20164707,0.23385384,0.7605561948563377,0.18650790487618635,0.25531741846779665,-0.02934070514366227,-0.015139165123813664,0.021463578467796646,0.039379645752808515
AgSi_registry_holdout_v16_01,v16,v16,18,367120,Si,4.426495103595167,True,-0.4877923,-1.80951411,-0.1536184,-0.40013038288141944,-1.6596552034028056,-0.14819362930331983,0.08766191711858057,0.14985890659719447,0.0054247706966801534,0.17370012013963348
AgSi_registry_holdout_v16_01,v16,v16,19,367121,Ti,4.419121961922564,True,-0.12574497,-2.3443022,-0.20167022,-0.059095122166803224,-2.3445837911010043,-0.15607709707255313,0.06664984783319679,-0.0002815911010043415,0.04559312292744688,0.08075279789588553
AgSi_registry_holdout_v16_01,v16,v16,20,367122,C,4.807991668588984,False,-1.35945491,0.12963902,-1.80342749,-1.4283292783790378,0.1241451421824747,-1.8235447174648947,-0.06887436837903782,-0.005493877817525292,-0.020117227464894638,0.07196224116826555
AgSi_registry_holdout_v16_01,v16,v16,21,368645,C,5.09618656301879,False,1.16164797,0.14928048,0.5746362,1.014353803597069,0.11699276461916944,0.616000598842482,-0.14729416640293103,-0.032287715380830556,0.041364398842482,0.1563620206842051
AgSi_registry_holdout_v16_01,v16,v16,22,368823,Ti,4.583841073195806,False,0.04411809,2.48897131,1.66450692,-0.021825127859557203,2.5621185219259983,1.6690589846535673,-0.0659432178595572,0.07314721192599816,0.004552064653567278,0.09858876146311084
AgSi_registry_holdout_v16_01,v16,v16,23,368827,Ti,3.644974831232437,True,-2.42537412,0.45834708,-0.88368666,-2.5368088750039157,0.5382324847603124,-0.9117583288072836,-0.11143475500391586,0.07988540476031236,-0.028071668807283623,0.13995499671725734
AgSi_registry_holdout_v16_01,v16,v16,24,368829,C,4.161078349671146,True,0.88851414,0.32598325,0.17272602,0.8723599751290401,0.27950827782594073,0.19126670112388755,-0.016154164870959886,-0.04647497217405927,0.018540681123887542,0.052579814927359886
AgSi_registry_holdout_v16_01,v16,v16,25,368832,Ti,5.18898655141642,False,0.45740313,0.32426922,0.01525537,0.5499751587315161,0.3566950143810306,0.035703984684639145,0.09257202873151615,0.03242579438103055,0.020448614684639144,0.1001956011371276
AgSi_registry_holdout_v16_01,v16,v16,26,368833,Ti,2.758564494176977,True,0.07496888,-1.01150159,1.81095702,0.08073054398026264,-1.0429071304649233,1.8018049899074624,0.005761663980262635,-0.03140554046492339,-0.009152030092537622,0.03321542410582936
AgSi_registry_holdout_v16_01,v16,v16,27,368838,C,5.881970850596807,False,1.24838108,-0.98995077,-0.84645175,1.2648308435226931,-0.9728884369765843,-0.8343568848072235,0.016449763522693228,0.017062333023415643,0.012094865192776472,0.02660833877163143
AgSi_registry_holdout_v16_01,v16,v16,28,368841,C,5.321618685832215,False,1.36422404,0.43003378,0.90063806,1.3680738868443585,0.36396268440705165,0.9072538222232773,0.0038498468443584066,-0.06607109559294833,0.0066157622232773106,0.06651300101012189
AgSi_registry_holdout_v16_01,v16,v16,29,368844,Ti,4.454092911152405,True,-1.21029116,-1.73439843,-0.24762215,-1.2673111951258984,-1.7830343770450954,-0.26737695400309136,-0.05702003512589848,-0.04863594704509544,-0.019754804003091347,0.07750478715494016
AgSi_registry_holdout_v16_01,v16,v16,30,369024,C,4.384109739140318,True,2.16409491,-1.07433125,-2.01781245,2.209900590917866,-1.023814775060494,-2.0515102517916977,0.04580568091786574,0.05051647493950595,-0.03369780179169757,0.07606324007203216
AgSi_registry_holdout_v16_01,v16,v16,31,369026,C,4.380943838589152,True,1.2340346,0.78027695,-0.09076562,1.1815607432266795,0.8391182981515792,-0.06271752120552473,-0.052473856773320504,0.058841348151579265,0.02804809879447527,0.08368097599184034
AgSi_registry_holdout_v16_01,v16,v16,32,369031,Ti,4.466823029131554,True,-0.09985017,0.93139701,-1.98941911,-0.06740602732422935,0.9592705682044615,-1.9578914500048303,0.03244414267577066,0.02787355820446158,0.03152765999516971,0.05313709613550871
AgSi_registry_holdout_v16_01,v16,v16,33,369042,Ti,5.583526107371807,False,0.81721908,-0.0774548,-0.72095748,0.8474783078309551,-0.10784164468891692,-0.7863195658819538,0.030259227830955138,-0.03038684468891692,-0.0653620858819538,0.07817405880414495
AgSi_registry_holdout_v16_01,v16,v16,34,683609,Ag,0.0,True,-0.38593932,0.3619823,-1.29114477,-0.43461306816373935,0.3408824392653531,-1.2031799300193973,-0.04867374816373937,-0.02109986073464687,0.08796483998060278,0.1027236630778988
AgSi_registry_holdout_v16_01,v16,v16,35,685172,Ag,2.8745446617961457,True,0.23563261,-0.79828175,-0.4508713,0.37627909756885236,-0.7474436737463617,-0.5650693876303456,0.14064648756885237,0.05083807625363834,-0.11419808763034567,0.18816787101164267
AgSi_registry_holdout_v16_01,v16,v16,36,696217,Ag,2.8627804159646164,True,-0.00811283,0.0088214,0.59342891,-0.024591543372849106,-0.026613801378247343,0.5749694529656764,-0.016478713372849105,-0.03543520137824734,-0.018459457034323612,0.04321982236362729
AgSi_registry_holdout_v16_01,v16,v16,37,700029,Ag,4.990908278203004,False,-0.12028395,-0.17504431,0.32769617,-0.12822448061183153,-0.1602339089074884,0.3537096113325213,-0.007940530611831531,0.01481040109251161,0.026013441332521314,0.030969325741433747
AgSi_registry_holdout_v16_01,v16,v16,38,701518,Ag,2.890765897530322,True,0.09966944,-0.01745342,0.18776501,0.046496358247935354,-0.0614462877900982,0.19672053858372923,-0.053173081752064644,-0.0439928677900982,0.008955528583729222,0.06959131074798636
AgSi_registry_holdout_v16_01,v16,v16,39,703887,Ag,4.9929190230555385,False,-0.00392031,-0.58878906,0.57345018,-0.07565158526374134,-0.7029435258483241,0.5124260986228889,-0.07173127526374135,-0.11415446584832412,-0.06102408137711113,0.1479883658670475
AgSi_registry_holdout_v16_01,v16,v16,40,707313,Ag,5.73871046355208,False,-0.62098784,0.32942536,1.43577522,-0.4704526290920913,0.3176823620230731,1.4485703569283572,0.15053521090790867,-0.011742997976926906,0.01279513692835721,0.151533703358659
AgSi_registry_holdout_v16_01,v16,v16,41,710704,Ag,4.078968933054388,True,-0.52855774,0.05280849,0.17495261,-0.43895192984978804,0.21223900815495145,0.24906598855622633,0.08960581015021196,0.15943051815495146,0.07411337855622632,0.19733242058225162
AgSi_registry_holdout_v16_01,v16,v16,42,714846,Ag,4.967815670763956,False,-0.47843974,-0.16368828,0.08902793,-0.4543531315727361,-0.16690649753289294,0.10295829793520603,0.0240866084272639,-0.0032182175328929474,0.013930367935206023,0.028010297756853212
AgSi_registry_holdout_v16_01,v16,v16,43,729574,Ag,4.985377604861276,False,0.2316957,-0.33730819,0.15112913,0.23368624772187124,-0.3896110177274894,0.0909759517532073,0.0019905477218712386,-0.0523028277274894,-0.0601531782467927,0.0797367727069192
AgSi_registry_holdout_v16_01,v16,v16,44,730721,Ag,2.851586641609828,True,-0.30689539,-0.13492956,-0.00233995,-0.3882973748308944,-0.25997377762501894,-0.0314116500425789,-0.08140198483089439,-0.12504421762501894,-0.029071700042578898,0.1520115233764465
AgSi_registry_holdout_v16_01,v16,v16,45,735549,Ag,4.820867911663133,False,-0.32594408,-0.0999354,0.61596423,-0.2854010002239593,-0.11262717700840094,0.6428035988063633,0.040543079776040714,-0.012691777008400948,0.026839368806363284,0.05025111182134543
AgSi_registry_holdout_v16_01,v16,v16,46,737082,Ag,2.883145610914249,True,0.10101295,0.27322308,-0.0886089,0.039548188113196464,0.2608599169816692,0.00940806186280366,-0.06146476188680354,-0.012363163018330792,0.09801696186280366,0.11635329632818138
AgSi_registry_holdout_v16_01,v16,v16,47,737200,Ag,5.010457471364572,False,-0.04153994,-0.53394948,-0.31887829,-0.12761137597018798,-0.5324130237763569,-0.3167697157197257,-0.08607143597018799,0.0015364562236430679,0.0021085742802743335,0.08611096836752434
AgSi_registry_holdout_v16_01,v16,v16,48,744883,Ag,4.1053665107910176,True,0.04222256,-0.41639347,0.06791688,0.05831758301271704,-0.3699607790586412,0.05736618037920431,0.016095023012717043,0.04643269094135877,-0.01055069962079569,0.05026292685791278
AgSi_registry_holdout_v16_01,v16,v16,49,752169,Ag,4.05224804894446,True,-0.47026493,0.25000509,0.00185185,-0.4521282759677344,0.23083482307947564,0.003011182906034103,0.01813665403226561,-0.019170266920524343,0.0011593329060341031,0.026415552352302984
AgSi_registry_holdout_v16_01,v16,v16,50,755982,Ag,4.9813671046072345,False,-0.49151362,0.01355526,-0.46480988,-0.5315108651567476,-0.06107759547060991,-0.4579654415462761,-0.03999724515674763,-0.07463285547060991,0.0068444384537239,0.08495109813046994
AgTi_registry_holdout_v16_01,v16,v15,0,478831,C,4.674273227973479,False,-1.71971589,2.51419442,0.13609247,-1.8678658740312328,2.487202778250495,0.12752845346474506,-0.1481499840312328,-0.026991641749504858,-0.008564016535254931,0.15083205518723222
AgTi_registry_holdout_v16_01,v16,v15,1,478840,Ti,5.172953269483752,False,1.33219018,-0.85541935,3.99411912,1.4937251000684042,-0.8436746953057976,4.053960411273743,0.1615349200684042,0.011744654694202383,0.059841291273742936,0.17266281434258138
AgTi_registry_holdout_v16_01,v16,v15,2,478841,Si,5.462669004673153,False,-1.06191532,-0.44776841,1.43974513,-1.1909547795334459,-0.3512478679395656,1.4122593494986946,-0.12903945953344587,0.09652054206043442,-0.027485780501305346,0.16347129804981006
AgTi_registry_holdout_v16_01,v16,v15,3,478844,C,5.203626173027497,False,-4.03705085,0.16459591,0.57812499,-4.055133127979655,0.11034285338140162,0.589944230358265,-0.018082277979655004,-0.05425305661859839,0.011819240358265093,0.05839569651987037
AgTi_registry_holdout_v16_01,v16,v15,4,479021,Ti,3.005196538773012,True,1.04874876,-1.12519192,-1.17653381,0.9177394123982325,-1.3470247410417666,-1.0668518503035658,-0.13100934760176752,-0.2218328210417666,0.10968195969643424,0.2800060391013726
AgTi_registry_holdout_v16_01,v16,v15,5,479027,Ti,0.0,True,0.17715882,0.5339698,1.38359802,0.69528609023141,0.43307110492885026,1.3355101673283343,0.5181272702314099,-0.10089869507114979,-0.04808785267166571,0.5300460889385801
AgTi_registry_holdout_v16_01,v16,v15,6,479028,Ti,3.3241615244369025,True,-0.41686397,0.56433266,-1.99770054,-0.46097865273953126,0.5477775745666164,-1.9186985314039346,-0.044114682739531286,-0.016555085433383687,0.07900200859606543,0.09198637643221375
AgTi_registry_holdout_v16_01,v16,v15,7,479030,C,2.056509408011863,True,-0.72176928,-1.17419675,0.46723666,-0.8296966301941711,-1.0376297398642682,0.44995681220724754,-0.1079273501941711,0.1365670101357317,-0.01727984779275249,0.1749212803437277
AgTi_registry_holdout_v16_01,v16,v15,8,479031,C,5.329006639046365,False,3.57254245,-2.36857273,-0.94421152,3.5255517317924627,-2.317140759935076,-0.9298972843716377,-0.046990718207537086,0.05143197006492395,0.014314235628362315,0.07112153319525436
AgTi_registry_holdout_v16_01,v16,v15,9,480798,C,4.577502766010515,False,-1.2798445,0.96590484,2.02889675,-1.0848857713233264,0.8925772967659903,2.10113193110102,0.19495872867667363,-0.0733275432340097,0.07223518110102001,0.2204625951780881
AgTi_registry_holdout_v16_01,v16,v15,10,480801,Ti,4.1978451386043325,True,4.27949729,-0.84376796,0.12831231,4.284885745058199,-0.7662740917765924,0.06380284480216984,0.005388455058199071,0.07749386822340754,-0.06450946519783017,0.10097428464837542
AgTi_registry_holdout_v16_01,v16,v15,11,480802,C,5.213721101477046,False,0.14458538,1.42660511,3.00726744,0.23232744965899077,1.3850926309022966,3.098595335716513,0.08774206965899076,-0.04151247909770328,0.09132789571651267,0.1332769344068457
AgTi_registry_holdout_v16_01,v16,v15,12,480805,C,1.9646561542639767,True,-1.18401904,-0.33297886,-0.32295298,-1.436066914669135,-0.33709887061147104,-0.4249362827667569,-0.25204787466913503,-0.004120010611471048,-0.10198330276675688,0.2719295858414134
AgTi_registry_holdout_v16_01,v16,v15,13,480807,C,3.849792736590153,True,0.91634703,0.2702576,-0.44207636,1.0371775419017366,0.4067981582103624,-0.38335273835563843,0.12083051190173666,0.13654055821036243,0.05872362164436157,0.19155103858205316
AgTi_registry_holdout_v16_01,v16,v15,14,480810,Ti,2.7221911018636655,True,-0.79095417,-0.25230587,-0.41478041,-0.9015850493465509,-0.2320096587166961,-0.3424695517634271,-0.11063087934655091,0.02029621128330389,0.0723108582365729,0.1337160718700537
AgTi_registry_holdout_v16_01,v16,v15,15,480811,Ti,4.091182493762058,True,0.02249481,0.43046136,-1.20247722,-0.0572547527058683,0.37356522529906966,-1.2163742175720733,-0.0797495627058683,-0.056896134700930356,-0.0138969975720733,0.09894589146195935
AgTi_registry_holdout_v16_01,v16,v15,16,480812,Ti,3.140817251985049,True,1.50918009,-0.24438554,0.07411619,1.5824836192595924,-0.219864296515563,-0.1647403805132086,0.07330352925959227,0.024521243484437016,-0.2388565705132086,0.25105210626733715
AgTi_registry_holdout_v16_01,v16,v15,17,480813,C,4.684369524963583,False,0.55466467,-0.88880894,1.03707693,0.5685654533627202,-0.8891033721311261,1.0812168089454852,0.01390078336272027,-0.0002944321311261211,0.04413987894548521,0.04627793622990559
AgTi_registry_holdout_v16_01,v16,v15,18,480974,C,5.665882932717777,False,0.26418344,1.7383636,-3.72927712,0.23728429426363784,1.6393227348647934,-3.8739620520778257,-0.02689914573636215,-0.0990408651352066,-0.14468493207782585,0.177387673129903
AgTi_registry_holdout_v16_01,v16,v15,19,480975,C,4.202856667518898,True,-0.2473905,1.70441902,-1.51894045,-0.2879952189301779,1.5677149661335328,-1.5217894514651054,-0.04060471893017786,-0.13670405386646722,-0.0028490014651052498,0.1426354035724402
AgTi_registry_holdout_v16_01,v16,v15,20,480980,Ti,3.2188820937445066,True,2.24029701,-2.15882511,-0.22244132,2.2566502462763474,-2.1917220112376974,-0.2737301325308207,0.016353236276347438,-0.032896901237697396,-0.05128881253082068,0.0630886419141713
AgTi_registry_holdout_v16_01,v16,v15,21,682693,Ag,2.9549065764862306,True,-0.43455131,0.09651873,-0.2497505,-0.5354047433330921,0.36635450005023906,-0.2569871547289518,-0.10085343333309205,0.26983577005023907,-0.007236654728951797,0.2881581631419523
AgTi_registry_holdout_v16_01,v16,v15,22,685396,Ag,4.917572941401174,False,-0.37108069,-0.11467712,-0.17031471,-0.34743856691253566,-0.1530815335541623,-0.17751469669875355,0.02364212308746433,-0.0384044135541623,-0.007199986698753547,0.045669341718314334
AgTi_registry_holdout_v16_01,v16,v15,23,685467,Ag,2.8207327203303767,True,0.0973218,0.37120466,-0.10351753,0.13436386025498362,0.3945812088966673,-0.13749826701783502,0.03704206025498362,0.023376548896667293,-0.03398073701783502,0.05543706120031416
AgTi_registry_holdout_v16_01,v16,v15,24,686309,Ag,2.895749658249791,True,-0.14924409,-0.17443055,0.35170577,-0.13730340116518297,-0.14961941512808524,0.3495442015312694,0.011940688834817026,0.024811134871914747,-0.002161568468730557,0.02761964593776101
AgTi_registry_holdout_v16_01,v16,v15,25,686324,Ag,2.816620715577418,True,0.32542984,-0.1100768,0.2138171,0.3341776852500504,-0.11286872714030279,0.22768409808183893,0.008747845250050401,-0.002791927140302783,0.013866998081838916,0.016631695327816488
AgTi_registry_holdout_v16_01,v16,v15,26,686418,Ag,4.100227577009648,True,0.0087549,0.06355001,-0.02835133,0.05175186480559226,0.05623384792779139,-0.006723241315506175,0.04299696480559226,-0.007316162072208615,0.021628088684493826,0.048683050747713966
AgTi_registry_holdout_v16_01,v16,v15,27,686622,Ag,3.9555335435419665,True,-0.36641498,0.17757049,0.17533999,-0.31720136602261834,0.1635734857033655,0.1857418202030564,0.049213613977381665,-0.013997004296634502,0.010401830203056406,0.0522120101276321
AgTi_registry_holdout_v16_01,v16,v15,28,686899,Ag,4.963910812163525,False,-0.13315638,0.00428714,-0.21397241,-0.1065311277293533,-0.010684854842709243,-0.18696140673085374,0.026625252270646688,-0.014971994842709243,0.027011003269146266,0.04077571563628919
AgTi_registry_holdout_v16_01,v16,v15,29,687243,Ag,4.95886913357786,False,-0.25411527,0.34873109,-0.17997022,-0.22921865164530078,0.32670876977614727,-0.14651134409444289,0.024896618354699224,-0.022022320223852754,0.0334588759055571,0.04716270317109623
AgTi_registry_holdout_v16_01,v16,v15,30,687247,Ag,0.0,True,-0.89557988,0.30320349,-0.11258083,-0.9973386341954866,0.3340986879637898,-0.11400549691020467,-0.10175875419548663,0.030895197963789756,-0.0014246669102046666,0.10635500452937915
AgTi_registry_holdout_v16_01,v16,v15,31,688096,Ag,2.9215788846960136,True,-0.41708964,0.14904557,-0.20961519,-0.45452267780792466,0.14340116130740818,-0.20682062772335708,-0.037433037807924674,-0.005644408692591807,0.0027945622766429312,0.03795920504089304
AgTi_registry_holdout_v16_01,v16,v15,32,688280,Ag,4.9765046872669805,False,-0.31042191,0.49646915,0.06978563,-0.33730752155461585,0.47925122860115543,0.12287242094970623,-0.02688561155461583,-0.017217921398844593,0.053086790949706225,0.06194756088257466
AgTi_registry_holdout_v16_01,v16,v15,33,688689,Ag,4.098857205957061,True,-0.17136999,-0.09961106,-0.12957013,-0.14190383182505442,-0.146991626662781,-0.0999257229185537,0.029466158174945578,-0.04738056666278101,0.029644407081446306,0.06318198672159377
AgTi_registry_holdout_v16_01,v16,v15,34,688707,Ag,4.976005319263195,False,-0.07885553,-0.22284452,-0.05399571,-0.034846481712009214,-0.23487271191063308,-0.04636375362294887,0.04400904828799078,-0.01202819191063309,0.007631956377051136,0.04625711285840195
AgTi_registry_holdout_v16_01,v16,v15,35,689682,Ag,2.819413370560445,True,0.28138694,-0.26375888,-0.01378689,0.2631461725832881,-0.291375097915921,-0.009032257213687687,-0.01824076741671188,-0.027616217915921004,0.004754632786312312,0.03343632187999885
AgTi_registry_holdout_v16_01,v16,v15,36,690927,Ag,4.462092891743541,True,0.05296329,-0.34983579,-0.18377031,0.05467084677559256,-0.32308920354392934,-0.14671686767964406,0.0017075567755925544,0.026746586456070642,0.03705344232035593,0.04573022222755841
AgTi_registry_holdout_v16_01,v16,v15,37,691757,Ag,5.811239762179728,False,0.06795197,-0.30209881,-0.30420733,0.044319992099820064,-0.29817283229325875,-0.28023373114508016,-0.023631977900179936,0.003925977706741246,0.023973598854919842,0.033891254365765754
AgTi_registry_holdout_v16_01,v16,v15,38,694331,Ag,5.039372450400159,False,0.032041,0.25786979,-0.49643279,-0.03194896720053042,0.25178576629948207,-0.4942394763080615,-0.06398996720053042,-0.006084023700517915,0.0021933136919385365,0.06431595347707028
AgTi_registry_holdout_v16_01,v16,v15,39,696686,Ag,4.957159925809062,False,-0.26588612,0.1045535,-0.4136435,-0.2943478595984261,0.12740350999970945,-0.41244990221135724,-0.028461739598426072,0.02285000999970946,0.001193597788642753,0.03651873839053712
AgTi_registry_holdout_v16_01,v16,v15,40,700223,Ag,5.055467974974406,False,-0.64860318,0.4790537,-0.2289823,-0.6558872245931715,0.4967517234780417,-0.16995706441154976,-0.007284044593171557,0.01769802347804167,0.05902523558845024,0.06205042930501512
AgTi_registry_holdout_v16_01,v16,v15,41,701905,Ag,4.599100623855736,False,0.02122971,-0.48870852,-0.96224777,0.10286965016205452,-0.40364698909703645,-0.8024315547662524,0.08163994016205452,0.08506153090296353,0.15981621523374756,0.19859951289179736
AgTi_registry_holdout_v16_01,v16,v15,42,703736,Ag,4.987858050452795,False,-0.32495809,-0.64804296,0.10455596,-0.3589671933454134,-0.6282947022613101,0.17268270257098906,-0.034009103345413405,0.019748257738689823,0.06812674257098905,0.07866298905715789
AgTi_registry_holdout_v16_01,v16,v15,43,704767,Ag,2.920469065462096,True,-0.03216754,-0.09732678,-0.46118552,0.0572187181957553,-0.13629631683898927,-0.5113817106407681,0.0893862581957553,-0.038969536838989266,-0.05019619064076808,0.10967308471328736
AgTi_registry_holdout_v16_01,v16,v15,44,716228,Ag,2.8310294406726544,True,0.01998368,0.05523286,-0.57410046,0.007774698830818813,0.08627031545707599,-0.6074794462346654,-0.012208981169181187,0.031037455457075987,-0.0333789862346654,0.04718622240117743
AgTi_registry_holdout_v16_01,v16,v15,45,720990,Ag,2.9031087124829646,True,-0.32006876,-0.02892319,-0.30168808,-0.27092379599497957,-0.029994306344397703,-0.38241868654366934,0.04914496400502044,-0.0010711163443977018,-0.08073060654366931,0.09451881088009272
AgTi_registry_holdout_v16_01,v16,v15,46,721910,Ag,3.877837691296006,True,-0.16278075,-0.46618352,1.22245881,-0.18540582787237528,-0.36458212243232613,1.1082958446878863,-0.022625077872375277,0.10160139756767389,-0.11416296531211367,0.15449246190442575
AgTi_registry_holdout_v16_01,v16,v15,47,728014,Ag,4.991197998768105,False,-0.23153265,0.27337325,0.57561674,-0.23523463690793917,0.24409481989302773,0.5311399703269286,-0.0037019869079391587,-0.029278430106972286,-0.04447676967307135,0.053377094498922036
AgTi_registry_holdout_v16_01,v16,v15,48,741114,Ag,5.066627214756494,False,0.06102061,0.55926833,0.37730366,-0.03782089236058443,0.5023861963841516,0.3005874789922447,-0.09884150236058444,-0.056882133615848374,-0.07671618100775529,0.13744305054095432
AgTi_registry_holdout_v16_01,v16,v16,0,478831,C,4.674273227973479,False,-1.71971589,2.51419442,0.13609247,-1.856679915061378,2.4857692955689994,0.1435533252048229,-0.13696402506137795,-0.028425124431000537,0.007460855204822897,0.14008139141341708
AgTi_registry_holdout_v16_01,v16,v16,1,478840,Ti,5.172953269483752,False,1.33219018,-0.85541935,3.99411912,1.4531952844197598,-0.887851046060444,4.07099369954228,0.12100510441975976,-0.03243169606044394,0.07687457954227961,0.14698214580280236
AgTi_registry_holdout_v16_01,v16,v16,2,478841,Si,5.462669004673153,False,-1.06191532,-0.44776841,1.43974513,-1.1600465248615246,-0.3806340063015655,1.4374107281096746,-0.0981312048615246,0.06713440369843449,-0.0023344018903252994,0.1189210282486005
AgTi_registry_holdout_v16_01,v16,v16,3,478844,C,5.203626173027497,False,-4.03705085,0.16459591,0.57812499,-4.0092349372763865,0.12477013798453554,0.6331470923500472,0.0278159127236135,-0.03982577201546447,0.05502210235004723,0.07339788051636444
AgTi_registry_holdout_v16_01,v16,v16,4,479021,Ti,3.005196538773012,True,1.04874876,-1.12519192,-1.17653381,0.9015796487321799,-1.1890787019931737,-1.130792853345139,-0.14716911126782017,-0.06388678199317366,0.045740956654861,0.16683076257245005
AgTi_registry_holdout_v16_01,v16,v16,5,479027,Ti,0.0,True,0.17715882,0.5339698,1.38359802,0.46737145734414903,0.48342679468523564,1.2659620606245094,0.29021263734414904,-0.05054300531476441,-0.11763595937549054,0.31720055043881457
AgTi_registry_holdout_v16_01,v16,v16,6,479028,Ti,3.3241615244369025,True,-0.41686397,0.56433266,-1.99770054,-0.43241102419480676,0.5478953022879662,-1.933653578655351,-0.015547054194806786,-0.016437357712033807,0.06404696134464904,0.06792577478522115
AgTi_registry_holdout_v16_01,v16,v16,7,479030,C,2.056509408011863,True,-0.72176928,-1.17419675,0.46723666,-0.8087178437767116,-1.0970818887033742,0.4918132217278772,-0.08694856377671167,0.0771148612966257,0.0245765617278772,0.11878872826154371
AgTi_registry_holdout_v16_01,v16,v16,8,479031,C,5.329006639046365,False,3.57254245,-2.36857273,-0.94421152,3.5005615791093634,-2.3145503787894537,-0.906509703872919,-0.07198087089063643,0.054022351210546216,0.03770181612708101,0.09757605825083478
AgTi_registry_holdout_v16_01,v16,v16,9,480798,C,4.577502766010515,False,-1.2798445,0.96590484,2.02889675,-1.1330131476166239,0.8905636086408809,2.09184445556311,0.1468313523833762,-0.07534123135911908,0.06294770556311002,0.17663001109975476
AgTi_registry_holdout_v16_01,v16,v16,10,480801,Ti,4.1978451386043325,True,4.27949729,-0.84376796,0.12831231,4.2889157484836335,-0.7302021140250973,0.06292263012049368,0.00941845848363343,0.11356584597490271,-0.06538967987950633,0.13138386113578626
AgTi_registry_holdout_v16_01,v16,v16,11,480802,C,5.213721101477046,False,0.14458538,1.42660511,3.00726744,0.22631117287382824,1.3889017827038692,3.0136756812271264,0.08172579287382822,-0.037703327296130684,0.0064082412271262434,0.09023143391124884
AgTi_registry_holdout_v16_01,v16,v16,12,480805,C,1.9646561542639767,True,-1.18401904,-0.33297886,-0.32295298,-1.3339599972201799,-0.3151359782742016,-0.37567980441386695,-0.14994095722017997,0.0178428817257984,-0.052726824413866946,0.15993991713501488
AgTi_registry_holdout_v16_01,v16,v16,13,480807,C,3.849792736590153,True,0.91634703,0.2702576,-0.44207636,1.0561338593510623,0.36442614463043194,-0.34568861707270415,0.13978682935106235,0.09416854463043195,0.09638774292729585,0.19416145200439544
AgTi_registry_holdout_v16_01,v16,v16,14,480810,Ti,2.7221911018636655,True,-0.79095417,-0.25230587,-0.41478041,-0.8096543004892358,-0.2837133007238414,-0.3515993460322703,-0.0187001304892358,-0.03140743072384139,0.06318106396772971,0.07299293410380005
AgTi_registry_holdout_v16_01,v16,v16,15,480811,Ti,4.091182493762058,True,0.02249481,0.43046136,-1.20247722,-0.018730336513506335,0.3701883058702692,-1.1966012507793498,-0.04122514651350634,-0.06027305412973083,0.005875969220650257,0.07325899790106029
AgTi_registry_holdout_v16_01,v16,v16,16,480812,Ti,3.140817251985049,True,1.50918009,-0.24438554,0.07411619,1.5678550064583074,-0.24972730008472832,-0.1329164640008874,0.05867491645830736,-0.005341760084728309,-0.2070326540008874,0.21525287464943021
AgTi_registry_holdout_v16_01,v16,v16,17,480813,C,4.684369524963583,False,0.55466467,-0.88880894,1.03707693,0.5622202713493369,-0.907545082806295,1.0663352631021175,0.007555601349336971,-0.018736142806294986,0.02925833310211745,0.0355553120492908
AgTi_registry_holdout_v16_01,v16,v16,18,480974,C,5.665882932717777,False,0.26418344,1.7383636,-3.72927712,0.2858949411849502,1.6359558884835042,-3.7692071706201182,0.021711501184950188,-0.10240771151649586,-0.03993005062011834,0.11204078545009913
AgTi_registry_holdout_v16_01,v16,v16,19,480975,C,4.202856667518898,True,-0.2473905,1.70441902,-1.51894045,-0.265232188276907,1.6748246784124712,-1.5103435510946523,-0.017841688276906964,-0.029594341587528827,0.00859689890534776,0.03560979591851696
AgTi_registry_holdout_v16_01,v16,v16,20,480980,Ti,3.2188820937445066,True,2.24029701,-2.15882511,-0.22244132,2.282122774693112,-2.2034738527723756,-0.2699915544247756,0.041825764693112166,-0.04464874277237563,-0.04755023442477563,0.07748502834205115
AgTi_registry_holdout_v16_01,v16,v16,21,682693,Ag,2.9549065764862306,True,-0.43455131,0.09651873,-0.2497505,-0.5461008352510069,0.2614884136324367,-0.24720321534296139,-0.11154952525100692,0.1649696836324367,0.002547284657038601,0.19916019120455591
AgTi_registry_holdout_v16_01,v16,v16,22,685396,Ag,4.917572941401174,False,-0.37108069,-0.11467712,-0.17031471,-0.37144449790726203,-0.14540496939476139,-0.17422110952365208,-0.00036380790726203704,-0.030727849394761392,-0.003906399523652071,0.030977298814759715
AgTi_registry_holdout_v16_01,v16,v16,23,685467,Ag,2.8207327203303767,True,0.0973218,0.37120466,-0.10351753,0.12799077107000995,0.3855611070779513,-0.1308126331673036,0.030668971070009945,0.014356447077951306,-0.027295103167303603,0.04349386182105321
AgTi_registry_holdout_v16_01,v16,v16,24,686309,Ag,2.895749658249791,True,-0.14924409,-0.17443055,0.35170577,-0.12275115041191366,-0.16268542065039887,0.351690935388382,0.026492939588086337,0.011745129349601119,-1.4834611617997595e-05,0.028979719314074726
AgTi_registry_holdout_v16_01,v16,v16,25,686324,Ag,2.816620715577418,True,0.32542984,-0.1100768,0.2138171,0.329098622704613,-0.10567790033611539,0.21274387084553928,0.0036687827046129606,0.004398899663884612,-0.0010732291544607309,0.005827701571338038
AgTi_registry_holdout_v16_01,v16,v16,26,686418,Ag,4.100227577009648,True,0.0087549,0.06355001,-0.02835133,0.05947277110439835,0.06669186411728578,-0.005238694214496135,0.05071787110439835,0.003141854117285778,0.023112635785503866,0.05582443577511576
AgTi_registry_holdout_v16_01,v16,v16,27,686622,Ag,3.9555335435419665,True,-0.36641498,0.17757049,0.17533999,-0.3409420660236604,0.17255559986492103,0.17994244400926557,0.025472913976339606,-0.00501489013507897,0.004602454009265566,0.02636666555369326
AgTi_registry_holdout_v16_01,v16,v16,28,686899,Ag,4.963910812163525,False,-0.13315638,0.00428714,-0.21397241,-0.12144733238066394,-0.0019555082791037487,-0.20868837644499416,0.011709047619336055,-0.006242648279103749,0.00528403355500584,0.01428262805995115
AgTi_registry_holdout_v16_01,v16,v16,29,687243,Ag,4.95886913357786,False,-0.25411527,0.34873109,-0.17997022,-0.24861273711397217,0.3482654224656076,-0.15633698120884715,0.005502532886027839,-0.00046566753439242214,0.02363323879115284,0.02426983086414193
AgTi_registry_holdout_v16_01,v16,v16,30,687247,Ag,0.0,True,-0.89557988,0.30320349,-0.11258083,-0.9312561008158968,0.3226007709768713,-0.12280614354128108,-0.03567622081589683,0.019397280976871267,-0.010225313541281075,0.04187605853011752
AgTi_registry_holdout_v16_01,v16,v16,31,688096,Ag,2.9215788846960136,True,-0.41708964,0.14904557,-0.20961519,-0.457201193787522,0.15742199421199662,-0.19734375188337894,-0.040111553787522014,0.008376424211996636,0.01227143811662107,0.04277486906208663
AgTi_registry_holdout_v16_01,v16,v16,32,688280,Ag,4.9765046872669805,False,-0.31042191,0.49646915,0.06978563,-0.34322628753728124,0.49002584354871115,0.11770066602749257,-0.032804377537281215,-0.006443306451288877,0.04791503602749257,0.05842511498619077
AgTi_registry_holdout_v16_01,v16,v16,33,688689,Ag,4.098857205957061,True,-0.17136999,-0.09961106,-0.12957013,-0.15293847530055824,-0.13503058406846843,-0.11800906339335412,0.018431514699441764,-0.03541952406846843,0.011561066606645881,0.041568277333031915
AgTi_registry_holdout_v16_01,v16,v16,34,688707,Ag,4.976005319263195,False,-0.07885553,-0.22284452,-0.05399571,-0.05375517258817537,-0.25300512839614026,-0.042494604450915255,0.02510035741182462,-0.030160608396140265,0.011501105549084747,0.0408896768130766
AgTi_registry_holdout_v16_01,v16,v16,35,689682,Ag,2.819413370560445,True,0.28138694,-0.26375888,-0.01378689,0.254169051966845,-0.28132089246892433,-0.012722467611375993,-0.027217888033154947,-0.01756201246892436,0.0010644223886240069,0.03240942310448333
AgTi_registry_holdout_v16_01,v16,v16,36,690927,Ag,4.462092891743541,True,0.05296329,-0.34983579,-0.18377031,0.07035209912152215,-0.31681978328875615,-0.16375490934737238,0.01738880912152215,0.03301600671124383,0.020015400652627607,0.04234434608193678
AgTi_registry_holdout_v16_01,v16,v16,37,691757,Ag,5.811239762179728,False,0.06795197,-0.30209881,-0.30420733,0.05865735158194754,-0.3184010891340547,-0.2982579953900217,-0.009294618418052458,-0.016302279134054687,0.005949334609978318,0.01968625964482133
AgTi_registry_holdout_v16_01,v16,v16,38,694331,Ag,5.039372450400159,False,0.032041,0.25786979,-0.49643279,-0.010577691163029923,0.255045267240544,-0.49769230620525073,-0.04261869116302992,-0.002824522759455994,-0.0012595162052507214,0.04273075176427041
AgTi_registry_holdout_v16_01,v16,v16,39,696686,Ag,4.957159925809062,False,-0.26588612,0.1045535,-0.4136435,-0.3026125928427308,0.13401448203487662,-0.42678745232989224,-0.036726472842730784,0.029460982034876626,-0.013143952329892239,0.04888299042384421
AgTi_registry_holdout_v16_01,v16,v16,40,700223,Ag,5.055467974974406,False,-0.64860318,0.4790537,-0.2289823,-0.6806949460818188,0.50767011889289,-0.20799999695709845,-0.03209176608181885,0.028616418892890017,0.02098230304290155,0.04784389116164871
AgTi_registry_holdout_v16_01,v16,v16,41,701905,Ag,4.599100623855736,False,0.02122971,-0.48870852,-0.96224777,0.054197727954930996,-0.43272999752109187,-0.8692451422366658,0.032968017954931,0.05597852247890811,0.09300262776333412,0.1134459076286296
AgTi_registry_holdout_v16_01,v16,v16,42,703736,Ag,4.987858050452795,False,-0.32495809,-0.64804296,0.10455596,-0.3622522409002108,-0.6560984761599276,0.15609276062415486,-0.03729415090021082,-0.008055516159927611,0.05153680062415486,0.06412321615877076
AgTi_registry_holdout_v16_01,v16,v16,43,704767,Ag,2.920469065462096,True,-0.03216754,-0.09732678,-0.46118552,0.03772991187405436,-0.128818314649655,-0.5040589511287581,0.06989745187405436,-0.03149153464965501,-0.04287343112875808,0.08783792819635791
AgTi_registry_holdout_v16_01,v16,v16,44,716228,Ag,2.8310294406726544,True,0.01998368,0.05523286,-0.57410046,0.0034557825154816688,0.0924844488775194,-0.6226936527719831,-0.01652789748451833,0.0372515888775194,-0.04859319277198304,0.06342042772588008
AgTi_registry_holdout_v16_01,v16,v16,45,720990,Ag,2.9031087124829646,True,-0.32006876,-0.02892319,-0.30168808,-0.2864147846096871,-0.043621219986505394,-0.35499335320075665,0.033653975390312896,-0.014698029986505393,-0.05330527320075662,0.0647307832183676
AgTi_registry_holdout_v16_01,v16,v16,46,721910,Ag,3.877837691296006,True,-0.16278075,-0.46618352,1.22245881,-0.18767246121403053,-0.39903101086555404,1.1127352295454842,-0.024891711214030526,0.06715250913444598,-0.1097235804545158,0.1310279393029332
AgTi_registry_holdout_v16_01,v16,v16,47,728014,Ag,4.991197998768105,False,-0.23153265,0.27337325,0.57561674,-0.23476059063975716,0.25855490814841675,0.5534425423234994,-0.0032279406397571486,-0.014818341851583261,-0.02217419767650053,0.026864435571973242
AgTi_registry_holdout_v16_01,v16,v16,48,741114,Ag,5.066627214756494,False,0.06102061,0.55926833,0.37730366,-0.004944462037048333,0.5204917653758149,0.3223380883265159,-0.06596507203704834,-0.038776564624185106,-0.05496557167348409,0.09421372916034848
