label,category,parent_family_id,model,prediction_origin,index_zero_based,atom_id,element,x_A,y_A,z_A,DFT_Fx_eV_A,DFT_Fy_eV_A,DFT_Fz_eV_A,model_Fx_eV_A,model_Fy_eV_A,model_Fz_eV_A,error_Fx_eV_A,error_Fy_eV_A,error_Fz_eV_A,error_norm_eV_A
Ag_baseline_k8x8x8_v19,solid_Ag_baseline,Ag_fcc_bulk_parent_v19,V18,reused_v18_audit_per_atom.csv,0,1,Ag,,,0.0,-1.0384603748693034e-26,4.326918228622097e-27,-1.0384603748693034e-26,7.113721504220516e-17,1.5534584252643868e-16,2.1723708829090809e-16,7.113721505258976e-17,1.5534584252211176e-16,2.172370883012927e-16,2.763779779359542e-16
Ag_baseline_k8x8x8_v19,solid_Ag_baseline,Ag_fcc_bulk_parent_v19,V18,reused_v18_audit_per_atom.csv,1,2,Ag,,,2.045,0.0,5.699811657971505e-06,5.699811657971502e-06,-9.446111427779957e-18,8.128128161852266e-17,-3.646307431340312e-17,-9.446111427779957e-18,-5.6998116578902235e-06,-5.699811658007965e-06,8.060750949643886e-06
Ag_baseline_k8x8x8_v19,solid_Ag_baseline,Ag_fcc_bulk_parent_v19,V18,reused_v18_audit_per_atom.csv,2,3,Ag,,,2.045,5.699811657971503e-06,3.854418758056564e-24,5.699811657971505e-06,-9.554531645028508e-17,1.009256697312444e-16,-2.3093506273941244e-17,-5.699811658067048e-06,1.0092566587682564e-16,-5.699811657994598e-06,8.060750949759469e-06
Ag_baseline_k8x8x8_v19,solid_Ag_baseline,Ag_fcc_bulk_parent_v19,V18,reused_v18_audit_per_atom.csv,3,4,Ag,,,0.0,5.699811657971502e-06,5.699811657971503e-06,2.2153821330545137e-25,4.484531235943168e-17,1.643921544031146e-16,-2.2307459698889254e-17,-5.699811657926657e-06,-5.699811657807111e-06,-2.2307459920427468e-17,8.060750949527623e-06
Ag_baseline_k8x8x8_v19,solid_Ag_baseline,Ag_fcc_bulk_parent_v19,V18,reused_v18_audit_per_atom.csv,4,5,Ag,,,4.09,0.0,0.0,-1.0384603748693034e-26,-8.306343893954571e-17,1.2014727876451138e-16,-1.1461821052506612e-17,-8.306343893954571e-17,1.2014727876451138e-16,-1.1461821042122008e-17,1.465137427840217e-16
Ag_baseline_k8x8x8_v19,solid_Ag_baseline,Ag_fcc_bulk_parent_v19,V18,reused_v18_audit_per_atom.csv,5,6,Ag,,,6.135,8.861528532218055e-25,5.699811657971505e-06,-5.699811657971502e-06,-1.1382089932024386e-16,2.110331766107254e-16,9.38173692378863e-17,-1.138209002063967e-16,-5.6998116577604716e-06,5.6998116580653196e-06,8.060750949592693e-06
Ag_baseline_k8x8x8_v19,solid_Ag_baseline,Ag_fcc_bulk_parent_v19,V18,reused_v18_audit_per_atom.csv,6,7,Ag,,,6.135,5.699811657971503e-06,3.544611412887222e-24,-5.699811657971505e-06,-1.917682592583736e-17,6.579074307913602e-17,1.3209648219020265e-16,-5.69981165799068e-06,6.57907395345246e-17,5.699811658103601e-06,8.060750949782544e-06
Ag_baseline_k8x8x8_v19,solid_Ag_baseline,Ag_fcc_bulk_parent_v19,V18,reused_v18_audit_per_atom.csv,7,8,Ag,,,4.09,1.911883917116014e-05,1.9118839171160148e-05,0.0,1.073292388124869e-16,7.825229179914128e-17,-3.873440889513619e-17,-1.9118839171052812e-05,-1.9118839171081896e-05,-3.873440889513619e-17,2.7038121652553436e-05
Ag_baseline_k8x8x8_v19,solid_Ag_baseline,Ag_fcc_bulk_parent_v19,V18,reused_v18_audit_per_atom.csv,8,9,Ag,,,0.0,0.0,-1.0384603748693034e-26,0.0,2.2388774861825667e-17,-2.6897023020291955e-16,4.502405125058231e-19,2.2388774861825667e-17,-2.6897023019253493e-16,4.502405125058231e-19,2.699008052714142e-16
Ag_baseline_k8x8x8_v19,solid_Ag_baseline,Ag_fcc_bulk_parent_v19,V18,reused_v18_audit_per_atom.csv,9,10,Ag,,,2.045,2.2153821330545138e-24,-5.699811657971502e-06,5.699811657971505e-06,2.0050963927403798e-16,-4.476538317598104e-17,-4.6383524191645487e-17,2.0050963705865584e-16,5.6998116579267365e-06,-5.699811658017888e-06,8.06075094967672e-06
Ag_baseline_k8x8x8_v19,solid_Ag_baseline,Ag_fcc_bulk_parent_v19,V18,reused_v18_audit_per_atom.csv,10,11,Ag,,,2.045,1.911883917116014e-05,-7.089222825774444e-24,1.9118839171160145e-05,-8.357843497147632e-17,-1.531435568635775e-17,-2.2800094061012355e-16,-1.911883917124372e-05,-1.5314348597134924e-17,-1.9118839171388146e-05,2.7038121652904978e-05
Ag_baseline_k8x8x8_v19,solid_Ag_baseline,Ag_fcc_bulk_parent_v19,V18,reused_v18_audit_per_atom.csv,11,12,Ag,,,0.0,5.699811657971502e-06,-5.699811657971501e-06,0.0,4.9243107421576005e-17,-9.44068741155353e-17,2.0137700101202638e-16,-5.699811657922259e-06,5.6998116578770944e-06,2.0137700101202638e-16,8.060750949574e-06
Ag_baseline_k8x8x8_v19,solid_Ag_baseline,Ag_fcc_bulk_parent_v19,V18,reused_v18_audit_per_atom.csv,12,13,Ag,,,4.09,5.192301874346517e-27,0.0,0.0,-4.225381439881669e-17,-2.1534965650993332e-17,-9.021911688292468e-17,-4.225381440400899e-17,-2.1534965650993332e-17,-9.021911688292468e-17,1.019246222873194e-16
Ag_baseline_k8x8x8_v19,solid_Ag_baseline,Ag_fcc_bulk_parent_v19,V18,reused_v18_audit_per_atom.csv,13,14,Ag,,,6.135,3.544611412887222e-24,-5.699811657971502e-06,-5.699811657971505e-06,8.096279723035504e-17,-6.394288353804065e-17,-4.214158319179595e-17,8.096279368574363e-17,5.69981165790756e-06,5.699811657929363e-06,8.060750949600564e-06
Ag_baseline_k8x8x8_v19,solid_Ag_baseline,Ag_fcc_bulk_parent_v19,V18,reused_v18_audit_per_atom.csv,14,15,Ag,,,6.135,1.9118839171160138e-05,1.3292292798327083e-24,-1.9118839171160145e-05,3.272257681832813e-17,-1.3758525568841051e-16,1.0640766696587423e-16,-1.9118839171127415e-05,-1.3758525701763978e-16,1.9118839171266553e-05,2.703812165273676e-05
Ag_baseline_k8x8x8_v19,solid_Ag_baseline,Ag_fcc_bulk_parent_v19,V18,reused_v18_audit_per_atom.csv,15,16,Ag,,,4.09,1.9118839171160138e-05,-1.911883917116015e-05,1.3292292798327083e-24,-3.289198340777899e-17,8.310382226613966e-18,-1.0519644214513286e-16,-1.911883917119303e-05,1.9118839171168463e-05,-1.0519644347436214e-16,2.7038121652713796e-05
Ag_baseline_k8x8x8_v19,solid_Ag_baseline,Ag_fcc_bulk_parent_v19,V18,reused_v18_audit_per_atom.csv,16,17,Ag,,,0.0,-1.0384603748693034e-26,0.0,0.0,-5.2631239210593206e-17,2.5261910618912253e-17,-1.8442322576860115e-17,-5.2631239200208604e-17,2.5261910618912253e-17,-1.8442322576860115e-17,6.122361251916168e-17
Ag_baseline_k8x8x8_v19,solid_Ag_baseline,Ag_fcc_bulk_parent_v19,V18,reused_v18_audit_per_atom.csv,17,18,Ag,,,2.045,-5.316917119330833e-24,1.911883917116014e-05,1.9118839171160145e-05,-1.3767334711492496e-16,-7.788637356592742e-17,2.7267684638010437e-17,-1.3767334179800783e-16,-1.9118839171238028e-05,-1.9118839171132877e-05,2.703812165272045e-05
Ag_baseline_k8x8x8_v19,solid_Ag_baseline,Ag_fcc_bulk_parent_v19,V18,reused_v18_audit_per_atom.csv,18,19,Ag,,,2.045,-5.699811657971502e-06,1.772305706443611e-24,5.699811657971502e-06,6.897474133767218e-17,8.749511531958021e-17,-1.3118846287074604e-17,5.699811658040477e-06,8.74951135472745e-17,-5.699811657984621e-06,8.060750949733624e-06
Ag_baseline_k8x8x8_v19,solid_Ag_baseline,Ag_fcc_bulk_parent_v19,V18,reused_v18_audit_per_atom.csv,19,20,Ag,,,0.0,-5.699811657971502e-06,5.699811657971505e-06,0.0,5.416769272112331e-17,1.0176592641492066e-16,-3.754050022231059e-17,5.69981165802567e-06,-5.699811657869739e-06,-3.754050022231059e-17,8.06075094964192e-06
Ag_baseline_k8x8x8_v19,solid_Ag_baseline,Ag_fcc_bulk_parent_v19,V18,reused_v18_audit_per_atom.csv,20,21,Ag,,,4.09,0.0,5.192301874346517e-27,0.0,-7.14218181124826e-18,6.788594607521365e-17,-5.1776750320448384e-17,-7.14218181124826e-18,6.788594607002134e-17,-5.1776750320448384e-17,8.567580935475791e-17
Ag_baseline_k8x8x8_v19,solid_Ag_baseline,Ag_fcc_bulk_parent_v19,V18,reused_v18_audit_per_atom.csv,21,22,Ag,,,6.135,1.4123061098222525e-24,1.911883917116014e-05,-1.911883917116014e-05,1.3210325845378068e-16,8.134226799072497e-17,1.0295177254107668e-16,1.3210325704147457e-16,-1.91188391710788e-05,1.9118839171263093e-05,2.7038121652699935e-05
Ag_baseline_k8x8x8_v19,solid_Ag_baseline,Ag_fcc_bulk_parent_v19,V18,reused_v18_audit_per_atom.csv,22,23,Ag,,,6.135,-5.699811657971502e-06,2.5970163208189828e-24,-5.699811657971505e-06,2.0596519904024128e-17,1.406752318799942e-17,-5.002237773304996e-17,5.699811657992099e-06,1.40675205909831e-17,5.699811657921482e-06,8.06075094965477e-06
Ag_baseline_k8x8x8_v19,solid_Ag_baseline,Ag_fcc_bulk_parent_v19,V18,reused_v18_audit_per_atom.csv,23,24,Ag,,,4.09,-1.9118839171160145e-05,1.9118839171160148e-05,-4.430764266109027e-25,1.7317563700032424e-17,3.2187251995663413e-18,-8.303816772943825e-17,1.911883917117746e-05,-1.911883917115693e-05,-8.303816728636182e-17,2.703812165269463e-05
Ag_baseline_k8x8x8_v19,solid_Ag_baseline,Ag_fcc_bulk_parent_v19,V18,reused_v18_audit_per_atom.csv,24,25,Ag,,,0.0,2.769227666318142e-26,0.0,5.192301874346517e-27,-5.072710914516554e-17,1.8878670328403846e-17,-5.960461794303962e-17,-5.0727109172857817e-17,1.8878670328403846e-17,-5.960461794823193e-17,8.051306899602252e-17
Ag_baseline_k8x8x8_v19,solid_Ag_baseline,Ag_fcc_bulk_parent_v19,V18,reused_v18_audit_per_atom.csv,25,26,Ag,,,2.045,1.3846138331590711e-25,-1.911883917116014e-05,1.9118839171160145e-05,-2.0689287956454638e-16,-7.748952027330521e-17,-6.18672864674541e-17,-2.0689287970300777e-16,1.911883917108265e-05,-1.9118839171222012e-05,2.703812165267361e-05
Ag_baseline_k8x8x8_v19,solid_Ag_baseline,Ag_fcc_bulk_parent_v19,V18,reused_v18_audit_per_atom.csv,26,27,Ag,,,2.045,-1.911883917116014e-05,3.1015349862763194e-24,1.911883917116015e-05,-5.805035823921839e-17,-2.0659472396711287e-16,-1.0009218931114616e-16,1.9118839171102093e-05,-2.0659472706864786e-16,-1.9118839171260244e-05,2.7038121652714392e-05
Ag_baseline_k8x8x8_v19,solid_Ag_baseline,Ag_fcc_bulk_parent_v19,V18,reused_v18_audit_per_atom.csv,27,28,Ag,,,0.0,-5.699811657971501e-06,-5.6998116579715005e-06,8.861528532218055e-25,-1.502747791986856e-17,9.936607783682457e-18,1.180018539478911e-16,5.699811657956474e-06,5.699811657981437e-06,1.1800185306173824e-16,8.060750949671974e-06
Ag_baseline_k8x8x8_v19,solid_Ag_baseline,Ag_fcc_bulk_parent_v19,V18,reused_v18_audit_per_atom.csv,28,29,Ag,,,4.09,-5.192301874346517e-27,-1.384613833159071e-26,-6.923069165795355e-27,1.0631822577043363e-16,-5.095750210681871e-17,4.3387944325789404e-17,1.0631822577562593e-16,-5.095750209297257e-17,4.338794433271247e-17,1.2562939888836065e-16
Ag_baseline_k8x8x8_v19,solid_Ag_baseline,Ag_fcc_bulk_parent_v19,V18,reused_v18_audit_per_atom.csv,29,30,Ag,,,6.135,3.544611412887222e-24,-1.911883917116014e-05,-1.9118839171160145e-05,4.2392304944183223e-17,-5.289110751122786e-17,8.243324642678851e-17,4.2392301399571814e-17,1.911883917110725e-05,1.9118839171242578e-05,2.7038121652705546e-05
Ag_baseline_k8x8x8_v19,solid_Ag_baseline,Ag_fcc_bulk_parent_v19,V18,reused_v18_audit_per_atom.csv,30,31,Ag,,,6.135,-1.9118839171160138e-05,3.544611412887222e-24,-1.911883917116015e-05,-1.1144355472497215e-17,-1.1062927917498966e-16,1.427216634805606e-16,1.9118839171148994e-05,-1.1062928271960107e-16,1.9118839171302873e-05,2.70381216527777e-05
Ag_baseline_k8x8x8_v19,solid_Ag_baseline,Ag_fcc_bulk_parent_v19,V18,reused_v18_audit_per_atom.csv,31,32,Ag,,,4.09,-1.911883917116014e-05,-1.9118839171160145e-05,3.544611412887222e-24,-8.367422672793971e-17,-1.6778706245570985e-16,-2.242265617971584e-16,1.9118839171076468e-05,1.9118839170992358e-05,-2.242265653417698e-16,2.703812165250685e-05
Ti3SiC2_baseline_k10x10x2_v19,solid_Ti3SiC2_baseline_kz2,Ti3SiC2_bulk_parent_v19,V18,reused_v18_audit_per_atom.csv,0,1,Ti,,,0.0,0.0,0.0,0.0,-1.5480146478851446e-13,-5.86095687260535e-09,2.8954668567667e-08,-1.5480146478851446e-13,-5.86095687260535e-09,2.8954668567667e-08,2.9541896475174823e-08
Ti3SiC2_baseline_k10x10x2_v19,solid_Ti3SiC2_baseline_kz2,Ti3SiC2_bulk_parent_v19,V18,reused_v18_audit_per_atom.csv,1,2,Ti,,,8.81175,0.0,0.0,0.0,2.981266248912566e-15,-7.281470236226301e-09,-1.4973726808071485e-09,2.981266248912566e-15,-7.281470236226301e-09,-1.4973726808071485e-09,7.433837080962023e-09
Ti3SiC2_baseline_k10x10x2_v19,solid_Ti3SiC2_baseline_kz2,Ti3SiC2_bulk_parent_v19,V18,reused_v18_audit_per_atom.csv,2,3,Ti,,,2.38798425,0.0016939230659937087,-0.0009728059700722137,-0.044117436225991666,2.169475191688081e-05,-5.239940334080765e-06,-4.302305316597922,-0.001672228314076828,0.000967566029738133,-4.25818788037193,4.258188318648901
Ti3SiC2_baseline_k10x10x2_v19,solid_Ti3SiC2_baseline_kz2,Ti3SiC2_bulk_parent_v19,V18,reused_v18_audit_per_atom.csv,3,4,Ti,,,11.19973425,-0.001986844282314575,0.0014801233021999947,-0.04421798087194537,-6.331931548466015e-06,-2.1405720073159305e-05,-4.3023053066358825,0.001980512350766109,-0.001501529022273154,-4.258087325763937,4.2580880510917165
Ti3SiC2_baseline_k10x10x2_v19,solid_Ti3SiC2_baseline_kz2,Ti3SiC2_bulk_parent_v19,V18,reused_v18_audit_per_atom.csv,4,5,Ti,,,6.42376575,0.001986844287076608,-0.0014801743673752146,0.044217985449793905,6.331931558458889e-06,2.1369880216016643e-05,4.302305300983962,-0.001980512355518149,0.0015015442475912312,4.258087315534168,4.258088040867321
Ti3SiC2_baseline_k10x10x2_v19,solid_Ti3SiC2_baseline_kz2,Ti3SiC2_bulk_parent_v19,V18,reused_v18_audit_per_atom.csv,5,6,Ti,,,15.23551575,-0.0016939230854261852,0.000972869036030077,0.04411744461361931,-2.1694751465194293e-05,5.261775504386296e-06,4.30230530881505,0.0016722283339609908,-0.0009676072605256907,4.25818786420143,4.2581883024877785
Ti3SiC2_baseline_k10x10x2_v19,solid_Ti3SiC2_baseline_kz2,Ti3SiC2_bulk_parent_v19,V18,reused_v18_audit_per_atom.csv,6,7,Si,,,4.405875,-0.001165453938673355,0.0006826339335922142,3.837090916566121e-06,-6.783653174438981e-07,-3.9073045036853773e-07,3.357363498324162e-09,0.0011647755733559112,-0.0006830246640425827,-3.833733553067797e-06,0.0013502738705499825
Ti3SiC2_baseline_k10x10x2_v19,solid_Ti3SiC2_baseline_kz2,Ti3SiC2_bulk_parent_v19,V18,reused_v18_audit_per_atom.csv,7,8,Si,,,13.217625,0.001165453938673355,-0.0006826339335922142,-3.837090916566121e-06,6.783652409313978e-07,3.9279898755677223e-07,-8.280719773073875e-09,-0.0011647755734324238,0.0006830267325797709,3.828810196793047e-06,0.0013502749029997382
Ti3SiC2_baseline_k10x10x2_v19,solid_Ti3SiC2_baseline_kz2,Ti3SiC2_bulk_parent_v19,V18,reused_v18_audit_per_atom.csv,8,9,C,,,1.2724167,-0.0005986290519881643,0.0003514254528680663,0.0872503656311157,-2.0436362243201288e-05,1.1162834772785292e-05,2.7168308555559775,0.0005781926897449629,-0.000340262618095281,2.629580489924862,2.629580575506085
Ti3SiC2_baseline_k10x10x2_v19,solid_Ti3SiC2_baseline_kz2,Ti3SiC2_bulk_parent_v19,V18,reused_v18_audit_per_atom.csv,9,10,C,,,10.0841667,0.0009639169316834534,-0.000985200030814649,0.08723614165552385,5.82358994476455e-07,2.324949372677033e-05,2.716830849870979,-0.0009633345726889769,0.0010084495245414194,2.629594708215455,2.629595078041231
Ti3SiC2_baseline_k10x10x2_v19,solid_Ti3SiC2_baseline_kz2,Ti3SiC2_bulk_parent_v19,V18,reused_v18_audit_per_atom.csv,10,11,C,,,7.5393333,-0.0009639169184282385,0.000985154514776521,-0.08723613534839311,-5.823590068744153e-07,-2.3267095729556653e-05,-2.716830859436465,0.0009633345594213641,-0.0010084216105060776,-2.6295947240880717,2.6295950939031356
Ti3SiC2_baseline_k10x10x2_v19,solid_Ti3SiC2_baseline_kz2,Ti3SiC2_bulk_parent_v19,V18,reused_v18_audit_per_atom.csv,11,12,C,,,16.3510833,0.000598629053172008,-0.00035136237770222695,-0.08725035699698283,2.043636207101074e-05,-1.1123572307401158e-05,-2.7168308693908063,-0.0005781926911009972,0.0003402388053948258,-2.6295805123938236,2.629580597971965
Ti3SiC2_baseline_k10x10x2_v19,solid_Ti3SiC2_baseline_kz2,Ti3SiC2_bulk_parent_v19,V18,reused_v18_audit_per_atom.csv,12,13,Ti,,,0.0,0.0,0.0,0.0,-2.4688974822884013e-13,6.641023945173907e-09,-2.8954791332680144e-08,-2.4688974822884013e-13,6.641023945173907e-09,-2.8954791332680144e-08,2.97066177849377e-08
Ti3SiC2_baseline_k10x10x2_v19,solid_Ti3SiC2_baseline_kz2,Ti3SiC2_bulk_parent_v19,V18,reused_v18_audit_per_atom.csv,13,14,Ti,,,8.81175,0.0,0.0,0.0,1.9180267884853775e-15,9.782443826343579e-09,1.496978697126865e-09,1.9180267884853775e-15,9.782443826343579e-09,1.496978697126865e-09,9.896320146156495e-09
Ti3SiC2_baseline_k10x10x2_v19,solid_Ti3SiC2_baseline_kz2,Ti3SiC2_bulk_parent_v19,V18,reused_v18_audit_per_atom.csv,14,15,Ti,,,2.38798425,0.0016939230795771016,-0.0009728690323940029,-0.04411744461641497,2.1694755715072713e-05,-5.188933358477466e-06,-4.3023052931270644,-0.0016722283238620288,0.0009676800990355254,-4.25818784851065,4.258188286813548
Ti3SiC2_baseline_k10x10x2_v19,solid_Ti3SiC2_baseline_kz2,Ti3SiC2_bulk_parent_v19,V18,reused_v18_audit_per_atom.csv,15,16,Ti,,,11.19973425,-0.0019868442779020865,0.0014801743628391423,-0.04421798545145331,-6.331931535622664e-06,-2.1395314659251462e-05,-4.302305303098186,0.001980512346366464,-0.0015015696774983937,-4.258087317646733,4.258088042988848
Ti3SiC2_baseline_k10x10x2_v19,solid_Ti3SiC2_baseline_kz2,Ti3SiC2_bulk_parent_v19,V18,reused_v18_audit_per_atom.csv,16,17,Ti,,,6.42376575,0.001986844274516934,-0.0014801232974335306,0.04421798087379985,6.33193154848694e-06,2.139446567002391e-05,4.302305308752545,-0.0019805123429684473,0.0015015177631035545,4.258087327878745,4.258088053202551
Ti3SiC2_baseline_k10x10x2_v19,solid_Ti3SiC2_baseline_kz2,Ti3SiC2_bulk_parent_v19,V18,reused_v18_audit_per_atom.csv,17,18,Ti,,,15.23551575,-0.0016939230603943004,0.0009728059672809327,0.0441174362291933,-2.1694755589388853e-05,5.158401865608181e-06,4.302305300910208,0.0016722283048049116,-0.0009676475654153246,4.258187864681015,4.258188302976511
Ti3SiC2_baseline_k10x10x2_v19,solid_Ti3SiC2_baseline_kz2,Ti3SiC2_bulk_parent_v19,V18,reused_v18_audit_per_atom.csv,18,19,Si,,,4.405875,-0.0011654539523874915,0.0006826349208841968,3.822675535107423e-06,-6.783654363134282e-07,-3.820327206928687e-07,-3.3587280032551904e-09,0.001164775586951178,-0.0006830169536048897,-3.826034263110678e-06,0.001350269960195867
Ti3SiC2_baseline_k10x10x2_v19,solid_Ti3SiC2_baseline_kz2,Ti3SiC2_bulk_parent_v19,V18,reused_v18_audit_per_atom.csv,19,20,Si,,,13.217625,0.0011654539523874915,-0.0006826349208841968,-3.822675535107423e-06,6.783652370865017e-07,4.0085003936160893e-07,8.28138271781638e-09,-0.001164775587150405,0.0006830357709235584,3.830956917825239e-06,0.0013502794929249337
Ti3SiC2_baseline_k10x10x2_v19,solid_Ti3SiC2_baseline_kz2,Ti3SiC2_bulk_parent_v19,V18,reused_v18_audit_per_atom.csv,20,21,C,,,1.2724167,-0.0005986290520074755,0.00035136237623386923,0.08725035699855486,-2.0436366079975557e-05,1.1087176477326145e-05,2.716830865032567,0.0005781926859275,-0.0003402751997565431,2.6295805080340124,2.629580593616862
Ti3SiC2_baseline_k10x10x2_v19,solid_Ti3SiC2_baseline_kz2,Ti3SiC2_bulk_parent_v19,V18,reused_v18_audit_per_atom.csv,21,22,C,,,10.0841667,0.0009639169169181374,-0.0009851545133165189,0.08723613534929514,5.823589892955949e-07,2.3272969378143257e-05,2.7168308707258597,-0.0009633345579288418,0.0010084274826946621,2.6295947353765645,2.629595105193878
Ti3SiC2_baseline_k10x10x2_v19,solid_Ti3SiC2_baseline_kz2,Ti3SiC2_bulk_parent_v19,V18,reused_v18_audit_per_atom.csv,22,23,C,,,7.5393333,-0.0009639169280944868,0.0009852000290078954,-0.0872361416568858,-5.823589992028948e-07,-2.3239439081464966e-05,-2.7168308611618377,0.0009633345690952839,-0.0010084394680893603,-2.629594719504952,2.6295950893268683
Ti3SiC2_baseline_k10x10x2_v19,solid_Ti3SiC2_baseline_kz2,Ti3SiC2_bulk_parent_v19,V18,reused_v18_audit_per_atom.csv,23,24,C,,,16.3510833,0.0005986290502668245,-0.00035142545123506726,-0.08725036563255463,2.043636633664817e-05,-1.1121148967156106e-05,-2.7168308511977646,-0.0005781926839301763,0.00034030430226791115,-2.62958048556521,2.629580571151826
Ti3SiC2_baseline_k10x10x2_v19,solid_Ti3SiC2_baseline_kz2,Ti3SiC2_bulk_parent_v19,V18,reused_v18_audit_per_atom.csv,24,25,Ti,,,0.0,0.0,0.0,0.0,-1.5529235568758482e-13,-5.8609563200959225e-09,2.8954666163021307e-08,-1.5529235568758482e-13,-5.8609563200959225e-09,2.8954666163021307e-08,2.954189400871581e-08
Ti3SiC2_baseline_k10x10x2_v19,solid_Ti3SiC2_baseline_kz2,Ti3SiC2_bulk_parent_v19,V18,reused_v18_audit_per_atom.csv,25,26,Ti,,,8.81175,0.0,0.0,0.0,2.2170772624959826e-15,-7.281468866011595e-09,-1.4973729287724995e-09,2.2170772624959826e-15,-7.281468866011595e-09,-1.4973729287724995e-09,7.43383578877835e-09
Ti3SiC2_baseline_k10x10x2_v19,solid_Ti3SiC2_baseline_kz2,Ti3SiC2_bulk_parent_v19,V18,reused_v18_audit_per_atom.csv,26,27,Ti,,,2.38798425,0.0016939230603943004,-0.0009728059672809327,-0.0441174362291933,2.169475191754911e-05,-5.239940331847742e-06,-4.302305316597922,-0.0016722283084767513,0.000967566026949085,-4.2581878803687285,4.258188318645695
Ti3SiC2_baseline_k10x10x2_v19,solid_Ti3SiC2_baseline_kz2,Ti3SiC2_bulk_parent_v19,V18,reused_v18_audit_per_atom.csv,27,28,Ti,,,11.19973425,-0.001986844274516934,0.0014801232974335306,-0.04421798087379985,-6.331931545856681e-06,-2.1405720072674016e-05,-4.302305306635883,0.0019805123429710776,-0.0015015290175062045,-4.258087325762084,4.2580880510898576
Ti3SiC2_baseline_k10x10x2_v19,solid_Ti3SiC2_baseline_kz2,Ti3SiC2_bulk_parent_v19,V18,reused_v18_audit_per_atom.csv,28,29,Ti,,,6.42376575,0.0019868442779020865,-0.0014801743628391423,0.04421798545145331,6.3319315621967745e-06,2.1369880216784258e-05,4.30230530098396,-0.0019805123463398897,0.0015015442430559266,4.2580873155325065,4.258088040865653
Ti3SiC2_baseline_k10x10x2_v19,solid_Ti3SiC2_baseline_kz2,Ti3SiC2_bulk_parent_v19,V18,reused_v18_audit_per_atom.csv,29,30,Ti,,,15.23551575,-0.0016939230795771016,0.0009728690323940029,0.04411744461641497,-2.169475146591212e-05,5.261775505103171e-06,4.302305308815048,0.0016722283281111895,-0.0009676072568888997,4.258187864198633,4.258188302484978
Ti3SiC2_baseline_k10x10x2_v19,solid_Ti3SiC2_baseline_kz2,Ti3SiC2_bulk_parent_v19,V18,reused_v18_audit_per_atom.csv,30,31,Si,,,4.405875,-0.0011654539429295071,0.0006826339360151322,3.837091131723461e-06,-6.783653177793326e-07,-3.907304511212591e-07,3.3573669528091238e-09,0.0011647755776117278,-0.0006830246664662535,-3.833733764770652e-06,0.0013502738754477368
Ti3SiC2_baseline_k10x10x2_v19,solid_Ti3SiC2_baseline_kz2,Ti3SiC2_bulk_parent_v19,V18,reused_v18_audit_per_atom.csv,31,32,Si,,,13.217625,0.0011654539429295071,-0.0006826339360151322,-3.837091131723461e-06,6.783652389038414e-07,3.9279898560561945e-07,-8.28071480048903e-09,-0.0011647755776906033,0.0006830267350007379,3.828810416922972e-06,0.0013502749078981864
Ti3SiC2_baseline_k10x10x2_v19,solid_Ti3SiC2_baseline_kz2,Ti3SiC2_bulk_parent_v19,V18,reused_v18_audit_per_atom.csv,32,33,C,,,1.2724167,-0.0005986290502668245,0.00035142545123506726,0.08725036563255463,-2.0436362242437413e-05,1.1162834774560565e-05,2.716830855555978,0.0005781926880243871,-0.0003402626164605067,2.6295804899234234,2.629580575504646
Ti3SiC2_baseline_k10x10x2_v19,solid_Ti3SiC2_baseline_kz2,Ti3SiC2_bulk_parent_v19,V18,reused_v18_audit_per_atom.csv,33,34,C,,,10.0841667,0.0009639169280944868,-0.0009852000290078954,0.0872361416568858,5.823589968257521e-07,2.3249493728520233e-05,2.716830849870978,-0.0009633345690976611,0.0010084495227364156,2.6295947082140922,2.629595078039866
Ti3SiC2_baseline_k10x10x2_v19,solid_Ti3SiC2_baseline_kz2,Ti3SiC2_bulk_parent_v19,V18,reused_v18_audit_per_atom.csv,34,35,C,,,7.5393333,-0.0009639169169181374,0.0009851545133165189,-0.08723613534929514,-5.823590067553699e-07,-2.3267095728949716e-05,-2.7168308594364654,0.0009633345579113821,-0.0010084216090454686,-2.62959472408717,2.629595093902233
Ti3SiC2_baseline_k10x10x2_v19,solid_Ti3SiC2_baseline_kz2,Ti3SiC2_bulk_parent_v19,V18,reused_v18_audit_per_atom.csv,35,36,C,,,16.3510833,0.0005986290520074755,-0.00035136237623386923,-0.08725035699855486,2.043636207290202e-05,-1.1123572308115864e-05,-2.7168308693908063,-0.0005781926899345735,0.00034023880392575336,-2.6295805123922515,2.6295805979703926
Ti3SiC2_baseline_k10x10x2_v19,solid_Ti3SiC2_baseline_kz2,Ti3SiC2_bulk_parent_v19,V18,reused_v18_audit_per_atom.csv,36,37,Ti,,,0.0,0.0,0.0,0.0,-2.449269086157724e-13,6.641024333318285e-09,-2.8954793301018285e-08,-2.449269086157724e-13,6.641024333318285e-09,-2.8954793301018285e-08,2.9706619790215248e-08
Ti3SiC2_baseline_k10x10x2_v19,solid_Ti3SiC2_baseline_kz2,Ti3SiC2_bulk_parent_v19,V18,reused_v18_audit_per_atom.csv,37,38,Ti,,,8.81175,0.0,0.0,0.0,3.845881946240581e-15,9.782444958467487e-09,1.4969787484678609e-09,3.845881946240581e-15,9.782444958467487e-09,1.4969787484678609e-09,9.896321273019846e-09
Ti3SiC2_baseline_k10x10x2_v19,solid_Ti3SiC2_baseline_kz2,Ti3SiC2_bulk_parent_v19,V18,reused_v18_audit_per_atom.csv,38,39,Ti,,,2.38798425,0.0016939230854261852,-0.000972869036030077,-0.04411744461361931,2.1694755717297178e-05,-5.188933359231031e-06,-4.302305293127064,-0.001672228329708888,0.0009676801026708461,-4.258187848513444,4.258188286816345
Ti3SiC2_baseline_k10x10x2_v19,solid_Ti3SiC2_baseline_kz2,Ti3SiC2_bulk_parent_v19,V18,reused_v18_audit_per_atom.csv,39,40,Ti,,,11.19973425,-0.001986844287076608,0.0014801743673752146,-0.044217985449793905,-6.331931533639333e-06,-2.1395314658513174e-05,-4.302305303098187,0.0019805123555429686,-0.0015015696820337278,-4.2580873176483935,4.258088042990515
Ti3SiC2_baseline_k10x10x2_v19,solid_Ti3SiC2_baseline_kz2,Ti3SiC2_bulk_parent_v19,V18,reused_v18_audit_per_atom.csv,40,41,Ti,,,6.42376575,0.001986844282314575,-0.0014801233021999947,0.04421798087194537,6.3319315496484455e-06,2.139446567216586e-05,4.302305308752549,-0.001980512350764927,0.0015015177678721606,4.258087327880604,4.258088053204415
Ti3SiC2_baseline_k10x10x2_v19,solid_Ti3SiC2_baseline_kz2,Ti3SiC2_bulk_parent_v19,V18,reused_v18_audit_per_atom.csv,41,42,Ti,,,15.23551575,-0.0016939230659937087,0.0009728059700722137,0.044117436225991666,-2.169475558775561e-05,5.158401862958174e-06,4.302305300910208,0.001672228310405953,-0.0009676475682092556,4.258187864684217,4.258188302979716
Ti3SiC2_baseline_k10x10x2_v19,solid_Ti3SiC2_baseline_kz2,Ti3SiC2_bulk_parent_v19,V18,reused_v18_audit_per_atom.csv,42,43,Si,,,4.405875,-0.001165453948243311,0.0006826349182788183,3.822675458984502e-06,-6.783654381680034e-07,-3.8203271934343004e-07,-3.3587265487844235e-09,0.001164775582805143,-0.0006830169509981618,-3.826034185533286e-06,0.0013502699553005965
Ti3SiC2_baseline_k10x10x2_v19,solid_Ti3SiC2_baseline_kz2,Ti3SiC2_bulk_parent_v19,V18,reused_v18_audit_per_atom.csv,43,44,Si,,,13.217625,0.001165453948243311,-0.0006826349182788183,-3.822675458984502e-06,6.78365236708332e-07,4.0085003730444373e-07,8.281383265988998e-09,-0.0011647755830066027,0.0006830357683161228,3.830956842250491e-06,0.0013502794880312352
Ti3SiC2_baseline_k10x10x2_v19,solid_Ti3SiC2_baseline_kz2,Ti3SiC2_bulk_parent_v19,V18,reused_v18_audit_per_atom.csv,44,45,C,,,1.2724167,-0.000598629053172008,0.00035136237770222695,0.08725035699698283,-2.043636608019153e-05,1.1087176476686899e-05,2.7168308650325663,0.0005781926870918164,-0.00034027520122554005,2.6295805080355836,2.6295805936184338
Ti3SiC2_baseline_k10x10x2_v19,solid_Ti3SiC2_baseline_kz2,Ti3SiC2_bulk_parent_v19,V18,reused_v18_audit_per_atom.csv,45,46,C,,,10.0841667,0.0009639169184282385,-0.000985154514776521,0.08723613534839311,5.82358991763998e-07,2.3272969379100174e-05,2.71683087072586,-0.0009633345594364745,0.001008427484155621,2.629594735377467,2.6295951051947815
Ti3SiC2_baseline_k10x10x2_v19,solid_Ti3SiC2_baseline_kz2,Ti3SiC2_bulk_parent_v19,V18,reused_v18_audit_per_atom.csv,46,47,C,,,7.5393333,-0.0009639169316834534,0.000985200030814649,-0.08723614165552385,-5.823589966846496e-07,-2.323943908243706e-05,-2.7168308611618386,0.0009633345726867687,-0.0010084394698970862,-2.629594719506315,2.6295950893282334
Ti3SiC2_baseline_k10x10x2_v19,solid_Ti3SiC2_baseline_kz2,Ti3SiC2_bulk_parent_v19,V18,reused_v18_audit_per_atom.csv,47,48,C,,,16.3510833,0.0005986290519881643,-0.0003514254528680663,-0.0872503656311157,2.0436366335586193e-05,-1.1121148968481001e-05,-2.7168308511977663,-0.0005781926856525781,0.0003403043038995853,-2.6295804855666507,2.629580571153267
Ti3SiC2_baseline_k10x10x4_v19,solid_Ti3SiC2_baseline_kz4,Ti3SiC2_bulk_parent_v19,V18,reused_v18_audit_per_atom.csv,0,1,Ti,,,0.0,0.0,0.0,0.0,-1.5480146478851446e-13,-5.86095687260535e-09,2.8954668567667e-08,-1.5480146478851446e-13,-5.86095687260535e-09,2.8954668567667e-08,2.9541896475174823e-08
Ti3SiC2_baseline_k10x10x4_v19,solid_Ti3SiC2_baseline_kz4,Ti3SiC2_bulk_parent_v19,V18,reused_v18_audit_per_atom.csv,1,2,Ti,,,8.81175,0.0,0.0,0.0,2.981266248912566e-15,-7.281470236226301e-09,-1.4973726808071485e-09,2.981266248912566e-15,-7.281470236226301e-09,-1.4973726808071485e-09,7.433837080962023e-09
Ti3SiC2_baseline_k10x10x4_v19,solid_Ti3SiC2_baseline_kz4,Ti3SiC2_bulk_parent_v19,V18,reused_v18_audit_per_atom.csv,2,3,Ti,,,2.38798425,0.000719968531872444,-0.00041202407075390993,-0.04495673961162263,2.169475191688081e-05,-5.239940334080765e-06,-4.302305316597922,-0.0006982737799555631,0.00040678413041982917,-4.257348576986299,4.257348653684223
Ti3SiC2_baseline_k10x10x4_v19,solid_Ti3SiC2_baseline_kz4,Ti3SiC2_bulk_parent_v19,V18,reused_v18_audit_per_atom.csv,3,4,Ti,,,11.19973425,-0.0010083543781054393,0.0009127926990017763,-0.044983686544231044,-6.331931548466015e-06,-2.1405720073159305e-05,-4.3023053066358825,0.0010020224465569732,-0.0009341984190749356,-4.257321620091651,4.2573218405090625
Ti3SiC2_baseline_k10x10x4_v19,solid_Ti3SiC2_baseline_kz4,Ti3SiC2_bulk_parent_v19,V18,reused_v18_audit_per_atom.csv,4,5,Ti,,,6.42376575,0.0010083544753400878,-0.0009128428214783012,0.044983690531552385,6.331931558458889e-06,2.1369880216016643e-05,4.302305300983962,-0.0010020225437816289,0.0009342127016943178,4.25732161045241,4.2573218308729786
Ti3SiC2_baseline_k10x10x4_v19,solid_Ti3SiC2_baseline_kz4,Ti3SiC2_bulk_parent_v19,V18,reused_v18_audit_per_atom.csv,5,6,Ti,,,15.23551575,-0.0007199685694501924,0.0004120954356816054,0.04495674585621889,-2.1694751465194293e-05,5.261775504386296e-06,4.30230530881505,0.0006982738179849981,-0.0004068336601772191,4.257348562958831,4.257348639661495
Ti3SiC2_baseline_k10x10x4_v19,solid_Ti3SiC2_baseline_kz4,Ti3SiC2_bulk_parent_v19,V18,reused_v18_audit_per_atom.csv,6,7,Si,,,4.405875,-0.0006525353817818509,0.00038614735634135257,7.003993273814515e-06,-6.783653174438981e-07,-3.9073045036853773e-07,3.357363498324162e-09,0.000651857016464407,-0.0003865380867917211,-7.000635910316191e-06,0.0007578774778007532
Ti3SiC2_baseline_k10x10x4_v19,solid_Ti3SiC2_baseline_kz4,Ti3SiC2_bulk_parent_v19,V18,reused_v18_audit_per_atom.csv,7,8,Si,,,13.217625,0.0006525353817818509,-0.00038614735634135257,-7.003993273814515e-06,6.783652409313978e-07,3.9279898755677223e-07,-8.280719773073875e-09,-0.0006518570165409195,0.00038654015532890934,6.995712554041441e-06,0.00075787848741699
Ti3SiC2_baseline_k10x10x4_v19,solid_Ti3SiC2_baseline_kz4,Ti3SiC2_bulk_parent_v19,V18,reused_v18_audit_per_atom.csv,8,9,C,,,1.2724167,-0.00014770863571377223,9.123658817878461e-05,0.0878637648205358,-2.0436362243201288e-05,1.1162834772785292e-05,2.7168308555559775,0.00012727227347057095,-8.007375340599932e-05,2.6289670907354417,2.628967095035617
Ti3SiC2_baseline_k10x10x4_v19,solid_Ti3SiC2_baseline_kz4,Ti3SiC2_bulk_parent_v19,V18,reused_v18_audit_per_atom.csv,9,10,C,,,10.0841667,0.0005123222699221044,-0.0007223635371145798,0.08784047229352449,5.82358994476455e-07,2.324949372677033e-05,2.716830849870979,-0.0005117399109276279,0.0007456130308413501,2.628990377577454,2.6289905331155863
Ti3SiC2_baseline_k10x10x4_v19,solid_Ti3SiC2_baseline_kz4,Ti3SiC2_bulk_parent_v19,V18,reused_v18_audit_per_atom.csv,10,11,C,,,7.5393333,-0.0005123223690592433,0.0007223181156917318,-0.08784046630308089,-5.823590068744153e-07,-2.3267095729556653e-05,-2.716830859436465,0.0005117400100523689,-0.0007455852114212885,-2.628990393133384,2.6289905486636442
Ti3SiC2_baseline_k10x10x4_v19,solid_Ti3SiC2_baseline_kz4,Ti3SiC2_bulk_parent_v19,V18,reused_v18_audit_per_atom.csv,11,12,C,,,16.3510833,0.00014770900146071771,-9.117262584790101e-05,-0.08786375633632497,2.043636207101074e-05,-1.1123572307401158e-05,-2.7168308693908063,-0.00012727263938970698,8.004905354049985e-05,-2.628967113054481,2.6289671173539215
Ti3SiC2_baseline_k10x10x4_v19,solid_Ti3SiC2_baseline_kz4,Ti3SiC2_bulk_parent_v19,V18,reused_v18_audit_per_atom.csv,12,13,Ti,,,0.0,0.0,0.0,0.0,-2.4688974822884013e-13,6.641023945173907e-09,-2.8954791332680144e-08,-2.4688974822884013e-13,6.641023945173907e-09,-2.8954791332680144e-08,2.97066177849377e-08
Ti3SiC2_baseline_k10x10x4_v19,solid_Ti3SiC2_baseline_kz4,Ti3SiC2_bulk_parent_v19,V18,reused_v18_audit_per_atom.csv,13,14,Ti,,,8.81175,0.0,0.0,0.0,1.9180267884853775e-15,9.782443826343579e-09,1.496978697126865e-09,1.9180267884853775e-15,9.782443826343579e-09,1.496978697126865e-09,9.896320146156495e-09
Ti3SiC2_baseline_k10x10x4_v19,solid_Ti3SiC2_baseline_kz4,Ti3SiC2_bulk_parent_v19,V18,reused_v18_audit_per_atom.csv,14,15,Ti,,,2.38798425,0.0007199685690058406,-0.00041209543557088575,-0.044956745856729034,2.1694755715072713e-05,-5.188933358477466e-06,-4.3023052931270644,-0.0006982738132907679,0.0004069065022124083,-4.257348547270335,4.25734862397996
Ti3SiC2_baseline_k10x10x4_v19,solid_Ti3SiC2_baseline_kz4,Ti3SiC2_bulk_parent_v19,V18,reused_v18_audit_per_atom.csv,15,16,Ti,,,11.19973425,-0.0010083544748323212,0.000912842821583883,-0.044983690531341505,-6.331931535622664e-06,-2.1395314659251462e-05,-4.302305303098186,0.0010020225432966984,-0.0009342381362431345,-4.2573216125668445,4.257321832992995
Ti3SiC2_baseline_k10x10x4_v19,solid_Ti3SiC2_baseline_kz4,Ti3SiC2_bulk_parent_v19,V18,reused_v18_audit_per_atom.csv,16,17,Ti,,,6.42376575,0.001008354378750206,-0.0009127926992588833,0.04498368654430486,6.33193154848694e-06,2.139446567002391e-05,4.302305308752545,-0.0010020224472017192,0.0009341871649289072,4.25732162220824,4.257321842623181
Ti3SiC2_baseline_k10x10x4_v19,solid_Ti3SiC2_baseline_kz4,Ti3SiC2_bulk_parent_v19,V18,reused_v18_audit_per_atom.csv,17,18,Ti,,,15.23551575,-0.0007199685322682781,0.00041202407111023037,0.04495673961190924,-2.1694755589388853e-05,5.158401865608181e-06,4.302305300910208,0.0006982737766788893,-0.0004068656692446222,4.257348561298299,4.257348638004014
Ti3SiC2_baseline_k10x10x4_v19,solid_Ti3SiC2_baseline_kz4,Ti3SiC2_bulk_parent_v19,V18,reused_v18_audit_per_atom.csv,18,19,Si,,,4.405875,-0.0006525353784490375,0.00038614790600530045,6.989049225873418e-06,-6.783654363134282e-07,-3.820327206928687e-07,-3.3587280032551904e-09,0.0006518570130127241,-0.0003865299387259933,-6.992407953876673e-06,0.000757873243170904
Ti3SiC2_baseline_k10x10x4_v19,solid_Ti3SiC2_baseline_kz4,Ti3SiC2_bulk_parent_v19,V18,reused_v18_audit_per_atom.csv,19,20,Si,,,13.217625,0.0006525353784490375,-0.00038614790600530045,-6.989049225873418e-06,6.783652370865017e-07,4.0085003936160893e-07,8.28138271781638e-09,-0.000651857013211951,0.00038654875604466206,6.997330608591234e-06,0.0007578828861433192
Ti3SiC2_baseline_k10x10x4_v19,solid_Ti3SiC2_baseline_kz4,Ti3SiC2_bulk_parent_v19,V18,reused_v18_audit_per_atom.csv,20,21,C,,,1.2724167,-0.00014770900247694765,9.117262595585593e-05,0.0878637563364177,-2.0436366079975557e-05,1.1087176477326145e-05,2.716830865032567,0.0001272726363969721,-8.008544947852978e-05,2.6289671086961497,2.6289671129966985
Ti3SiC2_baseline_k10x10x4_v19,solid_Ti3SiC2_baseline_kz4,Ti3SiC2_bulk_parent_v19,V18,reused_v18_audit_per_atom.csv,21,22,C,,,10.0841667,0.0005123223698793712,-0.0007223181154589561,0.08784046630335456,5.823589892955949e-07,2.3272969378143257e-05,2.7168308707258597,-0.0005117400108900756,0.0007455910848370994,2.628990404422505,2.6289905599544308
Ti3SiC2_baseline_k10x10x4_v19,solid_Ti3SiC2_baseline_kz4,Ti3SiC2_bulk_parent_v19,V18,reused_v18_audit_per_atom.csv,22,23,C,,,7.5393333,-0.0005123222687158105,0.0007223635366107006,-0.08784047229397808,-5.823589992028948e-07,-2.3239439081464966e-05,-2.7168308611618377,0.0005117399097166076,-0.0007456029756921656,-2.6289903888678596,2.628990544403139
Ti3SiC2_baseline_k10x10x4_v19,solid_Ti3SiC2_baseline_kz4,Ti3SiC2_bulk_parent_v19,V18,reused_v18_audit_per_atom.csv,23,24,C,,,16.3510833,0.0001477086363084519,-9.123658815023144e-05,-0.08786376482056493,2.043636633664817e-05,-1.1121148967156106e-05,-2.7168308511977646,-0.00012727226997180373,8.011543918307534e-05,-2.6289670863771994,2.6289670906786444
Ti3SiC2_baseline_k10x10x4_v19,solid_Ti3SiC2_baseline_kz4,Ti3SiC2_bulk_parent_v19,V18,reused_v18_audit_per_atom.csv,24,25,Ti,,,0.0,0.0,0.0,0.0,-1.5529235568758482e-13,-5.8609563200959225e-09,2.8954666163021307e-08,-1.5529235568758482e-13,-5.8609563200959225e-09,2.8954666163021307e-08,2.954189400871581e-08
Ti3SiC2_baseline_k10x10x4_v19,solid_Ti3SiC2_baseline_kz4,Ti3SiC2_bulk_parent_v19,V18,reused_v18_audit_per_atom.csv,25,26,Ti,,,8.81175,0.0,0.0,0.0,2.2170772624959826e-15,-7.281468866011595e-09,-1.4973729287724995e-09,2.2170772624959826e-15,-7.281468866011595e-09,-1.4973729287724995e-09,7.43383578877835e-09
Ti3SiC2_baseline_k10x10x4_v19,solid_Ti3SiC2_baseline_kz4,Ti3SiC2_bulk_parent_v19,V18,reused_v18_audit_per_atom.csv,26,27,Ti,,,2.38798425,0.0007199685322682781,-0.00041202407111023037,-0.04495673961190924,2.169475191754911e-05,-5.239940331847742e-06,-4.302305316597922,-0.000698273780350729,0.00040678413077838263,-4.257348576986012,4.257348653683937
Ti3SiC2_baseline_k10x10x4_v19,solid_Ti3SiC2_baseline_kz4,Ti3SiC2_bulk_parent_v19,V18,reused_v18_audit_per_atom.csv,27,28,Ti,,,11.19973425,-0.001008354378750206,0.0009127926992588833,-0.04498368654430486,-6.331931545856681e-06,-2.1405720072674016e-05,-4.302305306635883,0.0010020224472043493,-0.0009341984193315573,-4.257321620091578,4.25732184050899
Ti3SiC2_baseline_k10x10x4_v19,solid_Ti3SiC2_baseline_kz4,Ti3SiC2_bulk_parent_v19,V18,reused_v18_audit_per_atom.csv,28,29,Ti,,,6.42376575,0.0010083544748323212,-0.000912842821583883,0.044983690531341505,6.3319315621967745e-06,2.1369880216784258e-05,4.30230530098396,-0.0010020225432701244,0.0009342127018006673,4.257321610452618,4.257321830873187
Ti3SiC2_baseline_k10x10x4_v19,solid_Ti3SiC2_baseline_kz4,Ti3SiC2_bulk_parent_v19,V18,reused_v18_audit_per_atom.csv,29,30,Ti,,,15.23551575,-0.0007199685690058406,0.00041209543557088575,0.044956745856729034,-2.169475146591212e-05,5.261775505103171e-06,4.302305308815048,0.0006982738175399285,-0.0004068336600657826,4.2573485629583185,4.257348639660981
Ti3SiC2_baseline_k10x10x4_v19,solid_Ti3SiC2_baseline_kz4,Ti3SiC2_bulk_parent_v19,V18,reused_v18_audit_per_atom.csv,30,31,Si,,,4.405875,-0.0006525353816422018,0.00038614735655342875,7.0039932885446875e-06,-6.783653177793326e-07,-3.907304511212591e-07,3.3573669528091238e-09,0.0006518570163244224,-0.00038653808700455,-7.000635921591878e-06,0.0007578774777890038
Ti3SiC2_baseline_k10x10x4_v19,solid_Ti3SiC2_baseline_kz4,Ti3SiC2_bulk_parent_v19,V18,reused_v18_audit_per_atom.csv,31,32,Si,,,13.217625,0.0006525353816422018,-0.00038614735655342875,-7.0039932885446875e-06,6.783652389038414e-07,3.9279898560561945e-07,-8.28071480048903e-09,-0.0006518570164032979,0.0003865401555390344,6.9957125737441985e-06,0.0007578784874059725
Ti3SiC2_baseline_k10x10x4_v19,solid_Ti3SiC2_baseline_kz4,Ti3SiC2_bulk_parent_v19,V18,reused_v18_audit_per_atom.csv,32,33,C,,,1.2724167,-0.0001477086363084519,9.123658815023144e-05,0.08786376482056493,-2.0436362242437413e-05,1.1162834774560565e-05,2.716830855555978,0.00012727227406601448,-8.007375337567088e-05,2.628967090735413,2.628967095035588
Ti3SiC2_baseline_k10x10x4_v19,solid_Ti3SiC2_baseline_kz4,Ti3SiC2_bulk_parent_v19,V18,reused_v18_audit_per_atom.csv,33,34,C,,,10.0841667,0.0005123222687158105,-0.0007223635366107006,0.08784047229397808,5.823589968257521e-07,2.3249493728520233e-05,2.716830849870978,-0.0005117399097189848,0.0007456130303392208,2.628990377577,2.6289905331151315
Ti3SiC2_baseline_k10x10x4_v19,solid_Ti3SiC2_baseline_kz4,Ti3SiC2_bulk_parent_v19,V18,reused_v18_audit_per_atom.csv,34,35,C,,,7.5393333,-0.0005123223698793712,0.0007223181154589561,-0.08784046630335456,-5.823590067553699e-07,-2.3267095728949716e-05,-2.7168308594364654,0.0005117400108726159,-0.0007455852111879058,-2.628990393133111,2.6289905486633716
Ti3SiC2_baseline_k10x10x4_v19,solid_Ti3SiC2_baseline_kz4,Ti3SiC2_bulk_parent_v19,V18,reused_v18_audit_per_atom.csv,35,36,C,,,16.3510833,0.00014770900247694765,-9.117262595585593e-05,-0.0878637563364177,2.043636207290202e-05,-1.1123572308115864e-05,-2.7168308693908063,-0.00012727264040404563,8.004905364774006e-05,-2.628967113054389,2.628967117353829
Ti3SiC2_baseline_k10x10x4_v19,solid_Ti3SiC2_baseline_kz4,Ti3SiC2_bulk_parent_v19,V18,reused_v18_audit_per_atom.csv,36,37,Ti,,,0.0,0.0,0.0,0.0,-2.449269086157724e-13,6.641024333318285e-09,-2.8954793301018285e-08,-2.449269086157724e-13,6.641024333318285e-09,-2.8954793301018285e-08,2.9706619790215248e-08
Ti3SiC2_baseline_k10x10x4_v19,solid_Ti3SiC2_baseline_kz4,Ti3SiC2_bulk_parent_v19,V18,reused_v18_audit_per_atom.csv,37,38,Ti,,,8.81175,0.0,0.0,0.0,3.845881946240581e-15,9.782444958467487e-09,1.4969787484678609e-09,3.845881946240581e-15,9.782444958467487e-09,1.4969787484678609e-09,9.896321273019846e-09
Ti3SiC2_baseline_k10x10x4_v19,solid_Ti3SiC2_baseline_kz4,Ti3SiC2_bulk_parent_v19,V18,reused_v18_audit_per_atom.csv,38,39,Ti,,,2.38798425,0.0007199685694501924,-0.0004120954356816054,-0.04495674585621889,2.1694755717297178e-05,-5.188933359231031e-06,-4.302305293127064,-0.0006982738137328952,0.00040690650232237435,-4.257348547270845,4.257348623980469
Ti3SiC2_baseline_k10x10x4_v19,solid_Ti3SiC2_baseline_kz4,Ti3SiC2_bulk_parent_v19,V18,reused_v18_audit_per_atom.csv,39,40,Ti,,,11.19973425,-0.0010083544753400878,0.0009128428214783012,-0.044983690531552385,-6.331931533639333e-06,-2.1395314658513174e-05,-4.302305303098187,0.0010020225438064484,-0.0009342381361368143,-4.257321612566635,4.257321832992785
Ti3SiC2_baseline_k10x10x4_v19,solid_Ti3SiC2_baseline_kz4,Ti3SiC2_bulk_parent_v19,V18,reused_v18_audit_per_atom.csv,40,41,Ti,,,6.42376575,0.0010083543781054393,-0.0009127926990017763,0.044983686544231044,6.3319315496484455e-06,2.139446567216586e-05,4.302305308752549,-0.0010020224465557908,0.0009341871646739422,4.257321622208318,4.257321842623259
Ti3SiC2_baseline_k10x10x4_v19,solid_Ti3SiC2_baseline_kz4,Ti3SiC2_bulk_parent_v19,V18,reused_v18_audit_per_atom.csv,41,42,Ti,,,15.23551575,-0.000719968531872444,0.00041202407075390993,0.04495673961162263,-2.169475558775561e-05,5.158401862958174e-06,4.302305300910208,0.0006982737762846883,-0.00040686566889095176,4.257348561298586,4.2573486380043
Ti3SiC2_baseline_k10x10x4_v19,solid_Ti3SiC2_baseline_kz4,Ti3SiC2_bulk_parent_v19,V18,reused_v18_audit_per_atom.csv,42,43,Si,,,4.405875,-0.0006525353784151183,0.0003861479058956145,6.989049308135261e-06,-6.783654381680034e-07,-3.8203271934343004e-07,-3.3587265487844235e-09,0.0006518570129769503,-0.00038652993861495793,-6.9924080346840455e-06,0.0007578732430842499
Ti3SiC2_baseline_k10x10x4_v19,solid_Ti3SiC2_baseline_kz4,Ti3SiC2_bulk_parent_v19,V18,reused_v18_audit_per_atom.csv,43,44,Si,,,13.217625,0.0006525353784151183,-0.0003861479058956145,-6.989049308135261e-06,6.78365236708332e-07,4.0085003730444373e-07,8.281383265988998e-09,-0.00065185701317841,0.0003865487559329189,6.99733069140125e-06,0.0007578828860582418
Ti3SiC2_baseline_k10x10x4_v19,solid_Ti3SiC2_baseline_kz4,Ti3SiC2_bulk_parent_v19,V18,reused_v18_audit_per_atom.csv,44,45,C,,,1.2724167,-0.00014770900146071771,9.117262584790101e-05,0.08786375633632497,-2.043636608019153e-05,1.1087176476686899e-05,2.7168308650325663,0.00012727263538052618,-8.008544937121411e-05,2.628967108696241,2.62896711299679
Ti3SiC2_baseline_k10x10x4_v19,solid_Ti3SiC2_baseline_kz4,Ti3SiC2_bulk_parent_v19,V18,reused_v18_audit_per_atom.csv,45,46,C,,,10.0841667,0.0005123223690592433,-0.0007223181156917318,0.08784046630308089,5.82358991763998e-07,2.3272969379100174e-05,2.71683087072586,-0.0005117400100674793,0.000745591085070832,2.628990404422779,2.6289905599547048
Ti3SiC2_baseline_k10x10x4_v19,solid_Ti3SiC2_baseline_kz4,Ti3SiC2_bulk_parent_v19,V18,reused_v18_audit_per_atom.csv,46,47,C,,,7.5393333,-0.0005123222699221044,0.0007223635371145798,-0.08784047229352449,-5.823589966846496e-07,-2.323943908243706e-05,-2.7168308611618386,0.0005117399109254197,-0.0007456029761970168,-2.628990388868314,2.6289905444035937
Ti3SiC2_baseline_k10x10x4_v19,solid_Ti3SiC2_baseline_kz4,Ti3SiC2_bulk_parent_v19,V18,reused_v18_audit_per_atom.csv,47,48,C,,,16.3510833,0.00014770863571377223,-9.123658817878461e-05,-0.0878637648205358,2.0436366335586193e-05,-1.1121148968481001e-05,-2.7168308511977663,-0.00012727226937818604,8.011543921030361e-05,-2.6289670863772305,2.6289670906786755
Ti3SiC2_Ti4f_id0003_z_m020A_k10x10x4_v19,Ti3SiC2_Ti_response_minus,Ti3SiC2_bulk_parent_v19,V18,reused_v18_audit_per_atom.csv,0,1,Ti,,,0.0,-0.026981689209249145,-0.015577485459197151,-0.04278578160684386,-0.02090842001096814,-0.012069494012215373,-0.02852878175235886,0.006073269198281005,0.003507991446981778,0.014256999854485003,0.01588875852915109
Ti3SiC2_Ti4f_id0003_z_m020A_k10x10x4_v19,Ti3SiC2_Ti_response_minus,Ti3SiC2_bulk_parent_v19,V18,reused_v18_audit_per_atom.csv,1,2,Ti,,,8.81175,-0.0011243094824951217,-0.0006418505858419645,-0.0005416455546259179,-0.0003590394672438919,-0.0002072504818774741,-0.001746628747149183,0.0007652700152512298,0.0004346001039644904,-0.0012049831925232653,0.0014921460856337505
Ti3SiC2_Ti4f_id0003_z_m020A_k10x10x4_v19,Ti3SiC2_Ti_response_minus,Ti3SiC2_bulk_parent_v19,V18,reused_v18_audit_per_atom.csv,2,3,Ti,,,2.36798425,0.0006854380714498938,-0.00039381885810508757,0.3082744357162273,7.613417513342756e-06,2.4805666723115224e-06,-4.166018578435777,-0.000677824653936551,0.0003962994247773991,-4.474293014152004,4.474293083045513
Ti3SiC2_Ti4f_id0003_z_m020A_k10x10x4_v19,Ti3SiC2_Ti_response_minus,Ti3SiC2_bulk_parent_v19,V18,reused_v18_audit_per_atom.csv,3,4,Ti,,,11.19973425,-0.0012774183225750964,0.0010680809537589086,-0.04347294571420373,-0.00019485871593010384,8.741585629655263e-05,-4.303465291672023,0.0010825596066449926,-0.0009806650974623558,-4.259992345957819,4.2599925963854135
Ti3SiC2_Ti4f_id0003_z_m020A_k10x10x4_v19,Ti3SiC2_Ti_response_minus,Ti3SiC2_bulk_parent_v19,V18,reused_v18_audit_per_atom.csv,4,5,Ti,,,6.42376575,0.0010453617588522851,-0.0009344633961004331,0.06062513439129922,6.289557353084075e-06,2.1571859623198755e-05,4.3298159431263095,-0.001039072201499201,0.0009560352557236319,4.269190808735011,4.269191042230594
Ti3SiC2_Ti4f_id0003_z_m020A_k10x10x4_v19,Ti3SiC2_Ti_response_minus,Ti3SiC2_bulk_parent_v19,V18,reused_v18_audit_per_atom.csv,5,6,Ti,,,15.23551575,-0.0022349974677655974,0.0012870399473755138,0.05174569658210244,-0.001369892381869105,0.000783647112813693,4.3005988471795344,0.0008651050858964923,-0.0005033928345618208,4.248853150597432,4.248853268489379
Ti3SiC2_Ti4f_id0003_z_m020A_k10x10x4_v19,Ti3SiC2_Ti_response_minus,Ti3SiC2_bulk_parent_v19,V18,reused_v18_audit_per_atom.csv,6,7,Si,,,4.405875,0.025033829215688995,0.015176286477988313,-0.03115643173296854,0.015971174648450277,0.009220477970534697,-0.019192516047201055,-0.009062654567238718,-0.0059558085074536155,0.011963915685767483,0.016147403547279757
Ti3SiC2_Ti4f_id0003_z_m020A_k10x10x4_v19,Ti3SiC2_Ti_response_minus,Ti3SiC2_bulk_parent_v19,V18,reused_v18_audit_per_atom.csv,7,8,Si,,,13.217625,0.0008859385011937562,-0.0002353813832095577,-0.002280401763191788,-0.001102296722222516,-0.0006364378781798805,-0.002629248278289179,-0.001988235223416272,-0.00040105649497032276,-0.00034884651509739083,0.0020580620755668738
Ti3SiC2_Ti4f_id0003_z_m020A_k10x10x4_v19,Ti3SiC2_Ti_response_minus,Ti3SiC2_bulk_parent_v19,V18,reused_v18_audit_per_atom.csv,8,9,C,,,1.2724167,-0.03023407324368743,0.017461497310651868,0.034190110120713546,0.024664519787876833,-0.014240693989983087,2.6956542161268175,0.05489859303156426,-0.03170219130063495,2.661464106006104,2.662219012780312
Ti3SiC2_Ti4f_id0003_z_m020A_k10x10x4_v19,Ti3SiC2_Ti_response_minus,Ti3SiC2_bulk_parent_v19,V18,reused_v18_audit_per_atom.csv,9,10,C,,,10.0841667,0.0005465532854921399,-0.0007420732552874752,0.08775754192485193,5.895866611310826e-07,2.3271135391724146e-05,2.7165247347159345,-0.0005459636988310088,0.0007653443906791993,2.6287671927910825,2.628767360898089
Ti3SiC2_Ti4f_id0003_z_m020A_k10x10x4_v19,Ti3SiC2_Ti_response_minus,Ti3SiC2_bulk_parent_v19,V18,reused_v18_audit_per_atom.csv,10,11,C,,,7.5393333,-0.0005136211557298027,0.0007231852019593572,-0.08929247444183765,-0.0009002928789217293,0.000495951131968448,-2.715516949204823,-0.0003866717231919266,-0.0002272340699909092,-2.626224474762985,2.626224513059472
Ti3SiC2_Ti4f_id0003_z_m020A_k10x10x4_v19,Ti3SiC2_Ti_response_minus,Ti3SiC2_bulk_parent_v19,V18,reused_v18_audit_per_atom.csv,11,12,C,,,16.3510833,0.00017879290949974282,-0.00010931527309960592,-0.09733887980764559,2.0515516931197096e-05,-1.1162444287939229e-05,-2.704871870575022,-0.00015827739256854572,9.81528288116667e-05,-2.6075329907673765,2.6075329974184354
Ti3SiC2_Ti4f_id0003_z_m020A_k10x10x4_v19,Ti3SiC2_Ti_response_minus,Ti3SiC2_bulk_parent_v19,V18,reused_v18_audit_per_atom.csv,12,13,Ti,,,0.0,3.0334782205944505e-05,-1.7529516521184535e-05,-0.013223339104662798,-5.867445758062952e-07,3.380027776523579e-07,-0.008342268947643174,-3.09215267817508e-05,1.7867519298836893e-05,0.004881070157019624,0.004881200801730245
Ti3SiC2_Ti4f_id0003_z_m020A_k10x10x4_v19,Ti3SiC2_Ti_response_minus,Ti3SiC2_bulk_parent_v19,V18,reused_v18_audit_per_atom.csv,13,14,Ti,,,8.81175,1.3316993057050968e-05,-7.617330519004351e-06,-3.057476648815783e-05,-7.075942217854829e-09,7.441922345334182e-08,-0.0013579482755254899,-1.3324068999268823e-05,7.691749742457694e-06,-0.001327373509037332,0.0013274626647566696
Ti3SiC2_Ti4f_id0003_z_m020A_k10x10x4_v19,Ti3SiC2_Ti_response_minus,Ti3SiC2_bulk_parent_v19,V18,reused_v18_audit_per_atom.csv,14,15,Ti,,,2.38798425,0.012942862141135906,0.00661301637898126,-0.034776729661721274,0.0016692385484767683,0.0009482567078438003,-4.290817280276968,-0.011273623592659137,-0.00566475967113746,-4.256040550615247,4.256059251534497
Ti3SiC2_Ti4f_id0003_z_m020A_k10x10x4_v19,Ti3SiC2_Ti_response_minus,Ti3SiC2_bulk_parent_v19,V18,reused_v18_audit_per_atom.csv,15,16,Ti,,,11.19973425,-0.0010540783506769794,0.0006736330535850595,-0.043528965890739874,-6.341732566668553e-06,-0.00023912784054914526,-4.303465289439416,0.0010477366181103108,-0.0009127608941342048,-4.259936323548676,4.25993655018169
Ti3SiC2_Ti4f_id0003_z_m020A_k10x10x4_v19,Ti3SiC2_Ti_response_minus,Ti3SiC2_bulk_parent_v19,V18,reused_v18_audit_per_atom.csv,16,17,Ti,,,6.42376575,6.631893119303381e-05,-0.0015040306754078943,0.04016118500759317,0.00020942881026771924,0.00013922706600685234,4.304204167923478,0.00014310987907468543,0.0016432577414147466,4.264042982915885,4.264043301953046
Ti3SiC2_Ti4f_id0003_z_m020A_k10x10x4_v19,Ti3SiC2_Ti_response_minus,Ti3SiC2_bulk_parent_v19,V18,reused_v18_audit_per_atom.csv,17,18,Ti,,,15.23551575,-0.0007537886520886856,-0.0013271702828701825,0.05183614008183376,-2.142286471661873e-05,-0.0015515281583627872,4.300598124041729,0.0007323657873720669,-0.00022435787549260474,4.248761983959895,4.248762053003078
Ti3SiC2_Ti4f_id0003_z_m020A_k10x10x4_v19,Ti3SiC2_Ti_response_minus,Ti3SiC2_bulk_parent_v19,V18,reused_v18_audit_per_atom.csv,18,19,Si,,,4.405875,-0.0007006405048039383,0.00041471695772445734,-0.004720811280876557,-9.076207460692823e-07,-2.5735191390047375e-07,-0.0127586326550308,0.000699732884057869,-0.0004149743096383578,-0.008037821374154243,0.00807888619981137
Ti3SiC2_Ti4f_id0003_z_m020A_k10x10x4_v19,Ti3SiC2_Ti_response_minus,Ti3SiC2_bulk_parent_v19,V18,reused_v18_audit_per_atom.csv,19,20,Si,,,13.217625,0.0006816119920739676,-0.0004035037697282016,-0.002334978180416992,6.670128258985317e-07,4.102956480749823e-07,-0.0002895402586346621,-0.0006809449792480691,0.00040391406537627656,0.00204543792178233,0.0021933191579971124
Ti3SiC2_Ti4f_id0003_z_m020A_k10x10x4_v19,Ti3SiC2_Ti_response_minus,Ti3SiC2_bulk_parent_v19,V18,reused_v18_audit_per_atom.csv,20,21,C,,,1.2724167,-0.00016019856662460128,-0.03465251824419944,0.03419619754335825,-1.7840726425373933e-05,0.028495868096627092,2.6956432641247314,0.00014235784019922735,0.06314838634082653,2.661447066581373,2.662196128608447
Ti3SiC2_Ti4f_id0003_z_m020A_k10x10x4_v19,Ti3SiC2_Ti_response_minus,Ti3SiC2_bulk_parent_v19,V18,reused_v18_audit_per_atom.csv,21,22,C,,,10.0841667,0.00046779807083883947,-0.0007595085678694379,0.08753577414532135,4.7194716572275227e-05,5.023173985251213e-05,2.71686898629257,-0.00042060335426656424,0.00080974030772195,2.6293332121472486,2.6293333704738004
Ti3SiC2_Ti4f_id0003_z_m020A_k10x10x4_v19,Ti3SiC2_Ti_response_minus,Ti3SiC2_bulk_parent_v19,V18,reused_v18_audit_per_atom.csv,22,23,C,,,7.5393333,-0.0005313399491091672,0.0007644629105371468,-0.08929206680467382,-5.908080211895186e-07,-0.0010621952873839057,-2.7155170990525956,0.0005307491410879776,-0.0018266581979210525,-2.626225032247922,2.626225721140592
Ti3SiC2_Ti4f_id0003_z_m020A_k10x10x4_v19,Ti3SiC2_Ti_response_minus,Ti3SiC2_bulk_parent_v19,V18,reused_v18_audit_per_atom.csv,23,24,C,,,16.3510833,-0.0017389416506837115,-0.0011645796752217778,-0.08579157762359761,-0.005302468265501882,-0.0030839017681956646,-2.7051573688426482,-0.0035635266148181704,-0.0019193220929738868,-2.6193657912190504,2.6193689184091333
Ti3SiC2_Ti4f_id0003_z_m020A_k10x10x4_v19,Ti3SiC2_Ti_response_minus,Ti3SiC2_bulk_parent_v19,V18,reused_v18_audit_per_atom.csv,24,25,Ti,,,0.0,0.026998431132721545,-0.015587700512065183,-0.04283749416294593,0.020908063057476667,-0.012071271932610405,-0.028530752341685523,-0.0060903680752448786,0.003516428579454778,0.014306741821260408,0.015941791454744662
Ti3SiC2_Ti4f_id0003_z_m020A_k10x10x4_v19,Ti3SiC2_Ti_response_minus,Ti3SiC2_bulk_parent_v19,V18,reused_v18_audit_per_atom.csv,25,26,Ti,,,8.81175,0.0011226916688900175,-0.0006481885922249718,-0.0005277001754465684,0.0003590552640760332,-0.00020724832585991624,-0.001746630020748248,-0.0007636364048139842,0.00044094026636505557,-0.0012189298453016797,0.0015044463583080954
Ti3SiC2_Ti4f_id0003_z_m020A_k10x10x4_v19,Ti3SiC2_Ti_response_minus,Ti3SiC2_bulk_parent_v19,V18,reused_v18_audit_per_atom.csv,26,27,Ti,,,2.38798425,0.0007471174972183493,-0.014510249101911009,-0.03477693060956925,1.9743116864099144e-05,-0.0019088321357440658,-4.290817256632601,-0.0007273743803542502,0.012601416966166942,-4.256040326023032,4.256059043471705
Ti3SiC2_Ti4f_id0003_z_m020A_k10x10x4_v19,Ti3SiC2_Ti_response_minus,Ti3SiC2_bulk_parent_v19,V18,reused_v18_audit_per_atom.csv,27,28,Ti,,,11.19973425,-0.0008242149352486394,0.0010718607778190323,-0.04352893646437693,0.00018219372857647908,8.742652425627683e-05,-4.303465301427887,0.0010064086638251184,-0.0009844342535627554,-4.259936364963511,4.259936597592472
Ti3SiC2_Ti4f_id0003_z_m020A_k10x10x4_v19,Ti3SiC2_Ti_response_minus,Ti3SiC2_bulk_parent_v19,V18,reused_v18_audit_per_atom.csv,28,29,Ti,,,6.42376575,0.001049479061809607,0.0001984629037864571,0.04016125379185492,6.10864022082325e-06,-0.0002133937611488038,4.304204088463139,-0.0010433704215887837,-0.0004118566649352609,4.264042834671285,4.264042982212922
Ti3SiC2_Ti4f_id0003_z_m020A_k10x10x4_v19,Ti3SiC2_Ti_response_minus,Ti3SiC2_bulk_parent_v19,V18,reused_v18_audit_per_atom.csv,29,30,Ti,,,15.23551575,0.0007695407057757656,0.0013113877066313095,0.051836116487908444,0.0013265647593162437,0.0007833688872401685,4.300598138426524,0.0005570240535404781,-0.000528018819391141,4.2487620219386155,4.248762091262299
Ti3SiC2_Ti4f_id0003_z_m020A_k10x10x4_v19,Ti3SiC2_Ti_response_minus,Ti3SiC2_bulk_parent_v19,V18,reused_v18_audit_per_atom.csv,30,31,Si,,,4.405875,-0.026348972790291025,0.01522277167586742,-0.031131639039193526,-0.0159724667824286,0.009221037667088762,-0.019193035827798625,0.010376506007862427,-0.006001734008778658,0.0119386032113949,0.01691812444340282
Ti3SiC2_Ti4f_id0003_z_m020A_k10x10x4_v19,Ti3SiC2_Ti_response_minus,Ti3SiC2_bulk_parent_v19,V18,reused_v18_audit_per_atom.csv,31,32,Si,,,13.217625,0.000445572827551097,-0.00026728768880921534,-0.0022756386453494804,0.001103646362602329,-0.0006363951208131653,-0.0026292483202734534,0.000658073535051232,-0.00036910743200395,-0.000353609674923973,0.0008332711900067189
Ti3SiC2_Ti4f_id0003_z_m020A_k10x10x4_v19,Ti3SiC2_Ti_response_minus,Ti3SiC2_bulk_parent_v19,V18,reused_v18_audit_per_atom.csv,32,33,C,,,1.2724167,0.02993660059160698,0.017474729407687076,0.03419479256473262,-0.02468764566123787,-0.01423344502349307,2.6956431977989856,-0.05462424625284485,-0.031708174431180146,2.661448405234253,2.662197744407503
Ti3SiC2_Ti4f_id0003_z_m020A_k10x10x4_v19,Ti3SiC2_Ti_response_minus,Ti3SiC2_bulk_parent_v19,V18,reused_v18_audit_per_atom.csv,33,34,C,,,10.0841667,0.0005223540292276941,-0.0006651602553572501,0.08753572901202537,5.737884651434667e-07,-3.056145255912832e-05,2.716868934762558,-0.0005217802407625506,0.0006345988027981218,2.6293332057505325,2.629333334104414
Ti3SiC2_Ti4f_id0003_z_m020A_k10x10x4_v19,Ti3SiC2_Ti_response_minus,Ti3SiC2_bulk_parent_v19,V18,reused_v18_audit_per_atom.csv,34,35,C,,,7.5393333,-0.0005582802531756709,0.000717846558788666,-0.08929212622754619,0.0008991477397342601,0.0004959721938869496,-2.715516970831276,0.001457427992909931,-0.00022187436490171642,-2.6262248446037297,2.6262252583772154
Ti3SiC2_Ti4f_id0003_z_m020A_k10x10x4_v19,Ti3SiC2_Ti_response_minus,Ti3SiC2_bulk_parent_v19,V18,reused_v18_audit_per_atom.csv,35,36,C,,,16.3510833,0.0001339133661538659,0.002079344046957182,-0.08579160555169828,2.0087996185798578e-05,0.006135038254971558,-2.7051573959464235,-0.00011382536996806732,0.004055694208014377,-2.6193657903947254,2.619368932682433
Ti3SiC2_Ti4f_id0003_z_m020A_k10x10x4_v19,Ti3SiC2_Ti_response_minus,Ti3SiC2_bulk_parent_v19,V18,reused_v18_audit_per_atom.csv,36,37,Ti,,,0.0,-4.874218609021955e-07,0.03115573952777584,-0.04278598793336078,-1.7182002763900354e-06,0.024141959787209635,-0.02852885716167215,-1.23077841548784e-06,-0.007013779740566203,0.014257130771688633,0.015888954830479675
Ti3SiC2_Ti4f_id0003_z_m020A_k10x10x4_v19,Ti3SiC2_Ti_response_minus,Ti3SiC2_bulk_parent_v19,V18,reused_v18_audit_per_atom.csv,37,38,Ti,,,8.81175,-6.296086405178525e-06,0.0012947352132090144,-0.0005416278856045484,9.766801034160472e-09,0.000414596790490085,-0.001746697349972488,6.305853206212686e-06,-0.0008801384227189294,-0.0012050694643679395,0.0014922720331370068
Ti3SiC2_Ti4f_id0003_z_m020A_k10x10x4_v19,Ti3SiC2_Ti_response_minus,Ti3SiC2_bulk_parent_v19,V18,reused_v18_audit_per_atom.csv,38,39,Ti,,,2.38798425,-0.011475637542288095,0.00662861849049217,-0.03472253584630774,-0.001627566098192962,0.000946994498350047,-4.2908164882105435,0.009848071444095132,-0.005681623992142122,-4.256093952364235,4.256109138252187
Ti3SiC2_Ti4f_id0003_z_m020A_k10x10x4_v19,Ti3SiC2_Ti_response_minus,Ti3SiC2_bulk_parent_v19,V18,reused_v18_audit_per_atom.csv,39,40,Ti,,,11.19973425,-0.0010389441409900816,0.0009304003462158835,-0.043104247673467516,-6.324605206205398e-06,-2.1428410467852943e-05,-4.303641158709451,0.0010326195357838763,-0.0009518287566837364,-4.260536911035984,4.260537142495196
Ti3SiC2_Ti4f_id0003_z_m020A_k10x10x4_v19,Ti3SiC2_Ti_response_minus,Ti3SiC2_bulk_parent_v19,V18,reused_v18_audit_per_atom.csv,40,41,Ti,,,6.42376575,0.002025232154443496,-0.0014997615765473078,0.04010179931295695,-0.00019696853070298856,0.0001390867723552085,4.3042040996220114,-0.0022222006851464844,0.0016388483489025163,4.264102300309054,4.264103194283736
Ti3SiC2_Ti4f_id0003_z_m020A_k10x10x4_v19,Ti3SiC2_Ti_response_minus,Ti3SiC2_bulk_parent_v19,V18,reused_v18_audit_per_atom.csv,41,42,Ti,,,15.23551575,-0.0007182879004566,0.00041132216818631155,0.049146172578771345,-2.172609462165742e-05,5.179621737054323e-06,4.309241145106257,0.0006965618058349426,-0.0004061425464492572,4.260094972527486,4.260095048834483
Ti3SiC2_Ti4f_id0003_z_m020A_k10x10x4_v19,Ti3SiC2_Ti_response_minus,Ti3SiC2_bulk_parent_v19,V18,reused_v18_audit_per_atom.csv,42,43,Si,,,4.405875,-0.0006173136044217556,-0.029253275826276192,-0.03115641977132663,-1.6135926261725883e-07,-0.018442918146159094,-0.019192578156064254,0.0006171522451591383,0.010810357680117098,0.011963841615262375,0.016136239222968144
Ti3SiC2_Ti4f_id0003_z_m020A_k10x10x4_v19,Ti3SiC2_Ti_response_minus,Ti3SiC2_bulk_parent_v19,V18,reused_v18_audit_per_atom.csv,43,44,Si,,,13.217625,0.0006381255587462391,-0.0006645244327727921,-0.002280362834001423,7.118492151183924e-07,0.0012740269943208203,-0.0026292302430359384,-0.0006374137095311207,0.0019385514270936124,-0.00034886740903451556,0.0020702623847404854
Ti3SiC2_Ti4f_id0003_z_m020A_k10x10x4_v19,Ti3SiC2_Ti_response_minus,Ti3SiC2_bulk_parent_v19,V18,reused_v18_audit_per_atom.csv,44,45,C,,,1.2724167,-0.00016848395193298557,0.00010330605027247048,0.08974098217523088,-1.9820407798265896e-05,1.073141482081381e-05,2.708418388245195,0.00014866354413471967,-9.257463545165667e-05,2.6186774060699642,2.6186774119261482
Ti3SiC2_Ti4f_id0003_z_m020A_k10x10x4_v19,Ti3SiC2_Ti_response_minus,Ti3SiC2_bulk_parent_v19,V18,reused_v18_audit_per_atom.csv,45,46,C,,,10.0841667,0.0005935743376706085,-0.0007691710755544181,0.08756258234784033,-4.6026867637291666e-05,5.02200362083728e-05,2.7168689774436903,-0.0006396012053079002,0.0008193911117627909,2.62930639509585,2.6293066005666645
Ti3SiC2_Ti4f_id0003_z_m020A_k10x10x4_v19,Ti3SiC2_Ti_response_minus,Ti3SiC2_bulk_parent_v19,V18,reused_v18_audit_per_atom.csv,46,47,C,,,7.5393333,-0.0005307729585570393,0.0007329826659823986,-0.0853412920695987,-5.86842991597003e-07,-2.3303226464144763e-05,-2.717511584344183,0.0005301861155654423,-0.0007562858924465434,-2.632170292274584,2.6321704543206423
Ti3SiC2_Ti4f_id0003_z_m020A_k10x10x4_v19,Ti3SiC2_Ti_response_minus,Ti3SiC2_bulk_parent_v19,V18,reused_v18_audit_per_atom.csv,47,48,C,,,16.3510833,0.002028358758760042,-0.00117705940359807,-0.08583856610552579,0.0053428397935446365,-0.0030840146559472613,-2.7051567754147463,0.0033144810347845947,-0.0019069552523491913,-2.6193182093092204,2.619321000542264
Ti3SiC2_Ti4f_id0003_z_p020A_k10x10x4_v19,Ti3SiC2_Ti_response_plus,Ti3SiC2_bulk_parent_v19,V18,reused_v18_audit_per_atom.csv,0,1,Ti,,,0.0,0.02569219388137157,0.014827817080156463,0.04131916538676144,0.019594367316439126,0.01131086362766955,0.02667138250858818,-0.006097826564932445,-0.003516953452486914,-0.014647782878173261,0.01625146127734553
Ti3SiC2_Ti4f_id0003_z_p020A_k10x10x4_v19,Ti3SiC2_Ti_response_plus,Ti3SiC2_bulk_parent_v19,V18,reused_v18_audit_per_atom.csv,1,2,Ti,,,8.81175,0.0011394564556914705,0.0006503685403001502,0.0003573016066320288,0.000362886662971549,0.00020945207699519467,0.001716401898752143,-0.0007765697927199216,-0.00044091646330495556,0.0013591002921201141,0.0016262292503270847
Ti3SiC2_Ti4f_id0003_z_p020A_k10x10x4_v19,Ti3SiC2_Ti_response_plus,Ti3SiC2_bulk_parent_v19,V18,reused_v18_audit_per_atom.csv,2,3,Ti,,,2.40798425,0.000748692146017165,-0.00042765001676452376,-0.39057548681775406,3.412627187808883e-05,-1.2019076573701638e-05,-4.417700004536007,-0.0007145658741390761,0.0004156309401908221,-4.027124517718253,4.027124602562098
Ti3SiC2_Ti4f_id0003_z_p020A_k10x10x4_v19,Ti3SiC2_Ti_response_plus,Ti3SiC2_bulk_parent_v19,V18,reused_v18_audit_per_atom.csv,3,4,Ti,,,11.19973425,-0.000727202292181856,0.00075035453047053,-0.045185557645194434,0.00016926612458460777,-0.00012276207458794254,-4.301157337804787,0.0008964684167664638,-0.0008731166050584725,-4.255971780159593,4.255971964134989
Ti3SiC2_Ti4f_id0003_z_p020A_k10x10x4_v19,Ti3SiC2_Ti_response_plus,Ti3SiC2_bulk_parent_v19,V18,reused_v18_audit_per_atom.csv,4,5,Ti,,,6.42376575,0.0009664131988676812,-0.0008881650870737304,0.02747252024682903,6.373491305404781e-06,2.114735406335026e-05,4.2746237794488025,-0.0009600397075622763,0.0009093124411370807,4.247151259201973,4.247151465048812
Ti3SiC2_Ti4f_id0003_z_p020A_k10x10x4_v19,Ti3SiC2_Ti_response_plus,Ti3SiC2_bulk_parent_v19,V18,reused_v18_audit_per_atom.csv,5,6,Ti,,,15.23551575,0.0008595350366339405,-0.0004995856452919338,0.0366841825723281,0.0012789938533128453,-0.000745693961840095,4.30398057788685,0.0004194588166789048,-0.00024610831654816115,4.2672963953145215,4.267296423027033
Ti3SiC2_Ti4f_id0003_z_p020A_k10x10x4_v19,Ti3SiC2_Ti_response_plus,Ti3SiC2_bulk_parent_v19,V18,reused_v18_audit_per_atom.csv,6,7,Si,,,4.405875,-0.02783201487527108,-0.015266978688400878,0.03328542291774602,-0.016162692093753157,-0.009331040317192757,0.018499982400953203,0.011669322781517923,0.0059359383712081215,-0.014785440516792817,0.019748866038374273
Ti3SiC2_Ti4f_id0003_z_p020A_k10x10x4_v19,Ti3SiC2_Ti_response_plus,Ti3SiC2_bulk_parent_v19,V18,reused_v18_audit_per_atom.csv,7,8,Si,,,13.217625,0.0004230134110241956,-0.0005338399061086595,0.002327058111842653,0.0011036880630871404,0.0006372443027144936,0.0024977160607801254,0.0006806746520629447,0.001171084208823153,0.00017065794893747228,0.0013652400307826848
Ti3SiC2_Ti4f_id0003_z_p020A_k10x10x4_v19,Ti3SiC2_Ti_response_plus,Ti3SiC2_bulk_parent_v19,V18,reused_v18_audit_per_atom.csv,8,9,C,,,1.2724167,0.026646614601444237,-0.015378129738553101,0.1404050061970907,-0.029741384145456632,0.0171705518061781,2.732638812138498,-0.05638799874690087,0.0325486815447312,2.592233805941407,2.593051316063462
Ti3SiC2_Ti4f_id0003_z_p020A_k10x10x4_v19,Ti3SiC2_Ti_response_plus,Ti3SiC2_bulk_parent_v19,V18,reused_v18_audit_per_atom.csv,9,10,C,,,10.0841667,0.0004661862756610978,-0.00069570916000077,0.08900281466499209,5.751603302617085e-07,2.3224960385971128e-05,2.7170737433792196,-0.0004656111153308361,0.0007189341203867411,2.6280709287142274,2.6280710682956885
Ti3SiC2_Ti4f_id0003_z_p020A_k10x10x4_v19,Ti3SiC2_Ti_response_plus,Ti3SiC2_bulk_parent_v19,V18,reused_v18_audit_per_atom.csv,10,11,C,,,7.5393333,-0.0005365619199512352,0.0007360624810578201,-0.08748064803257215,0.0009386230780122403,-0.0005652720217061416,-2.7180821119970275,0.0014751849979634754,-0.0013013345027639617,-2.6306014639644553,2.630602199469582
Ti3SiC2_Ti4f_id0003_z_p020A_k10x10x4_v19,Ti3SiC2_Ti_response_plus,Ti3SiC2_bulk_parent_v19,V18,reused_v18_audit_per_atom.csv,11,12,C,,,16.3510833,0.00010305323107838714,-6.548256461988719e-05,-0.07941180256461984,2.0326080395738876e-05,-1.1066480717108161e-05,-2.7284916698455177,-8.272715068264827e-05,5.441608390277903e-05,-2.6490798672808977,2.6490798691315196
Ti3SiC2_Ti4f_id0003_z_p020A_k10x10x4_v19,Ti3SiC2_Ti_response_plus,Ti3SiC2_bulk_parent_v19,V18,reused_v18_audit_per_atom.csv,12,13,Ti,,,0.0,-3.432769924951804e-05,1.9967719634435725e-05,0.013758126482603212,4.89291307800583e-07,-2.675213085898045e-07,0.008843437370273807,3.4816990557318624e-05,-2.023524094302553e-05,-0.004914689112329404,0.004914854093323288
Ti3SiC2_Ti4f_id0003_z_p020A_k10x10x4_v19,Ti3SiC2_Ti_response_plus,Ti3SiC2_bulk_parent_v19,V18,reused_v18_audit_per_atom.csv,13,14,Ti,,,8.81175,-1.396616192912436e-05,8.150557657156118e-06,-0.0001487802923534356,7.502513650314233e-09,-6.30111700653229e-08,0.0014299947937239305,1.3973664442774674e-05,-8.21356882722144e-06,0.001578775086077366,0.0015788582895337484
Ti3SiC2_Ti4f_id0003_z_p020A_k10x10x4_v19,Ti3SiC2_Ti_response_plus,Ti3SiC2_bulk_parent_v19,V18,reused_v18_audit_per_atom.csv,14,15,Ti,,,2.38798425,-0.011896188738869242,-0.007660178078768525,-0.05461146935607385,-0.001693956041884249,-0.000997783446706721,-4.312819629170892,0.010202232696984993,0.006662394632061804,-4.258208159814818,4.258225593526926
Ti3SiC2_Ti4f_id0003_z_p020A_k10x10x4_v19,Ti3SiC2_Ti_response_plus,Ti3SiC2_bulk_parent_v19,V18,reused_v18_audit_per_atom.csv,15,16,Ti,,,11.19973425,-0.0009575460291416012,0.0011599258794530217,-0.0451221264663396,-6.32254540905864e-06,0.0001814087953342418,-4.301157335541543,0.0009512234837325426,-0.00097851708411878,-4.256035209075203,4.2560354278611925
Ti3SiC2_Ti4f_id0003_z_p020A_k10x10x4_v19,Ti3SiC2_Ti_response_plus,Ti3SiC2_bulk_parent_v19,V18,reused_v18_audit_per_atom.csv,16,17,Ti,,,6.42376575,0.002092918146083761,-0.00023581581467178522,0.04900695656695073,-0.0001355633305063817,-6.1100442493705e-05,4.300348894836711,-0.002228481476590143,0.00017471537217808022,4.251341938269761,4.25134252592595
Ti3SiC2_Ti4f_id0003_z_p020A_k10x10x4_v19,Ti3SiC2_Ti_response_plus,Ti3SiC2_bulk_parent_v19,V18,reused_v18_audit_per_atom.csv,17,18,Ti,,,15.23551575,-0.0006841907888916911,0.00221611179951931,0.03658196032667677,-2.195404587074061e-05,0.0015069669850679174,4.303981247888516,0.0006622367430209505,-0.0007091448144513925,4.267399287561839,4.267399397868351
Ti3SiC2_Ti4f_id0003_z_p020A_k10x10x4_v19,Ti3SiC2_Ti_response_plus,Ti3SiC2_bulk_parent_v19,V18,reused_v18_audit_per_atom.csv,18,19,Si,,,4.405875,-0.000596853434851121,0.00035445012822565635,0.004530275091854583,-4.346194748743372e-07,-5.139122867637156e-07,0.012287184797033435,0.0005964188153762467,-0.00035496404051242006,0.007756909705178852,0.007787898500089069
Ti3SiC2_Ti4f_id0003_z_p020A_k10x10x4_v19,Ti3SiC2_Ti_response_plus,Ti3SiC2_bulk_parent_v19,V18,reused_v18_audit_per_atom.csv,19,20,Si,,,13.217625,0.0006154362129188309,-0.0003652895623101791,0.0023488584078105333,6.889749426574124e-07,3.9155359254808113e-07,0.00015903461411619709,-0.0006147472379761735,0.00036568111590272716,-0.0021898237936943364,0.0023036851114154153
Ti3SiC2_Ti4f_id0003_z_p020A_k10x10x4_v19,Ti3SiC2_Ti_response_plus,Ti3SiC2_bulk_parent_v19,V18,reused_v18_audit_per_atom.csv,20,21,C,,,1.2724167,-0.00012257844546174033,0.0310126226638054,0.14038893832632013,-2.29151324951638e-05,-0.034290971340549654,2.732648725392955,9.966331296657653e-05,-0.06530359400435505,2.592259787066635,2.5930822148488497
Ti3SiC2_Ti4f_id0003_z_p020A_k10x10x4_v19,Ti3SiC2_Ti_response_plus,Ti3SiC2_bulk_parent_v19,V18,reused_v18_audit_per_atom.csv,21,22,C,,,10.0841667,0.0005433918147233236,-0.0006778725885563655,0.0892560833293645,-5.810678833857025e-05,-1.0660318180768201e-05,2.7167823965918765,-0.0006014986030618938,0.0006672122703755973,2.627526313262512,2.627526466823821
Ti3SiC2_Ti4f_id0003_z_p020A_k10x10x4_v19,Ti3SiC2_Ti_response_plus,Ti3SiC2_bulk_parent_v19,V18,reused_v18_audit_per_atom.csv,22,23,C,,,7.5393333,-0.0004799126730601716,0.0006299982874144491,-0.08747607278335823,-5.724372720529465e-07,0.0010613485126386706,-2.7180819701844268,0.00047934023578811866,0.0004313502252242215,-2.6306058974010686,2.630605976438007
Ti3SiC2_Ti4f_id0003_z_p020A_k10x10x4_v19,Ti3SiC2_Ti_response_plus,Ti3SiC2_bulk_parent_v19,V18,reused_v18_audit_per_atom.csv,23,24,C,,,16.3510833,0.0020021744053733597,0.0009733806876302146,-0.09099266883179045,0.005165546313714432,0.0029590371355150613,-2.7284417106681476,0.0031633719083410724,0.0019856564478848465,-2.637449041836357,2.637451686389132
Ti3SiC2_Ti4f_id0003_z_p020A_k10x10x4_v19,Ti3SiC2_Ti_response_plus,Ti3SiC2_bulk_parent_v19,V18,reused_v18_audit_per_atom.csv,24,25,Ti,,,0.0,-0.02571039830085919,0.014844040100475284,0.04138180395262649,-0.01959402737943576,0.011312601473797122,0.026673299791965064,0.00611637092142343,-0.003531438626678162,-0.01470850416066143,0.016316284707819463
Ti3SiC2_Ti4f_id0003_z_p020A_k10x10x4_v19,Ti3SiC2_Ti_response_plus,Ti3SiC2_bulk_parent_v19,V18,reused_v18_audit_per_atom.csv,25,26,Ti,,,8.81175,-0.0011392949824445087,0.0006578602206927867,0.00033925734103724904,-0.00036290175902009114,0.00020944907921971781,0.0017163996432730808,0.0007763932234244175,-0.00044841114147306884,0.0013771423022358319,0.0016432832713150663
Ti3SiC2_Ti4f_id0003_z_p020A_k10x10x4_v19,Ti3SiC2_Ti_response_plus,Ti3SiC2_bulk_parent_v19,V18,reused_v18_audit_per_atom.csv,26,27,Ti,,,2.38798425,0.0006889886339400432,0.014137528020466094,-0.054611244203638845,2.3493189103810166e-05,0.001976909541371901,-4.312819702325815,-0.0006654954448362331,-0.012160618479094193,-4.2582084581221755,4.258225874275485
Ti3SiC2_Ti4f_id0003_z_p020A_k10x10x4_v19,Ti3SiC2_Ti_response_plus,Ti3SiC2_bulk_parent_v19,V18,reused_v18_audit_per_atom.csv,27,28,Ti,,,11.19973425,-0.0011969738418715185,0.0007451104821706245,-0.045122176287389126,-0.00018192823058580884,-0.00012277189811973807,-4.301157329230206,0.0010150456112857096,-0.0008678823802903625,-4.256035152942816,4.256035362473202
Ti3SiC2_Ti4f_id0003_z_p020A_k10x10x4_v19,Ti3SiC2_Ti_response_plus,Ti3SiC2_bulk_parent_v19,V18,reused_v18_audit_per_atom.csv,28,29,Ti,,,6.42376575,0.0009643327047121899,-0.002190171564431154,0.04900689859000047,6.548645851207638e-06,0.0001854570048337714,4.300348954412213,-0.0009577840588609822,0.0023756285692649254,4.251342055822213,4.251342827456289
Ti3SiC2_Ti4f_id0003_z_p020A_k10x10x4_v19,Ti3SiC2_Ti_response_plus,Ti3SiC2_bulk_parent_v19,V18,reused_v18_audit_per_atom.csv,29,30,Ti,,,15.23551575,-0.0022644112357828074,-0.0005206550140573667,0.036581935525348074,-0.0013224217760384937,-0.0007454167411749227,4.303981247948404,0.0009419894597443136,-0.00022476172711755602,4.2673993124230565,4.267399422309886
Ti3SiC2_Ti4f_id0003_z_p020A_k10x10x4_v19,Ti3SiC2_Ti_response_plus,Ti3SiC2_bulk_parent_v19,V18,reused_v18_audit_per_atom.csv,30,31,Si,,,4.405875,0.02654538092671314,-0.015316207866579402,0.03325990300514677,0.016161323670191286,-0.009331641944581696,0.01850057976046126,-0.010384057256521854,0.005984565921997706,-0.014759323244685513,0.019012661492347004
Ti3SiC2_Ti4f_id0003_z_p020A_k10x10x4_v19,Ti3SiC2_Ti_response_plus,Ti3SiC2_bulk_parent_v19,V18,reused_v18_audit_per_atom.csv,31,32,Si,,,13.217625,0.0008469186789172483,-0.0004989364605904767,0.0023224571308402687,-0.0011023223208471399,0.0006371996384415098,0.0024977156524433166,-0.0019492409997643881,0.0011361360990319864,0.00017525852160304783,0.0022629761952085528
Ti3SiC2_Ti4f_id0003_z_p020A_k10x10x4_v19,Ti3SiC2_Ti_response_plus,Ti3SiC2_bulk_parent_v19,V18,reused_v18_audit_per_atom.csv,32,33,C,,,1.2724167,-0.02691533693834833,-0.015391733143311995,0.14039019055614788,0.02968473890613023,0.017164307769972322,2.732648777335813,0.056600075844478556,0.03255604091328432,2.592258586779665,2.5930808018876803
Ti3SiC2_Ti4f_id0003_z_p020A_k10x10x4_v19,Ti3SiC2_Ti_response_plus,Ti3SiC2_bulk_parent_v19,V18,reused_v18_audit_per_atom.csv,33,34,C,,,10.0841667,0.0004893720024548278,-0.0007714409327704353,0.08925614611191794,5.911504759897439e-07,9.100533887922038e-05,2.716782404386871,-0.000488780851978838,0.0008624462716496557,2.627526258274953,2.6275264452797935
Ti3SiC2_Ti4f_id0003_z_p020A_k10x10x4_v19,Ti3SiC2_Ti_response_plus,Ti3SiC2_bulk_parent_v19,V18,reused_v18_audit_per_atom.csv,34,35,C,,,7.5393333,-0.00041632353524660384,0.0007400713506755471,-0.08747596095295762,-0.0009398055905498594,-0.0005652937542677818,-2.7180820872353717,-0.0005234820553032555,-0.001305365104943329,-2.630606126282414,2.630606502243558
Ti3SiC2_Ti4f_id0003_z_p020A_k10x10x4_v19,Ti3SiC2_Ti_response_plus,Ti3SiC2_bulk_parent_v19,V18,reused_v18_audit_per_atom.csv,35,36,C,,,16.3510833,0.0001529288600285182,-0.002229759810601471,-0.0909925824868043,2.0761143912509297e-05,-0.005951999745180101,-2.7284417202222913,-0.0001321677161160089,-0.00372223993457863,-2.637449137735487,2.6374517676499982
Ti3SiC2_Ti4f_id0003_z_p020A_k10x10x4_v19,Ti3SiC2_Ti_response_plus,Ti3SiC2_bulk_parent_v19,V18,reused_v18_audit_per_atom.csv,36,37,Ti,,,0.0,4.945237988042196e-06,-0.02966405974862105,0.041319349373797165,1.6749866229522938e-06,-0.022624633256705523,0.026671341052450906,-3.270251365089902e-06,0.007039426491915527,-0.01464800832134626,0.016251697874740824
Ti3SiC2_Ti4f_id0003_z_p020A_k10x10x4_v19,Ti3SiC2_Ti_response_plus,Ti3SiC2_bulk_parent_v19,V18,reused_v18_audit_per_atom.csv,37,38,Ti,,,8.81175,6.571160152989828e-06,-0.0013119161624803167,0.0003572345335502754,-1.0145341375160377e-08,-0.0004190228576734709,0.0017164779602114547,-6.581305494364988e-06,0.0008928933048068459,0.0013592434266611793,0.001626297777245153
Ti3SiC2_Ti4f_id0003_z_p020A_k10x10x4_v19,Ti3SiC2_Ti_response_plus,Ti3SiC2_bulk_parent_v19,V18,reused_v18_audit_per_atom.csv,38,39,Ti,,,2.38798425,0.013297771515822718,-0.007673804211836997,-0.05466094036290986,0.0017388154473497233,-0.0009965554329078928,-4.312820342483148,-0.011558956068472995,0.006677248778929104,-4.2581594021202385,4.25818032602914
Ti3SiC2_Ti4f_id0003_z_p020A_k10x10x4_v19,Ti3SiC2_Ti_response_plus,Ti3SiC2_bulk_parent_v19,V18,reused_v18_audit_per_atom.csv,39,40,Ti,,,11.19973425,-0.0009743467493376112,0.0008930919827848072,-0.0455602025524217,-6.338694767726036e-06,-2.1361743474639344e-05,-4.300991451134438,0.0009680080545698852,-0.0009144537262594466,-4.255431248582016,4.2554314569351845
Ti3SiC2_Ti4f_id0003_z_p020A_k10x10x4_v19,Ti3SiC2_Ti_response_plus,Ti3SiC2_bulk_parent_v19,V18,reused_v18_audit_per_atom.csv,40,41,Ti,,,6.42376575,-0.00015937059160115304,-0.0002386351079722256,0.04906409295365403,0.00014842569333935846,-6.096480791792022e-05,4.300348965759795,0.0003077962849405115,0.00017767030005430537,4.251284872806141,4.251284887661096
Ti3SiC2_Ti4f_id0003_z_p020A_k10x10x4_v19,Ti3SiC2_Ti_response_plus,Ti3SiC2_bulk_parent_v19,V18,reused_v18_audit_per_atom.csv,41,42,Ti,,,15.23551575,-0.0007138290559743456,0.0004085264466721173,0.03950147102353747,-2.1655958872182374e-05,5.132956525578502e-06,4.295522891103974,0.0006921730971021633,-0.0004033934901465388,4.256021420080437,4.256021495483006
Ti3SiC2_Ti4f_id0003_z_p020A_k10x10x4_v19,Ti3SiC2_Ti_response_plus,Ti3SiC2_bulk_parent_v19,V18,reused_v18_audit_per_atom.csv,42,43,Si,,,4.405875,-0.0006859425860160825,0.03175200682824008,0.03328550033661278,-1.2052330650303686e-06,0.018661735803225332,0.01850003154820641,0.0006847373529510521,-0.013090271025014748,-0.014785468788406371,0.019759406571144944
Ti3SiC2_Ti4f_id0003_z_p020A_k10x10x4_v19,Ti3SiC2_Ti_response_plus,Ti3SiC2_bulk_parent_v19,V18,reused_v18_audit_per_atom.csv,43,44,Si,,,13.217625,0.0006652023430227098,-0.00011436910187871723,0.0023270726651181605,6.441906675071218e-07,-0.0012732655541043277,0.002497731145166763,-0.0006645581523552027,-0.0011588964522256104,0.0001706584800486026,0.0013467749781070951
Ti3SiC2_Ti4f_id0003_z_p020A_k10x10x4_v19,Ti3SiC2_Ti_response_plus,Ti3SiC2_bulk_parent_v19,V18,reused_v18_audit_per_atom.csv,44,45,C,,,1.2724167,-0.00011562878571062868,7.257104875979571e-05,0.08694126843655416,-2.0940337884997216e-05,1.1378660909495031e-05,2.7254611427493045,9.468844782563146e-05,-6.119238785030068e-05,2.6385198743127503,2.6385198767213756
Ti3SiC2_Ti4f_id0003_z_p020A_k10x10x4_v19,Ti3SiC2_Ti_response_plus,Ti3SiC2_bulk_parent_v19,V18,reused_v18_audit_per_atom.csv,45,46,C,,,10.0841667,0.00041864784459831324,-0.000668224253190127,0.08922565016202685,5.9268562858394024e-05,-1.0648467677685895e-05,2.716782404983047,-0.0003593792817399192,0.0006575757855124411,2.62755675482102,2.6275568616806284
Ti3SiC2_Ti4f_id0003_z_p020A_k10x10x4_v19,Ti3SiC2_Ti_response_plus,Ti3SiC2_bulk_parent_v19,V18,reused_v18_audit_per_atom.csv,46,47,C,,,7.5393333,-0.00048105626632327154,0.0007041427306629986,-0.09133718771738315,-5.796779872927274e-07,-2.316615504717196e-05,-2.7161470157455656,0.0004804765883359788,-0.0007273088857101705,-2.6248098280281824,2.6248099727693246
Ti3SiC2_Ti4f_id0003_z_p020A_k10x10x4_v19,Ti3SiC2_Ti_response_plus,Ti3SiC2_bulk_parent_v19,V18,reused_v18_audit_per_atom.csv,47,48,C,,,16.3510833,-0.0017242344830614635,0.000989497975870287,-0.09094394414887946,-0.005124205486441843,0.0029591419068168328,-2.728442259116062,-0.0033999710033803796,0.0019696439309465456,-2.637498314967183,2.6375012418489527
Ti3SiC2_C4f_id0009_z_m020A_k10x10x4_v19,Ti3SiC2_C_response_minus_only,Ti3SiC2_bulk_parent_v19,V18,reused_v18_audit_per_atom.csv,0,1,Ti,,,0.0,-2.667207327708457e-05,-0.009984086858508079,-0.024735987134778144,1.6011653830464336e-07,0.045958198606882106,0.0072190760842583196,2.6832189815389213e-05,0.055942285465390186,0.03195506321903646,0.06442566327474039
Ti3SiC2_C4f_id0009_z_m020A_k10x10x4_v19,Ti3SiC2_C_response_minus_only,Ti3SiC2_bulk_parent_v19,V18,reused_v18_audit_per_atom.csv,1,2,Ti,,,8.81175,-9.592153128572792e-06,0.0002723851142817545,-0.0001367405831508052,-1.1305297529712102e-08,-6.1676426848652e-05,-0.0004228532955752671,9.58084783104308e-06,-0.0003340615411304065,-0.0002861127124244619,0.0004399424850119237
Ti3SiC2_C4f_id0009_z_m020A_k10x10x4_v19,Ti3SiC2_C_response_minus_only,Ti3SiC2_bulk_parent_v19,V18,reused_v18_audit_per_atom.csv,2,3,Ti,,,2.38798425,-0.03774501830070035,0.021794956358965396,-0.0962827360720039,0.016922669812100534,-0.00976299969554746,-4.3178156840912845,0.054667688112800886,-0.03155795605451286,-4.221532948019281,4.222004842717059
Ti3SiC2_C4f_id0009_z_m020A_k10x10x4_v19,Ti3SiC2_C_response_minus_only,Ti3SiC2_bulk_parent_v19,V18,reused_v18_audit_per_atom.csv,3,4,Ti,,,11.19973425,-0.000997086340759233,0.0009062371746607019,-0.04443693374093751,-6.344779605659684e-06,-2.141420717767311e-05,-4.30257045488765,0.0009907415611535733,-0.000927651381838375,-4.258133521146713,4.258133737451096
Ti3SiC2_C4f_id0009_z_m020A_k10x10x4_v19,Ti3SiC2_C_response_minus_only,Ti3SiC2_bulk_parent_v19,V18,reused_v18_audit_per_atom.csv,4,5,Ti,,,6.42376575,0.0015378154843467126,-0.001218342668217501,0.04301540875870949,0.0003085378880745857,-0.0001530121222191802,4.303625757047563,-0.001229277596272127,0.0010653305459983207,4.2606103482888535,4.260610658813904
Ti3SiC2_C4f_id0009_z_m020A_k10x10x4_v19,Ti3SiC2_C_response_minus_only,Ti3SiC2_bulk_parent_v19,V18,reused_v18_audit_per_atom.csv,5,6,Ti,,,15.23551575,-0.0007234425596481771,0.00041444221096851333,0.034900000074423905,-2.202947223387868e-05,5.446588332868631e-06,4.3143372913219515,0.0007014130874142985,-0.0004089956226356447,4.279437291247528,4.279437368273745
Ti3SiC2_C4f_id0009_z_m020A_k10x10x4_v19,Ti3SiC2_C_response_minus_only,Ti3SiC2_bulk_parent_v19,V18,reused_v18_audit_per_atom.csv,6,7,Si,,,4.405875,-0.0006400270045217656,0.008130439785601835,-0.005440525142695048,-1.0237543176714162e-06,0.006146736508194844,-0.005339285841502983,0.0006390032502040942,-0.0019837032774069913,0.00010123930119206558,0.0020865409755555946
Ti3SiC2_C4f_id0009_z_m020A_k10x10x4_v19,Ti3SiC2_C_response_minus_only,Ti3SiC2_bulk_parent_v19,V18,reused_v18_audit_per_atom.csv,7,8,Si,,,13.217625,0.0006296466373585794,-1.9819010248120374e-05,0.00026316698816133163,6.9672989476493e-07,0.0013119904929610599,7.322930004517291e-05,-0.0006289499074638144,0.0013318095032091803,-0.00018993768811615872,0.0014850491117481387
Ti3SiC2_C4f_id0009_z_m020A_k10x10x4_v19,Ti3SiC2_C_response_minus_only,Ti3SiC2_bulk_parent_v19,V18,reused_v18_audit_per_atom.csv,8,9,C,,,1.2524167,-0.00011893384938754219,7.37496135830077e-05,0.3936045314781197,-3.384217972615939e-05,1.885165736293889e-05,2.792006439196304,8.50916696613828e-05,-5.489795622006881e-05,2.3984019077181844,2.3984019098559366
Ti3SiC2_C4f_id0009_z_m020A_k10x10x4_v19,Ti3SiC2_C_response_minus_only,Ti3SiC2_bulk_parent_v19,V18,reused_v18_audit_per_atom.csv,9,10,C,,,10.0841667,0.000302137162985977,-0.0006009857429716566,0.08888312571577825,9.335428595696766e-05,-3.0302272781823018e-05,2.7171943057689987,-0.00020878287702900933,0.0005706834701898336,2.6283111800532204,2.628311250301734
Ti3SiC2_C4f_id0009_z_m020A_k10x10x4_v19,Ti3SiC2_C_response_minus_only,Ti3SiC2_bulk_parent_v19,V18,reused_v18_audit_per_atom.csv,10,11,C,,,7.5393333,-0.0005011303919335746,0.0007157731182469336,-0.08839016114828166,-5.897629640604779e-07,-2.3417208100247507e-05,-2.717854217209405,0.0005005406289695141,-0.0007391903263471811,-2.6294640560611233,2.6294642076021257
Ti3SiC2_C4f_id0009_z_m020A_k10x10x4_v19,Ti3SiC2_C_response_minus_only,Ti3SiC2_bulk_parent_v19,V18,reused_v18_audit_per_atom.csv,11,12,C,,,16.3510833,0.008973452468395838,-0.005186860682522909,-0.10325994071039322,0.02013487272658429,-0.011624201632671579,-2.7508623867165065,0.011161420258188453,-0.00643734095014867,-2.6476024460061134,2.64763379808429
Ti3SiC2_C4f_id0009_z_m020A_k10x10x4_v19,Ti3SiC2_C_response_minus_only,Ti3SiC2_bulk_parent_v19,V18,reused_v18_audit_per_atom.csv,12,13,Ti,,,0.0,-0.008645140319669613,0.004991167347639493,-0.024801190303653912,0.03980171659737143,-0.022979523456144686,0.007220301525224257,0.048446856917041044,-0.027970690803784178,0.03202149182887817,0.06445799739464496
Ti3SiC2_C4f_id0009_z_m020A_k10x10x4_v19,Ti3SiC2_C_response_minus_only,Ti3SiC2_bulk_parent_v19,V18,reused_v18_audit_per_atom.csv,13,14,Ti,,,8.81175,0.00024198232082247732,-0.00013962186670368276,-0.0001191453569371748,-5.344244423973707e-05,3.0890106727199124e-05,-0.0004228927578350852,-0.0002954247650622144,0.0001705119734308819,-0.0003037474008979104,0.00045674129268941105
Ti3SiC2_C4f_id0009_z_m020A_k10x10x4_v19,Ti3SiC2_C_response_minus_only,Ti3SiC2_bulk_parent_v19,V18,reused_v18_audit_per_atom.csv,14,15,Ti,,,2.38798425,0.0007014787850887903,-0.04483109090630265,-0.0962708736683932,2.2735497950110905e-05,0.019495606306242624,-4.317825475456035,-0.0006787432871386794,0.06432669721254528,-4.221554601787641,4.222044722707368
Ti3SiC2_C4f_id0009_z_m020A_k10x10x4_v19,Ti3SiC2_C_response_minus_only,Ti3SiC2_bulk_parent_v19,V18,reused_v18_audit_per_atom.csv,15,16,Ti,,,11.19973425,-0.0007371049083340641,0.0010471291725353792,-0.044721031056440305,-0.00011556601594692672,-8.444618274601684e-05,-4.302263498039947,0.0006215388923871374,-0.001131575355281396,-4.257542466983507,4.2575426627271025
Ti3SiC2_C4f_id0009_z_m020A_k10x10x4_v19,Ti3SiC2_C_response_minus_only,Ti3SiC2_bulk_parent_v19,V18,reused_v18_audit_per_atom.csv,16,17,Ti,,,6.42376575,0.000987490625665271,-0.00028130062848123126,0.043014148153603105,6.379560132121825e-06,0.0003703899430116675,4.303625920603366,-0.0009811110655331492,0.0006516905714928987,4.260611772449763,4.260611935252615
Ti3SiC2_C4f_id0009_z_m020A_k10x10x4_v19,Ti3SiC2_C_response_minus_only,Ti3SiC2_bulk_parent_v19,V18,reused_v18_audit_per_atom.csv,17,18,Ti,,,15.23551575,-0.00011271546752509749,0.000768401872282495,0.04663053363769854,-0.0031922985641061634,-0.001824794187354774,4.314010182487702,-0.003079583096581066,-0.002593196059637269,4.267379648850003,4.26738154796557
Ti3SiC2_C4f_id0009_z_m020A_k10x10x4_v19,Ti3SiC2_C_response_minus_only,Ti3SiC2_bulk_parent_v19,V18,reused_v18_audit_per_atom.csv,18,19,Si,,,4.405875,0.006060254152513124,-0.0034888028922969035,-0.005436066325696568,0.0053230063884038385,-0.003074021761602991,-0.0053388674186203786,-0.0007372477641092853,0.00041478113069391264,9.719890707618906e-05,0.0008514841628595723
Ti3SiC2_C4f_id0009_z_m020A_k10x10x4_v19,Ti3SiC2_C_response_minus_only,Ti3SiC2_bulk_parent_v19,V18,reused_v18_audit_per_atom.csv,19,20,Si,,,13.217625,0.0009673605732137702,-0.0005684174444313361,0.00026598457641932523,0.0011365353026048072,-0.0006553850163954936,7.308389145511789e-05,0.00016917472939103706,-8.696757196415743e-05,-0.00019290068496420734,0.00027091349522962474
Ti3SiC2_C4f_id0009_z_m020A_k10x10x4_v19,Ti3SiC2_C_response_minus_only,Ti3SiC2_bulk_parent_v19,V18,reused_v18_audit_per_atom.csv,20,21,C,,,1.2724167,0.0031990209224208783,0.002024844803716544,0.09386110989719872,0.01102150798964448,0.006387044149735585,2.7513291360192733,0.007822487067223603,0.0043621993460190404,2.6574680261220744,2.657483119409831
Ti3SiC2_C4f_id0009_z_m020A_k10x10x4_v19,Ti3SiC2_C_response_minus_only,Ti3SiC2_bulk_parent_v19,V18,reused_v18_audit_per_atom.csv,21,22,C,,,10.0841667,0.0004985767572899931,-0.0009434079356452083,0.08885146834717214,5.83047243137751e-07,0.00013039888696960095,2.717194326899806,-0.0004979937100468554,0.0010738068226148092,2.628342858552634,2.628343125081552
Ti3SiC2_C4f_id0009_z_m020A_k10x10x4_v19,Ti3SiC2_C_response_minus_only,Ti3SiC2_bulk_parent_v19,V18,reused_v18_audit_per_atom.csv,22,23,C,,,7.5393333,-0.0012041871197258857,0.0003073584532796412,-0.08880692766140488,0.0010187719971520167,0.0005651554478984227,-2.717458166632414,0.0022229591168779024,0.0002577969946187815,-2.628651238971009,2.62865219155185
Ti3SiC2_C4f_id0009_z_m020A_k10x10x4_v19,Ti3SiC2_C_response_minus_only,Ti3SiC2_bulk_parent_v19,V18,reused_v18_audit_per_atom.csv,23,24,C,,,16.3510833,0.0001447924133085774,0.010087468603198408,-0.10324701144492263,2.142277545714854e-05,0.023214948932614218,-2.7508649675575385,-0.00012336963785142887,0.01312748032941581,-2.647617956112616,2.647650503274519
Ti3SiC2_C4f_id0009_z_m020A_k10x10x4_v19,Ti3SiC2_C_response_minus_only,Ti3SiC2_bulk_parent_v19,V18,reused_v18_audit_per_atom.csv,24,25,Ti,,,0.0,7.252975178711769e-06,-4.108369220946697e-06,0.0013136664503977566,8.701765448497052e-08,-5.822371723467057e-08,-0.008999439894045894,-7.165957524226798e-06,4.050145503712026e-06,-0.010313106344443651,0.010313109629322754
Ti3SiC2_C4f_id0009_z_m020A_k10x10x4_v19,Ti3SiC2_C_response_minus_only,Ti3SiC2_bulk_parent_v19,V18,reused_v18_audit_per_atom.csv,25,26,Ti,,,8.81175,1.3135769837657488e-05,-7.536224193926571e-06,0.00032549170627781555,1.176511762783525e-08,4.104757976922113e-08,-0.0006527864412384435,-1.3124004720029651e-05,7.577271773695792e-06,-0.0009782781475162592,0.0009783955173932816
Ti3SiC2_C4f_id0009_z_m020A_k10x10x4_v19,Ti3SiC2_C_response_minus_only,Ti3SiC2_bulk_parent_v19,V18,reused_v18_audit_per_atom.csv,26,27,Ti,,,2.38798425,0.0391804223408068,0.021813693850693452,-0.096272074848998,-0.01686590134186243,-0.009756477089582136,-4.317825562451516,-0.05604632368266923,-0.03157017094027559,-4.221553487602518,4.222043547238768
Ti3SiC2_C4f_id0009_z_m020A_k10x10x4_v19,Ti3SiC2_C_response_minus_only,Ti3SiC2_bulk_parent_v19,V18,reused_v18_audit_per_atom.csv,27,28,Ti,,,11.19973425,-0.0009891741929593941,0.0006105072807521596,-0.044721066511508506,-6.343851803989506e-06,0.00010471261852311811,-4.30226351032304,0.0009828303411554046,-0.0005057946622290415,-4.2575424438115315,4.257542587296149
Ti3SiC2_C4f_id0009_z_m020A_k10x10x4_v19,Ti3SiC2_C_response_minus_only,Ti3SiC2_bulk_parent_v19,V18,reused_v18_audit_per_atom.csv,28,29,Ti,,,6.42376575,0.00045110000596441084,-0.001210305774621685,0.04301417206871691,-0.0002958420271673047,-0.00015304864294889923,4.303625889594924,-0.0007469420331317155,0.0010572571316727858,4.260611717526207,4.260611914178134
Ti3SiC2_C4f_id0009_z_m020A_k10x10x4_v19,Ti3SiC2_C_response_minus_only,Ti3SiC2_bulk_parent_v19,V18,reused_v18_audit_per_atom.csv,29,30,Ti,,,15.23551575,-0.0007248603056495233,-0.0002916552210363331,0.04663046562243993,-2.223035918465059e-05,0.0036660527229564056,4.314010181425196,0.0007026299464648727,0.0039577079439927386,4.267379715802757,4.267381608900923
Ti3SiC2_C4f_id0009_z_m020A_k10x10x4_v19,Ti3SiC2_C_response_minus_only,Ti3SiC2_bulk_parent_v19,V18,reused_v18_audit_per_atom.csv,30,31,Si,,,4.405875,-0.000654905332633751,0.0003881025326277616,-0.006913429118668595,-2.303188559203348e-07,-6.38025709307552e-07,-0.014792543082986206,0.0006546750137778306,-0.0003887405583370691,-0.007879113964317612,0.007915816790329726
Ti3SiC2_C4f_id0009_z_m020A_k10x10x4_v19,Ti3SiC2_C_response_minus_only,Ti3SiC2_bulk_parent_v19,V18,reused_v18_audit_per_atom.csv,31,32,Si,,,13.217625,0.0006746416996777801,-0.00039948850102745806,0.0012293812515383107,6.703489619308903e-07,4.0931225581192823e-07,-0.0026023111586779392,-0.0006739713507158493,0.00039989781328326996,-0.00383169241021625,0.003911012959472686
Ti3SiC2_C4f_id0009_z_m020A_k10x10x4_v19,Ti3SiC2_C_response_minus_only,Ti3SiC2_bulk_parent_v19,V18,reused_v18_audit_per_atom.csv,32,33,C,,,1.2724167,-0.0001488582964204335,-0.003773669546337409,0.09386075984567804,-2.1212698348068988e-05,-0.012739423130963974,2.751329127780358,0.00012764559807236452,-0.008965753584626566,2.6574683679346798,2.657483495264674
Ti3SiC2_C4f_id0009_z_m020A_k10x10x4_v19,Ti3SiC2_C_response_minus_only,Ti3SiC2_bulk_parent_v19,V18,reused_v18_audit_per_atom.csv,33,34,C,,,10.0841667,0.0006969233748588482,-0.000599893198719721,0.08885147081888155,-9.219002081170514e-05,-3.0303328665805263e-05,2.7171943085282875,-0.0007891133956705533,0.0005695898700539158,2.628342837709406,2.6283430178861553
Ti3SiC2_C4f_id0009_z_m020A_k10x10x4_v19,Ti3SiC2_C_response_minus_only,Ti3SiC2_bulk_parent_v19,V18,reused_v18_audit_per_atom.csv,34,35,C,,,7.5393333,-0.0004989015772490178,0.0015287685511180397,-0.08880686312858012,-5.73208912574329e-07,-0.001200401559715801,-2.7174582099621687,0.0004983283683364435,-0.0027291701108338407,-2.6286513468335886,2.6286528108349905
Ti3SiC2_C4f_id0009_z_m020A_k10x10x4_v19,Ti3SiC2_C_response_minus_only,Ti3SiC2_bulk_parent_v19,V18,reused_v18_audit_per_atom.csv,35,36,C,,,16.3510833,-0.008668733572389434,-0.0051781292788493725,-0.10324667767286926,-0.020093426505432496,-0.01162500953030089,-2.750864964784995,-0.011424692933043061,-0.006446880251451518,-2.6476182871121257,2.647650785153536
Ti3SiC2_C4f_id0009_z_m020A_k10x10x4_v19,Ti3SiC2_C_response_minus_only,Ti3SiC2_bulk_parent_v19,V18,reused_v18_audit_per_atom.csv,36,37,Ti,,,0.0,0.00863264989731022,0.005014743717564263,-0.024735263885118656,-0.039800903115874836,-0.02297923867819664,0.007219022012254645,-0.048433553013185054,-0.027993982395760904,0.0319542858973733,0.06442475064031097
Ti3SiC2_C4f_id0009_z_m020A_k10x10x4_v19,Ti3SiC2_C_response_minus_only,Ti3SiC2_bulk_parent_v19,V18,reused_v18_audit_per_atom.csv,37,38,Ti,,,8.81175,-0.00024066997806763035,-0.00012779153659654992,-0.00013671566859843802,5.344598427553743e-05,3.090520547979173e-05,-0.0004228632868686409,0.0002941159623431678,0.00015869674207634165,-0.0002861476182702029,0.0004399651289504685
Ti3SiC2_C4f_id0009_z_m020A_k10x10x4_v19,Ti3SiC2_C_response_minus_only,Ti3SiC2_bulk_parent_v19,V18,reused_v18_audit_per_atom.csv,38,39,Ti,,,2.38798425,0.0007080259337204169,-0.00040528706088790176,-0.042630548526478775,2.2398649782043565e-05,-5.579842521253551e-06,-4.3107370088214765,-0.0006856272839383733,0.00039970721836664824,-4.268106460294998,4.26810653408072
Ti3SiC2_C4f_id0009_z_m020A_k10x10x4_v19,Ti3SiC2_C_response_minus_only,Ti3SiC2_bulk_parent_v19,V18,reused_v18_audit_per_atom.csv,39,40,Ti,,,11.19973425,-0.0012555993152182216,0.0010554155449857539,-0.04468988105491938,0.00010287556892144998,-8.44445996793913e-05,-4.302263527818469,0.0013584748841396716,-0.0011398601446651452,-4.257573646763549,4.257574016074251
Ti3SiC2_C4f_id0009_z_m020A_k10x10x4_v19,Ti3SiC2_C_response_minus_only,Ti3SiC2_bulk_parent_v19,V18,reused_v18_audit_per_atom.csv,40,41,Ti,,,6.42376575,0.0009988164190860693,-0.0009071512138343042,0.04695948318376007,6.440045380194095e-06,2.133609365317403e-05,4.30162480974455,-0.0009923763737058752,0.0009284873074874783,4.25466532656079,4.25466554360483
Ti3SiC2_C4f_id0009_z_m020A_k10x10x4_v19,Ti3SiC2_C_response_minus_only,Ti3SiC2_bulk_parent_v19,V18,reused_v18_audit_per_atom.csv,41,42,Ti,,,15.23551575,-0.0013295858958289317,0.000764116666564919,0.046580937179880245,0.003148710393654645,-0.0018252979593356092,4.314010751167535,0.004478296289483577,-0.0025894146259005284,4.267429813987655,4.2674329493873095
Ti3SiC2_C4f_id0009_z_m020A_k10x10x4_v19,Ti3SiC2_C_response_minus_only,Ti3SiC2_bulk_parent_v19,V18,reused_v18_audit_per_atom.csv,42,43,Si,,,4.405875,-0.0073525759266477074,-0.0034958930189031697,-0.005440528509678102,-0.005324381948339588,-0.003073633813290192,-0.00533924103755559,0.0020281939783081196,0.00042225920561297795,0.00010128747212251148,0.002074158335898971
Ti3SiC2_C4f_id0009_z_m020A_k10x10x4_v19,Ti3SiC2_C_response_minus_only,Ti3SiC2_bulk_parent_v19,V18,reused_v18_audit_per_atom.csv,43,44,Si,,,13.217625,0.00032332444118756754,-0.0005502916565714287,0.00026320976512082974,-0.0011351839733858807,-0.0006554093395447669,7.324215523435863e-05,-0.0014585084145734483,-0.0001051176829733382,-0.0001899676098864711,0.0014745793350855068
Ti3SiC2_C4f_id0009_z_m020A_k10x10x4_v19,Ti3SiC2_C_response_minus_only,Ti3SiC2_bulk_parent_v19,V18,reused_v18_audit_per_atom.csv,44,45,C,,,1.2724167,-0.003459224683158596,0.0020031854772524786,0.09382669274102806,-0.011064112885915394,0.006387147780148505,2.751330289049794,-0.007604888202756798,0.004383962302896026,2.657503596308766,2.6575180936061518
Ti3SiC2_C4f_id0009_z_m020A_k10x10x4_v19,Ti3SiC2_C_response_minus_only,Ti3SiC2_bulk_parent_v19,V18,reused_v18_audit_per_atom.csv,45,46,C,,,10.0841667,0.0005041116938752005,-0.0007175491997129088,0.09001981694696974,5.81859964374383e-07,2.327204478713143e-05,2.7174083769394413,-0.0005035298339108261,0.0007408212445000402,2.6273885599924713,2.627388712683702
Ti3SiC2_C4f_id0009_z_m020A_k10x10x4_v19,Ti3SiC2_C_response_minus_only,Ti3SiC2_bulk_parent_v19,V18,reused_v18_audit_per_atom.csv,46,47,C,,,7.5393333,0.00020090446960892405,0.0003105141228785211,-0.08879102429343957,-0.001019926739475755,0.0005651602508672946,-2.7174582162798053,-0.001220831209084679,0.00025464612798877347,-2.6286671919863656,2.6286674878156377
Ti3SiC2_C4f_id0009_z_m020A_k10x10x4_v19,Ti3SiC2_C_response_minus_only,Ti3SiC2_bulk_parent_v19,V18,reused_v18_audit_per_atom.csv,47,48,C,,,16.3510833,0.0001497124778006248,-9.245082179075925e-05,-0.11350681511554697,1.943492498627424e-05,-1.053676942263694e-05,-2.7650161132963675,-0.00013027755281435057,8.19140523681223e-05,-2.6515092981808204,2.6515093026466077
AgSi_COD9009647_pilot_k6x6,AgSi_COD_slab_original_vacuum,AgSi_COD9009647_slab_family,V18,reused_v18_audit_per_atom.csv,0,19101000,Ti,,,10.3882515,0.0007207236684202524,-0.0004132781698143659,0.1598120449755807,4.3810574027183794e-05,-2.572294948216189e-05,0.044829107636981835,-0.0006769130943930686,0.000387555220332204,-0.11498293733859888,0.11498558296324946
AgSi_COD9009647_pilot_k6x6,AgSi_COD_slab_original_vacuum,AgSi_COD9009647_slab_family,V18,reused_v18_audit_per_atom.csv,1,19101001,Ti,,,19.2000015,0.0010342955824952735,-0.001244811005569584,-0.01656307223169859,0.007493562218107207,0.004498588800571666,-0.06194495697282765,0.006459266635611934,0.00574339980614125,-0.04538188474112906,0.04619766476197942
AgSi_COD9009647_pilot_k6x6,AgSi_COD_slab_original_vacuum,AgSi_COD9009647_slab_family,V18,reused_v18_audit_per_atom.csv,2,19101002,Ti,,,12.77623575,8.876071837958982e-05,-1.9436055679876598e-05,-0.25591236869388984,-4.6947380398220176e-05,-3.904004628894767e-05,-4.813654060934557,-0.00013570809877781,-1.9603990609071072e-05,-4.557741692240667,4.557741694303202
AgSi_COD9009647_pilot_k6x6,AgSi_COD_slab_original_vacuum,AgSi_COD9009647_slab_family,V18,reused_v18_audit_per_atom.csv,3,19101003,Ti,,,21.58798575,0.009421024463955324,0.008371712241825115,-0.07303006822964388,0.00813434241771055,0.008876027600052289,-3.568359787270066,-0.0012866820462447744,0.0005043153582271736,-3.4953297190404222,3.4953299922456345
AgSi_COD9009647_pilot_k6x6,AgSi_COD_slab_original_vacuum,AgSi_COD9009647_slab_family,V18,reused_v18_audit_per_atom.csv,4,19101004,Ti,,,16.81201725,0.00023703094851608493,-0.0013153348821301253,0.014333653852922392,0.00047804075104675376,0.0004871336111896954,4.445093653139563,0.00024100980253066883,0.0018024684933198208,4.43075999928664,4.430760372470727
AgSi_COD9009647_pilot_k6x6,AgSi_COD_slab_original_vacuum,AgSi_COD9009647_slab_family,V18,reused_v18_audit_per_atom.csv,5,19101005,Ti,,,8.00026725,0.0007471757513534189,-0.0005472448785511763,0.5498298615002214,3.1617276902288485e-05,-1.8137743877299703e-05,2.9726778043248157,-0.0007155584744511304,0.0005291071346738766,2.4228479428245944,2.4228481062641256
AgSi_COD9009647_pilot_k6x6,AgSi_COD_slab_original_vacuum,AgSi_COD9009647_slab_family,V18,reused_v18_audit_per_atom.csv,6,19101006,Si,,,14.7941265,0.0009561068196272177,-0.0003543413220015896,0.07337200035696181,0.00032496966301238326,0.00017976160669556492,0.22224506979747194,-0.0006311371566148345,0.0005341029286971545,0.14887306944051013,0.14887536533855375
AgSi_COD9009647_pilot_k6x6,AgSi_COD_slab_original_vacuum,AgSi_COD9009647_slab_family,V18,reused_v18_audit_per_atom.csv,7,19101007,Si,,,23.6058765,0.040811402611031534,0.02071694559840032,0.9469877934410433,0.14366205429814705,0.0875062841561613,2.1180707017747054,0.10285065168711552,0.06678933855776098,1.171082908333662,1.1774864120187016
AgSi_COD9009647_pilot_k6x6,AgSi_COD_slab_original_vacuum,AgSi_COD9009647_slab_family,V18,reused_v18_audit_per_atom.csv,8,19101008,C,,,11.6606682,-0.0013536339634063507,0.0007961660502456812,0.17218278829971986,-1.5502224251237143e-05,5.707460762638958e-06,3.075119502243229,0.0013381317391551136,-0.0007904585894830422,2.902936713943509,2.9029371299741356
AgSi_COD9009647_pilot_k6x6,AgSi_COD_slab_original_vacuum,AgSi_COD9009647_slab_family,V18,reused_v18_audit_per_atom.csv,9,19101009,C,,,20.4724182,-0.001771282861234948,-0.002314458324094385,0.08349154828688236,-0.006372860419058671,-0.0027285450026458672,2.937160624213709,-0.004601577557823723,-0.00041408667855148207,2.8536690759268266,2.8536728160188347
AgSi_COD9009647_pilot_k6x6,AgSi_COD_slab_original_vacuum,AgSi_COD9009647_slab_family,V18,reused_v18_audit_per_atom.csv,10,19101010,C,,,17.9275848,-0.0010351262950039845,0.002297557287182067,-0.10036091796989839,-0.0016580004579988478,-0.0011913886885928787,-2.905961589056073,-0.0006228741629948633,-0.003488945975774946,-2.8056006710861743,2.8056029095927735
AgSi_COD9009647_pilot_k6x6,AgSi_COD_slab_original_vacuum,AgSi_COD9009647_slab_family,V18,reused_v18_audit_per_atom.csv,11,19101011,C,,,9.1158348,-0.0007241376694728107,0.0005415457213660949,-0.8958455460439527,-8.589358728732627e-05,4.945746206726222e-05,-3.2361177770177747,0.0006382440821854844,-0.0004920882592988327,-2.340272230973822,2.340272369741085
AgSi_COD9009647_pilot_k6x6,AgSi_COD_slab_original_vacuum,AgSi_COD9009647_slab_family,V18,reused_v18_audit_per_atom.csv,12,19101012,Ti,,,10.3882515,0.0007207708495115547,-0.00041312081202997375,0.15981199965491774,4.3810573381883235e-05,-2.5697619798057368e-05,0.0448290614091153,-0.0006769602761296714,0.0003874231922319164,-0.11498293824580244,0.11498558370327715
AgSi_COD9009647_pilot_k6x6,AgSi_COD_slab_original_vacuum,AgSi_COD9009647_slab_family,V18,reused_v18_audit_per_atom.csv,13,19101013,Ti,,,19.2000015,0.0010343367648669548,-0.0012447799502021593,-0.016563083938355996,0.007493562216314236,0.004498606108751892,-0.06194495467562554,0.006459225451447281,0.005743386058954051,-0.04538187073726954,0.04619764353805347
AgSi_COD9009647_pilot_k6x6,AgSi_COD_slab_original_vacuum,AgSi_COD9009647_slab_family,V18,reused_v18_audit_per_atom.csv,14,19101014,Ti,,,12.77623575,8.875171507842066e-05,-1.944355839642265e-05,-0.2559122804525574,-4.6947376646930966e-05,-3.8991555485219556e-05,-4.813654036998105,-0.00013569909172535163,-1.9547997088796905e-05,-4.557741756545547,4.557741758607573
AgSi_COD9009647_pilot_k6x6,AgSi_COD_slab_original_vacuum,AgSi_COD9009647_slab_family,V18,reused_v18_audit_per_atom.csv,15,19101015,Ti,,,21.58798575,0.009420950764998912,0.008371734959343794,-0.07303022055204324,0.008134342359504066,0.008876046484615444,-3.5683597838083614,-0.0012866084054948459,0.0005043115252716494,-3.495329563256318,3.4953298364338816
AgSi_COD9009647_pilot_k6x6,AgSi_COD_slab_original_vacuum,AgSi_COD9009647_slab_family,V18,reused_v18_audit_per_atom.csv,16,19101016,Ti,,,16.81201725,0.00023706519125924155,-0.0013152296702999373,0.01433371717210285,0.0004780407474571963,0.00048715777046069725,4.445093661035039,0.00024097555619795473,0.0018023874407606345,4.430759943862936,4.430760317012194
AgSi_COD9009647_pilot_k6x6,AgSi_COD_slab_original_vacuum,AgSi_COD9009647_slab_family,V18,reused_v18_audit_per_atom.csv,17,19101017,Ti,,,8.00026725,0.0007473028892978643,-0.0005474027376595478,0.5498292793134087,3.161727361776479e-05,-1.8258761858896662e-05,2.972677811782291,-0.0007156856156800995,0.0005291439758006512,2.4228485324688824,2.4228486959539723
AgSi_COD9009647_pilot_k6x6,AgSi_COD_slab_original_vacuum,AgSi_COD9009647_slab_family,V18,reused_v18_audit_per_atom.csv,18,19101018,Si,,,14.7941265,0.000956112129770007,-0.00035435205683304304,0.07337198588348341,0.0003249696612484425,0.00017977010414856043,0.22224506219919404,-0.0006311424685215645,0.0005341221609816034,0.14887307631571062,0.14887537230516612
AgSi_COD9009647_pilot_k6x6,AgSi_COD_slab_original_vacuum,AgSi_COD9009647_slab_family,V18,reused_v18_audit_per_atom.csv,19,19101019,Si,,,23.6058765,0.04081143434116701,0.0207169542929225,0.9469878258454567,0.14366205441686591,0.08750628553385567,2.1180707044257012,0.1028506200756989,0.06678933124093317,1.1710828785802445,1.1774863792508847
AgSi_COD9009647_pilot_k6x6,AgSi_COD_slab_original_vacuum,AgSi_COD9009647_slab_family,V18,reused_v18_audit_per_atom.csv,20,19101020,C,,,11.6606682,-0.0013536440062086217,0.0007958918027443024,0.17218284941518153,-1.5502228005238525e-05,5.623013103073162e-06,3.0751195110874976,0.0013381417782033832,-0.0007902687896412293,2.902936661672316,2.902937077655902
AgSi_COD9009647_pilot_k6x6,AgSi_COD_slab_original_vacuum,AgSi_COD9009647_slab_family,V18,reused_v18_audit_per_atom.csv,21,19101021,C,,,20.4724182,-0.0017713035008692373,-0.0023143458784432025,0.08349157807640305,-0.006372860437350058,-0.002728520578030959,2.937160647153695,-0.004601556936480821,-0.00041417469958775644,2.853669069077292,2.853672809148831
AgSi_COD9009647_pilot_k6x6,AgSi_COD_slab_original_vacuum,AgSi_COD9009647_slab_family,V18,reused_v18_audit_per_atom.csv,22,19101022,C,,,17.9275848,-0.00103515467941008,0.00229770448364884,-0.10036084563603234,-0.001658000453807309,-0.0011913607592518478,-2.9059615908875194,-0.000622845774397229,-0.003489065242900688,-2.805600745251487,2.805602983900043
AgSi_COD9009647_pilot_k6x6,AgSi_COD_slab_original_vacuum,AgSi_COD9009647_slab_family,V18,reused_v18_audit_per_atom.csv,23,19101023,C,,,9.1158348,-0.0007241197303276833,0.0005414953645211446,-0.8958455745680379,-8.589358311007627e-05,4.948363316812474e-05,-3.2361177669000325,0.000638226147217607,-0.0004920117313530199,-2.3402721923319945,2.3402723310782783
AgSi_COD9009647_pilot_k6x6,AgSi_COD_slab_original_vacuum,AgSi_COD9009647_slab_family,V18,reused_v18_audit_per_atom.csv,24,19101024,Ti,,,10.3882515,0.0007207297995675446,-0.0004132825977444824,0.1598120405361809,4.381057402582343e-05,-2.5722949482280013e-05,0.044829107636977505,-0.0006769192255417212,0.0003875596482622024,-0.11498293289920339,0.11498557857497425
AgSi_COD9009647_pilot_k6x6,AgSi_COD_slab_original_vacuum,AgSi_COD9009647_slab_family,V18,reused_v18_audit_per_atom.csv,25,19101025,Ti,,,19.2000015,0.0010342961517454004,-0.0012448144001573243,-0.016563072195056344,0.007493562218107672,0.004498588800568478,-0.06194495697283092,0.0064592660663622715,0.0057434032007258025,-0.04538188477777458,0.04619766514040915
AgSi_COD9009647_pilot_k6x6,AgSi_COD_slab_original_vacuum,AgSi_COD9009647_slab_family,V18,reused_v18_audit_per_atom.csv,26,19101026,Ti,,,12.77623575,8.87688600565822e-05,-1.943888061526808e-05,-0.25591237624783375,-4.694738039784504e-05,-3.9040046286751076e-05,-4.813654060934557,-0.00013571624045442723,-1.9601165671482996e-05,-4.5577416846867225,4.5577416867494875
AgSi_COD9009647_pilot_k6x6,AgSi_COD_slab_original_vacuum,AgSi_COD9009647_slab_family,V18,reused_v18_audit_per_atom.csv,27,19101027,Ti,,,21.58798575,0.009421024559563172,0.008371714649386122,-0.07303006840215341,0.008134342417711847,0.008876027600053023,-3.5683597872700608,-0.0012866821418513249,0.0005043129506669009,-3.4953297188679073,3.4953299920728074
AgSi_COD9009647_pilot_k6x6,AgSi_COD_slab_original_vacuum,AgSi_COD9009647_slab_family,V18,reused_v18_audit_per_atom.csv,28,19101028,Ti,,,16.81201725,0.0002370247129446645,-0.0013153347024350277,0.014333664049510086,0.00047804075104964934,0.00048713361119034546,4.4450936531395655,0.00024101603810498484,0.0018024683136253733,4.430759989090055,4.43076036227441
AgSi_COD9009647_pilot_k6x6,AgSi_COD_slab_original_vacuum,AgSi_COD9009647_slab_family,V18,reused_v18_audit_per_atom.csv,29,19101029,Ti,,,8.00026725,0.0007471719731106266,-0.0005472312629060037,0.549829805482951,3.1617276899869196e-05,-1.8137743877112353e-05,2.972677804324811,-0.0007155546962107574,0.0005290935190288914,2.4228479988418603,2.4228481622772984
AgSi_COD9009647_pilot_k6x6,AgSi_COD_slab_original_vacuum,AgSi_COD9009647_slab_family,V18,reused_v18_audit_per_atom.csv,30,19101030,Si,,,14.7941265,0.000956105068350069,-0.00035434485216141997,0.07337200540891028,0.00032496966301246235,0.00017976160669533803,0.222245069797472,-0.0006311354053376067,0.000534106458856758,0.1488730643885617,0.14887536029192375
AgSi_COD9009647_pilot_k6x6,AgSi_COD_slab_original_vacuum,AgSi_COD9009647_slab_family,V18,reused_v18_audit_per_atom.csv,31,19101031,Si,,,23.6058765,0.040811406559755625,0.020716944869596278,0.9469878005149359,0.14366205429814688,0.08750628415616114,2.118070701774707,0.10285064773839125,0.06678933928656486,1.1710829012597712,1.1774864046797082
AgSi_COD9009647_pilot_k6x6,AgSi_COD_slab_original_vacuum,AgSi_COD9009647_slab_family,V18,reused_v18_audit_per_atom.csv,32,19101032,C,,,11.6606682,-0.0013536311564114362,0.0007961713197639034,0.1721827910152862,-1.5502224248331305e-05,5.70746076380556e-06,3.0751195022432265,0.001338128932163105,-0.0007904638590000979,2.9029367112279405,2.9029371272587086
AgSi_COD9009647_pilot_k6x6,AgSi_COD_slab_original_vacuum,AgSi_COD9009647_slab_family,V18,reused_v18_audit_per_atom.csv,33,19101033,C,,,20.4724182,-0.0017712761087387652,-0.002314459167083512,0.08349154767157763,-0.006372860419054206,-0.0027285450026459735,2.937160624213714,-0.0046015843103154415,-0.00041408583556246147,2.853669076542136,2.8536728166449095
AgSi_COD9009647_pilot_k6x6,AgSi_COD_slab_original_vacuum,AgSi_COD9009647_slab_family,V18,reused_v18_audit_per_atom.csv,34,19101034,C,,,17.9275848,-0.0010351336712981182,0.002297547631795269,-0.10036091262136983,-0.0016580004579947814,-0.0011913886885922867,-2.905961589056077,-0.0006228667866966632,-0.0034889363203875557,-2.805600676434707,2.805602914927657
AgSi_COD9009647_pilot_k6x6,AgSi_COD_slab_original_vacuum,AgSi_COD9009647_slab_family,V18,reused_v18_audit_per_atom.csv,35,19101035,C,,,9.1158348,-0.0007241114749549614,0.0005415285749976943,-0.895845553701725,-8.589358729223405e-05,4.9457462067140786e-05,-3.2361177770177707,0.0006382178876627273,-0.0004920711129305535,-2.340272223316046,2.34027236207256
AgSi_COD9009647_pilot_k6x6,AgSi_COD_slab_original_vacuum,AgSi_COD9009647_slab_family,V18,reused_v18_audit_per_atom.csv,36,19101036,Ti,,,10.3882515,0.000720771954839978,-0.00041312543223598965,0.15981198505775113,4.381057338252378e-05,-2.5697619798766003e-05,0.044829061409114135,-0.0006769613814574542,0.00038742781243722365,-0.11498292364863699,0.11498556912852204
AgSi_COD9009647_pilot_k6x6,AgSi_COD_slab_original_vacuum,AgSi_COD9009647_slab_family,V18,reused_v18_audit_per_atom.csv,37,19101037,Ti,,,19.2000015,0.001034333035960133,-0.0012447780821269402,-0.016563083665537884,0.007493562216312475,0.004498606108751674,-0.06194495467562376,0.006459229180352343,0.005743384190878614,-0.04538187101008588,0.04619764409517462
AgSi_COD9009647_pilot_k6x6,AgSi_COD_slab_original_vacuum,AgSi_COD9009647_slab_family,V18,reused_v18_audit_per_atom.csv,38,19101038,Ti,,,12.77623575,8.874837490147073e-05,-1.943731495707125e-05,-0.2559122764324322,-4.6947376644899944e-05,-3.899155548314622e-05,-4.813654036998109,-0.00013569575154637068,-1.955424052607497e-05,-4.557741760565677,4.55774176262763
AgSi_COD9009647_pilot_k6x6,AgSi_COD_slab_original_vacuum,AgSi_COD9009647_slab_family,V18,reused_v18_audit_per_atom.csv,39,19101039,Ti,,,21.58798575,0.009420949239588541,0.008371754273754474,-0.07303021619288935,0.008134342359504903,0.008876046484613924,-3.5683597838083623,-0.0012866068800836388,0.0005042922108594496,-3.4953295676154728,3.495329840789688
AgSi_COD9009647_pilot_k6x6,AgSi_COD_slab_original_vacuum,AgSi_COD9009647_slab_family,V18,reused_v18_audit_per_atom.csv,40,19101040,Ti,,,16.81201725,0.00023706492163468458,-0.0013152316047051076,0.014333738149144069,0.0004780407474567485,0.0004871577704587442,4.44509366103504,0.00024097582582206393,0.001802389375163852,4.430759922885896,4.430760296035957
AgSi_COD9009647_pilot_k6x6,AgSi_COD_slab_original_vacuum,AgSi_COD9009647_slab_family,V18,reused_v18_audit_per_atom.csv,41,19101041,Ti,,,8.00026725,0.0007472785863564491,-0.0005474070551815874,0.5498294199240733,3.161727361749309e-05,-1.8258761861804492e-05,2.9726778117822903,-0.000715661312738956,0.0005291482933197829,2.422848391858217,2.422848555337081
AgSi_COD9009647_pilot_k6x6,AgSi_COD_slab_original_vacuum,AgSi_COD9009647_slab_family,V18,reused_v18_audit_per_atom.csv,42,19101042,Si,,,14.7941265,0.0009561060916424454,-0.000354352754479591,0.0733719904591295,0.0003249696612464778,0.0001797701041480697,0.22224506219919604,-0.0006311364303959676,0.0005341228586276607,0.14887307174006653,0.14887536770649765
AgSi_COD9009647_pilot_k6x6,AgSi_COD_slab_original_vacuum,AgSi_COD9009647_slab_family,V18,reused_v18_audit_per_atom.csv,43,19101043,Si,,,23.6058765,0.04081143088456549,0.020716956305945836,0.9469878232529119,0.14366205441686464,0.08750628553385825,2.1180707044257026,0.10285062353229915,0.06678932922791242,1.1710828811727907,1.1774863820170753
AgSi_COD9009647_pilot_k6x6,AgSi_COD_slab_original_vacuum,AgSi_COD9009647_slab_family,V18,reused_v18_audit_per_atom.csv,44,19101044,C,,,11.6606682,-0.0013536335819431188,0.0007958947417349015,0.17218285128376376,-1.5502228005622224e-05,5.623013103920899e-06,3.0751195110874976,0.0013381313539374967,-0.0007902717286309806,2.902936659803734,2.9029370757833153
AgSi_COD9009647_pilot_k6x6,AgSi_COD_slab_original_vacuum,AgSi_COD9009647_slab_family,V18,reused_v18_audit_per_atom.csv,45,19101045,C,,,20.4724182,-0.001771302364977757,-0.0023143416297240326,0.08349157568694938,-0.006372860437348834,-0.0027285205780278455,2.937160647153696,-0.004601558072371077,-0.00041417894830381293,2.8536690714667468,2.853672811540731
AgSi_COD9009647_pilot_k6x6,AgSi_COD_slab_original_vacuum,AgSi_COD9009647_slab_family,V18,reused_v18_audit_per_atom.csv,46,19101046,C,,,17.9275848,-0.0010351710091369099,0.0022976994102112697,-0.10036084143095265,-0.0016580004538042973,-0.001191360759252016,-2.9059615908875216,-0.0006228294446673874,-0.003489060169463286,-2.805600749456569,2.8056029880951874
AgSi_COD9009647_pilot_k6x6,AgSi_COD_slab_original_vacuum,AgSi_COD9009647_slab_family,V18,reused_v18_audit_per_atom.csv,47,19101047,C,,,9.1158348,-0.0007241367609587305,0.0005415062355542888,-0.8958455519638437,-8.589358310734195e-05,4.948363316583938e-05,-3.2361177669000334,0.0006382431778513885,-0.0004920226023884494,-2.3402722149361894,2.340272353689402
AgSi_COD9009647_pilot_k6x6,AgSi_COD_slab_original_vacuum,AgSi_COD9009647_slab_family,V18,reused_v18_audit_per_atom.csv,48,19101048,Ag,,,26.2058765,-0.04856147929692319,-0.025914048546458002,-0.6584442240846138,-0.15198919314636694,-0.09760013812107782,-1.2291583086469653,-0.10342771384944374,-0.07168608957461982,-0.5707140845623515,0.584423437028723
AgSi_COD9009647_pilot_k6x6,AgSi_COD_slab_original_vacuum,AgSi_COD9009647_slab_family,V18,reused_v18_audit_per_atom.csv,49,19101049,Ag,,,26.2058765,-0.0485617935072704,-0.025914362480028437,-0.6584454639365405,-0.15198919315306814,-0.09760013151921447,-1.2291583090550973,-0.10342739964579774,-0.07168576903918603,-0.5707128451185568,0.5844221317365974
AgSi_COD9009647_pilot_k6x6,AgSi_COD_slab_original_vacuum,AgSi_COD9009647_slab_family,V18,reused_v18_audit_per_atom.csv,50,19101050,Ag,,,26.2058765,-0.048561464612638425,-0.02591399989530505,-0.6584442598819055,-0.1519891931463671,-0.09760013812107672,-1.2291583086469657,-0.10342772853372868,-0.07168613822577168,-0.5707140487650603,0.5844234106375092
AgSi_COD9009647_pilot_k6x6,AgSi_COD_slab_original_vacuum,AgSi_COD9009647_slab_family,V18,reused_v18_audit_per_atom.csv,51,19101051,Ag,,,26.2058765,-0.048561804638837636,-0.02591437406345996,-0.6584454254525419,-0.15198919315306816,-0.09760013151921434,-1.2291583090550962,-0.10342738851423053,-0.07168575745575438,-0.5707128836025542,0.5844221659270132
AgSi_COD9009647_vacuum26_k6x6_sigma0p10,AgSi_COD_slab_vacuum26,AgSi_COD9009647_slab_family,V18,reused_v18_audit_per_atom.csv,0,19101000,Ti,,,15.3882515,0.0008305174523419699,-0.00037156233351371917,0.1601946823166377,4.381057402812579e-05,-2.5722949483398747e-05,0.044829107636992716,-0.000786706878313844,0.0003458393840303204,-0.11536557467964498,0.11536877538466236
AgSi_COD9009647_vacuum26_k6x6_sigma0p10,AgSi_COD_slab_vacuum26,AgSi_COD9009647_slab_family,V18,reused_v18_audit_per_atom.csv,1,19101001,Ti,,,24.2000015,0.0009765573805606051,-0.001269096604615808,-0.0153907850420711,0.007493562218106053,0.004498588800572324,-0.06194495697282777,0.006517004837545448,0.005767685405188132,-0.04655417193075667,0.047360621524049525
AgSi_COD9009647_vacuum26_k6x6_sigma0p10,AgSi_COD_slab_vacuum26,AgSi_COD9009647_slab_family,V18,reused_v18_audit_per_atom.csv,2,19101002,Ti,,,17.77623575,5.293573011859093e-05,-1.2045724394494775e-05,-0.2565903999400551,-4.694738039868378e-05,-3.904004628432116e-05,-4.813654060934585,-9.988311051727471e-05,-2.6994321889826388e-05,-4.55706366099453,4.557063662169116
AgSi_COD9009647_vacuum26_k6x6_sigma0p10,AgSi_COD_slab_vacuum26,AgSi_COD9009647_slab_family,V18,reused_v18_audit_per_atom.csv,3,19101003,Ti,,,26.58798575,0.009411035520073304,0.008396563756333127,-0.07309271478284247,0.008134342417709916,0.008876027600052922,-3.568359787270064,-0.0012766931023633875,0.00047946384371979484,-3.4952670724872212,3.4952673385371034
AgSi_COD9009647_vacuum26_k6x6_sigma0p10,AgSi_COD_slab_vacuum26,AgSi_COD9009647_slab_family,V18,reused_v18_audit_per_atom.csv,4,19101004,Ti,,,21.81201725,0.0003157049582772107,-0.0013116131599348391,0.013782303124848135,0.0004780407510441393,0.00048713361118893524,4.4450936531395575,0.0001623357927669286,0.0017987467711237744,4.43131135001471,4.431311718059568
AgSi_COD9009647_vacuum26_k6x6_sigma0p10,AgSi_COD_slab_vacuum26,AgSi_COD9009647_slab_family,V18,reused_v18_audit_per_atom.csv,5,19101005,Ti,,,13.00026725,0.000627997491579542,-0.0006478085810809126,0.5507444407972018,3.161727690240205e-05,-1.8137743875936644e-05,2.9726778043248174,-0.00059638021467714,0.000629670837204976,2.4219333635276157,2.4219335188074247
AgSi_COD9009647_vacuum26_k6x6_sigma0p10,AgSi_COD_slab_vacuum26,AgSi_COD9009647_slab_family,V18,reused_v18_audit_per_atom.csv,6,19101006,Si,,,19.7941265,0.0009237704464969294,-0.00029610938919387707,0.07354187227864148,0.0003249696630108614,0.00017976160669524763,0.22224506979748376,-0.0005988007834860679,0.00047587099588912473,0.14870319751884228,0.148705164563679
AgSi_COD9009647_vacuum26_k6x6_sigma0p10,AgSi_COD_slab_vacuum26,AgSi_COD9009647_slab_family,V18,reused_v18_audit_per_atom.csv,7,19101007,Si,,,28.6058765,0.04091628155012558,0.020655167970295308,0.9480170988978099,0.14366205429814696,0.08750628415616077,2.1180707017747036,0.10274577274802138,0.06685111618586546,1.1700536028768935,1.1764570536819794
AgSi_COD9009647_vacuum26_k6x6_sigma0p10,AgSi_COD_slab_vacuum26,AgSi_COD9009647_slab_family,V18,reused_v18_audit_per_atom.csv,8,19101008,C,,,16.6606682,-0.001343648414247114,0.0009115821891320507,0.17216387717816248,-1.550222424854496e-05,5.707460761560177e-06,3.075119502243239,0.001328146189998569,-0.0009058747283704905,2.9029556250650765,2.90295607022881
AgSi_COD9009647_vacuum26_k6x6_sigma0p10,AgSi_COD_slab_vacuum26,AgSi_COD9009647_slab_family,V18,reused_v18_audit_per_atom.csv,9,19101009,C,,,25.4724182,-0.0017266305727780026,-0.0022415312344839567,0.08316956409693635,-0.006372860419057384,-0.0027285450026458104,2.9371606242137114,-0.004646229846279381,-0.0004870137681618537,2.853991060116775,2.853994883643043
AgSi_COD9009647_vacuum26_k6x6_sigma0p10,AgSi_COD_slab_vacuum26,AgSi_COD9009647_slab_family,V18,reused_v18_audit_per_atom.csv,10,19101010,C,,,22.9275848,-0.0009358330879963844,0.002361787427589591,-0.10001643977908754,-0.0016580004579992876,-0.0011913886885919654,-2.9059615890560755,-0.0007221673700029031,-0.0035531761161815565,-2.805945149276988,2.805947491906661
AgSi_COD9009647_vacuum26_k6x6_sigma0p10,AgSi_COD_slab_vacuum26,AgSi_COD9009647_slab_family,V18,reused_v18_audit_per_atom.csv,11,19101011,C,,,14.1158348,-0.0007752446857504794,0.0005399129006895151,-0.898313356259387,-8.589358728984162e-05,4.945746207025057e-05,-3.2361177770177814,0.0006893510984606378,-0.0004904554386192645,-2.3378044207583946,2.3378045738403728
AgSi_COD9009647_vacuum26_k6x6_sigma0p10,AgSi_COD_slab_vacuum26,AgSi_COD9009647_slab_family,V18,reused_v18_audit_per_atom.csv,12,19101012,Ti,,,15.3882515,0.0008304708615593511,-0.00037233085055880805,0.16019353595204433,4.3810573382478245e-05,-2.569761979977995e-05,0.0448290614091193,-0.0007866602881768729,0.0003466332307590281,-0.11536447454292503,0.11536767734322668
AgSi_COD9009647_vacuum26_k6x6_sigma0p10,AgSi_COD_slab_vacuum26,AgSi_COD9009647_slab_family,V18,reused_v18_audit_per_atom.csv,13,19101013,Ti,,,24.2000015,0.0009768559351845147,-0.001269237777061071,-0.015390913103608874,0.007493562216312246,0.004498606108751202,-0.06194495467562326,0.006516706281127732,0.005767843885812273,-0.046554041572014385,0.04736047160380094
AgSi_COD9009647_vacuum26_k6x6_sigma0p10,AgSi_COD_slab_vacuum26,AgSi_COD9009647_slab_family,V18,reused_v18_audit_per_atom.csv,14,19101014,Ti,,,17.77623575,5.3172093453209837e-05,-1.2517135682368548e-05,-0.2565905659110436,-4.694737664342509e-05,-3.899155548534657e-05,-4.813654036998121,-0.00010011947009663493,-2.6474419802978022e-05,-4.557063471087077,4.5570634722638
AgSi_COD9009647_vacuum26_k6x6_sigma0p10,AgSi_COD_slab_vacuum26,AgSi_COD9009647_slab_family,V18,reused_v18_audit_per_atom.csv,15,19101015,Ti,,,26.58798575,0.009411154566947195,0.008397820109650797,-0.07309181762971685,0.00813434235950501,0.008876046484616453,-3.5683597838083614,-0.0012768122074421854,0.00047822637496565575,-3.4952679661786443,3.495268232102434
AgSi_COD9009647_vacuum26_k6x6_sigma0p10,AgSi_COD_slab_vacuum26,AgSi_COD9009647_slab_family,V18,reused_v18_audit_per_atom.csv,16,19101016,Ti,,,21.81201725,0.00031489105552446597,-0.0013105053592904101,0.013781375996779349,0.0004780407474541755,0.0004871577704556639,4.445093661035042,0.0001631496919297095,0.001797663129746074,4.4313122850382625,4.431312652673198
AgSi_COD9009647_vacuum26_k6x6_sigma0p10,AgSi_COD_slab_vacuum26,AgSi_COD9009647_slab_family,V18,reused_v18_audit_per_atom.csv,17,19101017,Ti,,,13.00026725,0.0006298665739734773,-0.0006471784766326977,0.5507452294967345,3.161727361850378e-05,-1.825876186118086e-05,2.972677811782297,-0.0005982493003549736,0.0006289197147715168,2.4219325822855624,2.421932737831223
AgSi_COD9009647_vacuum26_k6x6_sigma0p10,AgSi_COD_slab_vacuum26,AgSi_COD9009647_slab_family,V18,reused_v18_audit_per_atom.csv,18,19101018,Si,,,19.7941265,0.000924323221389343,-0.0002966225026580866,0.0735418845769716,0.0003249696612499167,0.00017977010415084699,0.22224506219919976,-0.0005993535601394263,0.0004763926068089336,0.14870317762222818,0.14870514856437828
AgSi_COD9009647_vacuum26_k6x6_sigma0p10,AgSi_COD_slab_vacuum26,AgSi_COD9009647_slab_family,V18,reused_v18_audit_per_atom.csv,19,19101019,Si,,,28.6058765,0.04091629144236863,0.020654822236857558,0.9480181204100308,0.14366205441686566,0.0875062855338571,2.1180707044257,0.10274576297449703,0.06685146329699954,1.1700525840156693,1.1764560592371933
AgSi_COD9009647_vacuum26_k6x6_sigma0p10,AgSi_COD_slab_vacuum26,AgSi_COD9009647_slab_family,V18,reused_v18_audit_per_atom.csv,20,19101020,C,,,16.6606682,-0.0013439619516083204,0.0009118159422799216,0.17216367756188508,-1.5502228007271837e-05,5.623013107350773e-06,3.0751195110875065,0.0013284597236010486,-0.0009061929291725708,2.9029558335256214,2.902956278932099
AgSi_COD9009647_vacuum26_k6x6_sigma0p10,AgSi_COD_slab_vacuum26,AgSi_COD9009647_slab_family,V18,reused_v18_audit_per_atom.csv,21,19101021,C,,,25.4724182,-0.0017270286281940346,-0.002240810717889703,0.08316957362312936,-0.006372860437350539,-0.002728520578029537,2.9371606471536955,-0.004645831809156504,-0.0004877098601398337,2.8539910735305662,2.8539948965277184
AgSi_COD9009647_vacuum26_k6x6_sigma0p10,AgSi_COD_slab_vacuum26,AgSi_COD9009647_slab_family,V18,reused_v18_audit_per_atom.csv,22,19101022,C,,,22.9275848,-0.0009363214951990647,0.002363093961854331,-0.10001567066768931,-0.001658000453805964,-0.0011913607592534785,-2.9059615908875225,-0.0007216789586068992,-0.0035544547211078096,-2.805945920219833,2.805948264342593
AgSi_COD9009647_vacuum26_k6x6_sigma0p10,AgSi_COD_slab_vacuum26,AgSi_COD9009647_slab_family,V18,reused_v18_audit_per_atom.csv,23,19101023,C,,,14.1158348,-0.0007779924408132928,0.0005407288368618692,-0.8983139381535429,-8.5893583108057e-05,4.9483633165021465e-05,-3.236117766900038,0.0006920988577052358,-0.0004912452036968477,-2.337803828746495,2.3378039828061827
AgSi_COD9009647_vacuum26_k6x6_sigma0p10,AgSi_COD_slab_vacuum26,AgSi_COD9009647_slab_family,V18,reused_v18_audit_per_atom.csv,24,19101024,Ti,,,15.3882515,0.0008305257396711033,-0.00037155577200939963,0.16019467919796357,4.381057402693886e-05,-2.5722949482396076e-05,0.044829107636990606,-0.0007867151656441644,0.00034583282252700356,-0.11536557156097296,0.11536877230291985
AgSi_COD9009647_vacuum26_k6x6_sigma0p10,AgSi_COD_slab_vacuum26,AgSi_COD9009647_slab_family,V18,reused_v18_audit_per_atom.csv,25,19101025,Ti,,,24.2000015,0.0009763831570021536,-0.0012690487867863284,-0.015390663380167244,0.007493562218106865,0.00449858880057024,-0.06194495697282782,0.006517179061104711,0.005767637587356569,-0.04655429359266058,0.04736075926508387
AgSi_COD9009647_vacuum26_k6x6_sigma0p10,AgSi_COD_slab_vacuum26,AgSi_COD9009647_slab_family,V18,reused_v18_audit_per_atom.csv,26,19101026,Ti,,,17.77623575,5.29564209229246e-05,-1.2079386878922074e-05,-0.25659043611321014,-4.694738039885812e-05,-3.90400462857857e-05,-4.813654060934585,-9.990380132178273e-05,-2.696065940686363e-05,-4.5570636248213745,4.557063625996215
AgSi_COD9009647_vacuum26_k6x6_sigma0p10,AgSi_COD_slab_vacuum26,AgSi_COD9009647_slab_family,V18,reused_v18_audit_per_atom.csv,27,19101027,Ti,,,26.58798575,0.009411040794163113,0.00839678947207185,-0.07309258770318489,0.008134342417712857,0.008876027600052284,-3.568359787270062,-0.001276698376450256,0.00047923812798043343,-3.4952671995668774,3.495267465587721
AgSi_COD9009647_vacuum26_k6x6_sigma0p10,AgSi_COD_slab_vacuum26,AgSi_COD9009647_slab_family,V18,reused_v18_audit_per_atom.csv,28,19101028,Ti,,,21.81201725,0.0003156872065801305,-0.0013115765466945866,0.013782334993461355,0.00047804075104726344,0.00048713361118838793,4.4450936531395655,0.00016235354446713295,0.0017987101578829745,4.431311318146104,4.4313116861767545
AgSi_COD9009647_vacuum26_k6x6_sigma0p10,AgSi_COD_slab_vacuum26,AgSi_COD9009647_slab_family,V18,reused_v18_audit_per_atom.csv,29,19101029,Ti,,,13.00026725,0.0006279704280876856,-0.0006477870696269587,0.5507444596994419,3.161727689938868e-05,-1.8137743876186444e-05,2.9726778043248148,-0.0005963531511882969,0.0006296493257507723,2.421933344625373,2.4219334998929263
AgSi_COD9009647_vacuum26_k6x6_sigma0p10,AgSi_COD_slab_vacuum26,AgSi_COD9009647_slab_family,V18,reused_v18_audit_per_atom.csv,30,19101030,Si,,,19.7941265,0.0009237511290712202,-0.00029609218272813777,0.07354186613005337,0.00032496966301369607,0.00017976160669523674,0.22224506979747763,-0.0005987814660575241,0.0004758537894233745,0.14870320366742426,0.1487051705793328
AgSi_COD9009647_vacuum26_k6x6_sigma0p10,AgSi_COD_slab_vacuum26,AgSi_COD9009647_slab_family,V18,reused_v18_audit_per_atom.csv,31,19101031,Si,,,28.6058765,0.04091619168489348,0.020655080817746467,0.9480171231628436,0.14366205429814605,0.0875062841561598,2.118070701774704,0.10274586261325257,0.06685120333841332,1.1700535786118604,1.176457042349765
AgSi_COD9009647_vacuum26_k6x6_sigma0p10,AgSi_COD_slab_vacuum26,AgSi_COD9009647_slab_family,V18,reused_v18_audit_per_atom.csv,32,19101032,C,,,16.6606682,-0.0013436211955614342,0.0009115753054769928,0.17216393113299888,-1.550222424972548e-05,5.707460760499827e-06,3.075119502243238,0.0013281189713117087,-0.000905867844716493,2.902955571110239,2.9029560162593797
AgSi_COD9009647_vacuum26_k6x6_sigma0p10,AgSi_COD_slab_vacuum26,AgSi_COD9009647_slab_family,V18,reused_v18_audit_per_atom.csv,33,19101033,C,,,25.4724182,-0.0017263541547543285,-0.0022414007994032924,0.08316942175743765,-0.006372860419053492,-0.0027285450026464987,2.937160624213714,-0.004646506264299163,-0.00048714420324320624,2.8539912024562764,2.8539950264546294
AgSi_COD9009647_vacuum26_k6x6_sigma0p10,AgSi_COD_slab_vacuum26,AgSi_COD9009647_slab_family,V18,reused_v18_audit_per_atom.csv,34,19101034,C,,,22.9275848,-0.000935735095151809,0.002361717796435833,-0.10001629297998954,-0.0016580004579941593,-0.001191388688591699,-2.9059615890560764,-0.0007222653628423503,-0.003553106485027532,-2.8059452960760867,2.805947638642686
AgSi_COD9009647_vacuum26_k6x6_sigma0p10,AgSi_COD_slab_vacuum26,AgSi_COD9009647_slab_family,V18,reused_v18_audit_per_atom.csv,35,19101035,C,,,14.1158348,-0.0007752621591547911,0.0005400272340033675,-0.8983133757719381,-8.589358729170973e-05,4.9457462070210095e-05,-3.2361177770177836,0.0006893685718630814,-0.0004905697719331573,-2.3378044012458457,2.3378045543569668
AgSi_COD9009647_vacuum26_k6x6_sigma0p10,AgSi_COD_slab_vacuum26,AgSi_COD9009647_slab_family,V18,reused_v18_audit_per_atom.csv,36,19101036,Ti,,,15.3882515,0.0008304769221740491,-0.0003723046533540527,0.16019354703882555,4.3810573384570756e-05,-2.5697619801114818e-05,0.04482906140912041,-0.0007866663487894783,0.0003466070335529379,-0.11536448562970514,0.11536768839231577
AgSi_COD9009647_vacuum26_k6x6_sigma0p10,AgSi_COD_slab_vacuum26,AgSi_COD9009647_slab_family,V18,reused_v18_audit_per_atom.csv,37,19101037,Ti,,,24.2000015,0.0009768726587121856,-0.0012690858213891462,-0.01539118755629885,0.0074935622163126445,0.004498606108751338,-0.06194495467562361,0.006516689557600459,0.005767691930140485,-0.04655376711932476,0.04736018101730049
AgSi_COD9009647_vacuum26_k6x6_sigma0p10,AgSi_COD_slab_vacuum26,AgSi_COD9009647_slab_family,V18,reused_v18_audit_per_atom.csv,38,19101038,Ti,,,17.77623575,5.316186352557923e-05,-1.2518231488427701e-05,-0.25659050685624984,-4.694737664466813e-05,-3.899155548343969e-05,-4.8136540369981216,-0.00010010924017024735,-2.6473323995011987e-05,-4.557063530141872,4.557063531318364
AgSi_COD9009647_vacuum26_k6x6_sigma0p10,AgSi_COD_slab_vacuum26,AgSi_COD9009647_slab_family,V18,reused_v18_audit_per_atom.csv,39,19101039,Ti,,,26.58798575,0.009411093087524582,0.008397763230093173,-0.07309195550812432,0.00813434235950355,0.008876046484614524,-3.568359783808361,-0.0012767507280210325,0.0004782832545213514,-3.4952678283002365,3.495268094209362
AgSi_COD9009647_vacuum26_k6x6_sigma0p10,AgSi_COD_slab_vacuum26,AgSi_COD9009647_slab_family,V18,reused_v18_audit_per_atom.csv,40,19101040,Ti,,,21.81201725,0.00031500830651798767,-0.0013106012625083013,0.013781311742213925,0.0004780407474535124,0.00048715777045779847,4.445093661035038,0.0001630324409355247,0.0017977590329660998,4.431312349292824,4.431312716962346
AgSi_COD9009647_vacuum26_k6x6_sigma0p10,AgSi_COD_slab_vacuum26,AgSi_COD9009647_slab_family,V18,reused_v18_audit_per_atom.csv,41,19101041,Ti,,,13.00026725,0.0006299095605263871,-0.0006472471960866855,0.5507451322822567,3.161727361751651e-05,-1.8258761863945792e-05,2.9726778117822956,-0.0005982922869088706,0.0006289884342227397,2.421932679500039,2.4219328350741582
AgSi_COD9009647_vacuum26_k6x6_sigma0p10,AgSi_COD_slab_vacuum26,AgSi_COD9009647_slab_family,V18,reused_v18_audit_per_atom.csv,42,19101042,Si,,,19.7941265,0.000924337288226959,-0.00029662662926851195,0.07354186692171069,0.0003249696612487702,0.00017977010414972297,0.2222450621992001,-0.0005993676269781888,0.0004763967334182349,0.1487031952774894,0.1487051662893224
AgSi_COD9009647_vacuum26_k6x6_sigma0p10,AgSi_COD_slab_vacuum26,AgSi_COD9009647_slab_family,V18,reused_v18_audit_per_atom.csv,43,19101043,Si,,,28.6058765,0.04091639485508823,0.02065492365146729,0.9480180989366006,0.14366205441686575,0.08750628553385702,2.118070704425698,0.10274565956177752,0.06685136188238973,1.1700526054890976,1.176456065799374
AgSi_COD9009647_vacuum26_k6x6_sigma0p10,AgSi_COD_slab_vacuum26,AgSi_COD9009647_slab_family,V18,reused_v18_audit_per_atom.csv,44,19101044,C,,,16.6606682,-0.001343943091501442,0.0009118058294106505,0.17216362653946712,-1.5502228005579344e-05,5.623013105756237e-06,3.075119511087507,0.0013284408634958627,-0.0009061828163048943,2.9029558845480397,2.9029563299427217
AgSi_COD9009647_vacuum26_k6x6_sigma0p10,AgSi_COD_slab_vacuum26,AgSi_COD9009647_slab_family,V18,reused_v18_audit_per_atom.csv,45,19101045,C,,,25.4724182,-0.0017269206353844736,-0.0022407822335697254,0.08316958886263966,-0.006372860437348001,-0.0027285205780282163,2.9371606471536937,-0.004645939801963527,-0.00048773834445849096,2.853991058291054,2.8539948814688905
AgSi_COD9009647_vacuum26_k6x6_sigma0p10,AgSi_COD_slab_vacuum26,AgSi_COD9009647_slab_family,V18,reused_v18_audit_per_atom.csv,46,19101046,C,,,22.9275848,-0.0009365128826211421,0.002363045378874718,-0.10001587957840408,-0.0016580004538029691,-0.001191360759250423,-2.905961590887525,-0.000721487571181827,-0.003554406138125141,-2.8059457113091213,2.8059480553212954
AgSi_COD9009647_vacuum26_k6x6_sigma0p10,AgSi_COD_slab_vacuum26,AgSi_COD9009647_slab_family,V18,reused_v18_audit_per_atom.csv,47,19101047,C,,,14.1158348,-0.0007779794754043415,0.0005407390566317891,-0.8983139266675921,-8.589358310722659e-05,4.948363316313278e-05,-3.236117766900039,0.0006920858922971149,-0.0004912554234686563,-2.3378038402324473,2.3378039942904434
AgSi_COD9009647_vacuum26_k6x6_sigma0p10,AgSi_COD_slab_vacuum26,AgSi_COD9009647_slab_family,V18,reused_v18_audit_per_atom.csv,48,19101048,Ag,,,31.2058765,-0.048564328748973234,-0.02601026316177479,-0.6590914408855038,-0.15198919314636755,-0.09760013812107697,-1.229158308646965,-0.10342486439739432,-0.07158987495930218,-0.5700668677614613,0.5837791076183451
AgSi_COD9009647_vacuum26_k6x6_sigma0p10,AgSi_COD_slab_vacuum26,AgSi_COD9009647_slab_family,V18,reused_v18_audit_per_atom.csv,49,19101049,Ag,,,31.2058765,-0.04856483638801903,-0.026011365396794647,-0.6590968141742537,-0.15198919315306791,-0.09760013151921493,-1.2291583090550953,-0.10342435676504888,-0.07158876612242028,-0.5700614948808416,0.5837736350272891
AgSi_COD9009647_vacuum26_k6x6_sigma0p10,AgSi_COD_slab_vacuum26,AgSi_COD9009647_slab_family,V18,reused_v18_audit_per_atom.csv,50,19101050,Ag,,,31.2058765,-0.04856449530195652,-0.026010250496663844,-0.6590932200013407,-0.15198919314636655,-0.0976001381210767,-1.229158308646965,-0.10342469784441002,-0.07158988762441285,-0.5700650886456243,0.5837773423376648
AgSi_COD9009647_vacuum26_k6x6_sigma0p10,AgSi_COD_slab_vacuum26,AgSi_COD9009647_slab_family,V18,reused_v18_audit_per_atom.csv,51,19101051,Ag,,,31.2058765,-0.048564667259906484,-0.026011199828512334,-0.6590972631460235,-0.1519891931530684,-0.09760013151921403,-1.2291583090550962,-0.10342452589316192,-0.07158893169070168,-0.5700610459090727,0.5837732468688396
Ag_baseline_k8x8x8_v19,solid_Ag_baseline,Ag_fcc_bulk_parent_v19,MACE-MP-0b3-medium,reused_v18_audit_per_atom.csv,0,1,Ag,,,0.0,-1.0384603748693034e-26,4.326918228622097e-27,-1.0384603748693034e-26,-5.941427905220564e-17,-2.0399263875314766e-16,-1.1996677224326243e-16,-5.941427904182104e-17,-2.0399263875747459e-16,-1.1996677223287781e-16,2.4399811405269526e-16
Ag_baseline_k8x8x8_v19,solid_Ag_baseline,Ag_fcc_bulk_parent_v19,MACE-MP-0b3-medium,reused_v18_audit_per_atom.csv,1,2,Ag,,,2.045,0.0,5.699811657971505e-06,5.699811657971502e-06,-1.833385873672988e-16,6.08237418764368e-17,-2.0534789146875454e-16,-1.833385873672988e-16,-5.699811657910681e-06,-5.69981165817685e-06,8.06075094977777e-06
Ag_baseline_k8x8x8_v19,solid_Ag_baseline,Ag_fcc_bulk_parent_v19,MACE-MP-0b3-medium,reused_v18_audit_per_atom.csv,2,3,Ag,,,2.045,5.699811657971503e-06,3.854418758056564e-24,5.699811657971505e-06,-2.280077168737016e-16,-6.841315708383533e-17,1.1319070680748666e-16,-5.699811658199511e-06,-6.841316093825409e-17,-5.699811657858314e-06,8.060750949756765e-06
Ag_baseline_k8x8x8_v19,solid_Ag_baseline,Ag_fcc_bulk_parent_v19,MACE-MP-0b3-medium,reused_v18_audit_per_atom.csv,3,4,Ag,,,0.0,5.699811657971502e-06,5.699811657971503e-06,2.2153821330545137e-25,-1.7477339020466331e-16,-1.0245710529988017e-16,-4.2609145378680324e-17,-5.699811658146276e-06,-5.69981165807396e-06,-4.2609145600218536e-17,8.060750949871608e-06
Ag_baseline_k8x8x8_v19,solid_Ag_baseline,Ag_fcc_bulk_parent_v19,MACE-MP-0b3-medium,reused_v18_audit_per_atom.csv,4,5,Ag,,,4.09,0.0,0.0,-1.0384603748693034e-26,1.2148485342700077e-16,-5.642819091965364e-17,1.1447527488030978e-16,1.2148485342700077e-16,-5.642819091965364e-17,1.144752748906944e-16,1.762024372815109e-16
Ag_baseline_k8x8x8_v19,solid_Ag_baseline,Ag_fcc_bulk_parent_v19,MACE-MP-0b3-medium,reused_v18_audit_per_atom.csv,5,6,Ag,,,6.135,8.861528532218055e-25,5.699811657971505e-06,-5.699811657971502e-06,1.2956215961201778e-16,-8.922983879555701e-17,1.0364972768961422e-16,1.2956215872586493e-16,-5.6998116580607346e-06,5.699811658075152e-06,8.060750949811963e-06
Ag_baseline_k8x8x8_v19,solid_Ag_baseline,Ag_fcc_bulk_parent_v19,MACE-MP-0b3-medium,reused_v18_audit_per_atom.csv,6,7,Ag,,,6.135,5.699811657971503e-06,3.544611412887222e-24,-5.699811657971505e-06,-1.0690233420707074e-16,-2.200930410145574e-17,-1.7054500173196985e-16,-5.699811658078405e-06,-2.2009307646067153e-17,5.69981165780096e-06,8.060750949630576e-06
Ag_baseline_k8x8x8_v19,solid_Ag_baseline,Ag_fcc_bulk_parent_v19,MACE-MP-0b3-medium,reused_v18_audit_per_atom.csv,7,8,Ag,,,4.09,1.911883917116014e-05,1.9118839171160148e-05,0.0,-1.2847795743953228e-16,2.656295322589486e-17,3.708044765795347e-17,-1.911883917128862e-05,-1.9118839171133585e-05,3.708044765795347e-17,2.7038121652756727e-05
Ag_baseline_k8x8x8_v19,solid_Ag_baseline,Ag_fcc_bulk_parent_v19,MACE-MP-0b3-medium,reused_v18_audit_per_atom.csv,8,9,Ag,,,0.0,0.0,-1.0384603748693034e-26,0.0,3.5691935518222806e-16,2.6400322900022033e-17,-1.7320122630821982e-16,3.5691935518222806e-16,2.6400322910406638e-17,-1.7320122630821982e-16,3.9760164480059987e-16
Ag_baseline_k8x8x8_v19,solid_Ag_baseline,Ag_fcc_bulk_parent_v19,MACE-MP-0b3-medium,reused_v18_audit_per_atom.csv,9,10,Ag,,,2.045,2.2153821330545138e-24,-5.699811657971502e-06,5.699811657971505e-06,-6.7220534694101275e-18,3.197313744067652e-16,-1.2153906353562505e-16,-6.72205568479226e-18,5.699811658291233e-06,-5.699811658093044e-06,8.060750949987602e-06
Ag_baseline_k8x8x8_v19,solid_Ag_baseline,Ag_fcc_bulk_parent_v19,MACE-MP-0b3-medium,reused_v18_audit_per_atom.csv,10,11,Ag,,,2.045,1.911883917116014e-05,-7.089222825774444e-24,1.9118839171160145e-05,-1.9678269430611905e-16,2.4557179206796675e-16,-1.6805133673525319e-16,-1.9118839171356924e-05,2.4557179915718957e-16,-1.9118839171328196e-05,2.7038121652942634e-05
Ag_baseline_k8x8x8_v19,solid_Ag_baseline,Ag_fcc_bulk_parent_v19,MACE-MP-0b3-medium,reused_v18_audit_per_atom.csv,11,12,Ag,,,0.0,5.699811657971502e-06,-5.699811657971501e-06,0.0,-1.5851035761738075e-16,-3.8932426512460453e-16,-1.1470858984896637e-16,-5.6998116581300126e-06,5.699811657582177e-06,-1.1470858984896637e-16,8.060750949512364e-06
Ag_baseline_k8x8x8_v19,solid_Ag_baseline,Ag_fcc_bulk_parent_v19,MACE-MP-0b3-medium,reused_v18_audit_per_atom.csv,12,13,Ag,,,4.09,5.192301874346517e-27,0.0,0.0,-2.5374240036778625e-17,-2.5478751053409354e-18,3.682493938778981e-17,-2.5374240041970926e-17,-2.5478751053409354e-18,3.682493938778981e-17,4.4793078552097426e-17
Ag_baseline_k8x8x8_v19,solid_Ag_baseline,Ag_fcc_bulk_parent_v19,MACE-MP-0b3-medium,reused_v18_audit_per_atom.csv,13,14,Ag,,,6.135,3.544611412887222e-24,-5.699811657971502e-06,-5.699811657971505e-06,-5.854691731421724e-17,1.4191122951326035e-16,2.6378638856572323e-16,-5.854692085882865e-17,5.699811658113413e-06,5.699811658235291e-06,8.060750949962449e-06
Ag_baseline_k8x8x8_v19,solid_Ag_baseline,Ag_fcc_bulk_parent_v19,MACE-MP-0b3-medium,reused_v18_audit_per_atom.csv,14,15,Ag,,,6.135,1.9118839171160138e-05,1.3292292798327083e-24,-1.9118839171160145e-05,4.206704429243757e-17,9.085614205428527e-17,1.713039432527097e-16,-1.911883917111807e-05,9.085614072505599e-17,1.911883917133145e-05,2.703812165277604e-05
Ag_baseline_k8x8x8_v19,solid_Ag_baseline,Ag_fcc_bulk_parent_v19,MACE-MP-0b3-medium,reused_v18_audit_per_atom.csv,15,16,Ag,,,4.09,1.9118839171160138e-05,-1.911883917116015e-05,1.3292292798327083e-24,1.6067876196235176e-16,-1.786844027074035e-16,2.190243203057292e-16,-1.911883917099946e-05,1.911883917098147e-05,2.1902431897649993e-16,2.7038121652444694e-05
Ag_baseline_k8x8x8_v19,solid_Ag_baseline,Ag_fcc_bulk_parent_v19,MACE-MP-0b3-medium,reused_v18_audit_per_atom.csv,16,17,Ag,,,0.0,-1.0384603748693034e-26,0.0,0.0,-9.432558900623889e-17,-2.4275286641950444e-16,8.673792432973955e-17,-9.432558899585428e-17,-2.4275286641950444e-16,8.673792432973955e-17,2.7449906814292143e-16
Ag_baseline_k8x8x8_v19,solid_Ag_baseline,Ag_fcc_bulk_parent_v19,MACE-MP-0b3-medium,reused_v18_audit_per_atom.csv,17,18,Ag,,,2.045,-5.316917119330833e-24,1.911883917116014e-05,1.9118839171160145e-05,-5.854691731421724e-17,-3.6396666930338384e-16,1.5124620306172787e-16,-5.854691199730012e-17,-1.9118839171524108e-05,-1.91188391710089e-05,2.7038121652835074e-05
Ag_baseline_k8x8x8_v19,solid_Ag_baseline,Ag_fcc_bulk_parent_v19,MACE-MP-0b3-medium,reused_v18_audit_per_atom.csv,18,19,Ag,,,2.045,-5.699811657971502e-06,1.772305706443611e-24,5.699811657971502e-06,3.2928571876881246e-17,-2.0404684886177193e-16,-2.1076890233118206e-16,5.699811658004431e-06,-2.0404685063407765e-16,-5.699811658182271e-06,8.060750949847896e-06
Ag_baseline_k8x8x8_v19,solid_Ag_baseline,Ag_fcc_bulk_parent_v19,MACE-MP-0b3-medium,reused_v18_audit_per_atom.csv,19,20,Ag,,,0.0,-5.699811657971502e-06,5.699811657971505e-06,0.0,1.4090371953688937e-16,8.836247705756861e-17,-1.2977900004651488e-16,5.699811658112406e-06,-5.699811657883142e-06,-1.2977900004651488e-16,8.06075094971273e-06
Ag_baseline_k8x8x8_v19,solid_Ag_baseline,Ag_fcc_bulk_parent_v19,MACE-MP-0b3-medium,reused_v18_audit_per_atom.csv,20,21,Ag,,,4.09,0.0,5.192301874346517e-27,0.0,3.415236843329339e-18,1.2327554082818658e-16,-8.668998475694073e-17,3.415236843329339e-18,1.2327554082299427e-16,-8.668998475694073e-17,1.5074374370121095e-16
Ag_baseline_k8x8x8_v19,solid_Ag_baseline,Ag_fcc_bulk_parent_v19,MACE-MP-0b3-medium,reused_v18_audit_per_atom.csv,21,22,Ag,,,6.135,1.4123061098222525e-24,1.911883917116014e-05,-1.911883917116014e-05,1.7488181042191187e-16,2.2442984970449942e-17,4.0115480381963664e-18,1.7488180900960576e-16,-1.91188391711377e-05,1.9118839171164153e-05,2.7038121652671624e-05
Ag_baseline_k8x8x8_v19,solid_Ag_baseline,Ag_fcc_bulk_parent_v19,MACE-MP-0b3-medium,reused_v18_audit_per_atom.csv,22,23,Ag,,,6.135,-5.699811657971502e-06,2.5970163208189828e-24,-5.699811657971505e-06,2.5371460190715806e-16,1.2728533504979822e-16,1.22514845490862e-16,5.6998116582252165e-06,1.272853324527819e-16,5.69981165809402e-06,8.060750949941612e-06
Ag_baseline_k8x8x8_v19,solid_Ag_baseline,Ag_fcc_bulk_parent_v19,MACE-MP-0b3-medium,reused_v18_audit_per_atom.csv,23,24,Ag,,,4.09,-1.9118839171160145e-05,1.9118839171160148e-05,-4.430764266109027e-25,-2.1335093592538915e-17,4.141652298894627e-17,5.0580236729088917e-17,1.911883917113881e-05,-1.9118839171118732e-05,5.0580237172165346e-17,2.703812165264029e-05
Ag_baseline_k8x8x8_v19,solid_Ag_baseline,Ag_fcc_bulk_parent_v19,MACE-MP-0b3-medium,reused_v18_audit_per_atom.csv,24,25,Ag,,,0.0,2.769227666318142e-26,0.0,5.192301874346517e-27,-8.250778532614689e-17,1.487525380650112e-16,2.570643695409079e-16,-8.250778535383916e-17,1.487525380650112e-16,2.570643695357156e-16,3.0824818297854207e-16
Ag_baseline_k8x8x8_v19,solid_Ag_baseline,Ag_fcc_bulk_parent_v19,MACE-MP-0b3-medium,reused_v18_audit_per_atom.csv,25,26,Ag,,,2.045,1.3846138331590711e-25,-1.911883917116014e-05,1.9118839171160145e-05,1.8171228410857054e-16,-7.232451214334225e-17,7.090682208055199e-17,1.8171228397010916e-16,1.911883917108782e-05,-1.9118839171089238e-05,2.703812165258338e-05
Ag_baseline_k8x8x8_v19,solid_Ag_baseline,Ag_fcc_bulk_parent_v19,MACE-MP-0b3-medium,reused_v18_audit_per_atom.csv,26,27,Ag,,,2.045,-1.911883917116014e-05,3.1015349862763194e-24,1.911883917116015e-05,-1.2438975405551041e-17,2.6194324487249787e-16,-1.0766127572781059e-16,1.9118839171147704e-05,2.619432417709629e-16,-1.9118839171267813e-05,2.7038121652751997e-05
Ag_baseline_k8x8x8_v19,solid_Ag_baseline,Ag_fcc_bulk_parent_v19,MACE-MP-0b3-medium,reused_v18_audit_per_atom.csv,27,28,Ag,,,0.0,-5.699811657971501e-06,-5.6998116579715005e-06,8.861528532218055e-25,3.5774576073304423e-16,-8.815823714803517e-17,-7.567731163948821e-17,5.699811658329247e-06,5.699811657883342e-06,-7.567731252564107e-17,8.0607509498662e-06
Ag_baseline_k8x8x8_v19,solid_Ag_baseline,Ag_fcc_bulk_parent_v19,MACE-MP-0b3-medium,reused_v18_audit_per_atom.csv,28,29,Ag,,,4.09,-5.192301874346517e-27,-1.384613833159071e-26,-6.923069165795355e-27,-2.8118203869104083e-16,2.297424403496784e-16,-1.2664367804417987e-16,-2.8118203868584854e-16,2.2974244036352453e-16,-1.266436780372568e-16,3.8455630143130144e-16
Ag_baseline_k8x8x8_v19,solid_Ag_baseline,Ag_fcc_bulk_parent_v19,MACE-MP-0b3-medium,reused_v18_audit_per_atom.csv,29,30,Ag,,,6.135,3.544611412887222e-24,-1.911883917116014e-05,-1.9118839171160145e-05,-2.0339632755828063e-16,2.524785443776478e-16,-4.0115480381963664e-18,-2.0339633110289204e-16,1.911883917141262e-05,1.9118839171156133e-05,2.7038121652860353e-05
Ag_baseline_k8x8x8_v19,solid_Ag_baseline,Ag_fcc_bulk_parent_v19,MACE-MP-0b3-medium,reused_v18_audit_per_atom.csv,30,31,Ag,,,6.135,-1.9118839171160138e-05,3.544611412887222e-24,-1.911883917116015e-05,2.110544461762899e-16,-1.5222198501696482e-16,2.205267218835516e-16,1.911883917137119e-05,-1.5222198856157623e-16,1.911883917138068e-05,2.7038121652989834e-05
Ag_baseline_k8x8x8_v19,solid_Ag_baseline,Ag_fcc_bulk_parent_v19,MACE-MP-0b3-medium,reused_v18_audit_per_atom.csv,31,32,Ag,,,4.09,-1.911883917116014e-05,-1.9118839171160145e-05,3.544611412887222e-24,2.0912414664079632e-16,-1.8214596497756474e-17,-8.608565249534905e-17,1.9118839171369267e-05,1.911883917114193e-05,-8.608565603996046e-17,2.703812165281965e-05
Ti3SiC2_baseline_k10x10x2_v19,solid_Ti3SiC2_baseline_kz2,Ti3SiC2_bulk_parent_v19,MACE-MP-0b3-medium,reused_v18_audit_per_atom.csv,0,1,Ti,,,0.0,0.0,0.0,0.0,-2.858700379334821e-13,-1.2909960013561886e-08,8.353162248286176e-09,-2.858700379334821e-13,-1.2909960013561886e-08,8.353162248286176e-09,1.5376683230777757e-08
Ti3SiC2_baseline_k10x10x2_v19,solid_Ti3SiC2_baseline_kz2,Ti3SiC2_bulk_parent_v19,MACE-MP-0b3-medium,reused_v18_audit_per_atom.csv,1,2,Ti,,,8.81175,0.0,0.0,0.0,-3.5374993153088956e-15,1.554560999166791e-08,-1.0391496457452104e-09,-3.5374993153088956e-15,1.554560999166791e-08,-1.0391496457452104e-09,1.5580302371883226e-08
Ti3SiC2_baseline_k10x10x2_v19,solid_Ti3SiC2_baseline_kz2,Ti3SiC2_bulk_parent_v19,MACE-MP-0b3-medium,reused_v18_audit_per_atom.csv,2,3,Ti,,,2.38798425,0.0016939230659937087,-0.0009728059700722137,-0.044117436225991666,-0.00020569041928351689,0.00012170836798632402,-0.10097625351763662,-0.0018996134852772256,0.0010945143380585378,-0.05685881729164495,0.05690106850345014
Ti3SiC2_baseline_k10x10x2_v19,solid_Ti3SiC2_baseline_kz2,Ti3SiC2_bulk_parent_v19,MACE-MP-0b3-medium,reused_v18_audit_per_atom.csv,3,4,Ti,,,11.19973425,-0.001986844282314575,0.0014801233021999947,-0.04421798087194537,-2.6023479944110514e-06,0.00023894491183654013,-0.10097626431448381,0.001984241934320164,-0.0012411783903634546,-0.05675828344253844,0.056806517928791884
Ti3SiC2_baseline_k10x10x2_v19,solid_Ti3SiC2_baseline_kz2,Ti3SiC2_bulk_parent_v19,MACE-MP-0b3-medium,reused_v18_audit_per_atom.csv,4,5,Ti,,,6.42376575,0.001986844287076608,-0.0014801743673752146,0.044217985449793905,2.6023480035010024e-06,-0.0002389952844081885,0.10097626873747495,-0.001984241939073107,0.001241179082967026,0.056758283287681045,0.05680651778936485
Ti3SiC2_baseline_k10x10x2_v19,solid_Ti3SiC2_baseline_kz2,Ti3SiC2_bulk_parent_v19,MACE-MP-0b3-medium,reused_v18_audit_per_atom.csv,5,6,Ti,,,15.23551575,-0.0016939230854261852,0.000972869036030077,0.04411744461361931,0.00020569041989854873,-0.00012165718615368953,0.10097626017786901,0.001899613505324734,-0.0010945262221837666,0.0568588155642497,0.05690106700660388
Ti3SiC2_baseline_k10x10x2_v19,solid_Ti3SiC2_baseline_kz2,Ti3SiC2_bulk_parent_v19,MACE-MP-0b3-medium,reused_v18_audit_per_atom.csv,6,7,Si,,,4.405875,-0.001165453938673355,0.0006826339335922142,3.837090916566121e-06,9.050357795155889e-06,5.229578534184861e-06,2.914832148226553e-09,0.001174504296468511,-0.0006774043550580293,-3.8341760844178944e-06,0.0013558582903758132
Ti3SiC2_baseline_k10x10x2_v19,solid_Ti3SiC2_baseline_kz2,Ti3SiC2_bulk_parent_v19,MACE-MP-0b3-medium,reused_v18_audit_per_atom.csv,7,8,Si,,,13.217625,0.001165453938673355,-0.0006826339335922142,-3.837090916566121e-06,-9.050357997446406e-06,-5.21912854086005e-06,-7.282292447340598e-09,-0.0011745042966708015,0.0006774148050513541,3.82980862411878e-06,0.0013558634991897361
Ti3SiC2_baseline_k10x10x2_v19,solid_Ti3SiC2_baseline_kz2,Ti3SiC2_bulk_parent_v19,MACE-MP-0b3-medium,reused_v18_audit_per_atom.csv,8,9,C,,,1.2724167,-0.0005986290519881643,0.0003514254528680663,0.0872503656311157,0.0002804090154660883,-0.00016205312475943082,0.12296428581661983,0.0008790380674542525,-0.0005134785776274971,0.035713920185504136,0.03572842654232447
Ti3SiC2_baseline_k10x10x2_v19,solid_Ti3SiC2_baseline_kz2,Ti3SiC2_bulk_parent_v19,MACE-MP-0b3-medium,reused_v18_audit_per_atom.csv,9,10,C,,,10.0841667,0.0009639169316834534,-0.000985200030814649,0.08723614165552385,2.27804646160001e-07,-0.00032389583690539854,0.12296429169010684,-0.0009636891270372933,0.0006613041939092506,0.03572815003458299,0.035747261781346615
Ti3SiC2_baseline_k10x10x2_v19,solid_Ti3SiC2_baseline_kz2,Ti3SiC2_bulk_parent_v19,MACE-MP-0b3-medium,reused_v18_audit_per_atom.csv,10,11,C,,,7.5393333,-0.0009639169184282385,0.000985154514776521,-0.08723613534839311,-2.2780465232512693e-07,0.0003238221995973808,-0.12296428607986454,0.0009636891137759134,-0.0006613323151791401,-0.035728150731471425,0.03574726299774365
Ti3SiC2_baseline_k10x10x2_v19,solid_Ti3SiC2_baseline_kz2,Ti3SiC2_bulk_parent_v19,MACE-MP-0b3-medium,reused_v18_audit_per_atom.csv,11,12,C,,,16.3510833,0.000598629053172008,-0.00035136237770222695,-0.08725035699698283,-0.00028040901567414695,0.0001621007790642611,-0.12296427813173691,-0.0008790380688461549,0.0005134631567664881,-0.03571392113475408,0.035728427269602445
Ti3SiC2_baseline_k10x10x2_v19,solid_Ti3SiC2_baseline_kz2,Ti3SiC2_bulk_parent_v19,MACE-MP-0b3-medium,reused_v18_audit_per_atom.csv,12,13,Ti,,,0.0,0.0,0.0,0.0,-5.085121776784995e-13,3.66316668442895e-08,-8.353765217606274e-09,-5.085121776784995e-13,3.66316668442895e-08,-8.353765217606274e-09,3.757212276888933e-08
Ti3SiC2_baseline_k10x10x2_v19,solid_Ti3SiC2_baseline_kz2,Ti3SiC2_bulk_parent_v19,MACE-MP-0b3-medium,reused_v18_audit_per_atom.csv,13,14,Ti,,,8.81175,0.0,0.0,0.0,-8.242762838150417e-16,4.897713231836022e-08,1.036377226424223e-09,-8.242762838150417e-16,4.897713231836022e-08,1.036377226424223e-09,4.8988096185559375e-08
Ti3SiC2_baseline_k10x10x2_v19,solid_Ti3SiC2_baseline_kz2,Ti3SiC2_bulk_parent_v19,MACE-MP-0b3-medium,reused_v18_audit_per_atom.csv,14,15,Ti,,,2.38798425,0.0016939230795771016,-0.0009728690323940029,-0.04411744461641497,-0.000205690415394995,0.00012174853711343367,-0.10097627912574819,-0.0018996134949720966,0.0010946175695074364,-0.05685883450933322,0.05690108769446764
Ti3SiC2_baseline_k10x10x2_v19,solid_Ti3SiC2_baseline_kz2,Ti3SiC2_bulk_parent_v19,MACE-MP-0b3-medium,reused_v18_audit_per_atom.csv,15,16,Ti,,,11.19973425,-0.0019868442779020865,0.0014801743628391423,-0.04421798545145331,-2.602347989627931e-06,0.0002389785044396401,-0.10097626833472428,0.0019842419299124585,-0.0012411958583995021,-0.05675828288327098,0.05680651775151107
Ti3SiC2_baseline_k10x10x2_v19,solid_Ti3SiC2_baseline_kz2,Ti3SiC2_bulk_parent_v19,MACE-MP-0b3-medium,reused_v18_audit_per_atom.csv,16,17,Ti,,,6.42376575,0.001986844274516934,-0.0014801232974335306,0.04421798087379985,2.602348003928178e-06,-0.0002389522382856761,0.10097626391322873,-0.001984241926513006,0.0012411710591478545,0.056758283039428876,0.056806517365570984
Ti3SiC2_baseline_k10x10x2_v19,solid_Ti3SiC2_baseline_kz2,Ti3SiC2_bulk_parent_v19,MACE-MP-0b3-medium,reused_v18_audit_per_atom.csv,17,18,Ti,,,15.23551575,-0.0016939230603943004,0.0009728059672809327,0.0441174362291933,0.00020569041530834904,-0.00012180676628431109,0.10097627246587362,0.0018996134757026494,-0.0010946127335652437,0.056858836236680324,0.056901089326858986
Ti3SiC2_baseline_k10x10x2_v19,solid_Ti3SiC2_baseline_kz2,Ti3SiC2_bulk_parent_v19,MACE-MP-0b3-medium,reused_v18_audit_per_atom.csv,18,19,Si,,,4.405875,-0.0011654539523874915,0.0006826349208841968,3.822675535107423e-06,9.050357734091935e-06,5.23444868778686e-06,-2.915530294731692e-09,0.0011745043101215834,-0.0006774004721964099,-3.825591065402155e-06,0.001355856338028884
Ti3SiC2_baseline_k10x10x2_v19,solid_Ti3SiC2_baseline_kz2,Ti3SiC2_bulk_parent_v19,MACE-MP-0b3-medium,reused_v18_audit_per_atom.csv,19,20,Si,,,13.217625,0.0011654539523874915,-0.0006826349208841968,-3.822675535107423e-06,-9.050357851149473e-06,-5.214998312755726e-06,7.28194403897247e-09,-0.001174504310238641,0.0006774199225714411,3.8299574791463954e-06,0.001355866068179352
Ti3SiC2_baseline_k10x10x2_v19,solid_Ti3SiC2_baseline_kz2,Ti3SiC2_bulk_parent_v19,MACE-MP-0b3-medium,reused_v18_audit_per_atom.csv,20,21,C,,,1.2724167,-0.0005986290520074755,0.00035136237623386923,0.08725035699855486,0.00028040901118476136,-0.00016219262824685354,0.12296429233378056,0.0008790380631922369,-0.0005135550044807228,0.0357139353352257,0.035728442784255944
Ti3SiC2_baseline_k10x10x2_v19,solid_Ti3SiC2_baseline_kz2,Ti3SiC2_bulk_parent_v19,MACE-MP-0b3-medium,reused_v18_audit_per_atom.csv,21,22,C,,,10.0841667,0.0009639169169181374,-0.0009851545133165189,0.08723613534929514,2.2780464578652047e-07,-0.00032385236952913636,0.1229642864651887,-0.0009636891122723509,0.0006613021437873825,0.03572815111589356,0.035747262823755
Ti3SiC2_baseline_k10x10x2_v19,solid_Ti3SiC2_baseline_kz2,Ti3SiC2_bulk_parent_v19,MACE-MP-0b3-medium,reused_v18_audit_per_atom.csv,22,23,C,,,7.5393333,-0.0009639169280944868,0.0009852000290078954,-0.0872361416568858,-2.278046464265798e-07,0.0003238628695811676,-0.12296429207332404,0.0009636891234480601,-0.0006613371594267278,-0.035728150416438245,0.035747262772759636
Ti3SiC2_baseline_k10x10x2_v19,solid_Ti3SiC2_baseline_kz2,Ti3SiC2_bulk_parent_v19,MACE-MP-0b3-medium,reused_v18_audit_per_atom.csv,23,24,C,,,16.3510833,0.0005986290502668245,-0.00035142545123506726,-0.08725036563255463,-0.00028040901041896915,0.00016212112013579139,-0.12296430001821032,-0.0008790380606857936,0.0005135465713708586,-0.03571393438565569,0.03572844171379464
Ti3SiC2_baseline_k10x10x2_v19,solid_Ti3SiC2_baseline_kz2,Ti3SiC2_bulk_parent_v19,MACE-MP-0b3-medium,reused_v18_audit_per_atom.csv,24,25,Ti,,,0.0,0.0,0.0,0.0,-2.862108612142119e-13,-1.2909960116994773e-08,8.353162652646257e-09,-2.862108612142119e-13,-1.2909960116994773e-08,8.353162652646257e-09,1.5376683537287118e-08
Ti3SiC2_baseline_k10x10x2_v19,solid_Ti3SiC2_baseline_kz2,Ti3SiC2_bulk_parent_v19,MACE-MP-0b3-medium,reused_v18_audit_per_atom.csv,25,26,Ti,,,8.81175,0.0,0.0,0.0,-1.2147786207691487e-15,1.5545608181538172e-08,-1.0391513235370476e-09,-1.2147786207691487e-15,1.5545608181538172e-08,-1.0391513235370476e-09,1.5580300677686452e-08
Ti3SiC2_baseline_k10x10x2_v19,solid_Ti3SiC2_baseline_kz2,Ti3SiC2_bulk_parent_v19,MACE-MP-0b3-medium,reused_v18_audit_per_atom.csv,26,27,Ti,,,2.38798425,0.0016939230603943004,-0.0009728059672809327,-0.0441174362291933,-0.00020569041928691196,0.00012170836798325942,-0.10097625351763415,-0.0018996134796812124,0.0010945143352641923,-0.05685881728844085,0.05690106850000785
Ti3SiC2_baseline_k10x10x2_v19,solid_Ti3SiC2_baseline_kz2,Ti3SiC2_bulk_parent_v19,MACE-MP-0b3-medium,reused_v18_audit_per_atom.csv,27,28,Ti,,,11.19973425,-0.001986844274516934,0.0014801232974335306,-0.04421798087379985,-2.6023479922233974e-06,0.00023894491183742463,-0.10097626431448253,0.0019842419265247106,-0.001241178385596106,-0.056758283440682684,0.056806517926561245
Ti3SiC2_baseline_k10x10x2_v19,solid_Ti3SiC2_baseline_kz2,Ti3SiC2_bulk_parent_v19,MACE-MP-0b3-medium,reused_v18_audit_per_atom.csv,28,29,Ti,,,6.42376575,0.0019868442779020865,-0.0014801743628391423,0.04421798545145331,2.6023480099979306e-06,-0.00023899528440828564,0.10097626873747864,-0.0019842419298920885,0.0012411790784308567,0.056758283286025335,0.05680651778729074
Ti3SiC2_baseline_k10x10x2_v19,solid_Ti3SiC2_baseline_kz2,Ti3SiC2_bulk_parent_v19,MACE-MP-0b3-medium,reused_v18_audit_per_atom.csv,29,30,Ti,,,15.23551575,-0.0016939230795771016,0.0009728690323940029,0.04411744461641497,0.00020569041989697626,-0.0001216571861529759,0.1009762601778682,0.0018996134994740778,-0.0010945262185469789,0.05685881556145323,0.056901067003544206
Ti3SiC2_baseline_k10x10x2_v19,solid_Ti3SiC2_baseline_kz2,Ti3SiC2_bulk_parent_v19,MACE-MP-0b3-medium,reused_v18_audit_per_atom.csv,30,31,Si,,,4.405875,-0.0011654539429295071,0.0006826339360151322,3.837091131723461e-06,9.05035779613181e-06,5.229578534977918e-06,2.9148322185828038e-09,0.0011745043007256389,-0.0006774043574801544,-3.834176299504878e-06,0.0013558582952742585
Ti3SiC2_baseline_k10x10x2_v19,solid_Ti3SiC2_baseline_kz2,Ti3SiC2_bulk_parent_v19,MACE-MP-0b3-medium,reused_v18_audit_per_atom.csv,31,32,Si,,,13.217625,0.0011654539429295071,-0.0006826339360151322,-3.837091131723461e-06,-9.050357998328901e-06,-5.219128541116293e-06,-7.282291782074145e-09,-0.001174504300927836,0.0006774148074740159,3.829808839941387e-06,0.0013558635040883701
Ti3SiC2_baseline_k10x10x2_v19,solid_Ti3SiC2_baseline_kz2,Ti3SiC2_bulk_parent_v19,MACE-MP-0b3-medium,reused_v18_audit_per_atom.csv,32,33,C,,,1.2724167,-0.0005986290502668245,0.00035142545123506726,0.08725036563255463,0.00028040901546097735,-0.00016205312476123205,0.12296428581662103,0.0008790380657278018,-0.0005134785759962993,0.0357139201840664,0.035728426540821395
Ti3SiC2_baseline_k10x10x2_v19,solid_Ti3SiC2_baseline_kz2,Ti3SiC2_bulk_parent_v19,MACE-MP-0b3-medium,reused_v18_audit_per_atom.csv,33,34,C,,,10.0841667,0.0009639169280944868,-0.0009852000290078954,0.0872361416568858,2.278046521660764e-07,-0.00032389583690470487,0.12296429169010731,-0.0009636891234423207,0.0006613041921031905,0.03572815003322151,0.03574726177985554
Ti3SiC2_baseline_k10x10x2_v19,solid_Ti3SiC2_baseline_kz2,Ti3SiC2_bulk_parent_v19,MACE-MP-0b3-medium,reused_v18_audit_per_atom.csv,34,35,C,,,7.5393333,-0.0009639169169181374,0.0009851545133165189,-0.08723613534929514,-2.2780464886251045e-07,0.0003238221995984517,-0.12296428607986254,0.0009636891122692749,-0.0006613323137180672,-0.0357281507305674,0.035747262996772465
Ti3SiC2_baseline_k10x10x2_v19,solid_Ti3SiC2_baseline_kz2,Ti3SiC2_bulk_parent_v19,MACE-MP-0b3-medium,reused_v18_audit_per_atom.csv,35,36,C,,,16.3510833,0.0005986290520074755,-0.00035136237623386923,-0.08725035699855486,-0.0002804090156724818,0.00016210077906452262,-0.12296427813173719,-0.0008790380676799573,0.0005134631552983918,-0.03571392113318232,0.03572842726798153
Ti3SiC2_baseline_k10x10x2_v19,solid_Ti3SiC2_baseline_kz2,Ti3SiC2_bulk_parent_v19,MACE-MP-0b3-medium,reused_v18_audit_per_atom.csv,36,37,Ti,,,0.0,0.0,0.0,0.0,-5.089338239033792e-13,3.663166722430236e-08,-8.353765997574635e-09,-5.089338239033792e-13,3.663166722430236e-08,-8.353765997574635e-09,3.757212331281366e-08
Ti3SiC2_baseline_k10x10x2_v19,solid_Ti3SiC2_baseline_kz2,Ti3SiC2_bulk_parent_v19,MACE-MP-0b3-medium,reused_v18_audit_per_atom.csv,37,38,Ti,,,8.81175,0.0,0.0,0.0,1.3164382778318995e-15,4.8977130971347444e-08,1.0363757732869623e-09,1.3164382778318995e-15,4.8977130971347444e-08,1.0363757732869623e-09,4.8988094808105965e-08
Ti3SiC2_baseline_k10x10x2_v19,solid_Ti3SiC2_baseline_kz2,Ti3SiC2_bulk_parent_v19,MACE-MP-0b3-medium,reused_v18_audit_per_atom.csv,38,39,Ti,,,2.38798425,0.0016939230854261852,-0.000972869036030077,-0.04411744461361931,-0.00020569041539691534,0.0001217485371129503,-0.10097627912574747,-0.0018996135008231005,0.0010946175731430274,-0.05685883451212816,0.056901087697525776
Ti3SiC2_baseline_k10x10x2_v19,solid_Ti3SiC2_baseline_kz2,Ti3SiC2_bulk_parent_v19,MACE-MP-0b3-medium,reused_v18_audit_per_atom.csv,39,40,Ti,,,11.19973425,-0.001986844287076608,0.0014801743673752146,-0.044217985449793905,-2.6023479848076222e-06,0.0002389785044432093,-0.10097626833472378,0.0019842419390918003,-0.0012411958629320052,-0.05675828288492988,0.05680651775358823
Ti3SiC2_baseline_k10x10x2_v19,solid_Ti3SiC2_baseline_kz2,Ti3SiC2_bulk_parent_v19,MACE-MP-0b3-medium,reused_v18_audit_per_atom.csv,40,41,Ti,,,6.42376575,0.001986844282314575,-0.0014801233021999947,0.04421798087194537,2.6023480074537867e-06,-0.0002389522382823324,0.10097626391323117,-0.0019842419343071216,0.0012411710639176623,0.0567582830412858,0.056806517367802796
Ti3SiC2_baseline_k10x10x2_v19,solid_Ti3SiC2_baseline_kz2,Ti3SiC2_bulk_parent_v19,MACE-MP-0b3-medium,reused_v18_audit_per_atom.csv,41,42,Ti,,,15.23551575,-0.0016939230659937087,0.0009728059700722137,0.044117436225991666,0.00020569041530963967,-0.00012180676628547812,0.1009762724658734,0.0018996134813033484,-0.0010946127363576919,0.056858836239881735,0.056901089330298714
Ti3SiC2_baseline_k10x10x2_v19,solid_Ti3SiC2_baseline_kz2,Ti3SiC2_bulk_parent_v19,MACE-MP-0b3-medium,reused_v18_audit_per_atom.csv,42,43,Si,,,4.405875,-0.001165453948243311,0.0006826349182788183,3.822675458984502e-06,9.050357733868537e-06,5.23444868802312e-06,-2.9155287748733696e-09,0.0011745043059771796,-0.0006774004695907952,-3.825590987759375e-06,0.0013558563331368008
Ti3SiC2_baseline_k10x10x2_v19,solid_Ti3SiC2_baseline_kz2,Ti3SiC2_bulk_parent_v19,MACE-MP-0b3-medium,reused_v18_audit_per_atom.csv,43,44,Si,,,13.217625,0.001165453948243311,-0.0006826349182788183,-3.822675458984502e-06,-9.050357851626237e-06,-5.214998313256519e-06,7.281946640190322e-09,-0.0011745043060949372,0.0006774199199655618,3.829957405624692e-06,0.0013558660632877523
Ti3SiC2_baseline_k10x10x2_v19,solid_Ti3SiC2_baseline_kz2,Ti3SiC2_bulk_parent_v19,MACE-MP-0b3-medium,reused_v18_audit_per_atom.csv,44,45,C,,,1.2724167,-0.000598629053172008,0.00035136237770222695,0.08725035699698283,0.0002804090111865644,-0.00016219262825027843,0.12296429233378137,0.0008790380643585724,-0.0005135550059525054,0.035713935336798536,0.035728442785877994
Ti3SiC2_baseline_k10x10x2_v19,solid_Ti3SiC2_baseline_kz2,Ti3SiC2_bulk_parent_v19,MACE-MP-0b3-medium,reused_v18_audit_per_atom.csv,45,46,C,,,10.0841667,0.0009639169184282385,-0.000985154514776521,0.08723613534839311,2.2780465149712173e-07,-0.0003238523695266709,0.12296428646519131,-0.0009636891137767414,0.00066130214524985,0.035728151116798196,0.03574726282472676
Ti3SiC2_baseline_k10x10x2_v19,solid_Ti3SiC2_baseline_kz2,Ti3SiC2_bulk_parent_v19,MACE-MP-0b3-medium,reused_v18_audit_per_atom.csv,46,47,C,,,7.5393333,-0.0009639169316834534,0.000985200030814649,-0.08723614165552385,-2.2780464272375775e-07,0.00032386286958262857,-0.12296429207332402,0.0009636891270407296,-0.0006613371612320205,-0.03572815041780017,0.03574726277425108
Ti3SiC2_baseline_k10x10x2_v19,solid_Ti3SiC2_baseline_kz2,Ti3SiC2_bulk_parent_v19,MACE-MP-0b3-medium,reused_v18_audit_per_atom.csv,47,48,C,,,16.3510833,0.0005986290519881643,-0.0003514254528680663,-0.0872503656311157,-0.0002804090104189038,0.00016212112013518271,-0.12296430001821115,-0.0008790380624070681,0.0005135465730032489,-0.035713934387095456,0.03572844171529963
Ti3SiC2_baseline_k10x10x4_v19,solid_Ti3SiC2_baseline_kz4,Ti3SiC2_bulk_parent_v19,MACE-MP-0b3-medium,reused_v18_audit_per_atom.csv,0,1,Ti,,,0.0,0.0,0.0,0.0,-2.858700379334821e-13,-1.2909960013561886e-08,8.353162248286176e-09,-2.858700379334821e-13,-1.2909960013561886e-08,8.353162248286176e-09,1.5376683230777757e-08
Ti3SiC2_baseline_k10x10x4_v19,solid_Ti3SiC2_baseline_kz4,Ti3SiC2_bulk_parent_v19,MACE-MP-0b3-medium,reused_v18_audit_per_atom.csv,1,2,Ti,,,8.81175,0.0,0.0,0.0,-3.5374993153088956e-15,1.554560999166791e-08,-1.0391496457452104e-09,-3.5374993153088956e-15,1.554560999166791e-08,-1.0391496457452104e-09,1.5580302371883226e-08
Ti3SiC2_baseline_k10x10x4_v19,solid_Ti3SiC2_baseline_kz4,Ti3SiC2_bulk_parent_v19,MACE-MP-0b3-medium,reused_v18_audit_per_atom.csv,2,3,Ti,,,2.38798425,0.000719968531872444,-0.00041202407075390993,-0.04495673961162263,-0.00020569041928351689,0.00012170836798632402,-0.10097625351763662,-0.0009256589511559608,0.0005337324387402339,-0.056019513906013986,0.0560297033106201
Ti3SiC2_baseline_k10x10x4_v19,solid_Ti3SiC2_baseline_kz4,Ti3SiC2_bulk_parent_v19,MACE-MP-0b3-medium,reused_v18_audit_per_atom.csv,3,4,Ti,,,11.19973425,-0.0010083543781054393,0.0009127926990017763,-0.044983686544231044,-2.6023479944110514e-06,0.00023894491183654013,-0.10097626431448381,0.0010057520301110282,-0.0006738477871652362,-0.055992577770252766,0.05600566376130314
Ti3SiC2_baseline_k10x10x4_v19,solid_Ti3SiC2_baseline_kz4,Ti3SiC2_bulk_parent_v19,MACE-MP-0b3-medium,reused_v18_audit_per_atom.csv,4,5,Ti,,,6.42376575,0.0010083544753400878,-0.0009128428214783012,0.044983690531552385,2.6023480035010024e-06,-0.0002389952844081885,0.10097626873747495,-0.0010057521273365868,0.0006738475370701127,0.055992578205922565,0.05600566419560804
Ti3SiC2_baseline_k10x10x4_v19,solid_Ti3SiC2_baseline_kz4,Ti3SiC2_bulk_parent_v19,MACE-MP-0b3-medium,reused_v18_audit_per_atom.csv,5,6,Ti,,,15.23551575,-0.0007199685694501924,0.0004120954356816054,0.04495674585621889,0.00020569041989854873,-0.00012165718615368953,0.10097626017786901,0.0009256589893487412,-0.0005337526218352949,0.05601951432165012,0.05602970391907708
Ti3SiC2_baseline_k10x10x4_v19,solid_Ti3SiC2_baseline_kz4,Ti3SiC2_bulk_parent_v19,MACE-MP-0b3-medium,reused_v18_audit_per_atom.csv,6,7,Si,,,4.405875,-0.0006525353817818509,0.00038614735634135257,7.003993273814515e-06,9.050357795155889e-06,5.229578534184861e-06,2.914832148226553e-09,0.0006615857395770067,-0.0003809177778071677,-7.001078441666289e-06,0.0007634415887024706
Ti3SiC2_baseline_k10x10x4_v19,solid_Ti3SiC2_baseline_kz4,Ti3SiC2_bulk_parent_v19,MACE-MP-0b3-medium,reused_v18_audit_per_atom.csv,7,8,Si,,,13.217625,0.0006525353817818509,-0.00038614735634135257,-7.003993273814515e-06,-9.050357997446406e-06,-5.21912854086005e-06,-7.282292447340598e-09,-0.0006615857397792973,0.00038092822780049255,6.996710981367175e-06,0.0007634467628977812
Ti3SiC2_baseline_k10x10x4_v19,solid_Ti3SiC2_baseline_kz4,Ti3SiC2_bulk_parent_v19,MACE-MP-0b3-medium,reused_v18_audit_per_atom.csv,8,9,C,,,1.2724167,-0.00014770863571377223,9.123658817878461e-05,0.0878637648205358,0.0002804090154660883,-0.00016205312475943082,0.12296428581661983,0.0004281176511798605,-0.00025328971293821543,0.03510052099608403,0.03510404555885928
Ti3SiC2_baseline_k10x10x4_v19,solid_Ti3SiC2_baseline_kz4,Ti3SiC2_bulk_parent_v19,MACE-MP-0b3-medium,reused_v18_audit_per_atom.csv,9,10,C,,,10.0841667,0.0005123222699221044,-0.0007223635371145798,0.08784047229352449,2.27804646160001e-07,-0.00032389583690539854,0.12296429169010684,-0.0005120944652759443,0.0003984677002091812,0.03512381939658235,0.03512981221488681
Ti3SiC2_baseline_k10x10x4_v19,solid_Ti3SiC2_baseline_kz4,Ti3SiC2_bulk_parent_v19,MACE-MP-0b3-medium,reused_v18_audit_per_atom.csv,10,11,C,,,7.5393333,-0.0005123223690592433,0.0007223181156917318,-0.08784046630308089,-2.2780465232512693e-07,0.0003238221995973808,-0.12296428607986454,0.0005120945644069182,-0.000398495916094351,-0.03512381977678365,0.03512981291652458
Ti3SiC2_baseline_k10x10x4_v19,solid_Ti3SiC2_baseline_kz4,Ti3SiC2_bulk_parent_v19,MACE-MP-0b3-medium,reused_v18_audit_per_atom.csv,11,12,C,,,16.3510833,0.00014770900146071771,-9.117262584790101e-05,-0.08786375633632497,-0.00028040901567414695,0.0001621007790642611,-0.12296427813173691,-0.00042811801713486466,0.0002532734049121621,-0.03510052179541194,0.035104046244904874
Ti3SiC2_baseline_k10x10x4_v19,solid_Ti3SiC2_baseline_kz4,Ti3SiC2_bulk_parent_v19,MACE-MP-0b3-medium,reused_v18_audit_per_atom.csv,12,13,Ti,,,0.0,0.0,0.0,0.0,-5.085121776784995e-13,3.66316668442895e-08,-8.353765217606274e-09,-5.085121776784995e-13,3.66316668442895e-08,-8.353765217606274e-09,3.757212276888933e-08
Ti3SiC2_baseline_k10x10x4_v19,solid_Ti3SiC2_baseline_kz4,Ti3SiC2_bulk_parent_v19,MACE-MP-0b3-medium,reused_v18_audit_per_atom.csv,13,14,Ti,,,8.81175,0.0,0.0,0.0,-8.242762838150417e-16,4.897713231836022e-08,1.036377226424223e-09,-8.242762838150417e-16,4.897713231836022e-08,1.036377226424223e-09,4.8988096185559375e-08
Ti3SiC2_baseline_k10x10x4_v19,solid_Ti3SiC2_baseline_kz4,Ti3SiC2_bulk_parent_v19,MACE-MP-0b3-medium,reused_v18_audit_per_atom.csv,14,15,Ti,,,2.38798425,0.0007199685690058406,-0.00041209543557088575,-0.044956745856729034,-0.000205690415394995,0.00012174853711343367,-0.10097627912574819,-0.0009256589844008356,0.0005338439726843194,-0.05601953326901916,0.05602972373322322
Ti3SiC2_baseline_k10x10x4_v19,solid_Ti3SiC2_baseline_kz4,Ti3SiC2_bulk_parent_v19,MACE-MP-0b3-medium,reused_v18_audit_per_atom.csv,15,16,Ti,,,11.19973425,-0.0010083544748323212,0.000912842821583883,-0.044983690531341505,-2.602347989627931e-06,0.0002389785044396401,-0.10097626833472428,0.0010057521268426932,-0.0006738643171442429,-0.05599257780338278,0.056005663995050026
Ti3SiC2_baseline_k10x10x4_v19,solid_Ti3SiC2_baseline_kz4,Ti3SiC2_bulk_parent_v19,MACE-MP-0b3-medium,reused_v18_audit_per_atom.csv,16,17,Ti,,,6.42376575,0.001008354378750206,-0.0009127926992588833,0.04498368654430486,2.602348003928178e-06,-0.0002389522382856761,0.10097626391322873,-0.0010057520307462779,0.0006738404609732072,0.055992577368923865,0.05600566327193278
Ti3SiC2_baseline_k10x10x4_v19,solid_Ti3SiC2_baseline_kz4,Ti3SiC2_bulk_parent_v19,MACE-MP-0b3-medium,reused_v18_audit_per_atom.csv,17,18,Ti,,,15.23551575,-0.0007199685322682781,0.00041202407111023037,0.04495673961190924,0.00020569041530834904,-0.00012180676628431109,0.10097627246587362,0.0009256589475766272,-0.0005338308373945414,0.05601953285396438,0.05602972319248576
Ti3SiC2_baseline_k10x10x4_v19,solid_Ti3SiC2_baseline_kz4,Ti3SiC2_bulk_parent_v19,MACE-MP-0b3-medium,reused_v18_audit_per_atom.csv,18,19,Si,,,4.405875,-0.0006525353784490375,0.00038614790600530045,6.989049225873418e-06,9.050357734091935e-06,5.23444868778686e-06,-2.915530294731692e-09,0.0006615857361831294,-0.0003809134573175136,-6.991964756168149e-06,0.000763439346548045
Ti3SiC2_baseline_k10x10x4_v19,solid_Ti3SiC2_baseline_kz4,Ti3SiC2_bulk_parent_v19,MACE-MP-0b3-medium,reused_v18_audit_per_atom.csv,19,20,Si,,,13.217625,0.0006525353784490375,-0.00038614790600530045,-6.989049225873418e-06,-9.050357851149473e-06,-5.214998312755726e-06,7.28194403897247e-09,-0.000661585736300187,0.0003809329076925447,6.99633116991239e-06,0.0007634490914846886
Ti3SiC2_baseline_k10x10x4_v19,solid_Ti3SiC2_baseline_kz4,Ti3SiC2_bulk_parent_v19,MACE-MP-0b3-medium,reused_v18_audit_per_atom.csv,20,21,C,,,1.2724167,-0.00014770900247694765,9.117262595585593e-05,0.0878637563364177,0.00028040901118476136,-0.00016219262824685354,0.12296429233378056,0.00042811801366170904,-0.00025336525420270947,0.03510053599736286,0.03510406110819409
Ti3SiC2_baseline_k10x10x4_v19,solid_Ti3SiC2_baseline_kz4,Ti3SiC2_bulk_parent_v19,MACE-MP-0b3-medium,reused_v18_audit_per_atom.csv,21,22,C,,,10.0841667,0.0005123223698793712,-0.0007223181154589561,0.08784046630335456,2.2780464578652047e-07,-0.00032385236952913636,0.1229642864651887,-0.0005120945652335847,0.00039846574592981973,0.03512382016183414,0.03512981295929837
Ti3SiC2_baseline_k10x10x4_v19,solid_Ti3SiC2_baseline_kz4,Ti3SiC2_bulk_parent_v19,MACE-MP-0b3-medium,reused_v18_audit_per_atom.csv,22,23,C,,,7.5393333,-0.0005123222687158105,0.0007223635366107006,-0.08784047229397808,-2.278046464265798e-07,0.0003238628695811676,-0.12296429207332404,0.0005120944640693839,-0.000398500667029533,-0.03512381977934596,0.03512981297151649
Ti3SiC2_baseline_k10x10x4_v19,solid_Ti3SiC2_baseline_kz4,Ti3SiC2_bulk_parent_v19,MACE-MP-0b3-medium,reused_v18_audit_per_atom.csv,23,24,C,,,16.3510833,0.0001477086363084519,-9.123658815023144e-05,-0.08786376482056493,-0.00028040901041896915,0.00016212112013579139,-0.12296430001821032,-0.00042811764672742107,0.00025335770828602283,-0.03510053519764539,0.035104060249619706
Ti3SiC2_baseline_k10x10x4_v19,solid_Ti3SiC2_baseline_kz4,Ti3SiC2_bulk_parent_v19,MACE-MP-0b3-medium,reused_v18_audit_per_atom.csv,24,25,Ti,,,0.0,0.0,0.0,0.0,-2.862108612142119e-13,-1.2909960116994773e-08,8.353162652646257e-09,-2.862108612142119e-13,-1.2909960116994773e-08,8.353162652646257e-09,1.5376683537287118e-08
Ti3SiC2_baseline_k10x10x4_v19,solid_Ti3SiC2_baseline_kz4,Ti3SiC2_bulk_parent_v19,MACE-MP-0b3-medium,reused_v18_audit_per_atom.csv,25,26,Ti,,,8.81175,0.0,0.0,0.0,-1.2147786207691487e-15,1.5545608181538172e-08,-1.0391513235370476e-09,-1.2147786207691487e-15,1.5545608181538172e-08,-1.0391513235370476e-09,1.5580300677686452e-08
Ti3SiC2_baseline_k10x10x4_v19,solid_Ti3SiC2_baseline_kz4,Ti3SiC2_bulk_parent_v19,MACE-MP-0b3-medium,reused_v18_audit_per_atom.csv,26,27,Ti,,,2.38798425,0.0007199685322682781,-0.00041202407111023037,-0.04495673961190924,-0.00020569041928691196,0.00012170836798325942,-0.10097625351763415,-0.0009256589515551901,0.0005337324390934897,-0.056019513905724905,0.05602970331034103
Ti3SiC2_baseline_k10x10x4_v19,solid_Ti3SiC2_baseline_kz4,Ti3SiC2_bulk_parent_v19,MACE-MP-0b3-medium,reused_v18_audit_per_atom.csv,27,28,Ti,,,11.19973425,-0.001008354378750206,0.0009127926992588833,-0.04498368654430486,-2.6023479922233974e-06,0.00023894491183742463,-0.10097626431448253,0.0010057520307579827,-0.0006738477874214586,-0.05599257777017767,0.05600566376124277
Ti3SiC2_baseline_k10x10x4_v19,solid_Ti3SiC2_baseline_kz4,Ti3SiC2_bulk_parent_v19,MACE-MP-0b3-medium,reused_v18_audit_per_atom.csv,28,29,Ti,,,6.42376575,0.0010083544748323212,-0.000912842821583883,0.044983690531341505,2.6023480099979306e-06,-0.00023899528440828564,0.10097626873747864,-0.0010057521268223232,0.0006738475371755974,0.055992578206137136,0.05600566419581459
Ti3SiC2_baseline_k10x10x4_v19,solid_Ti3SiC2_baseline_kz4,Ti3SiC2_bulk_parent_v19,MACE-MP-0b3-medium,reused_v18_audit_per_atom.csv,29,30,Ti,,,15.23551575,-0.0007199685690058406,0.00041209543557088575,0.044956745856729034,0.00020569041989697626,-0.0001216571861529759,0.1009762601778682,0.0009256589889028168,-0.0005337526217238616,0.05601951432113917,0.05602970391855779
Ti3SiC2_baseline_k10x10x4_v19,solid_Ti3SiC2_baseline_kz4,Ti3SiC2_bulk_parent_v19,MACE-MP-0b3-medium,reused_v18_audit_per_atom.csv,30,31,Si,,,4.405875,-0.0006525353816422018,0.00038614735655342875,7.0039932885446875e-06,9.05035779613181e-06,5.229578534977918e-06,2.9148322185828038e-09,0.0006615857394383336,-0.0003809177780184508,-7.001078456326105e-06,0.0007634415886878524
Ti3SiC2_baseline_k10x10x4_v19,solid_Ti3SiC2_baseline_kz4,Ti3SiC2_bulk_parent_v19,MACE-MP-0b3-medium,reused_v18_audit_per_atom.csv,31,32,Si,,,13.217625,0.0006525353816422018,-0.00038614735655342875,-7.0039932885446875e-06,-9.050357998328901e-06,-5.219128541116293e-06,-7.282291782074145e-09,-0.0006615857396405307,0.0003809282280123125,6.996710996762613e-06,0.0007634467628833595
Ti3SiC2_baseline_k10x10x4_v19,solid_Ti3SiC2_baseline_kz4,Ti3SiC2_bulk_parent_v19,MACE-MP-0b3-medium,reused_v18_audit_per_atom.csv,32,33,C,,,1.2724167,-0.0001477086363084519,9.123658815023144e-05,0.08786376482056493,0.00028040901546097735,-0.00016205312476123205,0.12296428581662103,0.0004281176517694292,-0.0002532897129114635,0.035100520996056095,0.035104045558838344
Ti3SiC2_baseline_k10x10x4_v19,solid_Ti3SiC2_baseline_kz4,Ti3SiC2_bulk_parent_v19,MACE-MP-0b3-medium,reused_v18_audit_per_atom.csv,33,34,C,,,10.0841667,0.0005123222687158105,-0.0007223635366107006,0.08784047229397808,2.278046521660764e-07,-0.00032389583690470487,0.12296429169010731,-0.0005120944640636444,0.00039846769970599573,0.03512381939612923,0.03512981221441039
Ti3SiC2_baseline_k10x10x4_v19,solid_Ti3SiC2_baseline_kz4,Ti3SiC2_bulk_parent_v19,MACE-MP-0b3-medium,reused_v18_audit_per_atom.csv,34,35,C,,,7.5393333,-0.0005123223698793712,0.0007223181154589561,-0.08784046630335456,-2.2780464886251045e-07,0.0003238221995984517,-0.12296428607986254,0.0005120945652305087,-0.0003984959158605044,-0.035123819776507983,0.035129812916258316
Ti3SiC2_baseline_k10x10x4_v19,solid_Ti3SiC2_baseline_kz4,Ti3SiC2_bulk_parent_v19,MACE-MP-0b3-medium,reused_v18_audit_per_atom.csv,35,36,C,,,16.3510833,0.00014770900247694765,-9.117262595585593e-05,-0.0878637563364177,-0.0002804090156724818,0.00016210077906452262,-0.12296427813173719,-0.00042811801814942945,0.00025327340502037855,-0.035100521795319486,0.03510404624482558
Ti3SiC2_baseline_k10x10x4_v19,solid_Ti3SiC2_baseline_kz4,Ti3SiC2_bulk_parent_v19,MACE-MP-0b3-medium,reused_v18_audit_per_atom.csv,36,37,Ti,,,0.0,0.0,0.0,0.0,-5.089338239033792e-13,3.663166722430236e-08,-8.353765997574635e-09,-5.089338239033792e-13,3.663166722430236e-08,-8.353765997574635e-09,3.757212331281366e-08
Ti3SiC2_baseline_k10x10x4_v19,solid_Ti3SiC2_baseline_kz4,Ti3SiC2_bulk_parent_v19,MACE-MP-0b3-medium,reused_v18_audit_per_atom.csv,37,38,Ti,,,8.81175,0.0,0.0,0.0,1.3164382778318995e-15,4.8977130971347444e-08,1.0363757732869623e-09,1.3164382778318995e-15,4.8977130971347444e-08,1.0363757732869623e-09,4.8988094808105965e-08
Ti3SiC2_baseline_k10x10x4_v19,solid_Ti3SiC2_baseline_kz4,Ti3SiC2_bulk_parent_v19,MACE-MP-0b3-medium,reused_v18_audit_per_atom.csv,38,39,Ti,,,2.38798425,0.0007199685694501924,-0.0004120954356816054,-0.04495674585621889,-0.00020569041539691534,0.0001217485371129503,-0.10097627912574747,-0.0009256589848471077,0.0005338439727945557,-0.05601953326952858,0.05602972373374098
Ti3SiC2_baseline_k10x10x4_v19,solid_Ti3SiC2_baseline_kz4,Ti3SiC2_bulk_parent_v19,MACE-MP-0b3-medium,reused_v18_audit_per_atom.csv,39,40,Ti,,,11.19973425,-0.0010083544753400878,0.0009128428214783012,-0.044983690531552385,-2.6023479848076222e-06,0.0002389785044432093,-0.10097626833472378,0.0010057521273552801,-0.0006738643170350919,-0.0559925778031714,0.056005663994846584
Ti3SiC2_baseline_k10x10x4_v19,solid_Ti3SiC2_baseline_kz4,Ti3SiC2_bulk_parent_v19,MACE-MP-0b3-medium,reused_v18_audit_per_atom.csv,40,41,Ti,,,6.42376575,0.0010083543781054393,-0.0009127926990017763,0.044983686544231044,2.6023480074537867e-06,-0.0002389522382823324,0.10097626391323117,-0.0010057520300979855,0.0006738404607194439,0.055992577369000124,0.05600566327199432
Ti3SiC2_baseline_k10x10x4_v19,solid_Ti3SiC2_baseline_kz4,Ti3SiC2_bulk_parent_v19,MACE-MP-0b3-medium,reused_v18_audit_per_atom.csv,41,42,Ti,,,15.23551575,-0.000719968531872444,0.00041202407075390993,0.04495673961162263,0.00020569041530963967,-0.00012180676628547812,0.1009762724658734,0.0009256589471820836,-0.000533830837039388,0.05601953285425077,0.0560297231927622
Ti3SiC2_baseline_k10x10x4_v19,solid_Ti3SiC2_baseline_kz4,Ti3SiC2_bulk_parent_v19,MACE-MP-0b3-medium,reused_v18_audit_per_atom.csv,42,43,Si,,,4.405875,-0.0006525353784151183,0.0003861479058956145,6.989049308135261e-06,9.050357733868537e-06,5.23444868802312e-06,-2.9155287748733696e-09,0.0006615857361489868,-0.00038091345720759137,-6.991964836910134e-06,0.000763439346464352
Ti3SiC2_baseline_k10x10x4_v19,solid_Ti3SiC2_baseline_kz4,Ti3SiC2_bulk_parent_v19,MACE-MP-0b3-medium,reused_v18_audit_per_atom.csv,43,44,Si,,,13.217625,0.0006525353784151183,-0.0003861479058956145,-6.989049308135261e-06,-9.050357851626237e-06,-5.214998313256519e-06,7.281946640190322e-09,-0.0006615857362667445,0.00038093290758235796,6.996331254775451e-06,0.0007634490914015068
Ti3SiC2_baseline_k10x10x4_v19,solid_Ti3SiC2_baseline_kz4,Ti3SiC2_bulk_parent_v19,MACE-MP-0b3-medium,reused_v18_audit_per_atom.csv,44,45,C,,,1.2724167,-0.00014770900146071771,9.117262584790101e-05,0.08786375633632497,0.0002804090111865644,-0.00016219262825027843,0.12296429233378137,0.0004281180126472821,-0.0002533652540981794,0.0351005359974564,0.03510406110827449
Ti3SiC2_baseline_k10x10x4_v19,solid_Ti3SiC2_baseline_kz4,Ti3SiC2_bulk_parent_v19,MACE-MP-0b3-medium,reused_v18_audit_per_atom.csv,45,46,C,,,10.0841667,0.0005123223690592433,-0.0007223181156917318,0.08784046630308089,2.2780465149712173e-07,-0.0003238523695266709,0.12296428646519131,-0.0005120945644077462,0.0003984657461650609,0.03512382016211042,0.035129812959565236
Ti3SiC2_baseline_k10x10x4_v19,solid_Ti3SiC2_baseline_kz4,Ti3SiC2_bulk_parent_v19,MACE-MP-0b3-medium,reused_v18_audit_per_atom.csv,46,47,C,,,7.5393333,-0.0005123222699221044,0.0007223635371145798,-0.08784047229352449,-2.2780464272375775e-07,0.00032386286958262857,-0.12296429207332402,0.0005120944652793806,-0.0003985006675319512,-0.03512381977979953,0.035129812971993316
Ti3SiC2_baseline_k10x10x4_v19,solid_Ti3SiC2_baseline_kz4,Ti3SiC2_bulk_parent_v19,MACE-MP-0b3-medium,reused_v18_audit_per_atom.csv,47,48,C,,,16.3510833,0.00014770863571377223,-9.123658817878461e-05,-0.0878637648205358,-0.0002804090104189038,0.00016212112013518271,-0.12296430001821115,-0.00042811764613267606,0.00025335770831396733,-0.03510053519767535,0.03510406024964261
Ti3SiC2_Ti4f_id0003_z_m020A_k10x10x4_v19,Ti3SiC2_Ti_response_minus,Ti3SiC2_bulk_parent_v19,MACE-MP-0b3-medium,reused_v18_audit_per_atom.csv,0,1,Ti,,,0.0,-0.026981689209249145,-0.015577485459197151,-0.04278578160684386,-0.0216289824823842,-0.01248635349619728,-0.03228228676116255,0.0053527067268649454,0.0030911319629998713,0.010503494845681312,0.012187287232594404
Ti3SiC2_Ti4f_id0003_z_m020A_k10x10x4_v19,Ti3SiC2_Ti_response_minus,Ti3SiC2_bulk_parent_v19,MACE-MP-0b3-medium,reused_v18_audit_per_atom.csv,1,2,Ti,,,8.81175,-0.0011243094824951217,-0.0006418505858419645,-0.0005416455546259179,7.471879753495226e-05,4.3228291738766364e-05,0.00042874835255591855,0.001199028280030074,0.0006850788775807308,0.0009703939071818364,0.0016877992238162637
Ti3SiC2_Ti4f_id0003_z_m020A_k10x10x4_v19,Ti3SiC2_Ti_response_minus,Ti3SiC2_bulk_parent_v19,MACE-MP-0b3-medium,reused_v18_audit_per_atom.csv,2,3,Ti,,,2.36798425,0.0006854380714498938,-0.00039381885810508757,0.3082744357162273,-0.00021815260398427914,0.00012873080804291347,0.18014776111091835,-0.0009035906754341729,0.0005225496661480011,-0.12812667460530897,0.12813092632021766
Ti3SiC2_Ti4f_id0003_z_m020A_k10x10x4_v19,Ti3SiC2_Ti_response_minus,Ti3SiC2_bulk_parent_v19,MACE-MP-0b3-medium,reused_v18_audit_per_atom.csv,3,4,Ti,,,11.19973425,-0.0012774183225750964,0.0010680809537589086,-0.04347294571420373,2.1878726518690392e-05,0.00022482640783168706,-0.10103468679966476,0.0012992970490937868,-0.0008432545459272215,-0.057561741085461034,0.05758257798883846
Ti3SiC2_Ti4f_id0003_z_m020A_k10x10x4_v19,Ti3SiC2_Ti_response_minus,Ti3SiC2_bulk_parent_v19,MACE-MP-0b3-medium,reused_v18_audit_per_atom.csv,4,5,Ti,,,6.42376575,0.0010453617588522851,-0.0009344633961004331,0.06062513439129922,2.675289486011711e-06,-0.00023894495308011618,0.10028771594788305,-0.0010426864693662734,0.0006955184430203169,0.03966258155658383,0.03968238043150442
Ti3SiC2_Ti4f_id0003_z_m020A_k10x10x4_v19,Ti3SiC2_Ti_response_minus,Ti3SiC2_bulk_parent_v19,MACE-MP-0b3-medium,reused_v18_audit_per_atom.csv,5,6,Ti,,,15.23551575,-0.0022349974677655974,0.0012870399473755138,0.05174569658210244,-0.0006995042799876705,0.00040096009819633877,0.09848534648269194,0.0015354931877779269,-0.000886079849179175,0.0467396499005895,0.046773258916377736
Ti3SiC2_Ti4f_id0003_z_m020A_k10x10x4_v19,Ti3SiC2_Ti_response_minus,Ti3SiC2_bulk_parent_v19,MACE-MP-0b3-medium,reused_v18_audit_per_atom.csv,6,7,Si,,,4.405875,0.025033829215688995,0.015176286477988313,-0.03115643173296854,0.02112409273054605,0.01219574810914056,-0.026364258866393382,-0.003909736485142944,-0.0029805383688477523,0.004792172866575156,0.006865462048148739
Ti3SiC2_Ti4f_id0003_z_m020A_k10x10x4_v19,Ti3SiC2_Ti_response_minus,Ti3SiC2_bulk_parent_v19,MACE-MP-0b3-medium,reused_v18_audit_per_atom.csv,7,8,Si,,,13.217625,0.0008859385011937562,-0.0002353813832095577,-0.002280401763191788,-0.0006495030269718637,-0.000375012660321981,-0.00099067919358636,-0.00153544152816562,-0.0001396312771124233,0.001289722569605428,0.00201009001950491
Ti3SiC2_Ti4f_id0003_z_m020A_k10x10x4_v19,Ti3SiC2_Ti_response_minus,Ti3SiC2_bulk_parent_v19,MACE-MP-0b3-medium,reused_v18_audit_per_atom.csv,8,9,C,,,1.2724167,-0.03023407324368743,0.017461497310651868,0.034190110120713546,-0.027444309563529026,0.015844823925240586,0.07889013089431851,0.002789763680158406,-0.0016166733854112818,0.044700020773604965,0.04481616082828764
Ti3SiC2_Ti4f_id0003_z_m020A_k10x10x4_v19,Ti3SiC2_Ti_response_minus,Ti3SiC2_bulk_parent_v19,MACE-MP-0b3-medium,reused_v18_audit_per_atom.csv,9,10,C,,,10.0841667,0.0005465532854921399,-0.0007420732552874752,0.08775754192485193,2.2906619599147868e-07,-0.00032389650881970436,0.12211412533186641,-0.0005463242192961485,0.0004181767464677708,0.03435658340701449,0.0343634713809158
Ti3SiC2_Ti4f_id0003_z_m020A_k10x10x4_v19,Ti3SiC2_Ti_response_minus,Ti3SiC2_bulk_parent_v19,MACE-MP-0b3-medium,reused_v18_audit_per_atom.csv,10,11,C,,,7.5393333,-0.0005136211557298027,0.0007231852019593572,-0.08929247444183765,-0.00048781654040284494,0.0006052328221489606,-0.12110081271673331,2.580461532695772e-05,-0.00011795237981039662,-0.03180833827489567,0.03180856743791313
Ti3SiC2_Ti4f_id0003_z_m020A_k10x10x4_v19,Ti3SiC2_Ti_response_minus,Ti3SiC2_bulk_parent_v19,MACE-MP-0b3-medium,reused_v18_audit_per_atom.csv,11,12,C,,,16.3510833,0.00017879290949974282,-0.00010931527309960592,-0.09733887980764559,-0.0002803358660845573,0.00016206340976397367,-0.12838647778283263,-0.0004591287755843001,0.0002713786828635796,-0.03104759797518704,0.031052178436478825
Ti3SiC2_Ti4f_id0003_z_m020A_k10x10x4_v19,Ti3SiC2_Ti_response_minus,Ti3SiC2_bulk_parent_v19,MACE-MP-0b3-medium,reused_v18_audit_per_atom.csv,12,13,Ti,,,0.0,3.0334782205944505e-05,-1.7529516521184535e-05,-0.013223339104662798,-1.6398831842820037e-07,1.2801554291147705e-07,-0.003491813461235881,-3.0498770524372705e-05,1.7657532064096012e-05,0.009731525643426917,0.009731589454560739
Ti3SiC2_Ti4f_id0003_z_m020A_k10x10x4_v19,Ti3SiC2_Ti_response_minus,Ti3SiC2_bulk_parent_v19,MACE-MP-0b3-medium,reused_v18_audit_per_atom.csv,13,14,Ti,,,8.81175,1.3316993057050968e-05,-7.617330519004351e-06,-3.057476648815783e-05,2.563654840976835e-09,1.1444266489129369e-07,-0.00042538446403982437,-1.3314429402209992e-05,7.731773183895646e-06,-0.00039480969755166653,0.0003951097969270213
Ti3SiC2_Ti4f_id0003_z_m020A_k10x10x4_v19,Ti3SiC2_Ti_response_minus,Ti3SiC2_bulk_parent_v19,MACE-MP-0b3-medium,reused_v18_audit_per_atom.csv,14,15,Ti,,,2.38798425,0.012942862141135906,0.00661301637898126,-0.034776729661721274,0.008160912164855726,0.004951788743552717,-0.08801006702696884,-0.004781949976280181,-0.0016612276354285426,-0.05323333736524757,0.05347349745317413
Ti3SiC2_Ti4f_id0003_z_m020A_k10x10x4_v19,Ti3SiC2_Ti_response_minus,Ti3SiC2_bulk_parent_v19,MACE-MP-0b3-medium,reused_v18_audit_per_atom.csv,15,16,Ti,,,11.19973425,-0.0010540783506769794,0.0006736330535850595,-0.043528965890739874,-2.6053272752985836e-06,0.00026723570703241796,-0.1010346915407691,0.0010514730234016808,-0.0004063973465526416,-0.05750572565002923,0.057516773526151976
Ti3SiC2_Ti4f_id0003_z_m020A_k10x10x4_v19,Ti3SiC2_Ti_response_minus,Ti3SiC2_bulk_parent_v19,MACE-MP-0b3-medium,reused_v18_audit_per_atom.csv,16,17,Ti,,,6.42376575,6.631893119303381e-05,-0.0015040306754078943,0.04016118500759317,-0.0011871357023638751,-0.0009256392603250395,0.09835990409318285,-0.001253454633556909,0.0005783914150828547,0.05819871908558968,0.05821508900921484
Ti3SiC2_Ti4f_id0003_z_m020A_k10x10x4_v19,Ti3SiC2_Ti_response_minus,Ti3SiC2_bulk_parent_v19,MACE-MP-0b3-medium,reused_v18_audit_per_atom.csv,17,18,Ti,,,15.23551575,-0.0007537886520886856,-0.0013271702828701825,0.05183614008183376,0.00020574070270376003,-0.0011668686284258582,0.09848494721624307,0.0009595293547924456,0.00016030165444432432,0.04664880713440931,0.046658949841015956
Ti3SiC2_Ti4f_id0003_z_m020A_k10x10x4_v19,Ti3SiC2_Ti_response_minus,Ti3SiC2_bulk_parent_v19,MACE-MP-0b3-medium,reused_v18_audit_per_atom.csv,18,19,Si,,,4.405875,-0.0007006405048039383,0.00041471695772445734,-0.004720811280876557,8.944947832469386e-06,5.293406068039967e-06,-0.00668623182478531,0.0007095854526364077,-0.0004094235516564174,-0.001965420543908753,0.00212932314918679
Ti3SiC2_Ti4f_id0003_z_m020A_k10x10x4_v19,Ti3SiC2_Ti_response_minus,Ti3SiC2_bulk_parent_v19,MACE-MP-0b3-medium,reused_v18_audit_per_atom.csv,19,20,Si,,,13.217625,0.0006816119920739676,-0.0004035037697282016,-0.002334978180416992,-9.063249457027535e-06,-5.206379925787395e-06,0.00034128713508318413,-0.0006906752415309952,0.0003982973898024142,0.002676265315500176,0.0027925023077764095
Ti3SiC2_Ti4f_id0003_z_m020A_k10x10x4_v19,Ti3SiC2_Ti_response_minus,Ti3SiC2_bulk_parent_v19,MACE-MP-0b3-medium,reused_v18_audit_per_atom.csv,20,21,C,,,1.2724167,-0.00016019856662460128,-0.03465251824419944,0.03419619754335825,0.00028072432933670135,-0.03219117380022224,0.07888233999632988,0.0004409228959613026,0.0024613444439771995,0.044686142452971624,0.0447560493877571
Ti3SiC2_Ti4f_id0003_z_m020A_k10x10x4_v19,Ti3SiC2_Ti_response_minus,Ti3SiC2_bulk_parent_v19,MACE-MP-0b3-medium,reused_v18_audit_per_atom.csv,21,22,C,,,10.0841667,0.00046779807083883947,-0.0007595085678694379,0.08753577414532135,3.17221117621684e-05,-0.00030567769541875044,0.12276270938433317,-0.00043607595907667107,0.00045383087245068744,0.035226935239011825,0.03523255725939301
Ti3SiC2_Ti4f_id0003_z_m020A_k10x10x4_v19,Ti3SiC2_Ti_response_minus,Ti3SiC2_bulk_parent_v19,MACE-MP-0b3-medium,reused_v18_audit_per_atom.csv,22,23,C,,,7.5393333,-0.0005313399491091672,0.0007644629105371468,-0.08929206680467382,-2.217420421982303e-07,-0.0002391857180051645,-0.12110094286020348,0.000531118207066969,-0.0010036486285423113,-0.031808876055529664,0.031829137484944536
Ti3SiC2_Ti4f_id0003_z_m020A_k10x10x4_v19,Ti3SiC2_Ti_response_minus,Ti3SiC2_bulk_parent_v19,MACE-MP-0b3-medium,reused_v18_audit_per_atom.csv,23,24,C,,,16.3510833,-0.0017389416506837115,-0.0011645796752217778,-0.08579157762359761,-0.002705478842016035,-0.0012379483015322829,-0.11857885377453278,-0.0009665371913323234,-7.336862631050507e-05,-0.03278727615093517,0.032801601401383405
Ti3SiC2_Ti4f_id0003_z_m020A_k10x10x4_v19,Ti3SiC2_Ti_response_minus,Ti3SiC2_bulk_parent_v19,MACE-MP-0b3-medium,reused_v18_audit_per_atom.csv,24,25,Ti,,,0.0,0.026998431132721545,-0.015587700512065183,-0.04283749416294593,0.0216293916101112,-0.012487744021800678,-0.03228418603872353,-0.005369039522610346,0.0030999564902645053,0.0105533081242224,0.012239633491312699
Ti3SiC2_Ti4f_id0003_z_m020A_k10x10x4_v19,Ti3SiC2_Ti_response_minus,Ti3SiC2_bulk_parent_v19,MACE-MP-0b3-medium,reused_v18_audit_per_atom.csv,25,26,Ti,,,8.81175,0.0011226916688900175,-0.0006481885922249718,-0.0005277001754465684,-7.470988084087412e-05,4.3216161323731284e-05,0.0004287599058558882,-0.0011974015497308915,0.0006914047535487031,0.0009564600813024566,0.001681257532816667
Ti3SiC2_Ti4f_id0003_z_m020A_k10x10x4_v19,Ti3SiC2_Ti_response_minus,Ti3SiC2_bulk_parent_v19,MACE-MP-0b3-medium,reused_v18_audit_per_atom.csv,26,27,Ti,,,2.38798425,0.0007471174972183493,-0.014510249101911009,-0.03477693060956925,-0.00020533893903184296,-0.00953896815262339,-0.08801000889504085,-0.0009524564362501923,0.004971280949287619,-0.0532330782854716,0.053473184226178756
Ti3SiC2_Ti4f_id0003_z_m020A_k10x10x4_v19,Ti3SiC2_Ti_response_minus,Ti3SiC2_bulk_parent_v19,MACE-MP-0b3-medium,reused_v18_audit_per_atom.csv,27,28,Ti,,,11.19973425,-0.0008242149352486394,0.0010718607778190323,-0.04352893646437693,-2.7084917210315145e-05,0.0002248289850599563,-0.10103470160387351,0.0007971300180383243,-0.000847031792759076,-0.05750576513949658,0.05751752692356081
Ti3SiC2_Ti4f_id0003_z_m020A_k10x10x4_v19,Ti3SiC2_Ti_response_minus,Ti3SiC2_bulk_parent_v19,MACE-MP-0b3-medium,reused_v18_audit_per_atom.csv,28,29,Ti,,,6.42376575,0.001049479061809607,0.0001984629037864571,0.04016125379185492,2.5176504862445844e-06,0.0011345361872683469,0.09835981594877743,-0.0010469614113233624,0.0009360732834818898,0.05819856215692251,0.05821550479487421
Ti3SiC2_Ti4f_id0003_z_m020A_k10x10x4_v19,Ti3SiC2_Ti_response_minus,Ti3SiC2_bulk_parent_v19,MACE-MP-0b3-medium,reused_v18_audit_per_atom.csv,29,30,Ti,,,15.23551575,0.0007695407057757656,0.0013113877066313095,0.051836116487908444,0.001110761704756481,0.0004008307777055094,0.09848493946729245,0.00034122099898071547,-0.0009105569289258001,0.046648822979384004,0.04665895660055918
Ti3SiC2_Ti4f_id0003_z_m020A_k10x10x4_v19,Ti3SiC2_Ti_response_minus,Ti3SiC2_bulk_parent_v19,MACE-MP-0b3-medium,reused_v18_audit_per_atom.csv,30,31,Si,,,4.405875,-0.026348972790291025,0.01522277167586742,-0.031131639039193526,-0.021106933232881257,0.012196702419982379,-0.02636578169448505,0.005242039557409768,-0.0030260692558850416,0.004765857344708475,0.007703860726478197
Ti3SiC2_Ti4f_id0003_z_m020A_k10x10x4_v19,Ti3SiC2_Ti_response_minus,Ti3SiC2_bulk_parent_v19,MACE-MP-0b3-medium,reused_v18_audit_per_atom.csv,31,32,Si,,,13.217625,0.000445572827551097,-0.00026728768880921534,-0.0022756386453494804,0.0006313999202728879,-0.0003749755837496047,-0.000990683917904086,0.00018582709272179087,-0.00010768789494038935,0.0012849547274453943,0.0013027805044175296
Ti3SiC2_Ti4f_id0003_z_m020A_k10x10x4_v19,Ti3SiC2_Ti_response_minus,Ti3SiC2_bulk_parent_v19,MACE-MP-0b3-medium,reused_v18_audit_per_atom.csv,32,33,C,,,1.2724167,0.02993660059160698,0.017474729407687076,0.03419479256473262,0.02801850121151668,0.015852181089106694,0.07888229257109722,-0.001918099380090299,-0.0016225483185803823,0.044687500006364594,0.04475806547536283
Ti3SiC2_Ti4f_id0003_z_m020A_k10x10x4_v19,Ti3SiC2_Ti_response_minus,Ti3SiC2_bulk_parent_v19,MACE-MP-0b3-medium,reused_v18_audit_per_atom.csv,33,34,C,,,10.0841667,0.0005223540292276941,-0.0006651602553572501,0.08753572901202537,2.2595099265504478e-07,-0.0003602874442656804,0.12276270738755812,-0.0005221280782350391,0.00030487281109156975,0.03522697837553275,0.03523216670361441
Ti3SiC2_Ti4f_id0003_z_m020A_k10x10x4_v19,Ti3SiC2_Ti_response_minus,Ti3SiC2_bulk_parent_v19,MACE-MP-0b3-medium,reused_v18_audit_per_atom.csv,34,35,C,,,7.5393333,-0.0005582802531756709,0.000717846558788666,-0.08929212622754619,0.0004873755133203016,0.0006052342416169366,-0.12110086591146982,0.0010456557664959725,-0.00011261231717172942,-0.03180873968392363,0.03182612131246287
Ti3SiC2_Ti4f_id0003_z_m020A_k10x10x4_v19,Ti3SiC2_Ti_response_minus,Ti3SiC2_bulk_parent_v19,MACE-MP-0b3-medium,reused_v18_audit_per_atom.csv,35,36,C,,,16.3510833,0.0001339133661538659,0.002079344046957182,-0.08579160555169828,-0.0002804492861343874,0.0029623075052566308,-0.11857883473693986,-0.0004143626522882533,0.0008829634582994488,-0.03278722918524159,0.03280173346824617
Ti3SiC2_Ti4f_id0003_z_m020A_k10x10x4_v19,Ti3SiC2_Ti_response_minus,Ti3SiC2_bulk_parent_v19,MACE-MP-0b3-medium,reused_v18_audit_per_atom.csv,36,37,Ti,,,0.0,-4.874218609021955e-07,0.03115573952777584,-0.04278598793336078,-9.996670287789537e-07,0.024974461991032065,-0.032282324833382225,-5.122451678767582e-07,-0.006181277536743773,0.010503663099978557,0.012187498954523009
Ti3SiC2_Ti4f_id0003_z_m020A_k10x10x4_v19,Ti3SiC2_Ti_response_minus,Ti3SiC2_bulk_parent_v19,MACE-MP-0b3-medium,reused_v18_audit_per_atom.csv,37,38,Ti,,,8.81175,-6.296086405178525e-06,0.0012947352132090144,-0.0005416278856045484,-6.046330027582522e-09,-8.626080230572197e-05,0.0004287556751576179,6.290040075150943e-06,-0.0013809960155147364,0.0009703835607621663,0.001687848871928167
Ti3SiC2_Ti4f_id0003_z_m020A_k10x10x4_v19,Ti3SiC2_Ti_response_minus,Ti3SiC2_bulk_parent_v19,MACE-MP-0b3-medium,reused_v18_audit_per_atom.csv,38,39,Ti,,,2.38798425,-0.011475637542288095,0.00662861849049217,-0.03472253584630774,-0.008572021511747593,0.00495203785574523,-0.08800980047951071,0.002903616030540502,-0.0016765806347469395,-0.05328726463320297,0.05339264444440474
Ti3SiC2_Ti4f_id0003_z_m020A_k10x10x4_v19,Ti3SiC2_Ti_response_minus,Ti3SiC2_bulk_parent_v19,MACE-MP-0b3-medium,reused_v18_audit_per_atom.csv,39,40,Ti,,,11.19973425,-0.0010389441409900816,0.0009304003462158835,-0.043104247673467516,-2.600511976725943e-06,0.0002389813713198777,-0.10099125583361207,0.0010363436290133556,-0.0006914189748960058,-0.057887008160144554,0.05790041262416776
Ti3SiC2_Ti4f_id0003_z_m020A_k10x10x4_v19,Ti3SiC2_Ti_response_minus,Ti3SiC2_bulk_parent_v19,MACE-MP-0b3-medium,reused_v18_audit_per_atom.csv,40,41,Ti,,,6.42376575,0.002025232154443496,-0.0014997615765473078,0.04010179931295695,0.001192192034382932,-0.0009256514029077358,0.09835981361853594,-0.0008330401200605639,0.000574110173639572,0.05825801430557898,0.05826679834315725
Ti3SiC2_Ti4f_id0003_z_m020A_k10x10x4_v19,Ti3SiC2_Ti_response_minus,Ti3SiC2_bulk_parent_v19,MACE-MP-0b3-medium,reused_v18_audit_per_atom.csv,41,42,Ti,,,15.23551575,-0.0007182879004566,0.00041132216818631155,0.049146172578771345,0.0002055759650741078,-0.00012173968059892275,0.1056533391005833,0.0009238638655307078,-0.0005330618487852343,0.05650716652181196,0.056517232307504675
Ti3SiC2_Ti4f_id0003_z_m020A_k10x10x4_v19,Ti3SiC2_Ti_response_minus,Ti3SiC2_bulk_parent_v19,MACE-MP-0b3-medium,reused_v18_audit_per_atom.csv,42,43,Si,,,4.405875,-0.0006173136044217556,-0.029253275826276192,-0.03115641977132663,9.406197387998739e-06,-0.024376361434100456,-0.02636424419780612,0.0006267198018097543,0.004876914392175736,0.004792175573520508,0.00686600454602514
Ti3SiC2_Ti4f_id0003_z_m020A_k10x10x4_v19,Ti3SiC2_Ti_response_minus,Ti3SiC2_bulk_parent_v19,MACE-MP-0b3-medium,reused_v18_audit_per_atom.csv,43,44,Si,,,13.217625,0.0006381255587462391,-0.0006645244327727921,-0.002280362834001423,-9.01944374431636e-06,0.0007343340251484274,-0.000990667229963113,-0.0006471450024905554,0.0013988584579212194,0.0012896956040383098,0.0020097055482388394
Ti3SiC2_Ti4f_id0003_z_m020A_k10x10x4_v19,Ti3SiC2_Ti_response_minus,Ti3SiC2_bulk_parent_v19,MACE-MP-0b3-medium,reused_v18_audit_per_atom.csv,44,45,C,,,1.2724167,-0.00016848395193298557,0.00010330605027247048,0.08974098217523088,0.00028032583105448814,-0.00016214480781334982,0.12225070188594117,0.0004488097829874737,-0.0002654508580858203,0.03250971971071029,0.03251390118162244
Ti3SiC2_Ti4f_id0003_z_m020A_k10x10x4_v19,Ti3SiC2_Ti_response_minus,Ti3SiC2_bulk_parent_v19,MACE-MP-0b3-medium,reused_v18_audit_per_atom.csv,45,46,C,,,10.0841667,0.0005935743376706085,-0.0007691710755544181,0.08756258234784033,-3.126313019732592e-05,-0.0003056817826383308,0.122762710784549,-0.0006248374678679344,0.0004634892929160873,0.03520012843670868,0.03520872457426833
Ti3SiC2_Ti4f_id0003_z_m020A_k10x10x4_v19,Ti3SiC2_Ti_response_minus,Ti3SiC2_bulk_parent_v19,MACE-MP-0b3-medium,reused_v18_audit_per_atom.csv,46,47,C,,,7.5393333,-0.0005307729585570393,0.0007329826659823986,-0.0853412920695987,-2.3960286644304166e-07,0.00032386947156942946,-0.12248966823578783,0.0005305333556905963,-0.0004091131944129692,-0.03714837616618913,0.03715441684419272
Ti3SiC2_Ti4f_id0003_z_m020A_k10x10x4_v19,Ti3SiC2_Ti_response_minus,Ti3SiC2_bulk_parent_v19,MACE-MP-0b3-medium,reused_v18_audit_per_atom.csv,47,48,C,,,16.3510833,0.002028358758760042,-0.00117705940359807,-0.08583856610552579,0.0021446243650239515,-0.0012379737540217258,-0.11857864160934636,0.00011626560626390968,-6.0914350423655825e-05,-0.032740075503820576,0.032740338609201336
Ti3SiC2_Ti4f_id0003_z_p020A_k10x10x4_v19,Ti3SiC2_Ti_response_plus,Ti3SiC2_bulk_parent_v19,MACE-MP-0b3-medium,reused_v18_audit_per_atom.csv,0,1,Ti,,,0.0,0.02569219388137157,0.014827817080156463,0.04131916538676144,0.02048727180236643,0.011827130819395716,0.031040678710451186,-0.00520492207900514,-0.003000686260760747,-0.010278486676310254,0.01190557097493106
Ti3SiC2_Ti4f_id0003_z_p020A_k10x10x4_v19,Ti3SiC2_Ti_response_plus,Ti3SiC2_bulk_parent_v19,MACE-MP-0b3-medium,reused_v18_audit_per_atom.csv,1,2,Ti,,,8.81175,0.0011394564556914705,0.0006503685403001502,0.0003573016066320288,-8.349529234750249e-05,-4.826669560647481e-05,-0.0004269176779256868,-0.0012229517480389731,-0.000698635235906625,-0.0007842192845577156,0.0016120490244263977
Ti3SiC2_Ti4f_id0003_z_p020A_k10x10x4_v19,Ti3SiC2_Ti_response_plus,Ti3SiC2_bulk_parent_v19,MACE-MP-0b3-medium,reused_v18_audit_per_atom.csv,2,3,Ti,,,2.40798425,0.000748692146017165,-0.00042765001676452376,-0.39057548681775406,-0.00019423774264980525,0.00011527105790718004,-0.37457689496560415,-0.0009429298886669702,0.0005429210746717037,0.015998591852149913,0.01603554867536318
Ti3SiC2_Ti4f_id0003_z_p020A_k10x10x4_v19,Ti3SiC2_Ti_response_plus,Ti3SiC2_bulk_parent_v19,MACE-MP-0b3-medium,reused_v18_audit_per_atom.csv,3,4,Ti,,,11.19973425,-0.000727202292181856,0.00075035453047053,-0.045185557645194434,-3.4605040245220186e-05,0.00025740609996398713,-0.10090788971798337,0.0006925972519366358,-0.0004929484305065428,-0.055722332072788934,0.05572881643044908
Ti3SiC2_Ti4f_id0003_z_p020A_k10x10x4_v19,Ti3SiC2_Ti_response_plus,Ti3SiC2_bulk_parent_v19,MACE-MP-0b3-medium,reused_v18_audit_per_atom.csv,4,5,Ti,,,6.42376575,0.0009664131988676812,-0.0008881650870737304,0.02747252024682903,2.532478953853976e-06,-0.0002390480472851007,0.10175710539050034,-0.0009638807199138272,0.0006491170397886297,0.07428458514367131,0.07429367408427798
Ti3SiC2_Ti4f_id0003_z_p020A_k10x10x4_v19,Ti3SiC2_Ti_response_plus,Ti3SiC2_bulk_parent_v19,MACE-MP-0b3-medium,reused_v18_audit_per_atom.csv,5,6,Ti,,,15.23551575,0.0008595350366339405,-0.0004995856452919338,0.0366841825723281,0.0010681238091299016,-0.0006195863344686326,0.10351322267639612,0.00020858877249596108,-0.00012000068917669877,0.06682904010406802,0.06682947336821192
Ti3SiC2_Ti4f_id0003_z_p020A_k10x10x4_v19,Ti3SiC2_Ti_response_plus,Ti3SiC2_bulk_parent_v19,MACE-MP-0b3-medium,reused_v18_audit_per_atom.csv,6,7,Si,,,4.405875,-0.02783201487527108,-0.015266978688400878,0.03328542291774602,-0.021904485503421372,-0.012646285794844947,0.026856023576111984,0.005927529371849708,0.0026206928935559315,-0.006429399341634036,0.009129118883587821
Ti3SiC2_Ti4f_id0003_z_p020A_k10x10x4_v19,Ti3SiC2_Ti_response_plus,Ti3SiC2_bulk_parent_v19,MACE-MP-0b3-medium,reused_v18_audit_per_atom.csv,7,8,Si,,,13.217625,0.0004230134110241956,-0.0005338399061086595,0.002327058111842653,0.0006313783641466665,0.0003645595487519578,0.0009119852799995279,0.00020836495312247092,0.0008983994548606173,-0.001415072831843125,0.0016890733120868689
Ti3SiC2_Ti4f_id0003_z_p020A_k10x10x4_v19,Ti3SiC2_Ti_response_plus,Ti3SiC2_bulk_parent_v19,MACE-MP-0b3-medium,reused_v18_audit_per_atom.csv,8,9,C,,,1.2724167,0.026646614601444237,-0.015378129738553101,0.1404050061970907,0.02449632213920644,-0.014143120170321934,0.16516848778257015,-0.002150292462237798,0.0012350095682311674,0.024763481585479447,0.024887326625034657
Ti3SiC2_Ti4f_id0003_z_p020A_k10x10x4_v19,Ti3SiC2_Ti_response_plus,Ti3SiC2_bulk_parent_v19,MACE-MP-0b3-medium,reused_v18_audit_per_atom.csv,9,10,C,,,10.0841667,0.0004661862756610978,-0.00069570916000077,0.08900281466499209,2.2666869196034554e-07,-0.0003238961314602298,0.12378269340276196,-0.00046595960696913744,0.0003718130285405402,0.03477987873776987,0.03478498711078525
Ti3SiC2_Ti4f_id0003_z_p020A_k10x10x4_v19,Ti3SiC2_Ti_response_plus,Ti3SiC2_bulk_parent_v19,MACE-MP-0b3-medium,reused_v18_audit_per_atom.csv,10,11,C,,,7.5393333,-0.0005365619199512352,0.0007360624810578201,-0.08748064803257215,0.0005067005888506428,3.1249810031954285e-05,-0.12482582165972869,0.001043262508801878,-0.0007048126710258658,-0.037345173627156544,0.03736639065799611
Ti3SiC2_Ti4f_id0003_z_p020A_k10x10x4_v19,Ti3SiC2_Ti_response_plus,Ti3SiC2_bulk_parent_v19,MACE-MP-0b3-medium,reused_v18_audit_per_atom.csv,11,12,C,,,16.3510833,0.00010305323107838714,-6.548256461988719e-05,-0.07941180256461984,-0.0002804891322711685,0.00016214234312821106,-0.11756625992469255,-0.00038354236334955564,0.00022762490774809826,-0.03815445736007271,0.03815706401552297
Ti3SiC2_Ti4f_id0003_z_p020A_k10x10x4_v19,Ti3SiC2_Ti_response_plus,Ti3SiC2_bulk_parent_v19,MACE-MP-0b3-medium,reused_v18_audit_per_atom.csv,12,13,Ti,,,0.0,-3.432769924951804e-05,1.9967719634435725e-05,0.013758126482603212,1.5055153601231273e-07,-4.6525422253522464e-08,0.0038037271693235138,3.4478250785530354e-05,-2.0014245056689247e-05,-0.009954399313279698,0.00995447914297909
Ti3SiC2_Ti4f_id0003_z_p020A_k10x10x4_v19,Ti3SiC2_Ti_response_plus,Ti3SiC2_bulk_parent_v19,MACE-MP-0b3-medium,reused_v18_audit_per_atom.csv,13,14,Ti,,,8.81175,-1.396616192912436e-05,8.150557657156118e-06,-0.0001487802923534356,-2.9044768612092338e-09,-1.9666869072306956e-08,0.00048040725637038463,1.396325745226315e-05,-8.170224526228425e-06,0.0006291875487238202,0.0006293955009344894
Ti3SiC2_Ti4f_id0003_z_p020A_k10x10x4_v19,Ti3SiC2_Ti_response_plus,Ti3SiC2_bulk_parent_v19,MACE-MP-0b3-medium,reused_v18_audit_per_atom.csv,14,15,Ti,,,2.38798425,-0.011896188738869242,-0.007660178078768525,-0.05461146935607385,-0.008588155135312543,-0.0047174360683534915,-0.1140173999653189,0.0033080336035566996,0.0029427420104150333,-0.05940593060924505,0.05957069252923421
Ti3SiC2_Ti4f_id0003_z_p020A_k10x10x4_v19,Ti3SiC2_Ti_response_plus,Ti3SiC2_bulk_parent_v19,MACE-MP-0b3-medium,reused_v18_audit_per_atom.csv,15,16,Ti,,,11.19973425,-0.0009575460291416012,0.0011599258794530217,-0.0451221264663396,-2.599546350749032e-06,0.00020203656411149824,-0.10090789442710402,0.0009549464827908521,-0.0009578893153415235,-0.05578576796076442,0.055802162876520206
Ti3SiC2_Ti4f_id0003_z_p020A_k10x10x4_v19,Ti3SiC2_Ti_response_plus,Ti3SiC2_bulk_parent_v19,MACE-MP-0b3-medium,reused_v18_audit_per_atom.csv,16,17,Ti,,,6.42376575,0.002092918146083761,-0.00023581581467178522,0.04900695656695073,0.0012940658069061774,0.0005064630613016408,0.10377315300068804,-0.0007988523391775837,0.000742278875973426,0.05476619643373731,0.054777051899570384
Ti3SiC2_Ti4f_id0003_z_p020A_k10x10x4_v19,Ti3SiC2_Ti_response_plus,Ti3SiC2_bulk_parent_v19,MACE-MP-0b3-medium,reused_v18_audit_per_atom.csv,17,18,Ti,,,15.23551575,-0.0006841907888916911,0.00221611179951931,0.03658196032667677,0.00020564031605092414,0.0008738803350771154,0.10351364114728945,0.0008898311049426153,-0.0013422314644421945,0.06693168082061268,0.06695105138959233
Ti3SiC2_Ti4f_id0003_z_p020A_k10x10x4_v19,Ti3SiC2_Ti_response_plus,Ti3SiC2_bulk_parent_v19,MACE-MP-0b3-medium,reused_v18_audit_per_atom.csv,18,19,Si,,,4.405875,-0.000596853434851121,0.00035445012822565635,0.004530275091854583,9.160778140489834e-06,5.173185436502346e-06,0.0064860644567118104,0.0006060142129916108,-0.000349276942789154,0.001955789364857227,0.002077103668284425
Ti3SiC2_Ti4f_id0003_z_p020A_k10x10x4_v19,Ti3SiC2_Ti_response_plus,Ti3SiC2_bulk_parent_v19,MACE-MP-0b3-medium,reused_v18_audit_per_atom.csv,19,20,Si,,,13.217625,0.0006154362129188309,-0.0003652895623101791,0.0023488584078105333,-9.038721059121866e-06,-5.22282019242362e-06,-0.00039876226701881167,-0.0006244749339779528,0.00036006674211775546,-0.002747620674829345,0.002840604931118674
Ti3SiC2_Ti4f_id0003_z_p020A_k10x10x4_v19,Ti3SiC2_Ti_response_plus,Ti3SiC2_bulk_parent_v19,MACE-MP-0b3-medium,reused_v18_audit_per_atom.csv,20,21,C,,,1.2724167,-0.00012257844546174033,0.0310126226638054,0.14038893832632013,0.00028002489206633554,0.027814045881539767,0.16517585947269092,0.0004026033375280759,-0.0031985767822656323,0.024786921146370794,0.02499568848413344
Ti3SiC2_Ti4f_id0003_z_p020A_k10x10x4_v19,Ti3SiC2_Ti_response_plus,Ti3SiC2_bulk_parent_v19,MACE-MP-0b3-medium,reused_v18_audit_per_atom.csv,21,22,C,,,10.0841667,0.0005433918147233236,-0.0006778725885563655,0.0892560833293645,-3.413270880349385e-05,-0.00034368275598171223,0.12316549178458402,-0.0005775245235268174,0.00033418983257465324,0.03390940845521953,0.03391597262651309
Ti3SiC2_Ti4f_id0003_z_p020A_k10x10x4_v19,Ti3SiC2_Ti_response_plus,Ti3SiC2_bulk_parent_v19,MACE-MP-0b3-medium,reused_v18_audit_per_atom.csv,22,23,C,,,7.5393333,-0.0004799126730601716,0.0006299982874144491,-0.08747607278335823,-2.335978706203001e-07,0.0009092476419872953,-0.12482570031818754,0.0004796790751895513,0.0002792493545728462,-0.037349627534829316,0.0373537514743524
Ti3SiC2_Ti4f_id0003_z_p020A_k10x10x4_v19,Ti3SiC2_Ti_response_plus,Ti3SiC2_bulk_parent_v19,MACE-MP-0b3-medium,reused_v18_audit_per_atom.csv,23,24,C,,,16.3510833,0.0020021744053733597,0.0009733806876302146,-0.09099266883179045,0.0021450877552800073,0.0015624431757070578,-0.12753526104907134,0.00014291334990664765,0.0005890624880768432,-0.036542592217280886,0.03654761913995108
Ti3SiC2_Ti4f_id0003_z_p020A_k10x10x4_v19,Ti3SiC2_Ti_response_plus,Ti3SiC2_bulk_parent_v19,MACE-MP-0b3-medium,reused_v18_audit_per_atom.csv,24,25,Ti,,,0.0,-0.02571039830085919,0.014844040100475284,0.04138180395262649,-0.02048762274679396,0.011828517467093885,0.031042500787531405,0.00522277555406523,-0.003015522633381399,-0.010339303165095088,0.011969626192171673
Ti3SiC2_Ti4f_id0003_z_p020A_k10x10x4_v19,Ti3SiC2_Ti_response_plus,Ti3SiC2_bulk_parent_v19,MACE-MP-0b3-medium,reused_v18_audit_per_atom.csv,25,26,Ti,,,8.81175,-0.0011392949824445087,0.0006578602206927867,0.00033925734103724904,8.348624483141105e-05,-4.825405228999589e-05,-0.0004269320235636947,0.0012227812272759197,-0.0007061142729827825,-0.0007661893646009437,0.0016064985025564156
Ti3SiC2_Ti4f_id0003_z_p020A_k10x10x4_v19,Ti3SiC2_Ti_response_plus,Ti3SiC2_bulk_parent_v19,MACE-MP-0b3-medium,reused_v18_audit_per_atom.csv,26,27,Ti,,,2.38798425,0.0006889886339400432,0.014137528020466094,-0.054611244203638845,-0.00020605471906768886,0.009800696147172062,-0.11401741036164212,-0.0008950433530077321,-0.004336831873294032,-0.059406166158003273,0.05957098111407328
Ti3SiC2_Ti4f_id0003_z_p020A_k10x10x4_v19,Ti3SiC2_Ti_response_plus,Ti3SiC2_bulk_parent_v19,MACE-MP-0b3-medium,reused_v18_audit_per_atom.csv,27,28,Ti,,,11.19973425,-0.0011969738418715185,0.0007451104821706245,-0.045122176287389126,2.9401861461564923e-05,0.0002574037408643074,-0.10090787551295449,0.0012263757033330834,-0.0004877067413063171,-0.055785699225565366,0.05580130906454154
Ti3SiC2_Ti4f_id0003_z_p020A_k10x10x4_v19,Ti3SiC2_Ti_response_plus,Ti3SiC2_bulk_parent_v19,MACE-MP-0b3-medium,reused_v18_audit_per_atom.csv,28,29,Ti,,,6.42376575,0.0009643327047121899,-0.002190171564431154,0.04900689859000047,2.6863682336556167e-06,-0.0017299863253337966,0.10377324777131575,-0.0009616463364785343,0.00046018523909735747,0.054766349181315274,0.05477672440718318
Ti3SiC2_Ti4f_id0003_z_p020A_k10x10x4_v19,Ti3SiC2_Ti_response_plus,Ti3SiC2_bulk_parent_v19,MACE-MP-0b3-medium,reused_v18_audit_per_atom.csv,29,30,Ti,,,15.23551575,-0.0022644112357828074,-0.0005206550140573667,0.036581935525348074,-0.0006566207358569792,-0.0006194579133867385,0.10351362362474917,0.0016077904999258282,-9.880289932937187e-05,0.06693168809940109,0.06695106887974289
Ti3SiC2_Ti4f_id0003_z_p020A_k10x10x4_v19,Ti3SiC2_Ti_response_plus,Ti3SiC2_bulk_parent_v19,MACE-MP-0b3-medium,reused_v18_audit_per_atom.csv,30,31,Si,,,4.405875,0.02654538092671314,-0.015316207866579402,0.03325990300514677,0.021923607423805398,-0.012647301519952678,0.02685762976042972,-0.004621773502907742,0.0026689063466267243,-0.006402273244717052,0.008335043737093666
Ti3SiC2_Ti4f_id0003_z_p020A_k10x10x4_v19,Ti3SiC2_Ti_response_plus,Ti3SiC2_bulk_parent_v19,MACE-MP-0b3-medium,reused_v18_audit_per_atom.csv,31,32,Si,,,13.217625,0.0008469186789172483,-0.0004989364605904767,0.0023224571308402687,-0.0006494757706134884,0.00036452314349150986,0.0009119897985641154,-0.0014963944495307367,0.0008634596040819866,-0.0014104673322761533,0.0022302862892207417
Ti3SiC2_Ti4f_id0003_z_p020A_k10x10x4_v19,Ti3SiC2_Ti_response_plus,Ti3SiC2_bulk_parent_v19,MACE-MP-0b3-medium,reused_v18_audit_per_atom.csv,32,33,C,,,1.2724167,-0.02691533693834833,-0.015391733143311995,0.14039019055614788,-0.023947939795122976,-0.014149856375274883,0.16517589613445,0.0029673971432253553,0.0012418767680371125,0.02478570557830212,0.024993577269508443
Ti3SiC2_Ti4f_id0003_z_p020A_k10x10x4_v19,Ti3SiC2_Ti_response_plus,Ti3SiC2_bulk_parent_v19,MACE-MP-0b3-medium,reused_v18_audit_per_atom.csv,33,34,C,,,10.0841667,0.0004893720024548278,-0.0007714409327704353,0.08925614611191794,2.2981745225788828e-07,-0.0002841941089433231,0.12316550329544235,-0.0004891421850025698,0.0004872468238271122,0.033909357183524405,0.03391638503945132
Ti3SiC2_Ti4f_id0003_z_p020A_k10x10x4_v19,Ti3SiC2_Ti_response_plus,Ti3SiC2_bulk_parent_v19,MACE-MP-0b3-medium,reused_v18_audit_per_atom.csv,34,35,C,,,7.5393333,-0.00041632353524660384,0.0007400713506755471,-0.08747596095295762,-0.000507170056621845,3.124849725333529e-05,-0.12482576548836333,-9.084652137524111e-05,-0.0007088228534222118,-0.037349804535405706,0.03735664039713679
Ti3SiC2_Ti4f_id0003_z_p020A_k10x10x4_v19,Ti3SiC2_Ti_response_plus,Ti3SiC2_bulk_parent_v19,MACE-MP-0b3-medium,reused_v18_audit_per_atom.csv,35,36,C,,,16.3510833,0.0001529288600285182,-0.002229759810601471,-0.0909925824868043,-0.00028037411938228933,-0.0026386020038007686,-0.12753523650204704,-0.00043330297941080755,-0.0004088421931992977,-0.036542654015242745,0.036547509708441735
Ti3SiC2_Ti4f_id0003_z_p020A_k10x10x4_v19,Ti3SiC2_Ti_response_plus,Ti3SiC2_bulk_parent_v19,MACE-MP-0b3-medium,reused_v18_audit_per_atom.csv,36,37,Ti,,,0.0,4.945237988042196e-06,-0.02966405974862105,0.041319349373797165,1.0253999037480128e-06,-0.023656038520944715,0.031040681856257232,-3.919838084294183e-06,0.006008021227676335,-0.010278667517539933,0.01190576920545122
Ti3SiC2_Ti4f_id0003_z_p020A_k10x10x4_v19,Ti3SiC2_Ti_response_plus,Ti3SiC2_bulk_parent_v19,MACE-MP-0b3-medium,reused_v18_audit_per_atom.csv,37,38,Ti,,,8.81175,6.571160152989828e-06,-0.0013119161624803167,0.0003572345335502754,6.425151739862869e-09,9.649330102919101e-05,-0.00042691840157141163,-6.564735001249965e-06,0.0014084094635095077,-0.0007841529351216871,0.0016120037649797014
Ti3SiC2_Ti4f_id0003_z_p020A_k10x10x4_v19,Ti3SiC2_Ti_response_plus,Ti3SiC2_bulk_parent_v19,MACE-MP-0b3-medium,reused_v18_audit_per_atom.csv,38,39,Ti,,,2.38798425,0.013297771515822718,-0.007673804211836997,-0.05466094036290986,0.00817650144769977,-0.00471769919072217,-0.11401770232036876,-0.005121270068122947,0.0029561050211148266,-0.0593567619574589,0.059650575471498615
Ti3SiC2_Ti4f_id0003_z_p020A_k10x10x4_v19,Ti3SiC2_Ti_response_plus,Ti3SiC2_bulk_parent_v19,MACE-MP-0b3-medium,reused_v18_audit_per_atom.csv,39,40,Ti,,,11.19973425,-0.0009743467493376112,0.0008930919827848072,-0.0455602025524217,-2.6042223602333256e-06,0.00023897629784638732,-0.10095826522527601,0.0009717425269773779,-0.0006541156849384199,-0.05539806267285431,0.05541044575505157
Ti3SiC2_Ti4f_id0003_z_p020A_k10x10x4_v19,Ti3SiC2_Ti_response_plus,Ti3SiC2_bulk_parent_v19,MACE-MP-0b3-medium,reused_v18_audit_per_atom.csv,40,41,Ti,,,6.42376575,-0.00015937059160115304,-0.0002386351079722256,0.04906409295365403,-0.0012887130299517255,0.0005064745855485101,0.1037732454405057,-0.0011293424383505724,0.0007451096935207357,0.054709152486851674,0.05472588024534669
Ti3SiC2_Ti4f_id0003_z_p020A_k10x10x4_v19,Ti3SiC2_Ti_response_plus,Ti3SiC2_bulk_parent_v19,MACE-MP-0b3-medium,reused_v18_audit_per_atom.csv,41,42,Ti,,,15.23551575,-0.0007138290559743456,0.0004085264466721173,0.03950147102353747,0.00020580347975825662,-0.00012187322873872652,0.09650761020870244,0.0009196325357326022,-0.0005303996754108438,0.05700613918516497,0.057016023647873365
Ti3SiC2_Ti4f_id0003_z_p020A_k10x10x4_v19,Ti3SiC2_Ti_response_plus,Ti3SiC2_bulk_parent_v19,MACE-MP-0b3-medium,reused_v18_audit_per_atom.csv,42,43,Si,,,4.405875,-0.0006859425860160825,0.03175200682824008,0.03328550033661278,8.68132501843595e-06,0.025308840680678953,0.02685599729864937,0.0006946239110345184,-0.006443166147561127,-0.006429503037963413,0.009128822580050471
Ti3SiC2_Ti4f_id0003_z_p020A_k10x10x4_v19,Ti3SiC2_Ti_response_plus,Ti3SiC2_bulk_parent_v19,MACE-MP-0b3-medium,reused_v18_audit_per_atom.csv,43,44,Si,,,13.217625,0.0006652023430227098,-0.00011436910187871723,0.0023270726651181605,-9.080231154529587e-06,-0.0007447356104711782,0.0009120023732301679,-0.0006742825741772394,-0.0006303665085924609,-0.0014150702918879926,0.001689509649566436
Ti3SiC2_Ti4f_id0003_z_p020A_k10x10x4_v19,Ti3SiC2_Ti_response_plus,Ti3SiC2_bulk_parent_v19,MACE-MP-0b3-medium,reused_v18_audit_per_atom.csv,44,45,C,,,1.2724167,-0.00011562878571062868,7.257104875979571e-05,0.08694126843655416,0.000280509845833639,-0.00016225065103131096,0.12403393560420767,0.00039613863154426765,-0.00023482169979110667,0.03709266716765351,0.03709552566895926
Ti3SiC2_Ti4f_id0003_z_p020A_k10x10x4_v19,Ti3SiC2_Ti_response_plus,Ti3SiC2_bulk_parent_v19,MACE-MP-0b3-medium,reused_v18_audit_per_atom.csv,45,46,C,,,10.0841667,0.00041864784459831324,-0.000668224253190127,0.08922565016202685,3.45850957613593e-05,-0.0003436785715860821,0.12316548997853852,-0.00038406274883695394,0.0003245456816040449,0.03393983981651166,0.03394356435121336
Ti3SiC2_Ti4f_id0003_z_p020A_k10x10x4_v19,Ti3SiC2_Ti_response_plus,Ti3SiC2_bulk_parent_v19,MACE-MP-0b3-medium,reused_v18_audit_per_atom.csv,46,47,C,,,7.5393333,-0.00048105626632327154,0.0007041427306629986,-0.09133718771738315,-2.167830306684486e-07,0.00032385683671888236,-0.12351753860079298,0.0004808394832926031,-0.0003802858939441162,-0.03218035088340983,0.032186189692928885
Ti3SiC2_Ti4f_id0003_z_p020A_k10x10x4_v19,Ti3SiC2_Ti_response_plus,Ti3SiC2_bulk_parent_v19,MACE-MP-0b3-medium,reused_v18_audit_per_atom.csv,47,48,C,,,16.3510833,-0.0017242344830614635,0.000989497975870287,-0.09094394414887946,-0.002705863151471824,0.0015624588612457215,-0.12753544862980776,-0.0009816286684103605,0.0005729608853754346,-0.036591504480928294,0.03660915294289955
Ti3SiC2_C4f_id0009_z_m020A_k10x10x4_v19,Ti3SiC2_C_response_minus_only,Ti3SiC2_bulk_parent_v19,MACE-MP-0b3-medium,reused_v18_audit_per_atom.csv,0,1,Ti,,,0.0,-2.667207327708457e-05,-0.009984086858508079,-0.024735987134778144,-6.939465552649458e-08,-0.002817568002111301,-0.020081502472091395,2.6602678621558074e-05,0.0071665188563967775,0.00465448466268675,0.008545403893133817
Ti3SiC2_C4f_id0009_z_m020A_k10x10x4_v19,Ti3SiC2_C_response_minus_only,Ti3SiC2_bulk_parent_v19,MACE-MP-0b3-medium,reused_v18_audit_per_atom.csv,1,2,Ti,,,8.81175,-9.592153128572792e-06,0.0002723851142817545,-0.0001367405831508052,-5.5695872371705564e-09,1.7585798809697725e-06,-0.0004794070975704339,9.586583541335622e-06,-0.00027062653440078474,-0.0003426665144196287,0.0004367504594276596
Ti3SiC2_C4f_id0009_z_m020A_k10x10x4_v19,Ti3SiC2_C_response_minus_only,Ti3SiC2_bulk_parent_v19,MACE-MP-0b3-medium,reused_v18_audit_per_atom.csv,2,3,Ti,,,2.38798425,-0.03774501830070035,0.021794956358965396,-0.0962827360720039,-0.030480942463674745,0.017601148797020114,-0.14344375835341538,0.007264075837025607,-0.004193807561945283,-0.04716102228141149,0.047901115250696194
Ti3SiC2_C4f_id0009_z_m020A_k10x10x4_v19,Ti3SiC2_C_response_minus_only,Ti3SiC2_bulk_parent_v19,MACE-MP-0b3-medium,reused_v18_audit_per_atom.csv,3,4,Ti,,,11.19973425,-0.000997086340759233,0.0009062371746607019,-0.04443693374093751,-2.5977931180217947e-06,0.00023892632584342427,-0.10180855598801672,0.0009944885476412112,-0.0006673108488172776,-0.05737162224707921,0.057384121065865365
Ti3SiC2_C4f_id0009_z_m020A_k10x10x4_v19,Ti3SiC2_C_response_minus_only,Ti3SiC2_bulk_parent_v19,MACE-MP-0b3-medium,reused_v18_audit_per_atom.csv,4,5,Ti,,,6.42376575,0.0015378154843467126,-0.001218342668217501,0.04301540875870949,0.0008014007442102853,-0.0007001377322898798,0.1028767758071723,-0.0007364147401364273,0.0005182049359276212,0.059861367048462816,0.05986813933918357
Ti3SiC2_C4f_id0009_z_m020A_k10x10x4_v19,Ti3SiC2_C_response_minus_only,Ti3SiC2_bulk_parent_v19,MACE-MP-0b3-medium,reused_v18_audit_per_atom.csv,5,6,Ti,,,15.23551575,-0.0007234425596481771,0.00041444221096851333,0.034900000074423905,0.0002055835201815463,-0.00012159293713788315,0.09564924293553709,0.0009290260798297235,-0.0005360351481063965,0.06074924286111318,0.06075871074451399
Ti3SiC2_C4f_id0009_z_m020A_k10x10x4_v19,Ti3SiC2_C_response_minus_only,Ti3SiC2_bulk_parent_v19,MACE-MP-0b3-medium,reused_v18_audit_per_atom.csv,6,7,Si,,,4.405875,-0.0006400270045217656,0.008130439785601835,-0.005440525142695048,8.89528453559616e-06,0.004873674710428703,-0.0062232309142988915,0.0006489222890573617,-0.0032567650751731316,-0.0007827057716038432,0.0034117806519477285
Ti3SiC2_C4f_id0009_z_m020A_k10x10x4_v19,Ti3SiC2_C_response_minus_only,Ti3SiC2_bulk_parent_v19,MACE-MP-0b3-medium,reused_v18_audit_per_atom.csv,7,8,Si,,,13.217625,0.0006296466373585794,-1.9819010248120374e-05,0.00026316698816133163,-9.045533157258923e-06,0.0005610038279059175,0.0003295270907753366,-0.0006386921705158384,0.0005808228381540379,6.636010261400498e-05,0.0008658443978097252
Ti3SiC2_C4f_id0009_z_m020A_k10x10x4_v19,Ti3SiC2_C_response_minus_only,Ti3SiC2_bulk_parent_v19,MACE-MP-0b3-medium,reused_v18_audit_per_atom.csv,8,9,C,,,1.2524167,-0.00011893384938754219,7.37496135830077e-05,0.3936045314781197,0.000274802308672467,-0.0001588430035437572,0.37344480152170195,0.0003937361580600092,-0.0002325926171267649,-0.020159729956417738,0.020164916052475706
Ti3SiC2_C4f_id0009_z_m020A_k10x10x4_v19,Ti3SiC2_C_response_minus_only,Ti3SiC2_bulk_parent_v19,MACE-MP-0b3-medium,reused_v18_audit_per_atom.csv,9,10,C,,,10.0841667,0.000302137162985977,-0.0006009857429716566,0.08888312571577825,5.2321348488139905e-05,-0.00035397432288093803,0.12303038229001886,-0.0002498158144978371,0.00024701142009071856,0.034147256574240614,0.03414906373723659
Ti3SiC2_C4f_id0009_z_m020A_k10x10x4_v19,Ti3SiC2_C_response_minus_only,Ti3SiC2_bulk_parent_v19,MACE-MP-0b3-medium,reused_v18_audit_per_atom.csv,10,11,C,,,7.5393333,-0.0005011303919335746,0.0007157731182469336,-0.08839016114828166,-2.2646807094797543e-07,0.0003237923038901391,-0.12361971727319832,0.0005009039238626266,-0.00039198081435679445,-0.035229556124916656,0.03523529733744867
Ti3SiC2_C4f_id0009_z_m020A_k10x10x4_v19,Ti3SiC2_C_response_minus_only,Ti3SiC2_bulk_parent_v19,MACE-MP-0b3-medium,reused_v18_audit_per_atom.csv,11,12,C,,,16.3510833,0.008973452468395838,-0.005186860682522909,-0.10325994071039322,0.009304790537605617,-0.005371916179932443,-0.1408807288033668,0.000331338069209779,-0.0001850554974095345,-0.037620788092973576,0.03762270228452033
Ti3SiC2_C4f_id0009_z_m020A_k10x10x4_v19,Ti3SiC2_C_response_minus_only,Ti3SiC2_bulk_parent_v19,MACE-MP-0b3-medium,reused_v18_audit_per_atom.csv,12,13,Ti,,,0.0,-0.008645140319669613,0.004991167347639493,-0.024801190303653912,-0.0024426693435803002,0.0014103107214627224,-0.020082218011839608,0.0062024709760893125,-0.0035808566261767705,0.004718972291814304,0.008576822248209154
Ti3SiC2_C4f_id0009_z_m020A_k10x10x4_v19,Ti3SiC2_C_response_minus_only,Ti3SiC2_bulk_parent_v19,MACE-MP-0b3-medium,reused_v18_audit_per_atom.csv,13,14,Ti,,,8.81175,0.00024198232082247732,-0.00013962186670368276,-0.0001191453569371748,1.507658804060358e-06,-8.212804416059434e-07,-0.0004794115755236331,-0.00024047466201841696,0.00013880058626207682,-0.0003602662185864583,0.0004548465830081104
Ti3SiC2_C4f_id0009_z_m020A_k10x10x4_v19,Ti3SiC2_C_response_minus_only,Ti3SiC2_bulk_parent_v19,MACE-MP-0b3-medium,reused_v18_audit_per_atom.csv,14,15,Ti,,,2.38798425,0.0007014787850887903,-0.04483109090630265,-0.0962708736683932,-0.00020616685896616776,-0.034848946697007874,-0.14345119616020358,-0.000907645644054958,0.009982144209294774,-0.04718032249181038,0.04823328574813826
Ti3SiC2_C4f_id0009_z_m020A_k10x10x4_v19,Ti3SiC2_C_response_minus_only,Ti3SiC2_bulk_parent_v19,MACE-MP-0b3-medium,reused_v18_audit_per_atom.csv,15,16,Ti,,,11.19973425,-0.0007371049083340641,0.0010471291725353792,-0.044721031056440305,-2.3744032444573092e-05,0.00022678297438932907,-0.10117789506268801,0.000713360875889491,-0.0008203461981460501,-0.056456864006247706,0.05646732989122126
Ti3SiC2_C4f_id0009_z_m020A_k10x10x4_v19,Ti3SiC2_C_response_minus_only,Ti3SiC2_bulk_parent_v19,MACE-MP-0b3-medium,reused_v18_audit_per_atom.csv,16,17,Ti,,,6.42376575,0.000987490625665271,-0.00028130062848123126,0.043014148153603105,2.6359018366203194e-06,0.0006834331394733372,0.1028769004987223,-0.0009848547238286507,0.0009647337679545684,0.0598627523451192,0.059878625304887835
Ti3SiC2_C4f_id0009_z_m020A_k10x10x4_v19,Ti3SiC2_C_response_minus_only,Ti3SiC2_bulk_parent_v19,MACE-MP-0b3-medium,reused_v18_audit_per_atom.csv,17,18,Ti,,,15.23551575,-0.00011271546752509749,0.000768401872282495,0.04663053363769854,-0.002335793512865613,-0.0015890969228903725,0.10547966103430487,-0.0022230780453405155,-0.0023574987951728676,0.058849127396606325,0.05893827001114741
Ti3SiC2_C4f_id0009_z_m020A_k10x10x4_v19,Ti3SiC2_C_response_minus_only,Ti3SiC2_bulk_parent_v19,MACE-MP-0b3-medium,reused_v18_audit_per_atom.csv,18,19,Si,,,4.405875,0.006060254152513124,-0.0034888028922969035,-0.005436066325696568,0.004225203972666567,-0.002428985095337924,-0.006223073760666165,-0.0018350501798465564,0.0010598177969589795,-0.000787007434969597,0.0022605317135584026
Ti3SiC2_C4f_id0009_z_m020A_k10x10x4_v19,Ti3SiC2_C_response_minus_only,Ti3SiC2_bulk_parent_v19,MACE-MP-0b3-medium,reused_v18_audit_per_atom.csv,19,20,Si,,,13.217625,0.0009673605732137702,-0.0005684174444313361,0.00026598457641932523,0.00048129534270992865,-0.0002883084702109964,0.0003295624610315332,-0.00048606523050384153,0.0002801089742203397,6.357788461220797e-05,0.0005645906421074359
Ti3SiC2_C4f_id0009_z_m020A_k10x10x4_v19,Ti3SiC2_C_response_minus_only,Ti3SiC2_bulk_parent_v19,MACE-MP-0b3-medium,reused_v18_audit_per_atom.csv,20,21,C,,,1.2724167,0.0031990209224208783,0.002024844803716544,0.09386110989719872,0.003470621742107353,0.0016797146774304975,0.13696674211676085,0.0002716008196864748,-0.0003451301262860464,0.04310563221956214,0.04310786947713234
Ti3SiC2_C4f_id0009_z_m020A_k10x10x4_v19,Ti3SiC2_C_response_minus_only,Ti3SiC2_bulk_parent_v19,MACE-MP-0b3-medium,reused_v18_audit_per_atom.csv,21,22,C,,,10.0841667,0.0004985767572899931,-0.0009434079356452083,0.08885146834717214,2.2789529416529768e-07,-0.000263707137731428,0.12303037707902922,-0.0004983488619958278,0.0006797007979137803,0.03417890873185708,0.03418929871851064
Ti3SiC2_C4f_id0009_z_m020A_k10x10x4_v19,Ti3SiC2_C_response_minus_only,Ti3SiC2_bulk_parent_v19,MACE-MP-0b3-medium,reused_v18_audit_per_atom.csv,22,23,C,,,7.5393333,-0.0012041871197258857,0.0003073584532796412,-0.08880692766140488,0.00020412436199556625,0.00044182876401904113,-0.12301916890736628,0.001408311481721452,0.00013447031073939996,-0.034212241245961394,0.03424147886067249
Ti3SiC2_C4f_id0009_z_m020A_k10x10x4_v19,Ti3SiC2_C_response_minus_only,Ti3SiC2_bulk_parent_v19,MACE-MP-0b3-medium,reused_v18_audit_per_atom.csv,23,24,C,,,16.3510833,0.0001447924133085774,0.010087468603198408,-0.10324701144492263,-0.00028014226342428666,0.011230644349882763,-0.1408825031047976,-0.00042493467673286405,0.0011431757466843547,-0.03763549165987498,0.03765524734678842
Ti3SiC2_C4f_id0009_z_m020A_k10x10x4_v19,Ti3SiC2_C_response_minus_only,Ti3SiC2_bulk_parent_v19,MACE-MP-0b3-medium,reused_v18_audit_per_atom.csv,24,25,Ti,,,0.0,7.252975178711769e-06,-4.108369220946697e-06,0.0013136664503977566,1.2983753576503982e-07,-8.584184282844909e-08,-0.005085520795530243,-7.123137642946729e-06,4.0225273781182475e-06,-0.006399187245927999,0.0063991924747005356
Ti3SiC2_C4f_id0009_z_m020A_k10x10x4_v19,Ti3SiC2_C_response_minus_only,Ti3SiC2_bulk_parent_v19,MACE-MP-0b3-medium,reused_v18_audit_per_atom.csv,25,26,Ti,,,8.81175,1.3135769837657488e-05,-7.536224193926571e-06,0.00032549170627781555,5.465274064872106e-09,2.9308669140238035e-08,-0.0007690408154515576,-1.3130304563592616e-05,7.565532863066809e-06,-0.0010945325217293733,0.0010946374209338432
Ti3SiC2_C4f_id0009_z_m020A_k10x10x4_v19,Ti3SiC2_C_response_minus_only,Ti3SiC2_bulk_parent_v19,MACE-MP-0b3-medium,reused_v18_audit_per_atom.csv,26,27,Ti,,,2.38798425,0.0391804223408068,0.021813693850693452,-0.096272074848998,0.030079592746222288,0.01760749041687895,-0.1434512136545742,-0.009100829594584511,-0.0042062034338145,-0.0471791388055762,0.04823264853884891
Ti3SiC2_C4f_id0009_z_m020A_k10x10x4_v19,Ti3SiC2_C_response_minus_only,Ti3SiC2_bulk_parent_v19,MACE-MP-0b3-medium,reused_v18_audit_per_atom.csv,27,28,Ti,,,11.19973425,-0.0009891741929593941,0.0006105072807521596,-0.044721066511508506,-2.610199289051579e-06,0.0002633385787104306,-0.10117788939393402,0.0009865639936703426,-0.000347168702041729,-0.05645682288242551,0.056466509406894
Ti3SiC2_C4f_id0009_z_m020A_k10x10x4_v19,Ti3SiC2_C_response_minus_only,Ti3SiC2_bulk_parent_v19,MACE-MP-0b3-medium,reused_v18_audit_per_atom.csv,28,29,Ti,,,6.42376575,0.00045110000596441084,-0.001210305774621685,0.04301417206871691,-0.0007961976426054582,-0.0007001773972865654,0.10287685083628348,-0.0012472976485698691,0.0005101283773351196,0.05986267876756657,0.05987784474757216
Ti3SiC2_C4f_id0009_z_m020A_k10x10x4_v19,Ti3SiC2_C_response_minus_only,Ti3SiC2_bulk_parent_v19,MACE-MP-0b3-medium,reused_v18_audit_per_atom.csv,29,30,Ti,,,15.23551575,-0.0007248603056495233,-0.0002916552210363331,0.04663046562243993,0.00020565228797998335,0.002812974622008005,0.10547964596741297,0.0009305125936295066,0.003104629843044338,0.05884918034497304,0.05893836278201479
Ti3SiC2_C4f_id0009_z_m020A_k10x10x4_v19,Ti3SiC2_C_response_minus_only,Ti3SiC2_bulk_parent_v19,MACE-MP-0b3-medium,reused_v18_audit_per_atom.csv,30,31,Si,,,4.405875,-0.000654905332633751,0.0003881025326277616,-0.006913429118668595,9.47113112615894e-06,4.987714165071127e-06,-0.009185423671413534,0.0006643764637599099,-0.00038311481846269046,-0.0022719945527449386,0.002397943347418053
Ti3SiC2_C4f_id0009_z_m020A_k10x10x4_v19,Ti3SiC2_C_response_minus_only,Ti3SiC2_bulk_parent_v19,MACE-MP-0b3-medium,reused_v18_audit_per_atom.csv,31,32,Si,,,13.217625,0.0006746416996777801,-0.00039948850102745806,0.0012293812515383107,-9.054326644910324e-06,-5.205644070795143e-06,-0.0010951904474653688,-0.0006836960263226905,0.0003942828569566629,-0.0023245716990036797,0.0024548997558980286
Ti3SiC2_C4f_id0009_z_m020A_k10x10x4_v19,Ti3SiC2_C_response_minus_only,Ti3SiC2_bulk_parent_v19,MACE-MP-0b3-medium,reused_v18_audit_per_atom.csv,32,33,C,,,1.2724167,-0.0001488582964204335,-0.003773669546337409,0.09386075984567804,0.0002803784645916815,-0.0038458137278554907,0.13696673665414366,0.00042923676101211503,-7.214418151808193e-05,0.04310597680846562,0.04310817423171511
Ti3SiC2_C4f_id0009_z_m020A_k10x10x4_v19,Ti3SiC2_C_response_minus_only,Ti3SiC2_bulk_parent_v19,MACE-MP-0b3-medium,reused_v18_audit_per_atom.csv,33,34,C,,,10.0841667,0.0006969233748588482,-0.000599893198719721,0.08885147081888155,-5.1865711515606415e-05,-0.00035397441151742686,0.12303037613716888,-0.0007487890863744546,0.00024591878720229415,0.034178905318287336,0.03418799101880985
Ti3SiC2_C4f_id0009_z_m020A_k10x10x4_v19,Ti3SiC2_C_response_minus_only,Ti3SiC2_bulk_parent_v19,MACE-MP-0b3-medium,reused_v18_audit_per_atom.csv,34,35,C,,,7.5393333,-0.0004989015772490178,0.0015287685511180397,-0.08880686312858012,-2.2559612630290802e-07,8.785064125185022e-05,-0.12301919049277724,0.0004986759811227149,-0.0014409179098661894,-0.03421232736419712,0.03424628835117921
Ti3SiC2_C4f_id0009_z_m020A_k10x10x4_v19,Ti3SiC2_C_response_minus_only,Ti3SiC2_bulk_parent_v19,MACE-MP-0b3-medium,reused_v18_audit_per_atom.csv,35,36,C,,,16.3510833,-0.008668733572389434,-0.0051781292788493725,-0.10324667767286926,-0.009865897836199055,-0.005372391201181747,-0.1408824785482301,-0.0011971642638096205,-0.0001942619223323748,-0.03763580087536085,0.03765533756984292
Ti3SiC2_C4f_id0009_z_m020A_k10x10x4_v19,Ti3SiC2_C_response_minus_only,Ti3SiC2_bulk_parent_v19,MACE-MP-0b3-medium,reused_v18_audit_per_atom.csv,36,37,Ti,,,0.0,0.00863264989731022,0.005014743717564263,-0.024735263885118656,0.002440035293268564,0.001408870082415681,-0.02008152494569177,-0.006192614604041656,-0.0036058736351485816,0.0046537389394268845,0.00854447695433651
Ti3SiC2_C4f_id0009_z_m020A_k10x10x4_v19,Ti3SiC2_C_response_minus_only,Ti3SiC2_bulk_parent_v19,MACE-MP-0b3-medium,reused_v18_audit_per_atom.csv,37,38,Ti,,,8.81175,-0.00024066997806763035,-0.00012779153659654992,-0.00013671566859843802,-1.5045336652987377e-06,-8.130447525504683e-07,-0.0004794076947696208,0.00023916544440233162,0.00012697849184399945,-0.00034269202617118275,0.00043676248921862784
Ti3SiC2_C4f_id0009_z_m020A_k10x10x4_v19,Ti3SiC2_C_response_minus_only,Ti3SiC2_bulk_parent_v19,MACE-MP-0b3-medium,reused_v18_audit_per_atom.csv,38,39,Ti,,,2.38798425,0.0007080259337204169,-0.00040528706088790176,-0.042630548526478775,-0.00020572043644831624,0.0001217762602995851,-0.10196100054037002,-0.0009137463701687331,0.0005270633211874869,-0.05933045201389125,0.05933982865113607
Ti3SiC2_C4f_id0009_z_m020A_k10x10x4_v19,Ti3SiC2_C_response_minus_only,Ti3SiC2_bulk_parent_v19,MACE-MP-0b3-medium,reused_v18_audit_per_atom.csv,39,40,Ti,,,11.19973425,-0.0012555993152182216,0.0010554155449857539,-0.04468988105491938,1.8533143191915892e-05,0.00022677748380158706,-0.10117790164359813,0.0012741324584101374,-0.0008286380611841668,-0.05648802058867875,0.05650846418533255
Ti3SiC2_C4f_id0009_z_m020A_k10x10x4_v19,Ti3SiC2_C_response_minus_only,Ti3SiC2_bulk_parent_v19,MACE-MP-0b3-medium,reused_v18_audit_per_atom.csv,40,41,Ti,,,6.42376575,0.0009988164190860693,-0.0009071512138343042,0.04695948318376007,2.6428376909504257e-06,-0.0002389928839416815,0.10149831730982325,-0.0009961735813951188,0.0006681583298926227,0.05453883412606318,0.05455202310811496
Ti3SiC2_C4f_id0009_z_m020A_k10x10x4_v19,Ti3SiC2_C_response_minus_only,Ti3SiC2_bulk_parent_v19,MACE-MP-0b3-medium,reused_v18_audit_per_atom.csv,41,42,Ti,,,15.23551575,-0.0013295858958289317,0.000764116666564919,0.046580937179880245,0.0027471823555032214,-0.0015891455799547883,0.10547986766029593,0.004076768251332153,-0.0023532622465197075,0.05889893048041569,0.059086731965076605
Ti3SiC2_C4f_id0009_z_m020A_k10x10x4_v19,Ti3SiC2_C_response_minus_only,Ti3SiC2_bulk_parent_v19,MACE-MP-0b3-medium,reused_v18_audit_per_atom.csv,42,43,Si,,,4.405875,-0.0073525759266477074,-0.0034958930189031697,-0.005440528509678102,-0.004207215853986292,-0.002428871042058099,-0.00622322022975974,0.0031453600726614158,0.0010670219768450706,-0.0007826917200816378,0.003412393912555721
Ti3SiC2_C4f_id0009_z_m020A_k10x10x4_v19,Ti3SiC2_C_response_minus_only,Ti3SiC2_bulk_parent_v19,MACE-MP-0b3-medium,reused_v18_audit_per_atom.csv,43,44,Si,,,13.217625,0.00032332444118756754,-0.0005502916565714287,0.00026320976512082974,-0.000499403385853443,-0.0002883182713842978,0.0003295427246697352,-0.0008227278270410105,0.00026197338518713087,6.633295954890545e-05,0.0008659741297848017
Ti3SiC2_C4f_id0009_z_m020A_k10x10x4_v19,Ti3SiC2_C_response_minus_only,Ti3SiC2_bulk_parent_v19,MACE-MP-0b3-medium,reused_v18_audit_per_atom.csv,44,45,C,,,1.2724167,-0.003459224683158596,0.0020031854772524786,0.09382669274102806,-0.002910317859295534,0.0016799762399033714,0.13696762476452207,0.000548906823863062,-0.00032320923734910725,0.043140932023494005,0.04314563452735539
Ti3SiC2_C4f_id0009_z_m020A_k10x10x4_v19,Ti3SiC2_C_response_minus_only,Ti3SiC2_bulk_parent_v19,MACE-MP-0b3-medium,reused_v18_audit_per_atom.csv,45,46,C,,,10.0841667,0.0005041116938752005,-0.0007175491997129088,0.09001981694696974,2.275421931639517e-07,-0.0003238533944364523,0.12309593017963355,-0.0005038841516820365,0.0003936958052764565,0.03307611323266381,0.03308229378693996
Ti3SiC2_C4f_id0009_z_m020A_k10x10x4_v19,Ti3SiC2_C_response_minus_only,Ti3SiC2_bulk_parent_v19,MACE-MP-0b3-medium,reused_v18_audit_per_atom.csv,46,47,C,,,7.5393333,0.00020090446960892405,0.0003105141228785211,-0.08879102429343957,-0.00020458178165740873,0.0004418323577890437,-0.123019196291513,-0.00040548625126633276,0.00013131823491052257,-0.03422817199807343,0.034230825609507055
Ti3SiC2_C4f_id0009_z_m020A_k10x10x4_v19,Ti3SiC2_C_response_minus_only,Ti3SiC2_bulk_parent_v19,MACE-MP-0b3-medium,reused_v18_audit_per_atom.csv,47,48,C,,,16.3510833,0.0001497124778006248,-9.245082179075925e-05,-0.11350681511554697,-0.0002812633268544943,0.00016261734427944316,-0.1502782984188876,-0.0004309758046551191,0.0002550681660702024,-0.036771483303340624,0.03677489339537776
AgSi_COD9009647_pilot_k6x6,AgSi_COD_slab_original_vacuum,AgSi_COD9009647_slab_family,MACE-MP-0b3-medium,reused_v18_audit_per_atom.csv,0,19101000,Ti,,,10.3882515,0.0007207236684202524,-0.0004132781698143659,0.1598120449755807,7.579635346764899e-07,-2.1294960037563163e-07,-0.06687793833301414,-0.0007199657048855758,0.0004130652202139903,-0.22668998330859486,0.2266915029416484
AgSi_COD9009647_pilot_k6x6,AgSi_COD_slab_original_vacuum,AgSi_COD9009647_slab_family,MACE-MP-0b3-medium,reused_v18_audit_per_atom.csv,1,19101001,Ti,,,19.2000015,0.0010342955824952735,-0.001244811005569584,-0.01656307223169859,0.004261080899731453,0.002555020795445933,-0.0652985705027525,0.0032267853172361794,0.003799831801015517,-0.04873549827105392,0.048989791354193776
AgSi_COD9009647_pilot_k6x6,AgSi_COD_slab_original_vacuum,AgSi_COD9009647_slab_family,MACE-MP-0b3-medium,reused_v18_audit_per_atom.csv,2,19101002,Ti,,,12.77623575,8.876071837958982e-05,-1.9436055679876598e-05,-0.25591236869388984,-0.00022859318313078313,0.00011075041577432486,-0.04116784793540254,-0.00031735390151037295,0.00013018647145420146,0.2147445207584873,0.214744794716446
AgSi_COD9009647_pilot_k6x6,AgSi_COD_slab_original_vacuum,AgSi_COD9009647_slab_family,MACE-MP-0b3-medium,reused_v18_audit_per_atom.csv,3,19101003,Ti,,,21.58798575,0.009421024463955324,0.008371712241825115,-0.07303006822964388,-0.006577881324858735,0.0006628493034477349,0.022226924151917238,-0.01599890578881406,-0.0077088629383773805,0.09525699238156111,0.0968983289423653
AgSi_COD9009647_pilot_k6x6,AgSi_COD_slab_original_vacuum,AgSi_COD9009647_slab_family,MACE-MP-0b3-medium,reused_v18_audit_per_atom.csv,4,19101004,Ti,,,16.81201725,0.00023703094851608493,-0.0013153348821301253,0.014333653852922392,0.0005426836128105953,0.00018370611388350045,0.11255657928494135,0.00030565266429451036,0.0014990409960136258,0.09822292543201896,0.09823483917573682
AgSi_COD9009647_pilot_k6x6,AgSi_COD_slab_original_vacuum,AgSi_COD9009647_slab_family,MACE-MP-0b3-medium,reused_v18_audit_per_atom.csv,5,19101005,Ti,,,8.00026725,0.0007471757513534189,-0.0005472448785511763,0.5498298615002214,0.00021322116648355078,-0.0001229001427416011,0.7693058173825666,-0.0005339545848698681,0.00042434473580957516,0.21947595588234525,0.2194770156221892
AgSi_COD9009647_pilot_k6x6,AgSi_COD_slab_original_vacuum,AgSi_COD9009647_slab_family,MACE-MP-0b3-medium,reused_v18_audit_per_atom.csv,6,19101006,Si,,,14.7941265,0.0009561068196272177,-0.0003543413220015896,0.07337200035696181,0.00014424682253561641,8.179243224513612e-05,0.0005857673269080311,-0.0008118599970916013,0.00043613375424672574,-0.07278623303005378,0.07279206720523716
AgSi_COD9009647_pilot_k6x6,AgSi_COD_slab_original_vacuum,AgSi_COD9009647_slab_family,MACE-MP-0b3-medium,reused_v18_audit_per_atom.csv,7,19101007,Si,,,23.6058765,0.040811402611031534,0.02071694559840032,0.9469877934410433,0.16385824629888546,0.10392231132389956,1.0758283247127003,0.12304684368785393,0.08320536572549925,0.12884053127165696,0.19663046845649343
AgSi_COD9009647_pilot_k6x6,AgSi_COD_slab_original_vacuum,AgSi_COD9009647_slab_family,MACE-MP-0b3-medium,reused_v18_audit_per_atom.csv,8,19101008,C,,,11.6606682,-0.0013536339634063507,0.0007961660502456812,0.17218278829971986,0.0002827060260407837,-0.00016408313595873557,0.1775203026583097,0.0016363399894471344,-0.0009602491862044167,0.00533751435858984,0.005664692982750504
AgSi_COD9009647_pilot_k6x6,AgSi_COD_slab_original_vacuum,AgSi_COD9009647_slab_family,MACE-MP-0b3-medium,reused_v18_audit_per_atom.csv,9,19101009,C,,,20.4724182,-0.001771282861234948,-0.002314458324094385,0.08349154828688236,-0.003489120891652428,-0.0015866124583877581,0.3116458141091043,-0.0017178380304174801,0.000727845865706627,0.22815426582222192,0.22816189370703444
AgSi_COD9009647_pilot_k6x6,AgSi_COD_slab_original_vacuum,AgSi_COD9009647_slab_family,MACE-MP-0b3-medium,reused_v18_audit_per_atom.csv,10,19101010,C,,,17.9275848,-0.0010351262950039845,0.002297557287182067,-0.10036091796989839,-0.0007326315408495348,-8.508324040067648e-05,-0.13204657035037537,0.00030249475415444966,-0.0023826405275827437,-0.03168565238047698,0.031776548675656976
AgSi_COD9009647_pilot_k6x6,AgSi_COD_slab_original_vacuum,AgSi_COD9009647_slab_family,MACE-MP-0b3-medium,reused_v18_audit_per_atom.csv,11,19101011,C,,,9.1158348,-0.0007241376694728107,0.0005415457213660949,-0.8958455460439527,-0.0003017965832532815,0.00017402988047336823,-1.0424833739605952,0.00042234108621952914,-0.0003675158408927267,-0.14663782791664248,0.1466388966679621
AgSi_COD9009647_pilot_k6x6,AgSi_COD_slab_original_vacuum,AgSi_COD9009647_slab_family,MACE-MP-0b3-medium,reused_v18_audit_per_atom.csv,12,19101012,Ti,,,10.3882515,0.0007207708495115547,-0.00041312081202997375,0.15981199965491774,7.579631345364189e-07,-1.597045422006317e-07,-0.06687795250410969,-0.0007200128863770182,0.0004129611074877731,-0.22668995215902743,0.22669147175245696
AgSi_COD9009647_pilot_k6x6,AgSi_COD_slab_original_vacuum,AgSi_COD9009647_slab_family,MACE-MP-0b3-medium,reused_v18_audit_per_atom.csv,13,19101013,Ti,,,19.2000015,0.0010343367648669548,-0.0012447799502021593,-0.016563083938355996,0.004261080904837509,0.002555054619396216,-0.06529856825542399,0.0032267441399705544,0.003799834569598375,-0.04873548431706799,0.04898977497519589
AgSi_COD9009647_pilot_k6x6,AgSi_COD_slab_original_vacuum,AgSi_COD9009647_slab_family,MACE-MP-0b3-medium,reused_v18_audit_per_atom.csv,14,19101014,Ti,,,12.77623575,8.875171507842066e-05,-1.944355839642265e-05,-0.2559122804525574,-0.00022859317928257904,0.00011078810692490004,-0.041167873857859166,-0.0003173448943609997,0.0001302316653213227,0.2147444065946982,0.2147446805668948
AgSi_COD9009647_pilot_k6x6,AgSi_COD_slab_original_vacuum,AgSi_COD9009647_slab_family,MACE-MP-0b3-medium,reused_v18_audit_per_atom.csv,15,19101015,Ti,,,21.58798575,0.009420950764998912,0.008371734959343794,-0.07303022055204324,-0.006577881389740225,0.0006628853698356814,0.02222691702656432,-0.015998832154739136,-0.007708849589508113,0.09525713757860756,0.09689845846028172
AgSi_COD9009647_pilot_k6x6,AgSi_COD_slab_original_vacuum,AgSi_COD9009647_slab_family,MACE-MP-0b3-medium,reused_v18_audit_per_atom.csv,16,19101016,Ti,,,16.81201725,0.00023706519125924155,-0.0013152296702999373,0.01433371717210285,0.0005426836114153534,0.0001837491477500679,0.11255657426451213,0.00030561842015611185,0.0014989788180500051,0.09822285709240927,0.09823476978906988
AgSi_COD9009647_pilot_k6x6,AgSi_COD_slab_original_vacuum,AgSi_COD9009647_slab_family,MACE-MP-0b3-medium,reused_v18_audit_per_atom.csv,17,19101017,Ti,,,8.00026725,0.0007473028892978643,-0.0005474027376595478,0.5498292793134087,0.0002132211612525057,-0.000123041516727802,0.7693058388361239,-0.0005340817280453586,0.0004243612209317458,0.21947655952271516,0.2194776196008741
AgSi_COD9009647_pilot_k6x6,AgSi_COD_slab_original_vacuum,AgSi_COD9009647_slab_family,MACE-MP-0b3-medium,reused_v18_audit_per_atom.csv,18,19101018,Si,,,14.7941265,0.000956112129770007,-0.00035435205683304304,0.07337198588348341,0.00014424682192879247,8.179728818754276e-05,0.0005857611974170304,-0.0008118653078412145,0.0004361493450205858,-0.07278622468606638,0.07279205901456406
AgSi_COD9009647_pilot_k6x6,AgSi_COD_slab_original_vacuum,AgSi_COD9009647_slab_family,MACE-MP-0b3-medium,reused_v18_audit_per_atom.csv,19,19101019,Si,,,23.6058765,0.04081143434116701,0.0207169542929225,0.9469878258454567,0.16385824627835152,0.10392230705100221,1.0758283269619513,0.1230468119371845,0.0832053527580797,0.1288405011164946,0.1966304233414829
AgSi_COD9009647_pilot_k6x6,AgSi_COD_slab_original_vacuum,AgSi_COD9009647_slab_family,MACE-MP-0b3-medium,reused_v18_audit_per_atom.csv,20,19101020,C,,,11.6606682,-0.0013536440062086217,0.0007958918027443024,0.17218284941518153,0.0002827060218688925,-0.00016422517752260962,0.17752030881843112,0.0016363500280775142,-0.000960116980266912,0.005337459403249589,0.005664621691827584
AgSi_COD9009647_pilot_k6x6,AgSi_COD_slab_original_vacuum,AgSi_COD9009647_slab_family,MACE-MP-0b3-medium,reused_v18_audit_per_atom.csv,21,19101021,C,,,20.4724182,-0.0017713035008692373,-0.0023143458784432025,0.08349157807640305,-0.003489120881080647,-0.0015865683418405778,0.31164581013513437,-0.0017178173802114096,0.0007277775366026247,0.2281542320587313,0.228161859571235
AgSi_COD9009647_pilot_k6x6,AgSi_COD_slab_original_vacuum,AgSi_COD9009647_slab_family,MACE-MP-0b3-medium,reused_v18_audit_per_atom.csv,22,19101022,C,,,17.9275848,-0.00103515467941008,0.00229770448364884,-0.10036084563603234,-0.0007326315395051968,-8.504213746394815e-05,-0.1320465765614814,0.0003025231399048832,-0.002382746621112788,-0.031685730925449046,0.03177663522134715
AgSi_COD9009647_pilot_k6x6,AgSi_COD_slab_original_vacuum,AgSi_COD9009647_slab_family,MACE-MP-0b3-medium,reused_v18_audit_per_atom.csv,23,19101023,C,,,9.1158348,-0.0007241197303276833,0.0005414953645211446,-0.8958455745680379,-0.00030179657756888026,0.00017405693139535528,-1.0424833995683789,0.000422323152758803,-0.00036743843312578935,-0.14663782500034095,0.14663889350604808
AgSi_COD9009647_pilot_k6x6,AgSi_COD_slab_original_vacuum,AgSi_COD9009647_slab_family,MACE-MP-0b3-medium,reused_v18_audit_per_atom.csv,24,19101024,Ti,,,10.3882515,0.0007207297995675446,-0.0004132825977444824,0.1598120405361809,7.579635350712759e-07,-2.1294960041953165e-07,-0.06687793833301378,-0.0007199718360324733,0.00041306964814406285,-0.22668997886919467,0.22669149852981876
AgSi_COD9009647_pilot_k6x6,AgSi_COD_slab_original_vacuum,AgSi_COD9009647_slab_family,MACE-MP-0b3-medium,reused_v18_audit_per_atom.csv,25,19101025,Ti,,,19.2000015,0.0010342961517454004,-0.0012448144001573243,-0.016563072195056344,0.004261080899733066,0.002555020795445705,-0.06529857050275276,0.0032267847479876656,0.003799835195603029,-0.04873549830769641,0.048989791616448716
AgSi_COD9009647_pilot_k6x6,AgSi_COD_slab_original_vacuum,AgSi_COD9009647_slab_family,MACE-MP-0b3-medium,reused_v18_audit_per_atom.csv,26,19101026,Ti,,,12.77623575,8.87688600565822e-05,-1.943888061526808e-05,-0.25591237624783375,-0.00022859318313123156,0.00011075041577301601,-0.04116784793540679,-0.00031736204318781375,0.0001301892963882841,0.21474452831242696,0.2147448022841207
AgSi_COD9009647_pilot_k6x6,AgSi_COD_slab_original_vacuum,AgSi_COD9009647_slab_family,MACE-MP-0b3-medium,reused_v18_audit_per_atom.csv,27,19101027,Ti,,,21.58798575,0.009421024559563172,0.008371714649386122,-0.07303006840215341,-0.006577881324857947,0.0006628493034477514,0.02222692415191757,-0.01599890588442112,-0.0077088653459383705,0.09525699255407098,0.09689832931927521
AgSi_COD9009647_pilot_k6x6,AgSi_COD_slab_original_vacuum,AgSi_COD9009647_slab_family,MACE-MP-0b3-medium,reused_v18_audit_per_atom.csv,28,19101028,Ti,,,16.81201725,0.0002370247129446645,-0.0013153347024350277,0.014333664049510086,0.0005426836128131518,0.00018370611388273284,0.11255657928494099,0.0003056588998684872,0.0014990408163177604,0.0982229152354309,0.09823482899704514
AgSi_COD9009647_pilot_k6x6,AgSi_COD_slab_original_vacuum,AgSi_COD9009647_slab_family,MACE-MP-0b3-medium,reused_v18_audit_per_atom.csv,29,19101029,Ti,,,8.00026725,0.0007471719731106266,-0.0005472312629060037,0.549829805482951,0.000213221166484083,-0.0001229001427429223,0.7693058173825662,-0.0005339508066265436,0.00042433112016308143,0.2194760118996152,0.21947707160367222
AgSi_COD9009647_pilot_k6x6,AgSi_COD_slab_original_vacuum,AgSi_COD9009647_slab_family,MACE-MP-0b3-medium,reused_v18_audit_per_atom.csv,30,19101030,Si,,,14.7941265,0.000956105068350069,-0.00035434485216141997,0.07337200540891028,0.00014424682253730205,8.179243224451754e-05,0.0005857673269075332,-0.000811858245812767,0.0004361372844059375,-0.07278623808200275,0.07279207225840004
AgSi_COD9009647_pilot_k6x6,AgSi_COD_slab_original_vacuum,AgSi_COD9009647_slab_family,MACE-MP-0b3-medium,reused_v18_audit_per_atom.csv,31,19101031,Si,,,23.6058765,0.040811406559755625,0.020716944869596278,0.9469878005149359,0.16385824629888446,0.10392231132389931,1.075828324712698,0.12304683973912883,0.08320536645430304,0.12884052419776215,0.19663046165875686
AgSi_COD9009647_pilot_k6x6,AgSi_COD_slab_original_vacuum,AgSi_COD9009647_slab_family,MACE-MP-0b3-medium,reused_v18_audit_per_atom.csv,32,19101032,C,,,11.6606682,-0.0013536311564114362,0.0007961713197639034,0.1721827910152862,0.0002827060260414072,-0.0001640831359583626,0.1775203026583096,0.0016363371824528435,-0.000960254455722266,0.0053375116430234015,0.005664690506446274
AgSi_COD9009647_pilot_k6x6,AgSi_COD_slab_original_vacuum,AgSi_COD9009647_slab_family,MACE-MP-0b3-medium,reused_v18_audit_per_atom.csv,33,19101033,C,,,20.4724182,-0.0017712761087387652,-0.002314459167083512,0.08349154767157763,-0.0034891208916495915,-0.0015866124583902208,0.3116458141091014,-0.0017178447829108263,0.0007278467086932912,0.2281542664375238,0.22816189437584472
AgSi_COD9009647_pilot_k6x6,AgSi_COD_slab_original_vacuum,AgSi_COD9009647_slab_family,MACE-MP-0b3-medium,reused_v18_audit_per_atom.csv,34,19101034,C,,,17.9275848,-0.0010351336712981182,0.002297547631795269,-0.10036091262136983,-0.0007326315408495913,-8.508324040189274e-05,-0.1320465703503757,0.00030250213044852683,-0.002382630872197162,-0.031685657729005876,0.03177655335513565
AgSi_COD9009647_pilot_k6x6,AgSi_COD_slab_original_vacuum,AgSi_COD9009647_slab_family,MACE-MP-0b3-medium,reused_v18_audit_per_atom.csv,35,19101035,C,,,9.1158348,-0.0007241114749549614,0.0005415285749976943,-0.895845553701725,-0.0003017965832532469,0.00017402988047494038,-1.0424833739605934,0.00042231489170171444,-0.00036749869452275393,-0.1466378202588684,0.14663888889182985
AgSi_COD9009647_pilot_k6x6,AgSi_COD_slab_original_vacuum,AgSi_COD9009647_slab_family,MACE-MP-0b3-medium,reused_v18_audit_per_atom.csv,36,19101036,Ti,,,10.3882515,0.000720771954839978,-0.00041312543223598965,0.15981198505775113,7.579631355961181e-07,-1.5970454205014445e-07,-0.06687795250410983,-0.0007200139917043818,0.0004129657276939395,-0.22668993756186095,0.22669145716731567
AgSi_COD9009647_pilot_k6x6,AgSi_COD_slab_original_vacuum,AgSi_COD9009647_slab_family,MACE-MP-0b3-medium,reused_v18_audit_per_atom.csv,37,19101037,Ti,,,19.2000015,0.001034333035960133,-0.0012447780821269402,-0.016563083665537884,0.004261080904838068,0.002555054619394453,-0.06529856825542642,0.0032267478688779347,0.0037998327015213934,-0.048735484589888536,0.04898977534731225
AgSi_COD9009647_pilot_k6x6,AgSi_COD_slab_original_vacuum,AgSi_COD9009647_slab_family,MACE-MP-0b3-medium,reused_v18_audit_per_atom.csv,38,19101038,Ti,,,12.77623575,8.874837490147073e-05,-1.943731495707125e-05,-0.2559122764324322,-0.00022859317928298649,0.00011078810692292856,-0.04116787385785858,-0.00031734155418445723,0.0001302254218799998,0.2147444025745736,0.2147446765380531
AgSi_COD9009647_pilot_k6x6,AgSi_COD_slab_original_vacuum,AgSi_COD9009647_slab_family,MACE-MP-0b3-medium,reused_v18_audit_per_atom.csv,39,19101039,Ti,,,21.58798575,0.009420949239588541,0.008371754273754474,-0.07303021619288935,-0.006577881389742209,0.0006628853698365592,0.02222691702655971,-0.01599883062933075,-0.007708868903917915,0.09525713321944906,0.09689845545968043
AgSi_COD9009647_pilot_k6x6,AgSi_COD_slab_original_vacuum,AgSi_COD9009647_slab_family,MACE-MP-0b3-medium,reused_v18_audit_per_atom.csv,40,19101040,Ti,,,16.81201725,0.00023706492163468458,-0.0013152316047051076,0.014333738149144069,0.0005426836114159597,0.00018374914775131016,0.11255657426451095,0.00030561868978127514,0.0014989807524564177,0.09822283611536688,0.09823474884492757
AgSi_COD9009647_pilot_k6x6,AgSi_COD_slab_original_vacuum,AgSi_COD9009647_slab_family,MACE-MP-0b3-medium,reused_v18_audit_per_atom.csv,41,19101041,Ti,,,8.00026725,0.0007472785863564491,-0.0005474070551815874,0.5498294199240733,0.0002132211612533583,-0.00012304151673247544,0.769305838836122,-0.0005340574251030907,0.0004243655384491119,0.21947641891204872,0.21947747894009678
AgSi_COD9009647_pilot_k6x6,AgSi_COD_slab_original_vacuum,AgSi_COD9009647_slab_family,MACE-MP-0b3-medium,reused_v18_audit_per_atom.csv,42,19101042,Si,,,14.7941265,0.0009561060916424454,-0.000354352754479591,0.0733719904591295,0.0001442468219286656,8.179728818764466e-05,0.0005857611974162801,-0.0008118592697137798,0.0004361500426672357,-0.07278622926171321,0.07279206352668
AgSi_COD9009647_pilot_k6x6,AgSi_COD_slab_original_vacuum,AgSi_COD9009647_slab_family,MACE-MP-0b3-medium,reused_v18_audit_per_atom.csv,43,19101043,Si,,,23.6058765,0.04081143088456549,0.020716956305945836,0.9469878232529119,0.16385824627835058,0.10392230705100199,1.0758283269619526,0.12304681539378509,0.08320535074505615,0.12884050370904077,0.19663042635146624
AgSi_COD9009647_pilot_k6x6,AgSi_COD_slab_original_vacuum,AgSi_COD9009647_slab_family,MACE-MP-0b3-medium,reused_v18_audit_per_atom.csv,44,19101044,C,,,11.6606682,-0.0013536335819431188,0.0007958947417349015,0.17218285128376376,0.0002827060218672418,-0.00016422517752298795,0.17752030881843353,0.0016363396038103608,-0.0009601199192578894,0.005337457534669771,0.005664617418039556
AgSi_COD9009647_pilot_k6x6,AgSi_COD_slab_original_vacuum,AgSi_COD9009647_slab_family,MACE-MP-0b3-medium,reused_v18_audit_per_atom.csv,45,19101045,C,,,20.4724182,-0.001771302364977757,-0.0023143416297240326,0.08349157568694938,-0.0034891208810797253,-0.0015865683418410967,0.311645810135134,-0.0017178185161019683,0.0007277732878829359,0.2281542344481846,0.2281618619556082
AgSi_COD9009647_pilot_k6x6,AgSi_COD_slab_original_vacuum,AgSi_COD9009647_slab_family,MACE-MP-0b3-medium,reused_v18_audit_per_atom.csv,46,19101046,C,,,17.9275848,-0.0010351710091369099,0.0022976994102112697,-0.10036084143095265,-0.000732631539502829,-8.504213746435727e-05,-0.13204657656148067,0.00030253946963408086,-0.002382741547675627,-0.03168573513052801,0.03177663918943731
AgSi_COD9009647_pilot_k6x6,AgSi_COD_slab_original_vacuum,AgSi_COD9009647_slab_family,MACE-MP-0b3-medium,reused_v18_audit_per_atom.csv,47,19101047,C,,,9.1158348,-0.0007241367609587305,0.0005415062355542888,-0.8958455519638437,-0.00030179657756705414,0.0001740569313960077,-1.0424833995683784,0.00042234018339167636,-0.00036744930415828113,-0.1466378476045347,0.146638916186367
AgSi_COD9009647_pilot_k6x6,AgSi_COD_slab_original_vacuum,AgSi_COD9009647_slab_family,MACE-MP-0b3-medium,reused_v18_audit_per_atom.csv,48,19101048,Ag,,,26.2058765,-0.04856147929692319,-0.025914048546458002,-0.6584442240846138,-0.15797291913723668,-0.10573158968813792,-1.1217951972637739,-0.10941143984031348,-0.07981754114167992,-0.4633509731791601,0.4827378454067062
AgSi_COD9009647_pilot_k6x6,AgSi_COD_slab_original_vacuum,AgSi_COD9009647_slab_family,MACE-MP-0b3-medium,reused_v18_audit_per_atom.csv,49,19101049,Ag,,,26.2058765,-0.0485617935072704,-0.025914362480028437,-0.6584454639365405,-0.15797291932466032,-0.10573158028633159,-1.1217951977734097,-0.10941112581738992,-0.07981721780630316,-0.4633497338368693,0.4827365312027516
AgSi_COD9009647_pilot_k6x6,AgSi_COD_slab_original_vacuum,AgSi_COD9009647_slab_family,MACE-MP-0b3-medium,reused_v18_audit_per_atom.csv,50,19101050,Ag,,,26.2058765,-0.048561464612638425,-0.02591399989530505,-0.6584442598819055,-0.15797291913723538,-0.10573158968813723,-1.1217951972637705,-0.10941145452459695,-0.07981758979283218,-0.46335093738186506,0.482737822419352
AgSi_COD9009647_pilot_k6x6,AgSi_COD_slab_original_vacuum,AgSi_COD9009647_slab_family,MACE-MP-0b3-medium,reused_v18_audit_per_atom.csv,51,19101051,Ag,,,26.2058765,-0.048561804638837636,-0.02591437406345996,-0.6584454254525419,-0.15797291932465812,-0.10573158028633106,-1.1217951977734106,-0.10941111468582049,-0.0798172062228711,-0.4633497723208687,0.48273656370303974
AgSi_COD9009647_vacuum26_k6x6_sigma0p10,AgSi_COD_slab_vacuum26,AgSi_COD9009647_slab_family,MACE-MP-0b3-medium,reused_v18_audit_per_atom.csv,0,19101000,Ti,,,15.3882515,0.0008305174523419699,-0.00037156233351371917,0.1601946823166377,7.57963535487651e-07,-2.1294960403416344e-07,-0.06687793833300049,-0.0008297594888064823,0.000371349383909685,-0.22707262064963818,0.22707444032710658
AgSi_COD9009647_vacuum26_k6x6_sigma0p10,AgSi_COD_slab_vacuum26,AgSi_COD9009647_slab_family,MACE-MP-0b3-medium,reused_v18_audit_per_atom.csv,1,19101001,Ti,,,24.2000015,0.0009765573805606051,-0.001269096604615808,-0.0153907850420711,0.004261080899731156,0.002555020795445851,-0.06529857050275177,0.0032845235191705513,0.0038241174000616593,-0.04990778546068067,0.050161728620799824
AgSi_COD9009647_vacuum26_k6x6_sigma0p10,AgSi_COD_slab_vacuum26,AgSi_COD9009647_slab_family,MACE-MP-0b3-medium,reused_v18_audit_per_atom.csv,2,19101002,Ti,,,17.77623575,5.293573011859093e-05,-1.2045724394494775e-05,-0.2565903999400551,-0.0002285931831313131,0.00011075041576831903,-0.04116784793543904,-0.00028152891324990405,0.0001227961401628138,0.21542255200461607,0.21542277096352316
AgSi_COD9009647_vacuum26_k6x6_sigma0p10,AgSi_COD_slab_vacuum26,AgSi_COD9009647_slab_family,MACE-MP-0b3-medium,reused_v18_audit_per_atom.csv,3,19101003,Ti,,,26.58798575,0.009411035520073304,0.008396563756333127,-0.07309271478284247,-0.006577881324858618,0.0006628493034476568,0.022226924151916738,-0.015988916844931922,-0.0077337144528854705,0.09531963893475921,0.09696024632686213
AgSi_COD9009647_vacuum26_k6x6_sigma0p10,AgSi_COD_slab_vacuum26,AgSi_COD9009647_slab_family,MACE-MP-0b3-medium,reused_v18_audit_per_atom.csv,4,19101004,Ti,,,21.81201725,0.0003157049582772107,-0.0013116131599348391,0.013782303124848135,0.0005426836128099334,0.00018370611388449255,0.11255657928494445,0.0002269786545327227,0.0014953192738193317,0.09877427616009632,0.0987858549084394
AgSi_COD9009647_vacuum26_k6x6_sigma0p10,AgSi_COD_slab_vacuum26,AgSi_COD9009647_slab_family,MACE-MP-0b3-medium,reused_v18_audit_per_atom.csv,5,19101005,Ti,,,13.00026725,0.000627997491579542,-0.0006478085810809126,0.5507444407972018,0.00021322116648388612,-0.00012290014274351276,0.7693058173825711,-0.00041477632509565585,0.0005249084383373998,0.21856137658536934,0.2185624004790397
AgSi_COD9009647_vacuum26_k6x6_sigma0p10,AgSi_COD_slab_vacuum26,AgSi_COD9009647_slab_family,MACE-MP-0b3-medium,reused_v18_audit_per_atom.csv,6,19101006,Si,,,19.7941265,0.0009237704464969294,-0.00029610938919387707,0.07354187227864148,0.000144246822536025,8.179243224418304e-05,0.0005857673269158191,-0.0007795236239609044,0.0003779018214380601,-0.07295610495172566,0.07296124804712546
AgSi_COD9009647_vacuum26_k6x6_sigma0p10,AgSi_COD_slab_vacuum26,AgSi_COD9009647_slab_family,MACE-MP-0b3-medium,reused_v18_audit_per_atom.csv,7,19101007,Si,,,28.6058765,0.04091628155012558,0.020655167970295308,0.9480170988978099,0.1638582462988849,0.10392231132389942,1.0758283247127,0.12294196474875932,0.08326714335360412,0.12781122581489013,0.19591797595641824
AgSi_COD9009647_vacuum26_k6x6_sigma0p10,AgSi_COD_slab_vacuum26,AgSi_COD9009647_slab_family,MACE-MP-0b3-medium,reused_v18_audit_per_atom.csv,8,19101008,C,,,16.6606682,-0.001343648414247114,0.0009115821891320507,0.17216387717816248,0.00028270602604137823,-0.00016408313595640974,0.1775203026583237,0.0016263544402884923,-0.0010756653250884604,0.005356425480161214,0.005700296359099591
AgSi_COD9009647_vacuum26_k6x6_sigma0p10,AgSi_COD_slab_vacuum26,AgSi_COD9009647_slab_family,MACE-MP-0b3-medium,reused_v18_audit_per_atom.csv,9,19101009,C,,,25.4724182,-0.0017266305727780026,-0.0022415312344839567,0.08316956409693635,-0.003489120891652782,-0.0015866124583876753,0.3116458141091039,-0.0017624903188747795,0.0006549187760962814,0.22847625001216756,0.22848398655124588
AgSi_COD9009647_vacuum26_k6x6_sigma0p10,AgSi_COD_slab_vacuum26,AgSi_COD9009647_slab_family,MACE-MP-0b3-medium,reused_v18_audit_per_atom.csv,10,19101010,C,,,22.9275848,-0.0009358330879963844,0.002361787427589591,-0.10001643977908754,-0.0007326315408503819,-8.508324039996264e-05,-0.13204657035037692,0.00020320154714600252,-0.0024468706679895537,-0.03203013057128938,0.032124098918856495
AgSi_COD9009647_vacuum26_k6x6_sigma0p10,AgSi_COD_slab_vacuum26,AgSi_COD9009647_slab_family,MACE-MP-0b3-medium,reused_v18_audit_per_atom.csv,11,19101011,C,,,14.1158348,-0.0007752446857504794,0.0005399129006895151,-0.898313356259387,-0.000301796583255477,0.00017402988047948579,-1.042483373960601,0.0004734481024950024,-0.0003658830202100293,-0.14417001770121396,0.14417125936697153
AgSi_COD9009647_vacuum26_k6x6_sigma0p10,AgSi_COD_slab_vacuum26,AgSi_COD9009647_slab_family,MACE-MP-0b3-medium,reused_v18_audit_per_atom.csv,12,19101012,Ti,,,15.3882515,0.0008304708615593511,-0.00037233085055880805,0.16019353595204433,7.579631356726627e-07,-1.5970454157873334e-07,-0.06687795250410211,-0.0008297128984236785,0.0003721711460172293,-0.22707148845614644,0.2270733093178183
AgSi_COD9009647_vacuum26_k6x6_sigma0p10,AgSi_COD_slab_vacuum26,AgSi_COD9009647_slab_family,MACE-MP-0b3-medium,reused_v18_audit_per_atom.csv,13,19101013,Ti,,,24.2000015,0.0009768559351845147,-0.001269237777061071,-0.015390913103608874,0.0042610809048374675,0.0025550546193970603,-0.06529856825542635,0.003284224969652953,0.003824292396458131,-0.04990765515181747,0.0501615927651588
AgSi_COD9009647_vacuum26_k6x6_sigma0p10,AgSi_COD_slab_vacuum26,AgSi_COD9009647_slab_family,MACE-MP-0b3-medium,reused_v18_audit_per_atom.csv,14,19101014,Ti,,,17.77623575,5.3172093453209837e-05,-1.2517135682368548e-05,-0.2565905659110436,-0.00022859317927882618,0.0001107881069236029,-0.04116787385789325,-0.000281765272732036,0.00012330524260597146,0.21542269205315037,0.21542291161173693
AgSi_COD9009647_vacuum26_k6x6_sigma0p10,AgSi_COD_slab_vacuum26,AgSi_COD9009647_slab_family,MACE-MP-0b3-medium,reused_v18_audit_per_atom.csv,15,19101015,Ti,,,26.58798575,0.009411154566947195,0.008397820109650797,-0.07309181762971685,-0.006577881389740574,0.0006628853698361866,0.022226917026565318,-0.01598903595668777,-0.007734934739814611,0.09531873465628217,0.09695947433195053
AgSi_COD9009647_vacuum26_k6x6_sigma0p10,AgSi_COD_slab_vacuum26,AgSi_COD9009647_slab_family,MACE-MP-0b3-medium,reused_v18_audit_per_atom.csv,16,19101016,Ti,,,21.81201725,0.00031489105552446597,-0.0013105053592904101,0.013781375996779349,0.0005426836114150673,0.000183749147749217,0.11255657426451321,0.00022779255589060134,0.001494254507039627,0.09877519826773386,0.09878676266995726
AgSi_COD9009647_vacuum26_k6x6_sigma0p10,AgSi_COD_slab_vacuum26,AgSi_COD9009647_slab_family,MACE-MP-0b3-medium,reused_v18_audit_per_atom.csv,17,19101017,Ti,,,13.00026725,0.0006298665739734773,-0.0006471784766326977,0.5507452294967345,0.00021322116125285263,-0.00012304151672799888,0.7693058388361271,-0.0004166454127206247,0.0005241369599046988,0.2185606093393926,0.2185616349402595
AgSi_COD9009647_vacuum26_k6x6_sigma0p10,AgSi_COD_slab_vacuum26,AgSi_COD9009647_slab_family,MACE-MP-0b3-medium,reused_v18_audit_per_atom.csv,18,19101018,Si,,,19.7941265,0.000924323221389343,-0.0002966225026580866,0.0735418845769716,0.0001442468219293083,8.179728818755741e-05,0.0005857611974253449,-0.0007800763994600347,0.00037841979084564403,-0.07295612337954625,0.07296127506628892
AgSi_COD9009647_vacuum26_k6x6_sigma0p10,AgSi_COD_slab_vacuum26,AgSi_COD9009647_slab_family,MACE-MP-0b3-medium,reused_v18_audit_per_atom.csv,19,19101019,Si,,,28.6058765,0.04091629144236863,0.020654822236857558,0.9480181204100308,0.1638582462783509,0.10392230705100053,1.075828326961953,0.12294195483598228,0.08326748481414298,0.12781020655192232,0.19591744992473561
AgSi_COD9009647_vacuum26_k6x6_sigma0p10,AgSi_COD_slab_vacuum26,AgSi_COD9009647_slab_family,MACE-MP-0b3-medium,reused_v18_audit_per_atom.csv,20,19101020,C,,,16.6606682,-0.0013439619516083204,0.0009118159422799216,0.17216367756188508,0.000282706021868296,-0.00016422517751496333,0.17752030881844677,0.0016266679734766164,-0.001076041119794885,0.005356631256561689,0.005700650103821284
AgSi_COD9009647_vacuum26_k6x6_sigma0p10,AgSi_COD_slab_vacuum26,AgSi_COD9009647_slab_family,MACE-MP-0b3-medium,reused_v18_audit_per_atom.csv,21,19101021,C,,,25.4724182,-0.0017270286281940346,-0.002240810717889703,0.08316957362312936,-0.0034891208810807965,-0.0015865683418411637,0.3116458101351361,-0.001762092252886762,0.0006542423760485395,0.22847623651200671,0.22848396804345975
AgSi_COD9009647_vacuum26_k6x6_sigma0p10,AgSi_COD_slab_vacuum26,AgSi_COD9009647_slab_family,MACE-MP-0b3-medium,reused_v18_audit_per_atom.csv,22,19101022,C,,,22.9275848,-0.0009363214951990647,0.002363093961854331,-0.10001567066768931,-0.0007326315395048274,-8.504213746357851e-05,-0.1320465765614798,0.00020368995569423735,-0.00244813609931791,-0.0320309058937905,0.032124971476029315
AgSi_COD9009647_vacuum26_k6x6_sigma0p10,AgSi_COD_slab_vacuum26,AgSi_COD9009647_slab_family,MACE-MP-0b3-medium,reused_v18_audit_per_atom.csv,23,19101023,C,,,14.1158348,-0.0007779924408132928,0.0005407288368618692,-0.8983139381535429,-0.0003017965775669139,0.00017405693139161297,-1.0424833995683782,0.0004761958632463789,-0.00036667190547025623,-0.14416946141483533,0.14417071413928048
AgSi_COD9009647_vacuum26_k6x6_sigma0p10,AgSi_COD_slab_vacuum26,AgSi_COD9009647_slab_family,MACE-MP-0b3-medium,reused_v18_audit_per_atom.csv,24,19101024,Ti,,,15.3882515,0.0008305257396711033,-0.00037155577200939963,0.16019467919796357,7.579635355001862e-07,-2.1294960305828661e-07,-0.06687793833299932,-0.0008297677761356031,0.00037134282240634136,-0.2270726175309629,0.22707443722800905
AgSi_COD9009647_vacuum26_k6x6_sigma0p10,AgSi_COD_slab_vacuum26,AgSi_COD9009647_slab_family,MACE-MP-0b3-medium,reused_v18_audit_per_atom.csv,25,19101025,Ti,,,24.2000015,0.0009763831570021536,-0.0012690487867863284,-0.015390663380167244,0.004261080899733674,0.0025550207954461997,-0.06529857050275426,0.003284697742731521,0.003824069582232528,-0.04990790712258701,0.05016185742960116
AgSi_COD9009647_vacuum26_k6x6_sigma0p10,AgSi_COD_slab_vacuum26,AgSi_COD9009647_slab_family,MACE-MP-0b3-medium,reused_v18_audit_per_atom.csv,26,19101026,Ti,,,17.77623575,5.29564209229246e-05,-1.2079386878922074e-05,-0.25659043611321014,-0.00022859318313169874,0.0001107504157690281,-0.041167847935438234,-0.00028154960405462335,0.00012282980264795017,0.2154225881777719,0.21542280718287438
AgSi_COD9009647_vacuum26_k6x6_sigma0p10,AgSi_COD_slab_vacuum26,AgSi_COD9009647_slab_family,MACE-MP-0b3-medium,reused_v18_audit_per_atom.csv,27,19101027,Ti,,,26.58798575,0.009411040794163113,0.00839678947207185,-0.07309258770318489,-0.006577881324858218,0.00066284930344691,0.02222692415191635,-0.01598892211902133,-0.00773394016862494,0.09531951185510124,0.09696014027091125
AgSi_COD9009647_vacuum26_k6x6_sigma0p10,AgSi_COD_slab_vacuum26,AgSi_COD9009647_slab_family,MACE-MP-0b3-medium,reused_v18_audit_per_atom.csv,28,19101028,Ti,,,21.81201725,0.0003156872065801305,-0.0013115765466945866,0.013782334993461355,0.0005426836128137239,0.00018370611388219063,0.11255657928494495,0.0002269964062335934,0.0014952826605767772,0.0987742442914836,0.0987858225301442
AgSi_COD9009647_vacuum26_k6x6_sigma0p10,AgSi_COD_slab_vacuum26,AgSi_COD9009647_slab_family,MACE-MP-0b3-medium,reused_v18_audit_per_atom.csv,29,19101029,Ti,,,13.00026725,0.0006279704280876856,-0.0006477870696269587,0.5507444596994419,0.0002132211664847138,-0.00012290014274148183,0.7693058173825689,-0.00041474926160297177,0.0005248869268854769,0.218561357683127,0.21856238147386617
AgSi_COD9009647_vacuum26_k6x6_sigma0p10,AgSi_COD_slab_vacuum26,AgSi_COD9009647_slab_family,MACE-MP-0b3-medium,reused_v18_audit_per_atom.csv,30,19101030,Si,,,19.7941265,0.0009237511290712202,-0.00029609218272813777,0.07354186613005337,0.00014424682253676543,8.17924322439724e-05,0.0005857673269135787,-0.0007795043065344548,0.00037788461497211017,-0.07295609880313979,0.07296124160346802
AgSi_COD9009647_vacuum26_k6x6_sigma0p10,AgSi_COD_slab_vacuum26,AgSi_COD9009647_slab_family,MACE-MP-0b3-medium,reused_v18_audit_per_atom.csv,31,19101031,Si,,,28.6058765,0.04091619168489348,0.020655080817746467,0.9480171231628436,0.16385824629888346,0.10392231132390012,1.0758283247126978,0.12294205461398998,0.08326723050615364,0.12781120154985426,0.19591805355936875
AgSi_COD9009647_vacuum26_k6x6_sigma0p10,AgSi_COD_slab_vacuum26,AgSi_COD9009647_slab_family,MACE-MP-0b3-medium,reused_v18_audit_per_atom.csv,32,19101032,C,,,16.6606682,-0.0013436211955614342,0.0009115753054769928,0.17216393113299888,0.0002827060260409747,-0.00016408313595724848,0.17752030265832106,0.0016263272216024088,-0.0010756584414342413,0.005356371525322173,0.005700236594356057
AgSi_COD9009647_vacuum26_k6x6_sigma0p10,AgSi_COD_slab_vacuum26,AgSi_COD9009647_slab_family,MACE-MP-0b3-medium,reused_v18_audit_per_atom.csv,33,19101033,C,,,25.4724182,-0.0017263541547543285,-0.0022414007994032924,0.08316942175743765,-0.0034891208916493065,-0.0015866124583906681,0.3116458141091043,-0.001762766736894978,0.0006547883410126243,0.22847639235166667,0.22848413064450002
AgSi_COD9009647_vacuum26_k6x6_sigma0p10,AgSi_COD_slab_vacuum26,AgSi_COD9009647_slab_family,MACE-MP-0b3-medium,reused_v18_audit_per_atom.csv,34,19101034,C,,,22.9275848,-0.000935735095151809,0.002361717796435833,-0.10001629297998954,-0.0007326315408500237,-8.508324040194869e-05,-0.1320465703503778,0.0002031035543017853,-0.0024468010368377813,-0.03203027737038827,0.03212423936518416
AgSi_COD9009647_vacuum26_k6x6_sigma0p10,AgSi_COD_slab_vacuum26,AgSi_COD9009647_slab_family,MACE-MP-0b3-medium,reused_v18_audit_per_atom.csv,35,19101035,C,,,14.1158348,-0.0007752621591547911,0.0005400272340033675,-0.8983133757719381,-0.0003017965832549139,0.0001740298804793113,-1.0424833739606012,0.0004734655758998772,-0.0003659973535240561,-0.14416999818866305,0.14417124020217575
AgSi_COD9009647_vacuum26_k6x6_sigma0p10,AgSi_COD_slab_vacuum26,AgSi_COD9009647_slab_family,MACE-MP-0b3-medium,reused_v18_audit_per_atom.csv,36,19101036,Ti,,,15.3882515,0.0008304769221740491,-0.0003723046533540527,0.16019354703882555,7.579631351747971e-07,-1.5970454328093076e-07,-0.06687795250410247,-0.0008297189590388743,0.0003721449488107718,-0.22707149954292802,0.22707332038372072
AgSi_COD9009647_vacuum26_k6x6_sigma0p10,AgSi_COD_slab_vacuum26,AgSi_COD9009647_slab_family,MACE-MP-0b3-medium,reused_v18_audit_per_atom.csv,37,19101037,Ti,,,24.2000015,0.0009768726587121856,-0.0012690858213891462,-0.01539118755629885,0.004261080904838159,0.002555054619395483,-0.06529856825542577,0.003284208246125973,0.0038241404407846295,-0.04990738069912692,0.050161307022069834
AgSi_COD9009647_vacuum26_k6x6_sigma0p10,AgSi_COD_slab_vacuum26,AgSi_COD9009647_slab_family,MACE-MP-0b3-medium,reused_v18_audit_per_atom.csv,38,19101038,Ti,,,17.77623575,5.316186352557923e-05,-1.2518231488427701e-05,-0.25659050685624984,-0.00022859317928275777,0.00011078810692321718,-0.04116787385789153,-0.000281755042808337,0.0001233063384116449,0.21542263299835832,0.21542285254425217
AgSi_COD9009647_vacuum26_k6x6_sigma0p10,AgSi_COD_slab_vacuum26,AgSi_COD9009647_slab_family,MACE-MP-0b3-medium,reused_v18_audit_per_atom.csv,39,19101039,Ti,,,26.58798575,0.009411093087524582,0.008397763230093173,-0.07309195550812432,-0.006577881389741918,0.0006628853698359138,0.022226917026559767,-0.0159889744772665,-0.007734877860257259,0.09531887253468409,0.09695959520146075
AgSi_COD9009647_vacuum26_k6x6_sigma0p10,AgSi_COD_slab_vacuum26,AgSi_COD9009647_slab_family,MACE-MP-0b3-medium,reused_v18_audit_per_atom.csv,40,19101040,Ti,,,21.81201725,0.00031500830651798767,-0.0013106012625083013,0.013781311742213925,0.0005426836114154597,0.0001837491477499392,0.11255657426451181,0.000227675304897472,0.0014943504102582405,0.09877526252229789,0.09878682809738333
AgSi_COD9009647_vacuum26_k6x6_sigma0p10,AgSi_COD_slab_vacuum26,AgSi_COD9009647_slab_family,MACE-MP-0b3-medium,reused_v18_audit_per_atom.csv,41,19101041,Ti,,,13.00026725,0.0006299095605263871,-0.0006472471960866855,0.5507451322822567,0.00021322116125214964,-0.00012304151672838128,0.7693058388361254,-0.0004166883992742375,0.0005242056793583042,0.2185607065538686,0.21856173240103727
AgSi_COD9009647_vacuum26_k6x6_sigma0p10,AgSi_COD_slab_vacuum26,AgSi_COD9009647_slab_family,MACE-MP-0b3-medium,reused_v18_audit_per_atom.csv,42,19101042,Si,,,19.7941265,0.000924337288226959,-0.00029662662926851195,0.07354186692171069,0.00014424682192870977,8.179728818674125e-05,0.0005857611974238019,-0.0007800904662982492,0.00037842391745525317,-0.07295610572428689,0.0729612575840784
AgSi_COD9009647_vacuum26_k6x6_sigma0p10,AgSi_COD_slab_vacuum26,AgSi_COD9009647_slab_family,MACE-MP-0b3-medium,reused_v18_audit_per_atom.csv,43,19101043,Si,,,28.6058765,0.04091639485508823,0.02065492365146729,0.9480180989366006,0.1638582462783506,0.10392230705100253,1.0758283269619517,0.12294185142326237,0.08326738339953524,0.12781022802535114,0.19591735593733642
AgSi_COD9009647_vacuum26_k6x6_sigma0p10,AgSi_COD_slab_vacuum26,AgSi_COD9009647_slab_family,MACE-MP-0b3-medium,reused_v18_audit_per_atom.csv,44,19101044,C,,,16.6606682,-0.001343943091501442,0.0009118058294106505,0.17216362653946712,0.0002827060218645464,-0.0001642251775175769,0.1775203088184482,0.0016266491133659884,-0.0010760310069282274,0.00535668227898109,0.005700690756727239
AgSi_COD9009647_vacuum26_k6x6_sigma0p10,AgSi_COD_slab_vacuum26,AgSi_COD9009647_slab_family,MACE-MP-0b3-medium,reused_v18_audit_per_atom.csv,45,19101045,C,,,25.4724182,-0.0017269206353844736,-0.0022407822335697254,0.08316958886263966,-0.0034891208810788957,-0.0015865683418406521,0.31164581013513315,-0.001762200245694422,0.0006542138917290732,0.2284762212724935,0.22848395355577922
AgSi_COD9009647_vacuum26_k6x6_sigma0p10,AgSi_COD_slab_vacuum26,AgSi_COD9009647_slab_family,MACE-MP-0b3-medium,reused_v18_audit_per_atom.csv,46,19101046,C,,,22.9275848,-0.0009365128826211421,0.002363045378874718,-0.10001587957840408,-0.0007326315395040234,-8.504213746449185e-05,-0.13204657656148103,0.00020388134311711875,-0.00244808751633921,-0.03203069698307695,0.032124760688780576
AgSi_COD9009647_vacuum26_k6x6_sigma0p10,AgSi_COD_slab_vacuum26,AgSi_COD9009647_slab_family,MACE-MP-0b3-medium,reused_v18_audit_per_atom.csv,47,19101047,C,,,14.1158348,-0.0007779794754043415,0.0005407390566317891,-0.8983139266675921,-0.0003017965775649021,0.0001740569313912861,-1.0424833995683795,0.00047618289783943937,-0.00036668212524050304,-0.1441694729007874,0.14417072560830108
AgSi_COD9009647_vacuum26_k6x6_sigma0p10,AgSi_COD_slab_vacuum26,AgSi_COD9009647_slab_family,MACE-MP-0b3-medium,reused_v18_audit_per_atom.csv,48,19101048,Ag,,,31.2058765,-0.048564328748973234,-0.02601026316177479,-0.6590914408855038,-0.15797291913723685,-0.10573158968813784,-1.1217951972637725,-0.10940859038826362,-0.07972132652636305,-0.46270375637826877,0.4821000889031552
AgSi_COD9009647_vacuum26_k6x6_sigma0p10,AgSi_COD_slab_vacuum26,AgSi_COD9009647_slab_family,MACE-MP-0b3-medium,reused_v18_audit_per_atom.csv,49,19101049,Ag,,,31.2058765,-0.04856483638801903,-0.026011365396794647,-0.6590968141742537,-0.15797291932465918,-0.10573158028633164,-1.1217951977734109,-0.10940808293664014,-0.079720214889537,-0.46269838359915716,0.48209463330260943
AgSi_COD9009647_vacuum26_k6x6_sigma0p10,AgSi_COD_slab_vacuum26,AgSi_COD9009647_slab_family,MACE-MP-0b3-medium,reused_v18_audit_per_atom.csv,50,19101050,Ag,,,31.2058765,-0.04856449530195652,-0.026010250496663844,-0.6590932200013407,-0.15797291913723546,-0.105731589688138,-1.1217951972637712,-0.10940842383527893,-0.07972133919147416,-0.46270197726243045,0.48209834566316945
AgSi_COD9009647_vacuum26_k6x6_sigma0p10,AgSi_COD_slab_vacuum26,AgSi_COD9009647_slab_family,MACE-MP-0b3-medium,reused_v18_audit_per_atom.csv,51,19101051,Ag,,,31.2058765,-0.048564667259906484,-0.026011199828512334,-0.6590972631460235,-0.15797291932465748,-0.1057315802863307,-1.1217951977734104,-0.109408252064751,-0.07972038045781837,-0.46269793462738695,0.4820942681557758
Ag_baseline_k6x6x6_v19,solid_Ag,Ag_fcc_bulk_parent_v19,MACE-MP-0b3-medium,new_frozen_CPU_float64_inference,0,1,Ag,0.0,0.0,0.0,-1.384613833159071e-26,-1.460334902159958e-26,-1.384613833159071e-26,-5.941427905220564e-17,-2.0399263875314766e-16,-1.1996677224326243e-16,-5.941427903835951e-17,-2.0399263873854432e-16,-1.199667722294163e-16,2.4399811403432392e-16
Ag_baseline_k6x6x6_v19,solid_Ag,Ag_fcc_bulk_parent_v19,MACE-MP-0b3-medium,new_frozen_CPU_float64_inference,1,2,Ag,0.0,2.045,2.045,0.0,2.021059544985568e-05,2.0210595449855684e-05,-1.833385873672988e-16,6.08237418764368e-17,-2.0534789146875454e-16,-1.833385873672988e-16,-2.0210595449794857e-05,-2.021059545006103e-05,2.8582098188924065e-05
Ag_baseline_k6x6x6_v19,solid_Ag,Ag_fcc_bulk_parent_v19,MACE-MP-0b3-medium,new_frozen_CPU_float64_inference,2,3,Ag,2.045,0.0,2.045,2.021059544985568e-05,0.0,2.0210595449855687e-05,-2.280077168737016e-16,-6.841315708383533e-17,1.1319070680748666e-16,-2.0210595450083688e-05,-6.841315708383533e-17,-2.0210595449742496e-05,2.8582098188903062e-05
Ag_baseline_k6x6x6_v19,solid_Ag,Ag_fcc_bulk_parent_v19,MACE-MP-0b3-medium,new_frozen_CPU_float64_inference,3,4,Ag,2.045,2.045,0.0,2.021059544985568e-05,2.0210595449855687e-05,0.0,-1.7477339020466331e-16,-1.0245710529988017e-16,-4.2609145378680324e-17,-2.0210595450030454e-05,-2.0210595449958144e-05,-4.2609145378680324e-17,2.8582098189017902e-05
Ag_baseline_k6x6x6_v19,solid_Ag,Ag_fcc_bulk_parent_v19,MACE-MP-0b3-medium,new_frozen_CPU_float64_inference,4,5,Ag,0.0,0.0,4.09,0.0,0.0,-1.0384603748693034e-26,1.2148485342700077e-16,-5.642819091965364e-17,1.1447527488030978e-16,1.2148485342700077e-16,-5.642819091965364e-17,1.144752748906944e-16,1.762024372815109e-16
Ag_baseline_k6x6x6_v19,solid_Ag,Ag_fcc_bulk_parent_v19,MACE-MP-0b3-medium,new_frozen_CPU_float64_inference,5,6,Ag,0.0,2.045,6.135,0.0,2.021059544985568e-05,-2.0210595449855677e-05,1.2956215961201778e-16,-8.922983879555701e-17,1.0364972768961422e-16,1.2956215961201778e-16,-2.021059544994491e-05,2.0210595449959327e-05,2.858209818895825e-05
Ag_baseline_k6x6x6_v19,solid_Ag,Ag_fcc_bulk_parent_v19,MACE-MP-0b3-medium,new_frozen_CPU_float64_inference,6,7,Ag,2.045,0.0,6.135,2.021059544985568e-05,0.0,-2.0210595449855684e-05,-1.0690233420707074e-16,-2.200930410145574e-17,-1.7054500173196985e-16,-2.0210595449962583e-05,-2.200930410145574e-17,2.021059544968514e-05,2.8582098188776867e-05
Ag_baseline_k6x6x6_v19,solid_Ag,Ag_fcc_bulk_parent_v19,MACE-MP-0b3-medium,new_frozen_CPU_float64_inference,7,8,Ag,2.045,2.045,4.09,1.711511041694015e-05,1.711511041694016e-05,-2.1267668477323333e-23,-1.2847795743953228e-16,2.656295322589486e-17,3.708044765795347e-17,-1.7115110417068627e-05,-1.7115110416913597e-05,3.7080468925621945e-17,2.4204421273221867e-05
Ag_baseline_k6x6x6_v19,solid_Ag,Ag_fcc_bulk_parent_v19,MACE-MP-0b3-medium,new_frozen_CPU_float64_inference,8,9,Ag,0.0,4.09,0.0,0.0,-1.0384603748693034e-26,0.0,3.5691935518222806e-16,2.6400322900022033e-17,-1.7320122630821982e-16,3.5691935518222806e-16,2.6400322910406638e-17,-1.7320122630821982e-16,3.9760164480059987e-16
Ag_baseline_k6x6x6_v19,solid_Ag,Ag_fcc_bulk_parent_v19,MACE-MP-0b3-medium,new_frozen_CPU_float64_inference,9,10,Ag,0.0,6.135,2.045,0.0,-2.021059544985568e-05,2.0210595449855677e-05,-6.7220534694101275e-18,3.197313744067652e-16,-1.2153906353562505e-16,-6.7220534694101275e-18,2.021059545017541e-05,-2.0210595449977216e-05,2.858209818913389e-05
Ag_baseline_k6x6x6_v19,solid_Ag,Ag_fcc_bulk_parent_v19,MACE-MP-0b3-medium,new_frozen_CPU_float64_inference,10,11,Ag,2.045,4.09,2.045,1.7115110416940153e-05,-2.1267668477323333e-23,1.7115110416940153e-05,-1.9678269430611905e-16,2.4557179206796675e-16,-1.6805133673525319e-16,-1.7115110417136935e-05,2.455718133356352e-16,-1.7115110417108204e-05,2.4204421273407777e-05
Ag_baseline_k6x6x6_v19,solid_Ag,Ag_fcc_bulk_parent_v19,MACE-MP-0b3-medium,new_frozen_CPU_float64_inference,11,12,Ag,2.045,6.135,0.0,2.0210595449855684e-05,-2.021059544985568e-05,0.0,-1.5851035761738075e-16,-3.8932426512460453e-16,-1.1470858984896637e-16,-2.0210595450014194e-05,2.0210595449466357e-05,-1.1470858984896637e-16,2.858209818865866e-05
Ag_baseline_k6x6x6_v19,solid_Ag,Ag_fcc_bulk_parent_v19,MACE-MP-0b3-medium,new_frozen_CPU_float64_inference,12,13,Ag,0.0,4.09,4.09,0.0,0.0,0.0,-2.5374240036778625e-17,-2.5478751053409354e-18,3.682493938778981e-17,-2.5374240036778625e-17,-2.5478751053409354e-18,3.682493938778981e-17,4.479307854915611e-17
Ag_baseline_k6x6x6_v19,solid_Ag,Ag_fcc_bulk_parent_v19,MACE-MP-0b3-medium,new_frozen_CPU_float64_inference,13,14,Ag,0.0,6.135,6.135,0.0,-2.021059544985568e-05,-2.0210595449855677e-05,-5.854691731421724e-17,1.4191122951326035e-16,2.6378638856572323e-16,-5.854691731421724e-17,2.0210595449997592e-05,2.0210595450119463e-05,2.8582098189108738e-05
Ag_baseline_k6x6x6_v19,solid_Ag,Ag_fcc_bulk_parent_v19,MACE-MP-0b3-medium,new_frozen_CPU_float64_inference,14,15,Ag,2.045,4.09,6.135,1.711511041694015e-05,7.089222825774444e-24,-1.7115110416940153e-05,4.206704429243757e-17,9.085614205428527e-17,1.713039432527097e-16,-1.7115110416898082e-05,9.085613496506245e-17,1.7115110417111457e-05,2.4204421273241183e-05
Ag_baseline_k6x6x6_v19,solid_Ag,Ag_fcc_bulk_parent_v19,MACE-MP-0b3-medium,new_frozen_CPU_float64_inference,15,16,Ag,2.045,6.135,4.09,1.7115110416940153e-05,-1.7115110416940153e-05,-7.089222825774444e-24,1.6067876196235176e-16,-1.786844027074035e-16,2.190243203057292e-16,-1.7115110416779474e-05,1.711511041676147e-05,2.1902432739495202e-16,2.4204421272909837e-05
Ag_baseline_k6x6x6_v19,solid_Ag,Ag_fcc_bulk_parent_v19,MACE-MP-0b3-medium,new_frozen_CPU_float64_inference,16,17,Ag,4.09,0.0,0.0,-1.0384603748693034e-26,0.0,0.0,-9.432558900623889e-17,-2.4275286641950444e-16,8.673792432973955e-17,-9.432558899585428e-17,-2.4275286641950444e-16,8.673792432973955e-17,2.7449906814292143e-16
Ag_baseline_k6x6x6_v19,solid_Ag,Ag_fcc_bulk_parent_v19,MACE-MP-0b3-medium,new_frozen_CPU_float64_inference,17,18,Ag,4.09,2.045,2.045,-2.1267668477323333e-23,1.711511041694016e-05,1.711511041694015e-05,-5.854691731421724e-17,-3.6396666930338384e-16,1.5124620306172787e-16,-5.854689604654877e-17,-1.7115110417304126e-05,-1.7115110416788903e-05,2.420442127330022e-05
Ag_baseline_k6x6x6_v19,solid_Ag,Ag_fcc_bulk_parent_v19,MACE-MP-0b3-medium,new_frozen_CPU_float64_inference,18,19,Ag,6.135,0.0,2.045,-2.021059544985569e-05,0.0,2.021059544985569e-05,3.2928571876881246e-17,-2.0404684886177193e-16,-2.1076890233118206e-16,2.021059544988862e-05,-2.0404684886177193e-16,-2.021059545006646e-05,2.8582098188994202e-05
Ag_baseline_k6x6x6_v19,solid_Ag,Ag_fcc_bulk_parent_v19,MACE-MP-0b3-medium,new_frozen_CPU_float64_inference,19,20,Ag,6.135,2.045,0.0,-2.021059544985569e-05,2.0210595449855694e-05,0.0,1.4090371953688937e-16,8.836247705756861e-17,-1.2977900004651488e-16,2.0210595449996593e-05,-2.021059544976733e-05,-1.2977900004651488e-16,2.8582098188859033e-05
Ag_baseline_k6x6x6_v19,solid_Ag,Ag_fcc_bulk_parent_v19,MACE-MP-0b3-medium,new_frozen_CPU_float64_inference,20,21,Ag,4.09,0.0,4.09,0.0,-8.653836457244194e-28,0.0,3.415236843329339e-18,1.2327554082818658e-16,-8.668998475694073e-17,3.415236843329339e-18,1.2327554082905196e-16,-8.668998475694073e-17,1.5074374370616483e-16
Ag_baseline_k6x6x6_v19,solid_Ag,Ag_fcc_bulk_parent_v19,MACE-MP-0b3-medium,new_frozen_CPU_float64_inference,21,22,Ag,4.09,2.045,6.135,7.089222825774444e-24,1.7115110416940153e-05,-1.7115110416940153e-05,1.7488181042191187e-16,2.2442984970449942e-17,4.0115480381963664e-18,1.7488180333268905e-16,-1.711511041691771e-05,1.7115110416944164e-05,2.420442127313677e-05
Ag_baseline_k6x6x6_v19,solid_Ag,Ag_fcc_bulk_parent_v19,MACE-MP-0b3-medium,new_frozen_CPU_float64_inference,22,23,Ag,6.135,0.0,6.135,-2.021059544985569e-05,0.0,-2.021059544985569e-05,2.5371460190715806e-16,1.2728533504979822e-16,1.22514845490862e-16,2.0210595450109404e-05,1.2728533504979822e-16,2.0210595449978205e-05,2.8582098189087915e-05
Ag_baseline_k6x6x6_v19,solid_Ag,Ag_fcc_bulk_parent_v19,MACE-MP-0b3-medium,new_frozen_CPU_float64_inference,23,24,Ag,6.135,2.045,4.09,-1.7115110416940153e-05,1.711511041694015e-05,-1.4178445651548888e-23,-2.1335093592538915e-17,4.141652298894627e-17,5.0580236729088917e-17,1.7115110416918818e-05,-1.7115110416898733e-05,5.058025090753457e-17,2.4204421273105427e-05
Ag_baseline_k6x6x6_v19,solid_Ag,Ag_fcc_bulk_parent_v19,MACE-MP-0b3-medium,new_frozen_CPU_float64_inference,24,25,Ag,4.09,4.09,0.0,0.0,0.0,0.0,-8.250778532614689e-17,1.487525380650112e-16,2.570643695409079e-16,-8.250778532614689e-17,1.487525380650112e-16,2.570643695409079e-16,3.082481829754599e-16
Ag_baseline_k6x6x6_v19,solid_Ag,Ag_fcc_bulk_parent_v19,MACE-MP-0b3-medium,new_frozen_CPU_float64_inference,25,26,Ag,4.09,6.135,2.045,1.4178445651548888e-23,-1.711511041694016e-05,1.711511041694016e-05,1.8171228410857054e-16,-7.232451214334225e-17,7.090682208055199e-17,1.817122699301249e-16,1.7115110416867836e-05,-1.7115110416869253e-05,2.4204421273048534e-05
Ag_baseline_k6x6x6_v19,solid_Ag,Ag_fcc_bulk_parent_v19,MACE-MP-0b3-medium,new_frozen_CPU_float64_inference,26,27,Ag,6.135,4.09,2.045,-1.711511041694015e-05,1.4178445651548888e-23,1.7115110416940153e-05,-1.2438975405551041e-17,2.6194324487249787e-16,-1.0766127572781059e-16,1.711511041692771e-05,2.6194323069405223e-16,-1.7115110417047814e-05,2.420442127321713e-05
Ag_baseline_k6x6x6_v19,solid_Ag,Ag_fcc_bulk_parent_v19,MACE-MP-0b3-medium,new_frozen_CPU_float64_inference,27,28,Ag,6.135,6.135,0.0,-2.021059544985569e-05,-2.02105954498557e-05,0.0,3.5774576073304423e-16,-8.815823714803517e-17,-7.567731163948821e-17,2.0210595450213437e-05,2.021059544976754e-05,-7.567731163948821e-17,2.8582098189012515e-05
Ag_baseline_k6x6x6_v19,solid_Ag,Ag_fcc_bulk_parent_v19,MACE-MP-0b3-medium,new_frozen_CPU_float64_inference,28,29,Ag,4.09,4.09,4.09,-6.923069165795355e-27,-8.653836457244194e-27,-6.923069165795355e-27,-2.8118203869104083e-16,2.297424403496784e-16,-1.2664367804417987e-16,-2.8118203868411773e-16,2.2974244035833224e-16,-1.266436780372568e-16,3.8455630142693396e-16
Ag_baseline_k6x6x6_v19,solid_Ag,Ag_fcc_bulk_parent_v19,MACE-MP-0b3-medium,new_frozen_CPU_float64_inference,29,30,Ag,4.09,6.135,6.135,1.4178445651548888e-23,-1.7115110416940153e-05,-1.7115110416940153e-05,-2.0339632755828063e-16,2.524785443776478e-16,-4.0115480381963664e-18,-2.0339634173672627e-16,1.7115110417192633e-05,1.711511041693614e-05,2.4204421273325496e-05
Ag_baseline_k6x6x6_v19,solid_Ag,Ag_fcc_bulk_parent_v19,MACE-MP-0b3-medium,new_frozen_CPU_float64_inference,30,31,Ag,6.135,4.09,6.135,-1.711511041694015e-05,-1.4178445651548888e-23,-1.711511041694015e-05,2.110544461762899e-16,-1.5222198501696482e-16,2.205267218835516e-16,1.7115110417151203e-05,-1.5222197083851918e-16,1.7115110417160676e-05,2.420442127345497e-05
Ag_baseline_k6x6x6_v19,solid_Ag,Ag_fcc_bulk_parent_v19,MACE-MP-0b3-medium,new_frozen_CPU_float64_inference,31,32,Ag,6.135,6.135,4.09,-1.711511041694015e-05,-1.7115110416940153e-05,-1.4178445651548888e-23,2.0912414664079632e-16,-1.8214596497756474e-17,-8.608565249534905e-17,1.7115110417149275e-05,1.7115110416921938e-05,-8.60856383169034e-17,2.420442127328479e-05
Ag_baseline_k6x6x6_v19,solid_Ag,Ag_fcc_bulk_parent_v19,V18,new_frozen_CPU_float64_inference,0,1,Ag,0.0,0.0,0.0,-1.384613833159071e-26,-1.460334902159958e-26,-1.384613833159071e-26,7.113721504220516e-17,1.5534584252643868e-16,2.1723708829090809e-16,7.11372150560513e-17,1.5534584254104203e-16,2.1723708830475422e-16,2.7637797795020626e-16
Ag_baseline_k6x6x6_v19,solid_Ag,Ag_fcc_bulk_parent_v19,V18,new_frozen_CPU_float64_inference,1,2,Ag,0.0,2.045,2.045,0.0,2.021059544985568e-05,2.0210595449855684e-05,-9.446111427779957e-18,8.128128161852266e-17,-3.646307431340312e-17,-9.446111427779957e-18,-2.02105954497744e-05,-2.0210595449892147e-05,2.858209818879018e-05
Ag_baseline_k6x6x6_v19,solid_Ag,Ag_fcc_bulk_parent_v19,V18,new_frozen_CPU_float64_inference,2,3,Ag,2.045,0.0,2.045,2.021059544985568e-05,0.0,2.0210595449855687e-05,-9.554531645028508e-17,1.009256697312444e-16,-2.3093506273941244e-17,-2.0210595449951226e-05,1.009256697312444e-16,-2.021059544987878e-05,2.8582098188905762e-05
Ag_baseline_k6x6x6_v19,solid_Ag,Ag_fcc_bulk_parent_v19,V18,new_frozen_CPU_float64_inference,3,4,Ag,2.045,2.045,0.0,2.021059544985568e-05,2.0210595449855687e-05,0.0,4.484531235943168e-17,1.643921544031146e-16,-2.2307459698889254e-17,-2.0210595449810835e-05,-2.0210595449691295e-05,-2.2307459698889254e-17,2.858209818867392e-05
Ag_baseline_k6x6x6_v19,solid_Ag,Ag_fcc_bulk_parent_v19,V18,new_frozen_CPU_float64_inference,4,5,Ag,0.0,0.0,4.09,0.0,0.0,-1.0384603748693034e-26,-8.306343893954571e-17,1.2014727876451138e-16,-1.1461821052506612e-17,-8.306343893954571e-17,1.2014727876451138e-16,-1.1461821042122008e-17,1.465137427840217e-16
Ag_baseline_k6x6x6_v19,solid_Ag,Ag_fcc_bulk_parent_v19,V18,new_frozen_CPU_float64_inference,5,6,Ag,0.0,2.045,6.135,0.0,2.021059544985568e-05,-2.0210595449855677e-05,-1.1382089932024386e-16,2.110331766107254e-16,9.38173692378863e-17,-1.1382089932024386e-16,-2.0210595449644647e-05,2.0210595449949494e-05,2.858209818873898e-05
Ag_baseline_k6x6x6_v19,solid_Ag,Ag_fcc_bulk_parent_v19,V18,new_frozen_CPU_float64_inference,6,7,Ag,2.045,0.0,6.135,2.021059544985568e-05,0.0,-2.0210595449855684e-05,-1.917682592583736e-17,6.579074307913602e-17,1.3209648219020265e-16,-2.0210595449874857e-05,6.579074307913602e-17,2.021059544998778e-05,2.8582098188928835e-05
Ag_baseline_k6x6x6_v19,solid_Ag,Ag_fcc_bulk_parent_v19,V18,new_frozen_CPU_float64_inference,7,8,Ag,2.045,2.045,4.09,1.711511041694015e-05,1.711511041694016e-05,-2.1267668477323333e-23,1.073292388124869e-16,7.825229179914128e-17,-3.873440889513619e-17,-1.711511041683282e-05,-1.7115110416861907e-05,-3.8734387627467715e-17,2.420442127301858e-05
Ag_baseline_k6x6x6_v19,solid_Ag,Ag_fcc_bulk_parent_v19,V18,new_frozen_CPU_float64_inference,8,9,Ag,0.0,4.09,0.0,0.0,-1.0384603748693034e-26,0.0,2.2388774861825667e-17,-2.6897023020291955e-16,4.502405125058231e-19,2.2388774861825667e-17,-2.6897023019253493e-16,4.502405125058231e-19,2.699008052714142e-16
Ag_baseline_k6x6x6_v19,solid_Ag,Ag_fcc_bulk_parent_v19,V18,new_frozen_CPU_float64_inference,9,10,Ag,0.0,6.135,2.045,0.0,-2.021059544985568e-05,2.0210595449855677e-05,2.0050963927403798e-16,-4.476538317598104e-17,-4.6383524191645487e-17,2.0050963927403798e-16,2.0210595449810916e-05,-2.021059544990206e-05,2.858209818882301e-05
Ag_baseline_k6x6x6_v19,solid_Ag,Ag_fcc_bulk_parent_v19,V18,new_frozen_CPU_float64_inference,10,11,Ag,2.045,4.09,2.045,1.7115110416940153e-05,-2.1267668477323333e-23,1.7115110416940153e-05,-8.357843497147632e-17,-1.531435568635775e-17,-2.2800094061012355e-16,-1.711511041702373e-05,-1.5314334418689273e-17,-1.7115110417168154e-05,2.420442127337012e-05
Ag_baseline_k6x6x6_v19,solid_Ag,Ag_fcc_bulk_parent_v19,V18,new_frozen_CPU_float64_inference,11,12,Ag,2.045,6.135,0.0,2.0210595449855684e-05,-2.021059544985568e-05,0.0,4.9243107421576005e-17,-9.44068741155353e-17,2.0137700101202638e-16,-2.021059544980644e-05,2.0210595449761273e-05,2.0137700101202638e-16,2.8582098188720292e-05
Ag_baseline_k6x6x6_v19,solid_Ag,Ag_fcc_bulk_parent_v19,V18,new_frozen_CPU_float64_inference,12,13,Ag,0.0,4.09,4.09,0.0,0.0,0.0,-4.225381439881669e-17,-2.1534965650993332e-17,-9.021911688292468e-17,-4.225381439881669e-17,-2.1534965650993332e-17,-9.021911688292468e-17,1.0192462228516688e-16
Ag_baseline_k6x6x6_v19,solid_Ag,Ag_fcc_bulk_parent_v19,V18,new_frozen_CPU_float64_inference,13,14,Ag,0.0,6.135,6.135,0.0,-2.021059544985568e-05,-2.0210595449855677e-05,8.096279723035504e-17,-6.394288353804065e-17,-4.214158319179595e-17,8.096279723035504e-17,2.0210595449791736e-05,2.0210595449813535e-05,2.858209818874685e-05
Ag_baseline_k6x6x6_v19,solid_Ag,Ag_fcc_bulk_parent_v19,V18,new_frozen_CPU_float64_inference,14,15,Ag,2.045,4.09,6.135,1.711511041694015e-05,7.089222825774444e-24,-1.7115110416940153e-05,3.272257681832813e-17,-1.3758525568841051e-16,1.0640766696587423e-16,-1.7115110416907427e-05,-1.3758526277763333e-16,1.711511041704656e-05,2.42044212732019e-05
Ag_baseline_k6x6x6_v19,solid_Ag,Ag_fcc_bulk_parent_v19,V18,new_frozen_CPU_float64_inference,15,16,Ag,2.045,6.135,4.09,1.7115110416940153e-05,-1.7115110416940153e-05,-7.089222825774444e-24,-3.289198340777899e-17,8.310382226613966e-18,-1.0519644214513286e-16,-1.7115110416973045e-05,1.7115110416948464e-05,-1.0519643505591004e-16,2.4204421273178936e-05
Ag_baseline_k6x6x6_v19,solid_Ag,Ag_fcc_bulk_parent_v19,V18,new_frozen_CPU_float64_inference,16,17,Ag,4.09,0.0,0.0,-1.0384603748693034e-26,0.0,0.0,-5.2631239210593206e-17,2.5261910618912253e-17,-1.8442322576860115e-17,-5.2631239200208604e-17,2.5261910618912253e-17,-1.8442322576860115e-17,6.122361251916168e-17
Ag_baseline_k6x6x6_v19,solid_Ag,Ag_fcc_bulk_parent_v19,V18,new_frozen_CPU_float64_inference,17,18,Ag,4.09,2.045,2.045,-2.1267668477323333e-23,1.711511041694016e-05,1.711511041694015e-05,-1.3767334711492496e-16,-7.788637356592742e-17,2.7267684638010437e-17,-1.3767332584725648e-16,-1.7115110417018046e-05,-1.711511041691288e-05,2.4204421273185597e-05
Ag_baseline_k6x6x6_v19,solid_Ag,Ag_fcc_bulk_parent_v19,V18,new_frozen_CPU_float64_inference,18,19,Ag,6.135,0.0,2.045,-2.021059544985569e-05,0.0,2.021059544985569e-05,6.897474133767218e-17,8.749511531958021e-17,-1.3118846287074604e-17,2.0210595449924666e-05,8.749511531958021e-17,-2.021059544986881e-05,2.858209818887993e-05
Ag_baseline_k6x6x6_v19,solid_Ag,Ag_fcc_bulk_parent_v19,V18,new_frozen_CPU_float64_inference,19,20,Ag,6.135,2.045,0.0,-2.021059544985569e-05,2.0210595449855694e-05,0.0,5.416769272112331e-17,1.0176592641492066e-16,-3.754050022231059e-17,2.0210595449909857e-05,-2.0210595449753928e-05,-3.754050022231059e-17,2.8582098188788224e-05
Ag_baseline_k6x6x6_v19,solid_Ag,Ag_fcc_bulk_parent_v19,V18,new_frozen_CPU_float64_inference,20,21,Ag,4.09,0.0,4.09,0.0,-8.653836457244194e-28,0.0,-7.14218181124826e-18,6.788594607521365e-17,-5.1776750320448384e-17,-7.14218181124826e-18,6.788594607607903e-17,-5.1776750320448384e-17,8.567580935955777e-17
Ag_baseline_k6x6x6_v19,solid_Ag,Ag_fcc_bulk_parent_v19,V18,new_frozen_CPU_float64_inference,21,22,Ag,4.09,2.045,6.135,7.089222825774444e-24,1.7115110416940153e-05,-1.7115110416940153e-05,1.3210325845378068e-16,8.134226799072497e-17,1.0295177254107668e-16,1.3210325136455786e-16,-1.711511041685881e-05,1.7115110417043104e-05,2.4204421273165082e-05
Ag_baseline_k6x6x6_v19,solid_Ag,Ag_fcc_bulk_parent_v19,V18,new_frozen_CPU_float64_inference,22,23,Ag,6.135,0.0,6.135,-2.021059544985569e-05,0.0,-2.021059544985569e-05,2.0596519904024128e-17,1.406752318799942e-17,-5.002237773304996e-17,2.0210595449876287e-05,1.406752318799942e-17,2.0210595449805668e-05,2.8582098188801072e-05
Ag_baseline_k6x6x6_v19,solid_Ag,Ag_fcc_bulk_parent_v19,V18,new_frozen_CPU_float64_inference,23,24,Ag,6.135,2.045,4.09,-1.7115110416940153e-05,1.711511041694015e-05,-1.4178445651548888e-23,1.7317563700032424e-17,3.2187251995663413e-18,-8.303816772943825e-17,1.711511041695747e-05,-1.711511041693693e-05,-8.30381535509926e-17,2.420442127315977e-05
Ag_baseline_k6x6x6_v19,solid_Ag,Ag_fcc_bulk_parent_v19,V18,new_frozen_CPU_float64_inference,24,25,Ag,4.09,4.09,0.0,0.0,0.0,0.0,-5.072710914516554e-17,1.8878670328403846e-17,-5.960461794303962e-17,-5.072710914516554e-17,1.8878670328403846e-17,-5.960461794303962e-17,8.051306897473114e-17
Ag_baseline_k6x6x6_v19,solid_Ag,Ag_fcc_bulk_parent_v19,V18,new_frozen_CPU_float64_inference,25,26,Ag,4.09,6.135,2.045,1.4178445651548888e-23,-1.711511041694016e-05,1.711511041694016e-05,-2.0689287956454638e-16,-7.748952027330521e-17,-6.18672864674541e-17,-2.0689289374299202e-16,1.711511041686267e-05,-1.7115110417002027e-05,2.4204421273138763e-05
Ag_baseline_k6x6x6_v19,solid_Ag,Ag_fcc_bulk_parent_v19,V18,new_frozen_CPU_float64_inference,26,27,Ag,6.135,4.09,2.045,-1.711511041694015e-05,1.4178445651548888e-23,1.7115110416940153e-05,-5.805035823921839e-17,-2.0659472396711287e-16,-1.0009218931114616e-16,1.71151104168821e-05,-2.065947381455585e-16,-1.7115110417040245e-05,2.420442127317953e-05
Ag_baseline_k6x6x6_v19,solid_Ag,Ag_fcc_bulk_parent_v19,V18,new_frozen_CPU_float64_inference,27,28,Ag,6.135,6.135,0.0,-2.021059544985569e-05,-2.02105954498557e-05,0.0,-1.502747791986856e-17,9.936607783682457e-18,1.180018539478911e-16,2.0210595449840664e-05,2.0210595449865638e-05,1.180018539478911e-16,2.858209818881829e-05
Ag_baseline_k6x6x6_v19,solid_Ag,Ag_fcc_bulk_parent_v19,V18,new_frozen_CPU_float64_inference,28,29,Ag,4.09,4.09,4.09,-6.923069165795355e-27,-8.653836457244194e-27,-6.923069165795355e-27,1.0631822577043363e-16,-5.095750210681871e-17,4.3387944325789404e-17,1.063182257773567e-16,-5.0957502098164873e-17,4.338794433271247e-17,1.2562939889193145e-16
Ag_baseline_k6x6x6_v19,solid_Ag,Ag_fcc_bulk_parent_v19,V18,new_frozen_CPU_float64_inference,29,30,Ag,4.09,6.135,6.135,1.4178445651548888e-23,-1.7115110416940153e-05,-1.7115110416940153e-05,4.2392304944183223e-17,-5.289110751122786e-17,8.243324642678851e-17,4.239229076573757e-17,1.711511041688726e-05,1.7115110417022586e-05,2.420442127317069e-05
Ag_baseline_k6x6x6_v19,solid_Ag,Ag_fcc_bulk_parent_v19,V18,new_frozen_CPU_float64_inference,30,31,Ag,6.135,4.09,6.135,-1.711511041694015e-05,-1.4178445651548888e-23,-1.711511041694015e-05,-1.1144355472497215e-17,-1.1062927917498966e-16,1.427216634805606e-16,1.7115110416929006e-05,-1.1062926499654401e-16,1.711511041708287e-05,2.4204421273242836e-05
Ag_baseline_k6x6x6_v19,solid_Ag,Ag_fcc_bulk_parent_v19,V18,new_frozen_CPU_float64_inference,31,32,Ag,6.135,6.135,4.09,-1.711511041694015e-05,-1.7115110416940153e-05,-1.4178445651548888e-23,-8.367422672793971e-17,-1.6778706245570985e-16,-2.242265617971584e-16,1.7115110416856476e-05,1.7115110416772366e-05,-2.2422654761871275e-16,2.420442127297199e-05
Ag_displacement_m01_k6x6x6_v19,solid_Ag,Ag_fcc_bulk_parent_v19,MACE-MP-0b3-medium,new_frozen_CPU_float64_inference,0,1,Ag,-0.01,0.0,0.0,0.058626569310230865,0.0,0.0,0.05302204688917507,1.8127860323957634e-16,5.843950650376076e-17,-0.005604522421055795,1.8127860323957634e-16,5.843950650376076e-17,0.005604522421055795
Ag_displacement_m01_k6x6x6_v19,solid_Ag,Ag_fcc_bulk_parent_v19,MACE-MP-0b3-medium,new_frozen_CPU_float64_inference,1,2,Ag,0.0,2.045,2.045,0.0014948636323447626,-2.0828414622719044e-06,-2.08284146227191e-06,0.001942537358000412,-8.812856132940335e-06,-8.812856132739649e-06,0.0004476737256556493,-6.730014670668431e-06,-6.730014670467739e-06,0.00044777488857387
Ag_displacement_m01_k6x6x6_v19,solid_Ag,Ag_fcc_bulk_parent_v19,MACE-MP-0b3-medium,new_frozen_CPU_float64_inference,2,3,Ag,2.045,0.0,2.045,-0.007674666245050265,-1.0889046260389546e-20,-0.009009591394848436,-0.006784951041052622,-1.5070410197548512e-17,-0.008081042088415402,0.0008897152039976427,-1.5059521151288123e-17,0.0009285493064330342,0.0012860003727456052
Ag_displacement_m01_k6x6x6_v19,solid_Ag,Ag_fcc_bulk_parent_v19,MACE-MP-0b3-medium,new_frozen_CPU_float64_inference,3,4,Ag,2.045,2.045,0.0,-0.0076746662450502675,-0.009009591394848436,0.0,-0.006784951041052572,-0.008081042088414887,4.4885969940899884e-17,0.0008897152039976956,0.0009285493064335494,4.4885969940899884e-17,0.001286000372746014
Ag_displacement_m01_k6x6x6_v19,solid_Ag,Ag_fcc_bulk_parent_v19,MACE-MP-0b3-medium,new_frozen_CPU_float64_inference,4,5,Ag,0.0,0.0,4.09,0.0003203016056494209,0.0,0.0,0.0005372960126050286,-2.0545370002903333e-17,1.1251329604426212e-16,0.0002169944069556077,-2.0545370002903333e-17,1.1251329604426212e-16,0.0002169944069556077
Ag_displacement_m01_k6x6x6_v19,solid_Ag,Ag_fcc_bulk_parent_v19,MACE-MP-0b3-medium,new_frozen_CPU_float64_inference,5,6,Ag,0.0,2.045,6.135,0.001494863632344763,-2.0828414622719154e-06,2.082841462271899e-06,0.001942537358000508,-8.812856133223095e-06,8.81285613304572e-06,0.0004476737256557449,-6.730014670951179e-06,6.7300146707738205e-06,0.0004477748885739744
Ag_displacement_m01_k6x6x6_v19,solid_Ag,Ag_fcc_bulk_parent_v19,MACE-MP-0b3-medium,new_frozen_CPU_float64_inference,6,7,Ag,2.045,0.0,6.135,-0.0076746662450502675,-5.444523130194773e-21,0.009009591394848436,-0.006784951041052492,8.977193988179977e-17,0.008081042088415367,0.0008897152039977754,8.977738440492997e-17,-0.0009285493064330689,0.0012860003727457221
Ag_displacement_m01_k6x6x6_v19,solid_Ag,Ag_fcc_bulk_parent_v19,MACE-MP-0b3-medium,new_frozen_CPU_float64_inference,7,8,Ag,2.045,2.045,4.09,-0.00011504970670018336,-0.00024294639363526958,1.3611307825486933e-21,-0.00030687842020377614,-0.00028208835654679166,7.049090346520781e-17,-0.00019182871350359278,-3.914196291152208e-05,7.048954233442527e-17,0.0001957813795666239
Ag_displacement_m01_k6x6x6_v19,solid_Ag,Ag_fcc_bulk_parent_v19,MACE-MP-0b3-medium,new_frozen_CPU_float64_inference,8,9,Ag,0.0,4.09,0.0,0.0003203016056494209,1.3611307825486933e-21,0.0,0.0005372960126049154,6.900946827870236e-17,6.744164748864222e-17,0.0002169944069554945,6.900810714791981e-17,6.744164748864222e-17,0.0002169944069554945
Ag_displacement_m01_k6x6x6_v19,solid_Ag,Ag_fcc_bulk_parent_v19,MACE-MP-0b3-medium,new_frozen_CPU_float64_inference,9,10,Ag,0.0,6.135,2.045,0.0014948636323447628,2.0828414622719044e-06,-2.0828414622719044e-06,0.00194253735800064,8.812856133086184e-06,-8.81285613307857e-06,0.0004476737256558772,6.73001467081428e-06,-6.730014670806667e-06,0.0004477748885741051
Ag_displacement_m01_k6x6x6_v19,solid_Ag,Ag_fcc_bulk_parent_v19,MACE-MP-0b3-medium,new_frozen_CPU_float64_inference,10,11,Ag,2.045,4.09,2.045,-0.00011504970670018336,1.3611307825486933e-21,-0.00024294639363526958,-0.0003068784202034941,1.5341460740669888e-16,-0.0002820883565469749,-0.00019182871350331072,1.5341324627591632e-16,-3.914196291170531e-05,0.00019578137956638414
Ag_displacement_m01_k6x6x6_v19,solid_Ag,Ag_fcc_bulk_parent_v19,MACE-MP-0b3-medium,new_frozen_CPU_float64_inference,11,12,Ag,2.045,6.135,0.0,-0.007674666245050266,0.009009591394848436,0.0,-0.006784951041052544,0.008081042088415178,2.645453300864631e-16,0.0008897152039977216,-0.000928549306433258,2.645453300864631e-16,0.0012860003727458214
Ag_displacement_m01_k6x6x6_v19,solid_Ag,Ag_fcc_bulk_parent_v19,MACE-MP-0b3-medium,new_frozen_CPU_float64_inference,12,13,Ag,0.0,4.09,4.09,-0.00014528697065890908,-2.1778092520779093e-20,0.0,-0.00012166660638011117,4.391018798566293e-18,-1.3603722353819905e-16,2.3620364278797903e-05,4.4127968910870724e-18,-1.3603722353819905e-16,2.3620364278797903e-05
Ag_displacement_m01_k6x6x6_v19,solid_Ag,Ag_fcc_bulk_parent_v19,MACE-MP-0b3-medium,new_frozen_CPU_float64_inference,13,14,Ag,0.0,6.135,6.135,0.001494863632344763,2.0828414622719044e-06,2.0828414622719154e-06,0.0019425373580005457,8.812856132747215e-06,8.812856132927975e-06,0.00044767372565578264,6.730014670475311e-06,6.730014670656059e-06,0.0004477748885740032
Ag_displacement_m01_k6x6x6_v19,solid_Ag,Ag_fcc_bulk_parent_v19,MACE-MP-0b3-medium,new_frozen_CPU_float64_inference,14,15,Ag,2.045,4.09,6.135,-0.00011504970670018336,2.7222615650973866e-21,0.00024294639363526958,-0.00030687842020389925,-1.953732314818879e-16,0.00028208835654671755,-0.0001918287135037159,-1.95375953743453e-16,3.9141962911447975e-05,0.00019578137956672968
Ag_displacement_m01_k6x6x6_v19,solid_Ag,Ag_fcc_bulk_parent_v19,MACE-MP-0b3-medium,new_frozen_CPU_float64_inference,15,16,Ag,2.045,6.135,4.09,-0.00011504970670018336,0.00024294639363526958,2.7222615650973866e-21,-0.0003068784202038355,0.0002820883565468059,2.4704469886938423e-17,-0.00019182871350365214,3.914196291153634e-05,2.4701747625373327e-17,0.00019578137956668487
Ag_displacement_m01_k6x6x6_v19,solid_Ag,Ag_fcc_bulk_parent_v19,MACE-MP-0b3-medium,new_frozen_CPU_float64_inference,16,17,Ag,4.09,0.0,0.0,-0.0011896283069720885,-1.0889046260389546e-20,0.0,-0.0012615931540690298,1.805196617188365e-17,-3.0926821105747137e-16,-7.19648470969413e-05,1.8062855218144037e-17,-3.0926821105747137e-16,7.19648470969413e-05
Ag_displacement_m01_k6x6x6_v19,solid_Ag,Ag_fcc_bulk_parent_v19,MACE-MP-0b3-medium,new_frozen_CPU_float64_inference,17,18,Ag,4.09,2.045,2.045,-0.00040933745080793077,-4.6842792819868805e-06,-4.684279281986873e-06,-0.0008037668040569041,5.463430779512903e-06,5.463430779488834e-06,-0.0003944293532489733,1.0147710061499784e-05,1.0147710061475707e-05,0.00039469034285549405
Ag_displacement_m01_k6x6x6_v19,solid_Ag,Ag_fcc_bulk_parent_v19,MACE-MP-0b3-medium,new_frozen_CPU_float64_inference,18,19,Ag,6.135,0.0,2.045,-0.007905600817519247,-8.16678469529216e-21,0.009315265948887192,-0.006987727426710555,-2.0448052973076614e-16,0.008373740667582017,0.0009178733908086923,-2.0447236294607086e-16,-0.0009415252813051757,0.0013148997744662659
Ag_displacement_m01_k6x6x6_v19,solid_Ag,Ag_fcc_bulk_parent_v19,MACE-MP-0b3-medium,new_frozen_CPU_float64_inference,19,20,Ag,6.135,2.045,0.0,-0.007905600817519249,0.009315265948887192,2.7222615650973866e-21,-0.006987727426710442,0.00837374066758225,-2.8406096919120216e-17,0.0009178733908088068,-0.0009415252813049432,-2.8408819180685316e-17,0.0013148997744661791
Ag_displacement_m01_k6x6x6_v19,solid_Ag,Ag_fcc_bulk_parent_v19,MACE-MP-0b3-medium,new_frozen_CPU_float64_inference,20,21,Ag,4.09,0.0,4.09,0.0003051608225420113,0.0,0.0,3.0025925296351134e-05,3.7947076036992655e-18,3.538719894302247e-18,-0.00027513489724566016,3.7947076036992655e-18,3.538719894302247e-18,0.00027513489724566016
Ag_displacement_m01_k6x6x6_v19,solid_Ag,Ag_fcc_bulk_parent_v19,MACE-MP-0b3-medium,new_frozen_CPU_float64_inference,21,22,Ag,4.09,2.045,6.135,-0.00040933745080793077,-4.6842792819868695e-06,4.684279281986873e-06,-0.0008037668040568888,5.463430779422589e-06,-5.46343077941088e-06,-0.00039442935324895804,1.0147710061409459e-05,-1.0147710061397753e-05,0.00039469034285547443
Ag_displacement_m01_k6x6x6_v19,solid_Ag,Ag_fcc_bulk_parent_v19,MACE-MP-0b3-medium,new_frozen_CPU_float64_inference,22,23,Ag,6.135,0.0,6.135,-0.007905600817519247,-1.0889046260389546e-20,-0.009315265948887192,-0.006987727426710333,1.2685165418080402e-16,-0.008373740667582258,0.0009178733908089143,1.2686254322706442e-16,0.0009415252813049346,0.001314899774466248
Ag_displacement_m01_k6x6x6_v19,solid_Ag,Ag_fcc_bulk_parent_v19,MACE-MP-0b3-medium,new_frozen_CPU_float64_inference,23,24,Ag,6.135,2.045,4.09,-0.0001049072480308135,0.00021725346800174601,0.0,-0.00030675491175412723,0.00028421171731297354,-1.219932966445469e-16,-0.00020184766372331373,6.695824931122752e-05,-1.219932966445469e-16,0.00021266378747070326
Ag_displacement_m01_k6x6x6_v19,solid_Ag,Ag_fcc_bulk_parent_v19,MACE-MP-0b3-medium,new_frozen_CPU_float64_inference,24,25,Ag,4.09,4.09,0.0,0.0003051608225420113,0.0,0.0,3.0025925296401224e-05,-8.754932542820448e-17,1.5607090272928836e-16,-0.00027513489724561007,-8.754932542820448e-17,1.5607090272928836e-16,0.00027513489724561007
Ag_displacement_m01_k6x6x6_v19,solid_Ag,Ag_fcc_bulk_parent_v19,MACE-MP-0b3-medium,new_frozen_CPU_float64_inference,25,26,Ag,4.09,6.135,2.045,-0.00040933745080793077,4.6842792819868805e-06,-4.684279281986883e-06,-0.0008037668040569799,-5.463430779533796e-06,5.4634307795966034e-06,-0.0003944293532490491,-1.0147710061520676e-05,1.0147710061583487e-05,0.0003946903428555731
Ag_displacement_m01_k6x6x6_v19,solid_Ag,Ag_fcc_bulk_parent_v19,MACE-MP-0b3-medium,new_frozen_CPU_float64_inference,26,27,Ag,6.135,4.09,2.045,-0.00010490724803081353,0.0,0.00021725346800174596,-0.0003067549117542395,-1.1167282376600696e-16,0.0002842117173129348,-0.00020184766372342597,-1.1167282376600696e-16,6.695824931118882e-05,0.00021266378747079762
Ag_displacement_m01_k6x6x6_v19,solid_Ag,Ag_fcc_bulk_parent_v19,MACE-MP-0b3-medium,new_frozen_CPU_float64_inference,27,28,Ag,6.135,6.135,0.0,-0.007905600817519247,-0.009315265948887192,0.0,-0.006987727426710314,-0.008373740667582402,1.2967057982926633e-16,0.0009178733908089334,0.0009415252813047906,1.2967057982926633e-16,0.0013148997744661583
Ag_displacement_m01_k6x6x6_v19,solid_Ag,Ag_fcc_bulk_parent_v19,MACE-MP-0b3-medium,new_frozen_CPU_float64_inference,28,29,Ag,4.09,4.09,4.09,0.0003592583337582543,0.0,0.0,0.00021673397858041387,5.567378155713065e-17,-1.4303754959731294e-16,-0.00014252435517784045,5.567378155713065e-17,-1.4303754959731294e-16,0.00014252435517784045
Ag_displacement_m01_k6x6x6_v19,solid_Ag,Ag_fcc_bulk_parent_v19,MACE-MP-0b3-medium,new_frozen_CPU_float64_inference,29,30,Ag,4.09,6.135,6.135,-0.00040933745080793077,4.684279281986878e-06,4.68427928198688e-06,-0.0008037668040569838,-5.463430779214483e-06,-5.463430779486665e-06,-0.000394429353249053,-1.0147710061201361e-05,-1.0147710061473545e-05,0.00039469034285556594
Ag_displacement_m01_k6x6x6_v19,solid_Ag,Ag_fcc_bulk_parent_v19,MACE-MP-0b3-medium,new_frozen_CPU_float64_inference,30,31,Ag,6.135,4.09,6.135,-0.00010490724803081353,-1.3611307825486933e-21,-0.00021725346800174601,-0.0003067549117542116,-1.2587587222556706e-16,-0.00028421171731273854,-0.00020184766372339805,-1.258745110947845e-16,-6.695824931099252e-05,0.0002126637874707093
Ag_displacement_m01_k6x6x6_v19,solid_Ag,Ag_fcc_bulk_parent_v19,MACE-MP-0b3-medium,new_frozen_CPU_float64_inference,31,32,Ag,6.135,6.135,4.09,-0.00010490724803081353,-0.00021725346800174601,-1.3611307825486933e-21,-0.0003067549117543481,-0.00028421171731272303,-1.1449174941446927e-16,-0.00020184766372353456,-6.695824931097702e-05,-1.144903882836867e-16,0.00021266378747083396
Ag_displacement_m01_k6x6x6_v19,solid_Ag,Ag_fcc_bulk_parent_v19,V18,new_frozen_CPU_float64_inference,0,1,Ag,-0.01,0.0,0.0,0.058626569310230865,0.0,0.0,0.04746960295861403,2.1261882228798545e-16,1.5664305978299796e-16,-0.011156966351616837,2.1261882228798545e-16,1.5664305978299796e-16,0.011156966351616837
Ag_displacement_m01_k6x6x6_v19,solid_Ag,Ag_fcc_bulk_parent_v19,V18,new_frozen_CPU_float64_inference,1,2,Ag,0.0,2.045,2.045,0.0014948636323447626,-2.0828414622719044e-06,-2.08284146227191e-06,0.0014223043607560926,-7.679575936275063e-06,-7.679575936360573e-06,-7.255927158866999e-05,-5.596734474003159e-06,-5.596734474088663e-06,7.298968945696591e-05
Ag_displacement_m01_k6x6x6_v19,solid_Ag,Ag_fcc_bulk_parent_v19,V18,new_frozen_CPU_float64_inference,2,3,Ag,2.045,0.0,2.045,-0.007674666245050265,-1.0889046260389546e-20,-0.009009591394848436,-0.0062876222827214666,-1.2637731573034161e-17,-0.006923287252032763,0.0013870439623287984,-1.2626842526773771e-17,0.002086304142815673,0.002505305556167274
Ag_displacement_m01_k6x6x6_v19,solid_Ag,Ag_fcc_bulk_parent_v19,V18,new_frozen_CPU_float64_inference,3,4,Ag,2.045,2.045,0.0,-0.0076746662450502675,-0.009009591394848436,0.0,-0.006287622282721309,-0.006923287252032952,8.164719985173652e-17,0.0013870439623289588,0.002086304142815484,8.164719985173652e-17,0.0025053055561672054
Ag_displacement_m01_k6x6x6_v19,solid_Ag,Ag_fcc_bulk_parent_v19,V18,new_frozen_CPU_float64_inference,4,5,Ag,0.0,0.0,4.09,0.0003203016056494209,0.0,0.0,0.00033342690017891497,5.715433120437878e-17,-1.4324546515755377e-17,1.3125294529494063e-05,5.715433120437878e-17,-1.4324546515755377e-17,1.3125294529494063e-05
Ag_displacement_m01_k6x6x6_v19,solid_Ag,Ag_fcc_bulk_parent_v19,V18,new_frozen_CPU_float64_inference,5,6,Ag,0.0,2.045,6.135,0.001494863632344763,-2.0828414622719154e-06,2.082841462271899e-06,0.0014223043607560536,-7.679575936436833e-06,7.679575936444138e-06,-7.255927158870946e-05,-5.596734474164917e-06,5.596734474172239e-06,7.298968945702396e-05
Ag_displacement_m01_k6x6x6_v19,solid_Ag,Ag_fcc_bulk_parent_v19,V18,new_frozen_CPU_float64_inference,6,7,Ag,2.045,0.0,6.135,-0.0076746662450502675,-5.444523130194773e-21,0.009009591394848436,-0.006287622282721329,1.415019360365144e-16,0.0069232872520327594,0.0013870439623289389,1.4150738055964458e-16,-0.0020863041428156766,0.0025053055561673546
Ag_displacement_m01_k6x6x6_v19,solid_Ag,Ag_fcc_bulk_parent_v19,V18,new_frozen_CPU_float64_inference,7,8,Ag,2.045,2.045,4.09,-0.00011504970670018336,-0.00024294639363526958,1.3611307825486933e-21,-0.0002549807076637501,2.3574017384383075e-05,2.023070076901491e-16,-0.00013993100096356675,0.00026652041101965263,2.0230564655936654e-16,0.00030102128582668416
Ag_displacement_m01_k6x6x6_v19,solid_Ag,Ag_fcc_bulk_parent_v19,V18,new_frozen_CPU_float64_inference,8,9,Ag,0.0,4.09,0.0,0.0003203016056494209,1.3611307825486933e-21,0.0,0.00033342690017889486,8.872839529078247e-17,6.163887501562887e-17,1.312529452947395e-05,8.872703415999992e-17,6.163887501562887e-17,1.312529452947395e-05
Ag_displacement_m01_k6x6x6_v19,solid_Ag,Ag_fcc_bulk_parent_v19,V18,new_frozen_CPU_float64_inference,9,10,Ag,0.0,6.135,2.045,0.0014948636323447628,2.0828414622719044e-06,-2.0828414622719044e-06,0.0014223043607560215,7.679575936234737e-06,-7.679575936386648e-06,-7.255927158874133e-05,5.5967344739628335e-06,-5.596734474114744e-06,7.298968945703574e-05
Ag_displacement_m01_k6x6x6_v19,solid_Ag,Ag_fcc_bulk_parent_v19,V18,new_frozen_CPU_float64_inference,10,11,Ag,2.045,4.09,2.045,-0.00011504970670018336,1.3611307825486933e-21,-0.00024294639363526958,-0.0002549807076637935,-2.6122496093322622e-17,2.357401738433482e-05,-0.00013993100096361012,-2.6123857224105172e-17,0.0002665204110196044,0.0003010212858266616
Ag_displacement_m01_k6x6x6_v19,solid_Ag,Ag_fcc_bulk_parent_v19,V18,new_frozen_CPU_float64_inference,11,12,Ag,2.045,6.135,0.0,-0.007674666245050266,0.009009591394848436,0.0,-0.006287622282721301,0.00692328725203286,-9.603320742790356e-17,0.001387043962328965,-0.002086304142815576,-9.603320742790356e-17,0.002505305556167285
Ag_displacement_m01_k6x6x6_v19,solid_Ag,Ag_fcc_bulk_parent_v19,V18,new_frozen_CPU_float64_inference,12,13,Ag,0.0,4.09,4.09,-0.00014528697065890908,-2.1778092520779093e-20,0.0,0.00014550846917647762,-1.6347058255650193e-16,-1.6685881070460142e-16,0.0002907954398353867,-1.6344880446398116e-16,-1.6685881070460142e-16,0.0002907954398353867
Ag_displacement_m01_k6x6x6_v19,solid_Ag,Ag_fcc_bulk_parent_v19,V18,new_frozen_CPU_float64_inference,13,14,Ag,0.0,6.135,6.135,0.001494863632344763,2.0828414622719044e-06,2.0828414622719154e-06,0.0014223043607559638,7.679575936421634e-06,7.6795759363499e-06,-7.255927158879923e-05,5.59673447414973e-06,5.596734474077984e-06,7.29896894571048e-05
Ag_displacement_m01_k6x6x6_v19,solid_Ag,Ag_fcc_bulk_parent_v19,V18,new_frozen_CPU_float64_inference,14,15,Ag,2.045,4.09,6.135,-0.00011504970670018336,2.7222615650973866e-21,0.00024294639363526958,-0.0002549807076637708,7.09474796620202e-18,-2.3574017384424417e-05,-0.00013993100096358746,7.092025704636922e-18,-0.000266520411019694,0.00030102128582673045
Ag_displacement_m01_k6x6x6_v19,solid_Ag,Ag_fcc_bulk_parent_v19,V18,new_frozen_CPU_float64_inference,15,16,Ag,2.045,6.135,4.09,-0.00011504970670018336,0.00024294639363526958,2.7222615650973866e-21,-0.0002549807076635333,-2.3574017384307276e-05,-1.9244530375241767e-16,-0.00013993100096334996,-0.00026652041101957684,-1.9244802601398276e-16,0.0003010212858265163
Ag_displacement_m01_k6x6x6_v19,solid_Ag,Ag_fcc_bulk_parent_v19,V18,new_frozen_CPU_float64_inference,16,17,Ag,4.09,0.0,0.0,-0.0011896283069720885,-1.0889046260389546e-20,0.0,0.0007566058176111303,-5.421010862427522e-20,-5.062957286668646e-17,0.0019462341245832188,-4.3321062363885674e-20,-5.062957286668646e-17,0.0019462341245832188
Ag_displacement_m01_k6x6x6_v19,solid_Ag,Ag_fcc_bulk_parent_v19,V18,new_frozen_CPU_float64_inference,17,18,Ag,4.09,2.045,2.045,-0.00040933745080793077,-4.6842792819868805e-06,-4.684279281986873e-06,-0.0005063191145451188,3.958692989372692e-06,3.958692989087242e-06,-9.698166373718804e-05,8.642972271359573e-06,8.642972271074115e-06,9.774888766934927e-05
Ag_displacement_m01_k6x6x6_v19,solid_Ag,Ag_fcc_bulk_parent_v19,V18,new_frozen_CPU_float64_inference,18,19,Ag,6.135,0.0,2.045,-0.007905600817519247,-8.16678469529216e-21,0.009315265948887192,-0.0064662337015444285,-1.4030931364678034e-16,0.007182087171011001,0.0014393671159748187,-1.4030114686208506e-16,-0.0021331787778761917,0.0025733692686691957
Ag_displacement_m01_k6x6x6_v19,solid_Ag,Ag_fcc_bulk_parent_v19,V18,new_frozen_CPU_float64_inference,19,20,Ag,6.135,2.045,0.0,-0.007905600817519249,0.009315265948887192,2.7222615650973866e-21,-0.006466233701544322,0.00718208717101095,1.0428669646594946e-16,0.0014393671159749271,-0.002133178777876242,1.0428397420438436e-16,0.002573369268669298
Ag_displacement_m01_k6x6x6_v19,solid_Ag,Ag_fcc_bulk_parent_v19,V18,new_frozen_CPU_float64_inference,20,21,Ag,4.09,0.0,4.09,0.0003051608225420113,0.0,0.0,0.00015811070308510017,3.710681935331639e-17,-5.858860967170314e-17,-0.00014705011945691113,3.710681935331639e-17,-5.858860967170314e-17,0.00014705011945691113
Ag_displacement_m01_k6x6x6_v19,solid_Ag,Ag_fcc_bulk_parent_v19,V18,new_frozen_CPU_float64_inference,21,22,Ag,4.09,2.045,6.135,-0.00040933745080793077,-4.6842792819868695e-06,4.684279281986873e-06,-0.0005063191145449955,3.95869298924994e-06,-3.958692989306745e-06,-9.698166373706477e-05,8.64297227123681e-06,-8.642972271293618e-06,9.77488876692355e-05
Ag_displacement_m01_k6x6x6_v19,solid_Ag,Ag_fcc_bulk_parent_v19,V18,new_frozen_CPU_float64_inference,22,23,Ag,6.135,0.0,6.135,-0.007905600817519247,-1.0889046260389546e-20,-0.009315265948887192,-0.00646623370154443,-5.4061030825558465e-17,-0.007182087171010868,0.001439367115974817,-5.4050141779298073e-17,0.0021331787778763244,0.0025733692686693045
Ag_displacement_m01_k6x6x6_v19,solid_Ag,Ag_fcc_bulk_parent_v19,V18,new_frozen_CPU_float64_inference,23,24,Ag,6.135,2.045,4.09,-0.0001049072480308135,0.00021725346800174601,0.0,-0.000254216522937103,-2.1451837805990946e-05,-1.0756817792111991e-16,-0.0001493092749062895,-0.00023870530580773696,-1.0756817792111991e-16,0.000281555469834644
Ag_displacement_m01_k6x6x6_v19,solid_Ag,Ag_fcc_bulk_parent_v19,V18,new_frozen_CPU_float64_inference,24,25,Ag,4.09,4.09,0.0,0.0003051608225420113,0.0,0.0,0.00015811070308522466,-2.0469737016526324e-16,-4.743384504624082e-19,-0.00014705011945678664,-2.0469737016526324e-16,-4.743384504624082e-19,0.00014705011945678664
Ag_displacement_m01_k6x6x6_v19,solid_Ag,Ag_fcc_bulk_parent_v19,V18,new_frozen_CPU_float64_inference,25,26,Ag,4.09,6.135,2.045,-0.00040933745080793077,4.6842792819868805e-06,-4.684279281986883e-06,-0.0005063191145450312,-3.9586929892318894e-06,3.958692989360169e-06,-9.698166373710044e-05,-8.642972271218769e-06,8.642972271347052e-06,9.774888766927402e-05
Ag_displacement_m01_k6x6x6_v19,solid_Ag,Ag_fcc_bulk_parent_v19,V18,new_frozen_CPU_float64_inference,26,27,Ag,6.135,4.09,2.045,-0.00010490724803081353,0.0,0.00021725346800174596,-0.0002542165229371369,-1.0923336887791457e-17,-2.145183780606941e-05,-0.00014930927490632335,-1.0923336887791457e-17,-0.00023870530580781538,0.0002815554698347285
Ag_displacement_m01_k6x6x6_v19,solid_Ag,Ag_fcc_bulk_parent_v19,V18,new_frozen_CPU_float64_inference,27,28,Ag,6.135,6.135,0.0,-0.007905600817519247,-0.009315265948887192,0.0,-0.006466233701544465,-0.007182087171011018,1.0121027280152184e-16,0.0014393671159747823,0.0021331787778761744,1.0121027280152184e-16,0.0025733692686691605
Ag_displacement_m01_k6x6x6_v19,solid_Ag,Ag_fcc_bulk_parent_v19,V18,new_frozen_CPU_float64_inference,28,29,Ag,4.09,4.09,4.09,0.0003592583337582543,0.0,0.0,3.347942269222517e-05,2.7376104855258987e-18,8.837304678346306e-17,-0.00032577891106602913,2.7376104855258987e-18,8.837304678346306e-17,0.00032577891106602913
Ag_displacement_m01_k6x6x6_v19,solid_Ag,Ag_fcc_bulk_parent_v19,V18,new_frozen_CPU_float64_inference,29,30,Ag,4.09,6.135,6.135,-0.00040933745080793077,4.684279281986878e-06,4.68427928198688e-06,-0.000506319114545069,-3.95869298940081e-06,-3.958692989283069e-06,-9.698166373713827e-05,-8.642972271387688e-06,-8.642972271269949e-06,9.774888766931968e-05
Ag_displacement_m01_k6x6x6_v19,solid_Ag,Ag_fcc_bulk_parent_v19,V18,new_frozen_CPU_float64_inference,30,31,Ag,6.135,4.09,6.135,-0.00010490724803081353,-1.3611307825486933e-21,-0.00021725346800174601,-0.0002542165229372388,1.4444283442938133e-16,2.1451837806169433e-05,-0.00014930927490642526,1.4444419556016389e-16,0.00023870530580791545,0.00028155546983486737
Ag_displacement_m01_k6x6x6_v19,solid_Ag,Ag_fcc_bulk_parent_v19,V18,new_frozen_CPU_float64_inference,31,32,Ag,6.135,6.135,4.09,-0.00010490724803081353,-0.00021725346800174601,-1.3611307825486933e-21,-0.0002542165229369148,2.1451837806054996e-05,-6.129808032689921e-17,-0.00014930927490610125,0.000238705305807801,-6.129671919611666e-17,0.00028155546983459854
Ag_displacement_p01_k6x6x6_v19,solid_Ag,Ag_fcc_bulk_parent_v19,MACE-MP-0b3-medium,new_frozen_CPU_float64_inference,0,1,Ag,0.01,0.0,0.0,-0.05862656958356623,0.0,0.0,-0.053022046889175146,4.704353226414604e-16,1.689194592936194e-16,0.005604522694391087,4.704353226414604e-16,1.689194592936194e-16,0.005604522694391087
Ag_displacement_p01_k6x6x6_v19,solid_Ag,Ag_fcc_bulk_parent_v19,MACE-MP-0b3-medium,new_frozen_CPU_float64_inference,1,2,Ag,0.0,2.045,2.045,-0.0014948636623435194,-2.0828408507427614e-06,-2.0828408507427725e-06,-0.0019425373580005197,-8.81285613281782e-06,-8.812856132717965e-06,-0.0004476736956570003,-6.730015282075059e-06,-6.730015281975192e-06,0.0004477748586003787
Ag_displacement_p01_k6x6x6_v19,solid_Ag,Ag_fcc_bulk_parent_v19,MACE-MP-0b3-medium,new_frozen_CPU_float64_inference,2,3,Ag,2.045,0.0,2.045,0.007905600882293574,0.0,0.00931526604572973,0.006987727426710347,7.274996577377735e-17,0.008373740667582591,-0.000917873455583227,7.274996577377735e-17,-0.000941525378147139,0.0013148998890255513
Ag_displacement_p01_k6x6x6_v19,solid_Ag,Ag_fcc_bulk_parent_v19,MACE-MP-0b3-medium,new_frozen_CPU_float64_inference,3,4,Ag,2.045,2.045,0.0,0.007905600882293574,0.009315266045729728,0.0,0.00698772742671024,0.008373740667582409,-1.5612511283791264e-17,-0.0009178734555833337,-0.0009415253781473194,-1.5612511283791264e-17,0.001314899889025755
Ag_displacement_p01_k6x6x6_v19,solid_Ag,Ag_fcc_bulk_parent_v19,MACE-MP-0b3-medium,new_frozen_CPU_float64_inference,4,5,Ag,0.0,0.0,4.09,-0.00032030159628415963,0.0,0.0,-0.0005372960126049152,4.959941555887015e-17,-3.2901655252098893e-16,-0.00021699441632075557,4.959941555887015e-17,-3.2901655252098893e-16,0.00021699441632075557
Ag_displacement_p01_k6x6x6_v19,solid_Ag,Ag_fcc_bulk_parent_v19,MACE-MP-0b3-medium,new_frozen_CPU_float64_inference,5,6,Ag,0.0,2.045,6.135,-0.0014948636623435194,-2.0828408507427725e-06,2.082840850742794e-06,-0.0019425373580004971,-8.812856132635457e-06,8.812856132828987e-06,-0.00044767369565697776,-6.730015281892684e-06,6.730015282086193e-06,0.0004477748586003551
Ag_displacement_p01_k6x6x6_v19,solid_Ag,Ag_fcc_bulk_parent_v19,MACE-MP-0b3-medium,new_frozen_CPU_float64_inference,6,7,Ag,2.045,0.0,6.135,0.007905600882293574,-5.444523130194773e-21,-0.00931526604572973,0.006987727426710203,4.358492733391728e-17,-0.008373740667582218,-0.000917873455583371,4.359037185704747e-17,0.0009415253781475119,0.0013148998890259189
Ag_displacement_p01_k6x6x6_v19,solid_Ag,Ag_fcc_bulk_parent_v19,MACE-MP-0b3-medium,new_frozen_CPU_float64_inference,7,8,Ag,2.045,2.045,4.09,0.00010490724959828071,0.0002172534683703619,-1.3611307825486933e-21,0.0003067549117543263,0.0002842117173129531,-1.9157221767845303e-16,0.00020184766215604558,6.69582489425912e-05,-1.9157085654767047e-16,0.0002126637858670797
Ag_displacement_p01_k6x6x6_v19,solid_Ag,Ag_fcc_bulk_parent_v19,MACE-MP-0b3-medium,new_frozen_CPU_float64_inference,8,9,Ag,0.0,4.09,0.0,-0.00032030159628415974,1.7014134781858666e-22,0.0,-0.0005372960126053016,2.0030635136669694e-16,2.4210498272816734e-16,-0.00021699441632114187,2.0030618122534912e-16,2.4210498272816734e-16,0.00021699441632114187
Ag_displacement_p01_k6x6x6_v19,solid_Ag,Ag_fcc_bulk_parent_v19,MACE-MP-0b3-medium,new_frozen_CPU_float64_inference,9,10,Ag,0.0,6.135,2.045,-0.0014948636623435194,2.0828408507427453e-06,-2.0828408507427996e-06,-0.0019425373580005997,8.812856132936987e-06,-8.812856132922229e-06,-0.00044767369565708033,6.730015282194242e-06,-6.730015282179429e-06,0.0004477748586004635
Ag_displacement_p01_k6x6x6_v19,solid_Ag,Ag_fcc_bulk_parent_v19,MACE-MP-0b3-medium,new_frozen_CPU_float64_inference,10,11,Ag,2.045,4.09,2.045,0.00010490724959828069,1.3611307825486933e-21,0.0002172534683703619,0.0003067549117545348,-1.1275702593849246e-17,0.0002842117173126872,0.0002018476621562541,-1.1277063724631794e-17,6.69582489423253e-05,0.0002126637858671939
Ag_displacement_p01_k6x6x6_v19,solid_Ag,Ag_fcc_bulk_parent_v19,MACE-MP-0b3-medium,new_frozen_CPU_float64_inference,11,12,Ag,2.045,6.135,0.0,0.007905600882293572,-0.009315266045729726,-5.444523130194773e-21,0.0069877274267105645,-0.00837374066758264,8.527250086598492e-17,-0.0009178734555830076,0.0009415253781470869,8.527794538911512e-17,0.001314899889025361
Ag_displacement_p01_k6x6x6_v19,solid_Ag,Ag_fcc_bulk_parent_v19,MACE-MP-0b3-medium,new_frozen_CPU_float64_inference,12,13,Ag,0.0,4.09,4.09,0.0001452870020444592,0.0,0.0,0.00012166660637958645,-1.809533425878307e-16,-4.2782491247477306e-17,-2.3620395664872767e-05,-1.809533425878307e-16,-4.2782491247477306e-17,2.3620395664872767e-05
Ag_displacement_p01_k6x6x6_v19,solid_Ag,Ag_fcc_bulk_parent_v19,MACE-MP-0b3-medium,new_frozen_CPU_float64_inference,13,14,Ag,0.0,6.135,6.135,-0.0014948636623435194,2.082840850742767e-06,2.082840850742778e-06,-0.0019425373580007452,8.812856132804268e-06,8.812856132885257e-06,-0.00044767369565722583,6.730015282061501e-06,6.7300152821424795e-06,0.0004477748586006065
Ag_displacement_p01_k6x6x6_v19,solid_Ag,Ag_fcc_bulk_parent_v19,MACE-MP-0b3-medium,new_frozen_CPU_float64_inference,14,15,Ag,2.045,4.09,6.135,0.00010490724959828073,0.0,-0.00021725346837036188,0.0003067549117541214,-2.1196152472091612e-16,-0.00028421171731302314,0.00020184766215584064,-2.1196152472091612e-16,-6.695824894266126e-05,0.00021266378586690725
Ag_displacement_p01_k6x6x6_v19,solid_Ag,Ag_fcc_bulk_parent_v19,MACE-MP-0b3-medium,new_frozen_CPU_float64_inference,15,16,Ag,2.045,6.135,4.09,0.00010490724959828071,-0.0002172534683703619,0.0,0.00030675491175398927,-0.0002842117173129916,1.0065067328966315e-16,0.00020184766215570855,-6.695824894262969e-05,1.0065067328966315e-16,0.00021266378586677192
Ag_displacement_p01_k6x6x6_v19,solid_Ag,Ag_fcc_bulk_parent_v19,MACE-MP-0b3-medium,new_frozen_CPU_float64_inference,16,17,Ag,4.09,0.0,0.0,0.0011896283554080744,-1.0889046260389546e-20,0.0,0.0012615931540686538,-7.41594285980085e-17,1.826819058537337e-17,7.19647986605794e-05,-7.414853955174812e-17,1.826819058537337e-17,7.19647986605794e-05
Ag_displacement_p01_k6x6x6_v19,solid_Ag,Ag_fcc_bulk_parent_v19,MACE-MP-0b3-medium,new_frozen_CPU_float64_inference,17,18,Ag,4.09,2.045,2.045,0.0004093374278728037,-4.684282082453924e-06,-4.684282082453927e-06,0.0008037668040570139,5.4634307796182875e-06,5.4634307796611135e-06,0.0003944293761842102,1.0147712862072211e-05,1.014771286211504e-05,0.00039469036591957524
Ag_displacement_p01_k6x6x6_v19,solid_Ag,Ag_fcc_bulk_parent_v19,MACE-MP-0b3-medium,new_frozen_CPU_float64_inference,18,19,Ag,6.135,0.0,2.045,0.007674666297745761,-5.444523130194773e-21,-0.00900959148076825,0.006784951041052435,-1.9190378452993428e-16,-0.008081042088414935,-0.0008897152566933264,-1.918983400068041e-16,0.0009285493923533155,0.001286000471241198
Ag_displacement_p01_k6x6x6_v19,solid_Ag,Ag_fcc_bulk_parent_v19,MACE-MP-0b3-medium,new_frozen_CPU_float64_inference,19,20,Ag,6.135,2.045,0.0,0.007674666297745761,-0.009009591480768249,0.0,0.006784951041052466,-0.008081042088415,6.071532165918825e-18,-0.0008897152566932952,0.0009285493923532496,6.071532165918825e-18,0.0012860004712411286
Ag_displacement_p01_k6x6x6_v19,solid_Ag,Ag_fcc_bulk_parent_v19,MACE-MP-0b3-medium,new_frozen_CPU_float64_inference,20,21,Ag,4.09,0.0,4.09,-0.0003051608527986539,0.0,0.0,-3.0025925295997684e-05,2.2475375154396775e-16,7.386497229143771e-17,0.00027513492750265623,2.2475375154396775e-16,7.386497229143771e-17,0.00027513492750265623
Ag_displacement_p01_k6x6x6_v19,solid_Ag,Ag_fcc_bulk_parent_v19,MACE-MP-0b3-medium,new_frozen_CPU_float64_inference,21,22,Ag,4.09,2.045,6.135,0.0004093374278728038,-4.684282082453924e-06,4.684282082453922e-06,0.0008037668040570493,5.463430779848897e-06,-5.463430779771268e-06,0.00039442937618424544,1.014771286230282e-05,-1.014771286222519e-05,0.0003946903659196192
Ag_displacement_p01_k6x6x6_v19,solid_Ag,Ag_fcc_bulk_parent_v19,MACE-MP-0b3-medium,new_frozen_CPU_float64_inference,22,23,Ag,6.135,0.0,6.135,0.007674666297745761,0.0,0.00900959148076825,0.006784951041052685,-7.3075226425523e-17,0.008081042088415012,-0.0008897152566930766,-7.3075226425523e-17,-0.0009285493923532392,0.0012860004712409699
Ag_displacement_p01_k6x6x6_v19,solid_Ag,Ag_fcc_bulk_parent_v19,MACE-MP-0b3-medium,new_frozen_CPU_float64_inference,23,24,Ag,6.135,2.045,4.09,0.000115049706263914,-0.00024294640050537343,0.0,0.0003068784202038146,-0.00028208835654644504,5.493659545880866e-17,0.00019182871393990064,-3.914195604107161e-05,5.493659545880866e-17,0.00019578137862053536
Ag_displacement_p01_k6x6x6_v19,solid_Ag,Ag_fcc_bulk_parent_v19,MACE-MP-0b3-medium,new_frozen_CPU_float64_inference,24,25,Ag,4.09,4.09,0.0,-0.00030516085279865397,2.1778092520779093e-20,0.0,-3.0025925296383064e-05,-1.0885389811754465e-16,1.7591372164750046e-16,0.0002751349275022709,-1.0887567621006543e-16,1.7591372164750046e-16,0.0002751349275022709
Ag_displacement_p01_k6x6x6_v19,solid_Ag,Ag_fcc_bulk_parent_v19,MACE-MP-0b3-medium,new_frozen_CPU_float64_inference,25,26,Ag,4.09,6.135,2.045,0.0004093374278728038,4.684282082453935e-06,-4.684282082453924e-06,0.0008037668040572895,-5.463430779486768e-06,5.46343077938475e-06,0.0003944293761844857,-1.0147712861940704e-05,1.0147712861838674e-05,0.00039469036591984006
Ag_displacement_p01_k6x6x6_v19,solid_Ag,Ag_fcc_bulk_parent_v19,MACE-MP-0b3-medium,new_frozen_CPU_float64_inference,26,27,Ag,6.135,4.09,2.045,0.00011504970626391403,2.7222615650973866e-21,-0.00024294640050537343,0.0003068784202038726,-2.7755575615628914e-17,-0.0002820883565466687,0.00019182871393995854,-2.775829787719401e-17,-3.914195604129528e-05,0.00019578137862063678
Ag_displacement_p01_k6x6x6_v19,solid_Ag,Ag_fcc_bulk_parent_v19,MACE-MP-0b3-medium,new_frozen_CPU_float64_inference,27,28,Ag,6.135,6.135,0.0,0.007674666297745761,0.009009591480768249,0.0,0.006784951041052682,0.008081042088414902,-1.713039432527097e-17,-0.0008897152566930792,-0.0009285493923533467,-1.713039432527097e-17,0.0012860004712410495
Ag_displacement_p01_k6x6x6_v19,solid_Ag,Ag_fcc_bulk_parent_v19,MACE-MP-0b3-medium,new_frozen_CPU_float64_inference,28,29,Ag,4.09,4.09,4.09,-0.0003592583582172768,0.0,0.0,-0.00021673397858016548,-6.792526610621685e-17,-1.516380408678305e-16,0.00014252437963711132,-6.792526610621685e-17,-1.516380408678305e-16,0.00014252437963711132
Ag_displacement_p01_k6x6x6_v19,solid_Ag,Ag_fcc_bulk_parent_v19,MACE-MP-0b3-medium,new_frozen_CPU_float64_inference,29,30,Ag,4.09,6.135,6.135,0.0004093374278728039,4.68428208245393e-06,4.68428208245393e-06,0.0008037668040569656,-5.4634307798535195e-06,-5.463430779601699e-06,0.0003944293761841617,-1.0147712862307449e-05,-1.014771286205563e-05,0.0003946903659195313
Ag_displacement_p01_k6x6x6_v19,solid_Ag,Ag_fcc_bulk_parent_v19,MACE-MP-0b3-medium,new_frozen_CPU_float64_inference,30,31,Ag,6.135,4.09,6.135,0.00011504970626391403,0.0,0.00024294640050537343,0.0003068784202036312,-1.940721888749053e-16,0.0002820883565464752,0.00019182871393971714,-1.940721888749053e-16,3.914195604110175e-05,0.00019578137862036159
Ag_displacement_p01_k6x6x6_v19,solid_Ag,Ag_fcc_bulk_parent_v19,MACE-MP-0b3-medium,new_frozen_CPU_float64_inference,31,32,Ag,6.135,6.135,4.09,0.00011504970626391403,0.00024294640050537343,0.0,0.00030687842020373787,0.0002820883565465338,2.0599841277224584e-17,0.00019182871393982383,3.914195604116035e-05,2.0599841277224584e-17,0.0001957813786204778
Ag_displacement_p01_k6x6x6_v19,solid_Ag,Ag_fcc_bulk_parent_v19,V18,new_frozen_CPU_float64_inference,0,1,Ag,0.01,0.0,0.0,-0.05862656958356623,0.0,0.0,-0.04746960295861376,2.1056561442384103e-16,-4.745025463305437e-18,0.011156966624952476,2.1056561442384103e-16,-4.745025463305437e-18,0.011156966624952476
Ag_displacement_p01_k6x6x6_v19,solid_Ag,Ag_fcc_bulk_parent_v19,V18,new_frozen_CPU_float64_inference,1,2,Ag,0.0,2.045,2.045,-0.0014948636623435194,-2.0828408507427614e-06,-2.0828408507427725e-06,-0.0014223043607560276,-7.679575936374857e-06,-7.679575936448081e-06,7.255930158749178e-05,-5.596735085632096e-06,-5.5967350857053085e-06,7.298971937268218e-05
Ag_displacement_p01_k6x6x6_v19,solid_Ag,Ag_fcc_bulk_parent_v19,V18,new_frozen_CPU_float64_inference,2,3,Ag,2.045,0.0,2.045,0.007905600882293574,0.0,0.00931526604572973,0.006466233701544394,1.4690939437178585e-16,0.00718208717101089,-0.00143936718074918,1.4690939437178585e-16,-0.0021331788747188402,0.002573369385176675
Ag_displacement_p01_k6x6x6_v19,solid_Ag,Ag_fcc_bulk_parent_v19,V18,new_frozen_CPU_float64_inference,3,4,Ag,2.045,2.045,0.0,0.007905600882293574,0.009315266045729728,0.0,0.006466233701544508,0.007182087171011081,1.3471211993132393e-17,-0.0014393671807490654,-0.002133178874718647,1.3471211993132393e-17,0.002573369385176451
Ag_displacement_p01_k6x6x6_v19,solid_Ag,Ag_fcc_bulk_parent_v19,V18,new_frozen_CPU_float64_inference,4,5,Ag,0.0,0.0,4.09,-0.00032030159628415963,0.0,0.0,-0.0003334269001791358,1.0496983383846105e-16,-4.602561267088551e-17,-1.3125303894976194e-05,1.0496983383846105e-16,-4.602561267088551e-17,1.3125303894976194e-05
Ag_displacement_p01_k6x6x6_v19,solid_Ag,Ag_fcc_bulk_parent_v19,V18,new_frozen_CPU_float64_inference,5,6,Ag,0.0,2.045,6.135,-0.0014948636623435194,-2.0828408507427725e-06,2.082840850742794e-06,-0.0014223043607560467,-7.679575936373461e-06,7.67957593637544e-06,7.25593015874727e-05,-5.596735085630688e-06,5.596735085632646e-06,7.298971937265754e-05
Ag_displacement_p01_k6x6x6_v19,solid_Ag,Ag_fcc_bulk_parent_v19,V18,new_frozen_CPU_float64_inference,6,7,Ag,2.045,0.0,6.135,0.007905600882293574,-5.444523130194773e-21,-0.00931526604572973,0.006466233701544353,-2.1243586317137853e-17,-0.007182087171011009,-0.0014393671807492207,-2.1238141794007657e-17,0.0021331788747187205,0.0025733693851765988
Ag_displacement_p01_k6x6x6_v19,solid_Ag,Ag_fcc_bulk_parent_v19,V18,new_frozen_CPU_float64_inference,7,8,Ag,2.045,2.045,4.09,0.00010490724959828071,0.0002172534683703619,-1.3611307825486933e-21,0.0002542165229370172,-2.145183780632501e-05,5.75922182953543e-18,0.00014930927333873647,-0.00023870530617668692,5.760582960317979e-18,0.00028155546931616754
Ag_displacement_p01_k6x6x6_v19,solid_Ag,Ag_fcc_bulk_parent_v19,V18,new_frozen_CPU_float64_inference,8,9,Ag,0.0,4.09,0.0,-0.00032030159628415974,1.7014134781858666e-22,0.0,-0.00033342690017889616,2.90925324195751e-16,8.645255708304835e-17,-1.3125303894736423e-05,2.909251540544032e-16,8.645255708304835e-17,1.3125303894736423e-05
Ag_displacement_p01_k6x6x6_v19,solid_Ag,Ag_fcc_bulk_parent_v19,V18,new_frozen_CPU_float64_inference,9,10,Ag,0.0,6.135,2.045,-0.0014948636623435194,2.0828408507427453e-06,-2.0828408507427996e-06,-0.0014223043607559899,7.679575936051758e-06,-7.679575936073442e-06,7.255930158752951e-05,5.596735085309012e-06,-5.596735085330642e-06,7.298971937266619e-05
Ag_displacement_p01_k6x6x6_v19,solid_Ag,Ag_fcc_bulk_parent_v19,V18,new_frozen_CPU_float64_inference,10,11,Ag,2.045,4.09,2.045,0.00010490724959828069,1.3611307825486933e-21,0.0002172534683703619,0.0002542165229372507,-1.0282979979667206e-16,-2.1451837806279615e-05,0.00014930927333897003,-1.0283116092745461e-16,-0.00023870530617664152,0.0002815554693162529
Ag_displacement_p01_k6x6x6_v19,solid_Ag,Ag_fcc_bulk_parent_v19,V18,new_frozen_CPU_float64_inference,11,12,Ag,2.045,6.135,0.0,0.007905600882293572,-0.009315266045729726,-5.444523130194773e-21,0.006466233701544414,-0.0071820871710110605,9.119495523318699e-17,-0.0014393671807491583,0.002133178874718666,9.120039975631719e-17,0.0025733693851765185
Ag_displacement_p01_k6x6x6_v19,solid_Ag,Ag_fcc_bulk_parent_v19,V18,new_frozen_CPU_float64_inference,12,13,Ag,0.0,4.09,4.09,0.0001452870020444592,0.0,0.0,-0.00014550846917681361,-2.6251245101305276e-17,1.069595519025382e-17,-0.00029079547122127283,-2.6251245101305276e-17,1.069595519025382e-17,0.00029079547122127283
Ag_displacement_p01_k6x6x6_v19,solid_Ag,Ag_fcc_bulk_parent_v19,V18,new_frozen_CPU_float64_inference,13,14,Ag,0.0,6.135,6.135,-0.0014948636623435194,2.082840850742767e-06,2.082840850742778e-06,-0.0014223043607561143,7.679575936336656e-06,7.679575936266403e-06,7.255930158740504e-05,5.596735085593889e-06,5.596735085523625e-06,7.29897193725791e-05
Ag_displacement_p01_k6x6x6_v19,solid_Ag,Ag_fcc_bulk_parent_v19,V18,new_frozen_CPU_float64_inference,14,15,Ag,2.045,4.09,6.135,0.00010490724959828073,0.0,-0.00021725346837036188,0.00025421652293692524,1.0635345685724995e-16,2.1451837806210348e-05,0.0001493092733386445,1.0635345685724995e-16,0.00023870530617657224,0.00028155546931602155
Ag_displacement_p01_k6x6x6_v19,solid_Ag,Ag_fcc_bulk_parent_v19,V18,new_frozen_CPU_float64_inference,15,16,Ag,2.045,6.135,4.09,0.00010490724959828071,-0.0002172534683703619,0.0,0.0002542165229370544,2.145183780624677e-05,-5.634102588424171e-17,0.0001493092733387737,0.00023870530617660867,-5.634102588424171e-17,0.00028155546931612097
Ag_displacement_p01_k6x6x6_v19,solid_Ag,Ag_fcc_bulk_parent_v19,V18,new_frozen_CPU_float64_inference,16,17,Ag,4.09,0.0,0.0,0.0011896283554080744,-1.0889046260389546e-20,0.0,-0.0007566058176111778,1.2097324552685917e-16,-1.1007495401174883e-16,-0.0019462341730192522,1.2098413457311957e-16,-1.1007495401174883e-16,0.0019462341730192522
Ag_displacement_p01_k6x6x6_v19,solid_Ag,Ag_fcc_bulk_parent_v19,V18,new_frozen_CPU_float64_inference,17,18,Ag,4.09,2.045,2.045,0.0004093374278728037,-4.684282082453924e-06,-4.684282082453927e-06,0.0005063191145450438,3.958692989204613e-06,3.958692989120981e-06,9.698168667224006e-05,8.642975071658537e-06,8.642975071574907e-06,9.774891091960934e-05
Ag_displacement_p01_k6x6x6_v19,solid_Ag,Ag_fcc_bulk_parent_v19,V18,new_frozen_CPU_float64_inference,18,19,Ag,6.135,0.0,2.045,0.007674666297745761,-5.444523130194773e-21,-0.00900959148076825,0.0062876222827215325,1.2430377907546308e-16,-0.006923287252032717,-0.0013870440150242289,1.2430922359859327e-16,0.0020863042287355337,0.00250530565689185
Ag_displacement_p01_k6x6x6_v19,solid_Ag,Ag_fcc_bulk_parent_v19,V18,new_frozen_CPU_float64_inference,19,20,Ag,6.135,2.045,0.0,0.007674666297745761,-0.009009591480768249,0.0,0.006287622282721464,-0.006923287252033055,1.570060271030571e-16,-0.0013870440150242974,0.0020863042287351937,1.570060271030571e-16,0.0025053056568916047
Ag_displacement_p01_k6x6x6_v19,solid_Ag,Ag_fcc_bulk_parent_v19,V18,new_frozen_CPU_float64_inference,20,21,Ag,4.09,0.0,4.09,-0.0003051608527986539,0.0,0.0,-0.00015811070308535143,-5.4168983265989503e-17,1.0086670602073596e-16,0.0001470501497133025,-5.4168983265989503e-17,1.0086670602073596e-16,0.0001470501497133025
Ag_displacement_p01_k6x6x6_v19,solid_Ag,Ag_fcc_bulk_parent_v19,V18,new_frozen_CPU_float64_inference,21,22,Ag,4.09,2.045,6.135,0.0004093374278728038,-4.684282082453924e-06,4.684282082453922e-06,0.0005063191145451462,3.95869298930068e-06,-3.958692989159856e-06,9.698168667234241e-05,8.642975071754604e-06,-8.642975071613778e-06,9.77489109197228e-05
Ag_displacement_p01_k6x6x6_v19,solid_Ag,Ag_fcc_bulk_parent_v19,V18,new_frozen_CPU_float64_inference,22,23,Ag,6.135,0.0,6.135,0.007674666297745761,0.0,0.00900959148076825,0.006287622282721646,7.720874720812398e-17,0.006923287252032656,-0.0013870440150241152,7.720874720812398e-17,-0.0020863042287355945,0.0025053056568918376
Ag_displacement_p01_k6x6x6_v19,solid_Ag,Ag_fcc_bulk_parent_v19,V18,new_frozen_CPU_float64_inference,23,24,Ag,6.135,2.045,4.09,0.000115049706263914,-0.00024294640050537343,0.0,0.00025498070766368685,2.357401738423758e-05,7.530918715760638e-17,0.00013993100139977286,0.000266520417889611,7.530918715760638e-17,0.00030102129211203004
Ag_displacement_p01_k6x6x6_v19,solid_Ag,Ag_fcc_bulk_parent_v19,V18,new_frozen_CPU_float64_inference,24,25,Ag,4.09,4.09,0.0,-0.00030516085279865397,2.1778092520779093e-20,0.0,-0.00015811070308538528,-6.852157730108388e-17,2.314715550431287e-17,0.0001470501497132687,-6.854335539360466e-17,2.314715550431287e-17,0.0001470501497132687
Ag_displacement_p01_k6x6x6_v19,solid_Ag,Ag_fcc_bulk_parent_v19,V18,new_frozen_CPU_float64_inference,25,26,Ag,4.09,6.135,2.045,0.0004093374278728038,4.684282082453935e-06,-4.684282082453924e-06,0.0005063191145450694,-3.958692989249721e-06,3.958692989274951e-06,9.698168667226554e-05,-8.642975071703657e-06,8.642975071728874e-06,9.774891091965222e-05
Ag_displacement_p01_k6x6x6_v19,solid_Ag,Ag_fcc_bulk_parent_v19,V18,new_frozen_CPU_float64_inference,26,27,Ag,6.135,4.09,2.045,0.00011504970626391403,2.7222615650973866e-21,-0.00024294640050537343,0.00025498070766408106,4.30970363562988e-18,2.357401738422666e-05,0.00013993100140016702,4.306981374064783e-18,0.0002665204178896001,0.0003010212921122036
Ag_displacement_p01_k6x6x6_v19,solid_Ag,Ag_fcc_bulk_parent_v19,V18,new_frozen_CPU_float64_inference,27,28,Ag,6.135,6.135,0.0,0.007674666297745761,0.009009591480768249,0.0,0.006287622282721214,0.006923287252033006,3.7174581989096733e-17,-0.0013870440150245472,-0.002086304228735243,3.7174581989096733e-17,0.0025053056568917842
Ag_displacement_p01_k6x6x6_v19,solid_Ag,Ag_fcc_bulk_parent_v19,V18,new_frozen_CPU_float64_inference,28,29,Ag,4.09,4.09,4.09,-0.0003592583582172768,0.0,0.0,-3.347942269223728e-05,-7.868597266813548e-17,-5.183082546513668e-17,0.0003257789355250395,-7.868597266813548e-17,-5.183082546513668e-17,0.0003257789355250395
Ag_displacement_p01_k6x6x6_v19,solid_Ag,Ag_fcc_bulk_parent_v19,V18,new_frozen_CPU_float64_inference,29,30,Ag,4.09,6.135,6.135,0.0004093374278728039,4.68428208245393e-06,4.68428208245393e-06,0.000506319114544949,-3.95869298940698e-06,-3.958692989310885e-06,9.698168667214514e-05,-8.64297507186091e-06,-8.642975071764816e-06,9.774891091954985e-05
Ag_displacement_p01_k6x6x6_v19,solid_Ag,Ag_fcc_bulk_parent_v19,V18,new_frozen_CPU_float64_inference,30,31,Ag,6.135,4.09,6.135,0.00011504970626391403,0.0,0.00024294640050537343,0.0002549807076637257,-2.4048959438444095e-16,-2.3574017384270952e-05,0.00013993100139981168,-2.4048959438444095e-16,-0.0002665204178896444,0.00030102129211207764
Ag_displacement_p01_k6x6x6_v19,solid_Ag,Ag_fcc_bulk_parent_v19,V18,new_frozen_CPU_float64_inference,31,32,Ag,6.135,6.135,4.09,0.00011504970626391403,0.00024294640050537343,0.0,0.0002549807076637524,-2.35740173841552e-05,-7.822518674482914e-17,0.00013993100139983835,-0.0002665204178895286,-7.822518674482914e-17,0.00030102129211198754
Ag_shear_m005_k8x8x8_v19,solid_Ag,Ag_fcc_bulk_parent_v19,MACE-MP-0b3-medium,new_frozen_CPU_float64_inference,0,1,Ag,0.0,0.0,0.0,0.0,0.0,0.0,2.076247160309741e-16,-1.432773170939594e-16,-1.9792730816930527e-16,2.076247160309741e-16,-1.432773170939594e-16,-1.9792730816930527e-16,3.2064252933716195e-16
Ag_shear_m005_k8x8x8_v19,solid_Ag,Ag_fcc_bulk_parent_v19,MACE-MP-0b3-medium,new_frozen_CPU_float64_inference,1,2,Ag,-0.010225,2.045,2.045,4.105662278607482e-06,3.3008338969641517e-06,7.28531575612827e-06,6.199468022272114e-16,3.6673138484322187e-16,1.6544925152128798e-16,-4.105662277987535e-06,-3.3008338965974203e-06,-7.285315755962821e-06,8.990427843984759e-06
Ag_shear_m005_k8x8x8_v19,solid_Ag,Ag_fcc_bulk_parent_v19,MACE-MP-0b3-medium,new_frozen_CPU_float64_inference,2,3,Ag,2.045,0.0,2.045,3.078153716043329e-06,4.1392779130876376e-06,7.293578772157336e-06,6.749158523722265e-17,9.069351172841245e-17,2.6454533008646308e-17,-3.0781537159758374e-06,-4.139277912996944e-06,-7.293578772130881e-06,8.933361251258029e-06
Ag_shear_m005_k8x8x8_v19,solid_Ag,Ag_fcc_bulk_parent_v19,MACE-MP-0b3-medium,new_frozen_CPU_float64_inference,3,4,Ag,2.034775,2.045,0.0,6.252786276209218e-06,6.506173685384599e-06,0.0,-8.521829075736065e-17,-1.7574917215990027e-16,1.3021268091550908e-16,-6.2527862762944366e-06,-6.5061736855603485e-06,1.3021268091550908e-16,9.02372607317476e-06
Ag_shear_m005_k8x8x8_v19,solid_Ag,Ag_fcc_bulk_parent_v19,MACE-MP-0b3-medium,new_frozen_CPU_float64_inference,4,5,Ag,0.0,0.0,4.09,0.0,0.0,0.0,-2.3310346708438345e-17,1.1258689143010255e-18,9.038249784512365e-17,-2.3310346708438345e-17,1.1258689143010255e-18,9.038249784512365e-17,9.334685726473909e-17
Ag_shear_m005_k8x8x8_v19,solid_Ag,Ag_fcc_bulk_parent_v19,MACE-MP-0b3-medium,new_frozen_CPU_float64_inference,5,6,Ag,-0.010225,2.045,6.135,4.105662278607482e-06,3.3008338969641517e-06,-7.28531575612827e-06,9.291612618200773e-17,5.728924279413405e-16,-4.819278656698067e-17,-4.105662278514566e-06,-3.3008338963912593e-06,7.285315756080077e-06,8.990427844244764e-06
Ag_shear_m005_k8x8x8_v19,solid_Ag,Ag_fcc_bulk_parent_v19,MACE-MP-0b3-medium,new_frozen_CPU_float64_inference,6,7,Ag,2.045,0.0,6.135,3.0781537160433294e-06,4.139277913087638e-06,-7.293578772157336e-06,6.770842567171975e-17,1.973247953923618e-16,-1.1763593571467723e-17,-3.078153715975621e-06,-4.139277912890314e-06,7.293578772145572e-06,8.933361251220541e-06
Ag_shear_m005_k8x8x8_v19,solid_Ag,Ag_fcc_bulk_parent_v19,MACE-MP-0b3-medium,new_frozen_CPU_float64_inference,7,8,Ag,2.034775,2.045,4.09,2.8139280369074097e-05,2.8522670702272833e-05,0.0,-1.286405877654051e-16,4.8626467435974874e-17,6.1617663654473904e-18,-2.8139280369202738e-05,-2.8522670702224207e-05,6.1617663654473904e-18,4.0066966988831556e-05
Ag_shear_m005_k8x8x8_v19,solid_Ag,Ag_fcc_bulk_parent_v19,MACE-MP-0b3-medium,new_frozen_CPU_float64_inference,8,9,Ag,-0.02045,4.09,0.0,0.0,0.0,0.0,6.447208218685052e-16,-1.481020167615199e-16,1.6747134879853913e-17,6.447208218685052e-16,-1.481020167615199e-16,1.6747134879853913e-17,6.617247252795639e-16
Ag_shear_m005_k8x8x8_v19,solid_Ag,Ag_fcc_bulk_parent_v19,MACE-MP-0b3-medium,new_frozen_CPU_float64_inference,9,10,Ag,-0.030675,6.135,2.045,-4.105662278607482e-06,-3.300833896964151e-06,7.28531575612827e-06,-3.404394821604484e-16,7.865920642700225e-16,-4.2609145378680324e-17,4.1056622782670425e-06,3.300833897750743e-06,-7.285315756170879e-06,8.990427844704442e-06
Ag_shear_m005_k8x8x8_v19,solid_Ag,Ag_fcc_bulk_parent_v19,MACE-MP-0b3-medium,new_frozen_CPU_float64_inference,10,11,Ag,2.02455,4.09,2.045,3.2161992946480266e-05,-5.0213367106874435e-06,2.7662405761260583e-05,-1.0732517305434008e-15,1.1232334506949826e-16,4.6241222656506764e-17,-3.216199294755352e-05,5.021336710799767e-06,-2.7662405761214342e-05,4.271786868770225e-05
Ag_shear_m005_k8x8x8_v19,solid_Ag,Ag_fcc_bulk_parent_v19,MACE-MP-0b3-medium,new_frozen_CPU_float64_inference,11,12,Ag,2.014325,6.135,0.0,8.58542573655523e-06,-8.793891511265766e-06,0.0,-4.848010014268933e-16,1.5571222398079557e-16,3.2439329000766293e-16,-8.585425737040031e-06,8.793891511421478e-06,3.2439329000766293e-16,1.2289917127502532e-05
Ag_shear_m005_k8x8x8_v19,solid_Ag,Ag_fcc_bulk_parent_v19,MACE-MP-0b3-medium,new_frozen_CPU_float64_inference,12,13,Ag,-0.02045,4.09,4.09,0.0,0.0,0.0,9.267290067120366e-16,-3.3940949009658716e-16,-1.4410124895760979e-16,9.267290067120366e-16,-3.3940949009658716e-16,-1.4410124895760979e-16,9.973919108355783e-16
Ag_shear_m005_k8x8x8_v19,solid_Ag,Ag_fcc_bulk_parent_v19,MACE-MP-0b3-medium,new_frozen_CPU_float64_inference,13,14,Ag,-0.030675,6.135,6.135,-4.105662278607482e-06,-3.300833896964151e-06,-7.28531575612827e-06,-2.1998462079730885e-16,1.0381947309224399e-15,-1.6962342988535717e-16,4.105662278387497e-06,3.3008338980023456e-06,7.2853157559586465e-06,8.990427844679846e-06
Ag_shear_m005_k8x8x8_v19,solid_Ag,Ag_fcc_bulk_parent_v19,MACE-MP-0b3-medium,new_frozen_CPU_float64_inference,14,15,Ag,2.02455,4.09,6.135,3.2161992946480266e-05,-5.0213367106874435e-06,-2.7662405761260583e-05,-1.348855922789216e-15,2.942524696125659e-16,1.42409955355971e-16,-3.216199294782912e-05,5.021336710981696e-06,2.7662405761402993e-05,4.27178686880533e-05
Ag_shear_m005_k8x8x8_v19,solid_Ag,Ag_fcc_bulk_parent_v19,MACE-MP-0b3-medium,new_frozen_CPU_float64_inference,15,16,Ag,2.014325,6.135,4.09,2.7885577370549006e-05,-2.800390477055509e-05,0.0,-5.520757462296189e-16,1.6980681251843772e-16,-1.7442728195541076e-16,-2.7885577371101082e-05,2.8003904770724897e-05,-1.7442728195541076e-16,3.951992039120895e-05
Ag_shear_m005_k8x8x8_v19,solid_Ag,Ag_fcc_bulk_parent_v19,MACE-MP-0b3-medium,new_frozen_CPU_float64_inference,16,17,Ag,4.09,0.0,0.0,0.0,0.0,0.0,-1.4777675610977425e-16,8.7061434450586e-17,-2.4047588734857447e-16,-1.4777675610977425e-16,8.7061434450586e-17,-2.4047588734857447e-16,2.9537487268047305e-16
Ag_shear_m005_k8x8x8_v19,solid_Ag,Ag_fcc_bulk_parent_v19,MACE-MP-0b3-medium,new_frozen_CPU_float64_inference,17,18,Ag,4.079775,2.045,2.045,-5.189498358741208e-06,3.230103283867105e-05,2.7666670731775082e-05,6.491118406670715e-16,1.7233393531657093e-16,-9.286191607338345e-17,5.18949835939032e-06,-3.230103283849871e-05,-2.7666670731867944e-05,4.284544649133074e-05
Ag_shear_m005_k8x8x8_v19,solid_Ag,Ag_fcc_bulk_parent_v19,MACE-MP-0b3-medium,new_frozen_CPU_float64_inference,18,19,Ag,6.135,0.0,2.045,-3.078153716043329e-06,-4.1392779130876376e-06,7.293578772157334e-06,4.448752564251146e-16,-8.543513119185775e-16,8.332093695551102e-17,3.0781537164882042e-06,4.139277912233286e-06,-7.293578772074013e-06,8.933361251034302e-06
Ag_shear_m005_k8x8x8_v19,solid_Ag,Ag_fcc_bulk_parent_v19,MACE-MP-0b3-medium,new_frozen_CPU_float64_inference,19,20,Ag,6.124775,2.045,0.0,-8.58542573655523e-06,8.793891511265768e-06,0.0,-6.545807088910189e-17,4.082021179407924e-17,-3.154486220846575e-16,8.585425736489772e-06,-8.793891511224947e-06,-3.154486220846575e-16,1.228991712697751e-05
Ag_shear_m005_k8x8x8_v19,solid_Ag,Ag_fcc_bulk_parent_v19,MACE-MP-0b3-medium,new_frozen_CPU_float64_inference,20,21,Ag,4.09,0.0,4.09,0.0,0.0,0.0,-3.730739675522621e-16,2.3378101072412564e-16,-3.435767694603603e-17,-3.730739675522621e-16,2.3378101072412564e-16,-3.435767694603603e-17,4.4160864598138048e-16
Ag_shear_m005_k8x8x8_v19,solid_Ag,Ag_fcc_bulk_parent_v19,MACE-MP-0b3-medium,new_frozen_CPU_float64_inference,21,22,Ag,4.079775,2.045,6.135,-5.189498358741208e-06,3.230103283867105e-05,-2.7666670731775082e-05,6.348003719902628e-16,-7.643625316022806e-18,-4.911435841359335e-17,5.189498359376009e-06,-3.230103283867869e-05,2.7666670731725968e-05,4.284544649137301e-05
Ag_shear_m005_k8x8x8_v19,solid_Ag,Ag_fcc_bulk_parent_v19,MACE-MP-0b3-medium,new_frozen_CPU_float64_inference,22,23,Ag,6.135,0.0,6.135,-3.078153716043329e-06,-4.1392779130876376e-06,-7.293578772157334e-06,4.83960744743217e-16,-5.029613878160255e-16,1.2148485342700077e-16,3.0781537165272897e-06,4.139277912584676e-06,7.293578772278819e-06,8.9333612513778e-06
Ag_shear_m005_k8x8x8_v19,solid_Ag,Ag_fcc_bulk_parent_v19,MACE-MP-0b3-medium,new_frozen_CPU_float64_inference,23,24,Ag,6.124775,2.045,4.09,-2.7885577370549006e-05,2.800390477055509e-05,0.0,2.1104672913788147e-16,9.345822726825048e-17,8.841559838769551e-17,2.7885577370760053e-05,-2.8003904770461632e-05,8.841559838769551e-17,3.951992039078177e-05
Ag_shear_m005_k8x8x8_v19,solid_Ag,Ag_fcc_bulk_parent_v19,MACE-MP-0b3-medium,new_frozen_CPU_float64_inference,24,25,Ag,4.06955,4.09,0.0,0.0,0.0,0.0,1.2615234377955087e-15,3.872770160118222e-16,2.280617889023823e-16,1.2615234377955087e-15,3.872770160118222e-16,2.280617889023823e-16,1.3391926862090363e-15
Ag_shear_m005_k8x8x8_v19,solid_Ag,Ag_fcc_bulk_parent_v19,MACE-MP-0b3-medium,new_frozen_CPU_float64_inference,25,26,Ag,4.059325,6.135,2.045,5.189498358741208e-06,-3.2301032838671054e-05,2.7666670731775082e-05,1.0603497246908233e-16,-4.0986230251741085e-16,3.6374982886888674e-17,-5.189498358635173e-06,3.230103283826119e-05,-2.7666670731738707e-05,4.284544649097675e-05
Ag_shear_m005_k8x8x8_v19,solid_Ag,Ag_fcc_bulk_parent_v19,MACE-MP-0b3-medium,new_frozen_CPU_float64_inference,26,27,Ag,6.11455,4.09,2.045,-3.2161992946480266e-05,5.0213367106874435e-06,2.7662405761260583e-05,-1.1082714607146826e-15,-7.499426427082234e-16,-1.634434775021898e-16,3.2161992945371995e-05,-5.021336711437386e-06,-2.7662405761424027e-05,4.2717868686270524e-05
Ag_shear_m005_k8x8x8_v19,solid_Ag,Ag_fcc_bulk_parent_v19,MACE-MP-0b3-medium,new_frozen_CPU_float64_inference,27,28,Ag,6.104325,6.135,0.0,-6.252786276209218e-06,-6.5061736853845985e-06,0.0,-5.285914870473925e-16,-6.822814404572622e-16,-6.852157730108388e-17,6.2527862756806265e-06,6.506173684702317e-06,-6.852157730108388e-17,9.023726072130787e-06
Ag_shear_m005_k8x8x8_v19,solid_Ag,Ag_fcc_bulk_parent_v19,MACE-MP-0b3-medium,new_frozen_CPU_float64_inference,28,29,Ag,4.06955,4.09,4.09,0.0,0.0,0.0,1.5272154387343173e-15,7.61489395845194e-16,1.8959139484586815e-16,1.5272154387343173e-15,7.61489395845194e-16,1.8959139484586815e-16,1.7170317391628885e-15
Ag_shear_m005_k8x8x8_v19,solid_Ag,Ag_fcc_bulk_parent_v19,MACE-MP-0b3-medium,new_frozen_CPU_float64_inference,29,30,Ag,4.059325,6.135,6.135,5.189498358741208e-06,-3.2301032838671054e-05,-2.7666670731775082e-05,3.8402440949436567e-16,-5.250587833439957e-16,1.3823577699190182e-16,-5.189498358357184e-06,3.2301032838145995e-05,2.7666670731913318e-05,4.284544649096899e-05
Ag_shear_m005_k8x8x8_v19,solid_Ag,Ag_fcc_bulk_parent_v19,MACE-MP-0b3-medium,new_frozen_CPU_float64_inference,30,31,Ag,6.11455,4.09,6.135,-3.2161992946480266e-05,5.021336710687444e-06,-2.7662405761260587e-05,-1.554664600181277e-15,-6.527981280535222e-16,-6.67326437164828e-17,3.21619929449256e-05,-5.0213367113402425e-06,2.7662405761193854e-05,4.2717868685773967e-05
Ag_shear_m005_k8x8x8_v19,solid_Ag,Ag_fcc_bulk_parent_v19,MACE-MP-0b3-medium,new_frozen_CPU_float64_inference,31,32,Ag,6.104325,6.135,4.09,-2.8139280369074097e-05,-2.8522670702272833e-05,0.0,-4.0283531718698917e-16,-4.056000327268272e-16,-3.5561831257524545e-17,2.8139280368671262e-05,2.8522670701867233e-05,-3.5561831257524545e-17,4.0066966988204176e-05
Ag_shear_m005_k8x8x8_v19,solid_Ag,Ag_fcc_bulk_parent_v19,V18,new_frozen_CPU_float64_inference,0,1,Ag,0.0,0.0,0.0,0.0,0.0,0.0,1.878109213288015e-16,1.3321795381236734e-16,4.489555804126504e-18,1.878109213288015e-16,1.3321795381236734e-16,4.489555804126504e-18,2.303044105084522e-16
Ag_shear_m005_k8x8x8_v19,solid_Ag,Ag_fcc_bulk_parent_v19,V18,new_frozen_CPU_float64_inference,1,2,Ag,-0.010225,2.045,2.045,4.105662278607482e-06,3.3008338969641517e-06,7.28531575612827e-06,4.939354047300837e-16,1.3692456998955216e-16,7.688856875406186e-17,-4.1056622781135466e-06,-3.300833896827227e-06,-7.285315756051381e-06,8.990427844198441e-06
Ag_shear_m005_k8x8x8_v19,solid_Ag,Ag_fcc_bulk_parent_v19,V18,new_frozen_CPU_float64_inference,2,3,Ag,2.045,0.0,2.045,3.078153716043329e-06,4.1392779130876376e-06,7.293578772157336e-06,1.9197154716571463e-17,-9.310586156219269e-17,-2.5449951933202708e-17,-3.078153716024132e-06,-4.1392779131807434e-06,-7.293578772182786e-06,8.93336125140221e-06
Ag_shear_m005_k8x8x8_v19,solid_Ag,Ag_fcc_bulk_parent_v19,V18,new_frozen_CPU_float64_inference,3,4,Ag,2.034775,2.045,0.0,6.252786276209218e-06,6.506173685384599e-06,0.0,6.556035011748285e-18,-4.919025256566734e-16,5.988184123909002e-17,-6.252786276202662e-06,-6.506173685876502e-06,5.988184123909002e-17,9.023726073339115e-06
Ag_shear_m005_k8x8x8_v19,solid_Ag,Ag_fcc_bulk_parent_v19,V18,new_frozen_CPU_float64_inference,4,5,Ag,0.0,0.0,4.09,0.0,0.0,0.0,1.0771548583643487e-16,2.1535017267063555e-16,-1.7638093858193444e-17,1.0771548583643487e-16,2.1535017267063555e-16,-1.7638093858193444e-17,2.414320300067955e-16
Ag_shear_m005_k8x8x8_v19,solid_Ag,Ag_fcc_bulk_parent_v19,V18,new_frozen_CPU_float64_inference,5,6,Ag,-0.010225,2.045,6.135,4.105662278607482e-06,3.3008338969641517e-06,-7.28531575612827e-06,5.857503880806608e-16,2.459986966733829e-16,1.060485249962384e-16,-4.1056622780217316e-06,-3.300833896718153e-06,7.2853157562343185e-06,8.990427844264708e-06
Ag_shear_m005_k8x8x8_v19,solid_Ag,Ag_fcc_bulk_parent_v19,V18,new_frozen_CPU_float64_inference,6,7,Ag,2.045,0.0,6.135,3.0781537160433294e-06,4.139277913087638e-06,-7.293578772157336e-06,-7.370203080649118e-17,-9.995666403958547e-17,1.8841400878724657e-17,-3.0781537161170314e-06,-4.139277913187595e-06,7.293578772176177e-06,8.933361251432e-06
Ag_shear_m005_k8x8x8_v19,solid_Ag,Ag_fcc_bulk_parent_v19,V18,new_frozen_CPU_float64_inference,7,8,Ag,2.034775,2.045,4.09,2.8139280369074097e-05,2.8522670702272833e-05,0.0,8.599078480525657e-17,-4.3186483035528855e-16,9.025808952219056e-17,-2.8139280368988106e-05,-2.8522670702704698e-05,9.025808952219056e-17,4.006696698902287e-05
Ag_shear_m005_k8x8x8_v19,solid_Ag,Ag_fcc_bulk_parent_v19,V18,new_frozen_CPU_float64_inference,8,9,Ag,-0.02045,4.09,0.0,0.0,0.0,0.0,7.794464943269852e-16,-2.772304955045435e-16,6.793648362411708e-17,7.794464943269852e-16,-2.772304955045435e-16,6.793648362411708e-17,8.300656305157633e-16
Ag_shear_m005_k8x8x8_v19,solid_Ag,Ag_fcc_bulk_parent_v19,V18,new_frozen_CPU_float64_inference,9,10,Ag,-0.030675,6.135,2.045,-4.105662278607482e-06,-3.300833896964151e-06,7.28531575612827e-06,-4.732745770806568e-16,9.592139907886599e-16,-2.8480635818478595e-17,4.105662278134207e-06,3.300833897923365e-06,-7.2853157561567506e-06,8.990427844695709e-06
Ag_shear_m005_k8x8x8_v19,solid_Ag,Ag_fcc_bulk_parent_v19,V18,new_frozen_CPU_float64_inference,10,11,Ag,2.02455,4.09,2.045,3.2161992946480266e-05,-5.0213367106874435e-06,2.7662405761260583e-05,-1.1759934389135585e-15,-9.242823520438925e-18,-1.508396272470458e-17,-3.216199294765626e-05,5.021336710678201e-06,-2.7662405761275667e-05,4.271786868780502e-05
Ag_shear_m005_k8x8x8_v19,solid_Ag,Ag_fcc_bulk_parent_v19,V18,new_frozen_CPU_float64_inference,11,12,Ag,2.014325,6.135,0.0,8.58542573655523e-06,-8.793891511265766e-06,0.0,-1.5891693343206281e-16,4.861614422193021e-16,-4.3923740512819e-17,-8.585425736714147e-06,8.793891511751927e-06,-4.3923740512819e-17,1.2289917127511327e-05
Ag_shear_m005_k8x8x8_v19,solid_Ag,Ag_fcc_bulk_parent_v19,V18,new_frozen_CPU_float64_inference,12,13,Ag,-0.02045,4.09,4.09,0.0,0.0,0.0,6.637951568077248e-16,-8.596367975094443e-17,-4.653051213302035e-17,6.637951568077248e-16,-8.596367975094443e-17,-4.653051213302035e-17,6.709536891597482e-16
Ag_shear_m005_k8x8x8_v19,solid_Ag,Ag_fcc_bulk_parent_v19,V18,new_frozen_CPU_float64_inference,13,14,Ag,-0.030675,6.135,6.135,-4.105662278607482e-06,-3.300833896964151e-06,-7.28531575612827e-06,-5.578321821391591e-16,8.880361181649865e-16,1.0949933722335242e-16,4.10566227804965e-06,3.300833897852187e-06,7.285315756237769e-06,8.990427844696614e-06
Ag_shear_m005_k8x8x8_v19,solid_Ag,Ag_fcc_bulk_parent_v19,V18,new_frozen_CPU_float64_inference,14,15,Ag,2.02455,4.09,6.135,3.2161992946480266e-05,-5.0213367106874435e-06,-2.7662405761260583e-05,-1.0779544574665567e-15,3.523419891352658e-16,5.608882770128526e-17,-3.216199294755822e-05,5.0213367110397855e-06,2.766240576131667e-05,4.2717868687800266e-05
Ag_shear_m005_k8x8x8_v19,solid_Ag,Ag_fcc_bulk_parent_v19,V18,new_frozen_CPU_float64_inference,15,16,Ag,2.014325,6.135,4.09,2.7885577370549006e-05,-2.800390477055509e-05,0.0,-8.114236821517296e-17,3.174624429167546e-16,-2.480074860415316e-17,-2.788557737063015e-05,2.800390477087255e-05,-2.480074860415316e-17,3.951992039098129e-05
Ag_shear_m005_k8x8x8_v19,solid_Ag,Ag_fcc_bulk_parent_v19,V18,new_frozen_CPU_float64_inference,16,17,Ag,4.09,0.0,0.0,0.0,0.0,0.0,-1.452830911130576e-16,1.5289283511119023e-16,-1.962650402915475e-17,-1.452830911130576e-16,1.5289283511119023e-16,-1.962650402915475e-17,2.1182208395752562e-16
Ag_shear_m005_k8x8x8_v19,solid_Ag,Ag_fcc_bulk_parent_v19,V18,new_frozen_CPU_float64_inference,17,18,Ag,4.079775,2.045,2.045,-5.189498358741208e-06,3.230103283867105e-05,2.7666670731775082e-05,8.300617951231132e-16,-1.8215951750472081e-16,-1.0426636767521535e-16,5.18949835957127e-06,-3.2301032838853206e-05,-2.766667073187935e-05,4.284544649162727e-05
Ag_shear_m005_k8x8x8_v19,solid_Ag,Ag_fcc_bulk_parent_v19,V18,new_frozen_CPU_float64_inference,18,19,Ag,6.135,0.0,2.045,-3.078153716043329e-06,-4.1392779130876376e-06,7.293578772157334e-06,5.004372296332077e-16,-6.797845977530442e-16,7.349366070146662e-17,3.078153716543766e-06,4.139277912407853e-06,-7.293578772083841e-06,8.933361251142357e-06
Ag_shear_m005_k8x8x8_v19,solid_Ag,Ag_fcc_bulk_parent_v19,V18,new_frozen_CPU_float64_inference,19,20,Ag,6.124775,2.045,0.0,-8.58542573655523e-06,8.793891511265768e-06,0.0,-1.4371353906179538e-16,8.306343893954571e-17,-1.3633842319005218e-17,8.585425736411518e-06,-8.793891511182704e-06,-1.3633842319005218e-17,1.2289917126892617e-05
Ag_shear_m005_k8x8x8_v19,solid_Ag,Ag_fcc_bulk_parent_v19,V18,new_frozen_CPU_float64_inference,20,21,Ag,4.09,0.0,4.09,0.0,0.0,0.0,-1.6794291651800464e-16,3.4048077501662704e-18,-8.938836854451862e-17,-1.6794291651800464e-16,3.4048077501662704e-18,-8.938836854451862e-17,1.9028057272207206e-16
Ag_shear_m005_k8x8x8_v19,solid_Ag,Ag_fcc_bulk_parent_v19,V18,new_frozen_CPU_float64_inference,21,22,Ag,4.079775,2.045,6.135,-5.189498358741208e-06,3.230103283867105e-05,-2.7666670731775082e-05,6.941028426934309e-16,-1.8336569242161094e-17,3.21652291390348e-17,5.189498359435311e-06,-3.2301032838689383e-05,2.766667073180725e-05,4.2845446491440744e-05
Ag_shear_m005_k8x8x8_v19,solid_Ag,Ag_fcc_bulk_parent_v19,V18,new_frozen_CPU_float64_inference,22,23,Ag,6.135,0.0,6.135,-3.078153716043329e-06,-4.1392779130876376e-06,-7.293578772157334e-06,4.665762405337698e-16,-9.626495564227233e-16,2.5563454348134784e-17,3.078153716509905e-06,4.139277912124988e-06,7.293578772182898e-06,8.933361251080498e-06
Ag_shear_m005_k8x8x8_v19,solid_Ag,Ag_fcc_bulk_parent_v19,V18,new_frozen_CPU_float64_inference,23,24,Ag,6.124775,2.045,4.09,-2.7885577370549006e-05,2.800390477055509e-05,0.0,9.684297092547867e-17,1.3988240904136418e-16,-6.458733139028394e-17,2.788557737064585e-05,-2.8003904770415208e-05,-6.458733139028394e-17,3.9519920390668294e-05
Ag_shear_m005_k8x8x8_v19,solid_Ag,Ag_fcc_bulk_parent_v19,V18,new_frozen_CPU_float64_inference,24,25,Ag,4.06955,4.09,0.0,0.0,0.0,0.0,1.8043089266596424e-15,4.1520199821690196e-16,-2.0898281622766906e-16,1.8043089266596424e-15,4.1520199821690196e-16,-2.0898281622766906e-16,1.8632222679072474e-15
Ag_shear_m005_k8x8x8_v19,solid_Ag,Ag_fcc_bulk_parent_v19,V18,new_frozen_CPU_float64_inference,25,26,Ag,4.059325,6.135,2.045,5.189498358741208e-06,-3.2301032838671054e-05,2.7666670731775082e-05,-2.5842975220728703e-16,-9.010058866533444e-17,4.072365003809225e-17,-5.189498358999638e-06,3.230103283858095e-05,-2.7666670731734357e-05,4.2845446491259154e-05
Ag_shear_m005_k8x8x8_v19,solid_Ag,Ag_fcc_bulk_parent_v19,V18,new_frozen_CPU_float64_inference,26,27,Ag,6.11455,4.09,2.045,-3.2161992946480266e-05,5.0213367106874435e-06,2.7662405761260583e-05,-1.7116943442068572e-15,-4.044717848410845e-16,5.3927199619892285e-17,3.216199294476857e-05,-5.021336711091915e-06,-2.7662405761206658e-05,4.271786868563484e-05
Ag_shear_m005_k8x8x8_v19,solid_Ag,Ag_fcc_bulk_parent_v19,V18,new_frozen_CPU_float64_inference,27,28,Ag,6.104325,6.135,0.0,-6.252786276209218e-06,-6.5061736853845985e-06,0.0,-6.808649219702459e-16,-2.4691913068120125e-16,-5.951592300587616e-17,6.252786275528354e-06,6.506173685137679e-06,-5.951592300587616e-17,9.023726072339173e-06
Ag_shear_m005_k8x8x8_v19,solid_Ag,Ag_fcc_bulk_parent_v19,V18,new_frozen_CPU_float64_inference,28,29,Ag,4.06955,4.09,4.09,0.0,0.0,0.0,1.994540244635223e-15,3.1642440403989447e-16,1.3625732442196864e-16,1.994540244635223e-15,3.1642440403989447e-16,1.3625732442196864e-16,2.0240754060558544e-15
Ag_shear_m005_k8x8x8_v19,solid_Ag,Ag_fcc_bulk_parent_v19,V18,new_frozen_CPU_float64_inference,29,30,Ag,4.059325,6.135,6.135,5.189498358741208e-06,-3.2301032838671054e-05,-2.7666670731775082e-05,-2.4923097440010533e-16,-2.0524624751508402e-16,-7.134050294954619e-17,-5.189498358990439e-06,3.230103283846581e-05,2.766667073170374e-05,4.2845446491151466e-05
Ag_shear_m005_k8x8x8_v19,solid_Ag,Ag_fcc_bulk_parent_v19,V18,new_frozen_CPU_float64_inference,30,31,Ag,6.11455,4.09,6.135,-3.2161992946480266e-05,5.021336710687444e-06,-2.7662405761260587e-05,-1.541267927087503e-15,-4.923836403707138e-16,-1.4552703660186683e-16,3.2161992944939e-05,-5.021336711179828e-06,2.766240576111506e-05,4.271786868571418e-05
Ag_shear_m005_k8x8x8_v19,solid_Ag,Ag_fcc_bulk_parent_v19,V18,new_frozen_CPU_float64_inference,31,32,Ag,6.104325,6.135,4.09,-2.8139280369074097e-05,-2.8522670702272833e-05,0.0,-8.158079246867178e-16,-1.7582032292746963e-16,1.4270811095340452e-17,2.813928036825829e-05,2.8522670702097013e-05,1.4270811095340452e-17,4.006696698807772e-05
Ag_shear_p005_k8x8x8_v19,solid_Ag,Ag_fcc_bulk_parent_v19,MACE-MP-0b3-medium,new_frozen_CPU_float64_inference,0,1,Ag,0.0,0.0,0.0,0.0,0.0,0.0,-3.529078071440317e-17,3.2059858240396366e-16,4.018595704343727e-16,-3.529078071440317e-17,3.2059858240396366e-16,4.018595704343727e-16,5.152863326273672e-16
Ag_shear_p005_k8x8x8_v19,solid_Ag,Ag_fcc_bulk_parent_v19,MACE-MP-0b3-medium,new_frozen_CPU_float64_inference,1,2,Ag,0.010225,2.045,2.045,-4.105662505415622e-06,3.300835017100553e-06,7.285316549817281e-06,-3.124670661103224e-16,-2.6237692574149207e-17,2.056731521205002e-16,4.105662505103155e-06,-3.3008350171267908e-06,-7.285316549611608e-06,8.990429002230379e-06
Ag_shear_p005_k8x8x8_v19,solid_Ag,Ag_fcc_bulk_parent_v19,MACE-MP-0b3-medium,new_frozen_CPU_float64_inference,2,3,Ag,2.045,0.0,2.045,3.0781548668782914e-06,-4.1392778601004505e-06,7.293579636962376e-06,7.3075226425523e-16,-5.249706919174812e-16,1.1568437180420332e-16,-3.078154866147539e-06,4.13927785957548e-06,-7.293579636846692e-06,8.933362328809028e-06
Ag_shear_p005_k8x8x8_v19,solid_Ag,Ag_fcc_bulk_parent_v19,MACE-MP-0b3-medium,new_frozen_CPU_float64_inference,3,4,Ag,2.055225,2.045,0.0,8.585425078037021e-06,8.793892285077646e-06,0.0,-5.994553811672354e-16,8.846547626395473e-16,1.030534164947472e-16,-8.585425078636476e-06,-8.793892284192992e-06,1.030534164947472e-16,1.2289917220505157e-05
Ag_shear_p005_k8x8x8_v19,solid_Ag,Ag_fcc_bulk_parent_v19,MACE-MP-0b3-medium,new_frozen_CPU_float64_inference,4,5,Ag,0.0,0.0,4.09,0.0,0.0,0.0,-1.710871028182126e-16,2.703956708478628e-16,-2.0134633141630162e-16,-1.710871028182126e-16,2.703956708478628e-16,-2.0134633141630162e-16,3.7805417698895824e-16
Ag_shear_p005_k8x8x8_v19,solid_Ag,Ag_fcc_bulk_parent_v19,MACE-MP-0b3-medium,new_frozen_CPU_float64_inference,5,6,Ag,0.010225,2.045,6.135,-4.1056625054156215e-06,3.300835017100553e-06,-7.285316549817281e-06,-2.1293730667615307e-16,5.106592232406726e-17,-7.361732751176575e-17,4.105662505202684e-06,-3.300835017049487e-06,7.285316549743664e-06,8.990429002354459e-06
Ag_shear_p005_k8x8x8_v19,solid_Ag,Ag_fcc_bulk_parent_v19,MACE-MP-0b3-medium,new_frozen_CPU_float64_inference,6,7,Ag,2.045,0.0,6.135,3.0781548668782914e-06,-4.139277860100451e-06,-7.293579636962376e-06,6.871673369213127e-16,-6.395708615491991e-16,-2.839525489739536e-16,-3.078154866191124e-06,4.1392778594608805e-06,7.293579636678424e-06,8.933362328633565e-06
Ag_shear_p005_k8x8x8_v19,solid_Ag,Ag_fcc_bulk_parent_v19,MACE-MP-0b3-medium,new_frozen_CPU_float64_inference,7,8,Ag,2.055225,2.045,4.09,2.7885576195620796e-05,2.800390474987321e-05,0.0,-5.019313957521643e-16,5.498531317760236e-16,-1.8344907481808027e-16,-2.7885576196122727e-05,-2.8003904749323356e-05,-1.8344907481808027e-16,3.95199195469695e-05
Ag_shear_p005_k8x8x8_v19,solid_Ag,Ag_fcc_bulk_parent_v19,MACE-MP-0b3-medium,new_frozen_CPU_float64_inference,8,9,Ag,0.02045,4.09,0.0,0.0,0.0,0.0,8.875821085052582e-16,-1.0088501214977619e-15,8.152930662149769e-17,8.875821085052582e-16,-1.0088501214977619e-15,8.152930662149769e-17,1.346190029239138e-15
Ag_shear_p005_k8x8x8_v19,solid_Ag,Ag_fcc_bulk_parent_v19,MACE-MP-0b3-medium,new_frozen_CPU_float64_inference,9,10,Ag,0.030675,6.135,2.045,4.1056625054156215e-06,-3.300835017100553e-06,7.28531654981728e-06,9.62988369601625e-16,-1.115034171765561e-16,2.484991379336776e-16,-4.105662504452633e-06,3.3008350169890496e-06,-7.285316549568781e-06,8.990429001848028e-06
Ag_shear_p005_k8x8x8_v19,solid_Ag,Ag_fcc_bulk_parent_v19,MACE-MP-0b3-medium,new_frozen_CPU_float64_inference,10,11,Ag,2.06545,4.09,2.045,3.216199269175544e-05,5.02133634051567e-06,2.7662405648917835e-05,2.491496592371689e-16,-3.3523531173251797e-16,-9.437979911486316e-17,-3.216199269150629e-05,-5.021336340850905e-06,-2.7662405649012214e-05,4.271786837878216e-05
Ag_shear_p005_k8x8x8_v19,solid_Ag,Ag_fcc_bulk_parent_v19,MACE-MP-0b3-medium,new_frozen_CPU_float64_inference,11,12,Ag,2.075675,6.135,0.0,6.252785867021702e-06,-6.506173883543605e-06,0.0,6.111105545214546e-16,-4.876070594537467e-16,-9.622294280808852e-17,-6.2527858664105914e-06,6.506173883055998e-06,-9.622294280808852e-17,9.023725931550892e-06
Ag_shear_p005_k8x8x8_v19,solid_Ag,Ag_fcc_bulk_parent_v19,MACE-MP-0b3-medium,new_frozen_CPU_float64_inference,12,13,Ag,0.02045,4.09,4.09,0.0,0.0,0.0,8.548415322368009e-16,-7.363359054435303e-16,-3.7013825202330176e-16,8.548415322368009e-16,-7.363359054435303e-16,-3.7013825202330176e-16,1.1874118647264607e-15
Ag_shear_p005_k8x8x8_v19,solid_Ag,Ag_fcc_bulk_parent_v19,MACE-MP-0b3-medium,new_frozen_CPU_float64_inference,13,14,Ag,0.030675,6.135,6.135,4.1056625054156215e-06,-3.300835017100553e-06,-7.28531654981728e-06,1.2255821357776142e-15,-4.742029251908475e-17,2.8406096919120216e-17,-4.105662504190039e-06,3.3008350170531328e-06,7.285316549845686e-06,8.990429001976025e-06
Ag_shear_p005_k8x8x8_v19,solid_Ag,Ag_fcc_bulk_parent_v19,MACE-MP-0b3-medium,new_frozen_CPU_float64_inference,14,15,Ag,2.06545,4.09,6.135,3.216199269175544e-05,5.02133634051567e-06,-2.7662405648917835e-05,8.394977421555261e-16,-4.505402127763514e-16,1.3270634591222574e-16,-3.2161992690915945e-05,-5.02133634096621e-06,2.766240564905054e-05,4.271786837837607e-05
Ag_shear_p005_k8x8x8_v19,solid_Ag,Ag_fcc_bulk_parent_v19,MACE-MP-0b3-medium,new_frozen_CPU_float64_inference,15,16,Ag,2.075675,6.135,4.09,2.8139279151778132e-05,-2.8522669872601313e-05,0.0,7.988401606873197e-16,-2.8902754687742775e-16,-1.9620999999328925e-16,-2.8139279150979292e-05,2.8522669872312285e-05,-1.9620999999328925e-16,4.0066965542472126e-05
Ag_shear_p005_k8x8x8_v19,solid_Ag,Ag_fcc_bulk_parent_v19,MACE-MP-0b3-medium,new_frozen_CPU_float64_inference,16,17,Ag,4.09,0.0,0.0,0.0,0.0,0.0,6.261809647190031e-16,-6.071698065262478e-16,-6.001059024707267e-17,6.261809647190031e-16,-6.071698065262478e-16,-6.001059024707267e-17,8.742762981319719e-16
Ag_shear_p005_k8x8x8_v19,solid_Ag,Ag_fcc_bulk_parent_v19,MACE-MP-0b3-medium,new_frozen_CPU_float64_inference,17,18,Ag,4.100225,2.045,2.045,5.189498899206137e-06,3.230103229355271e-05,2.7666670669651866e-05,-3.962216839348276e-16,7.044061514638322e-16,-2.482822974991805e-17,-5.1894988996023585e-06,-3.23010322928483e-05,-2.7666670669676695e-05,4.2845446105239135e-05
Ag_shear_p005_k8x8x8_v19,solid_Ag,Ag_fcc_bulk_parent_v19,MACE-MP-0b3-medium,new_frozen_CPU_float64_inference,18,19,Ag,6.135,0.0,2.045,-3.078154866878292e-06,4.139277860100451e-06,7.293579636962376e-06,2.949029909160572e-17,1.0560129160008813e-16,1.9027924475030885e-16,3.078154866907782e-06,-4.13927785999485e-06,-7.293579636772097e-06,8.933362329204396e-06
Ag_shear_p005_k8x8x8_v19,solid_Ag,Ag_fcc_bulk_parent_v19,MACE-MP-0b3-medium,new_frozen_CPU_float64_inference,19,20,Ag,6.145225,2.045,0.0,-6.252785867021704e-06,6.506173883543605e-06,0.0,-9.570879380910516e-17,-1.610040226140974e-16,2.4671179632389664e-16,6.252785866925995e-06,-6.506173883704609e-06,2.4671179632389664e-16,9.023725932375682e-06
Ag_shear_p005_k8x8x8_v19,solid_Ag,Ag_fcc_bulk_parent_v19,MACE-MP-0b3-medium,new_frozen_CPU_float64_inference,20,21,Ag,4.09,0.0,4.09,0.0,0.0,0.0,4.588343593958655e-16,-7.727025007190077e-16,-3.0492247178439778e-18,4.588343593958655e-16,-7.727025007190077e-16,-3.0492247178439778e-18,8.986698068539982e-16
Ag_shear_p005_k8x8x8_v19,solid_Ag,Ag_fcc_bulk_parent_v19,MACE-MP-0b3-medium,new_frozen_CPU_float64_inference,21,22,Ag,4.100225,2.045,6.135,5.189498899206137e-06,3.230103229355271e-05,-2.7666670669651866e-05,-5.521841664468674e-16,7.058156142880634e-16,-2.1456360993488133e-16,-5.189498899758321e-06,-3.230103229284689e-05,2.7666670669437303e-05,4.284544610510238e-05
Ag_shear_p005_k8x8x8_v19,solid_Ag,Ag_fcc_bulk_parent_v19,MACE-MP-0b3-medium,new_frozen_CPU_float64_inference,22,23,Ag,6.135,0.0,6.135,-3.0781548668782914e-06,4.139277860100451e-06,-7.293579636962376e-06,-4.327050870389648e-16,5.21175984313782e-16,-5.616167253474913e-17,3.0781548664455863e-06,-4.139277859579275e-06,7.2935796369062145e-06,8.933362328962082e-06
Ag_shear_p005_k8x8x8_v19,solid_Ag,Ag_fcc_bulk_parent_v19,MACE-MP-0b3-medium,new_frozen_CPU_float64_inference,23,24,Ag,6.145225,2.045,4.09,-2.813927915177814e-05,2.8522669872601313e-05,0.0,2.3284766313431265e-16,-2.093577454410564e-16,-2.4916623822356708e-17,2.8139279152010985e-05,-2.8522669872810673e-05,-2.4916623822356708e-17,4.006696554355148e-05
Ag_shear_p005_k8x8x8_v19,solid_Ag,Ag_fcc_bulk_parent_v19,MACE-MP-0b3-medium,new_frozen_CPU_float64_inference,24,25,Ag,4.11045,4.09,0.0,0.0,0.0,0.0,-3.853254521013483e-16,7.868597266813548e-16,3.5340611656122566e-17,-3.853254521013483e-16,7.868597266813548e-16,3.5340611656122566e-17,8.768539743551338e-16
Ag_shear_p005_k8x8x8_v19,solid_Ag,Ag_fcc_bulk_parent_v19,MACE-MP-0b3-medium,new_frozen_CPU_float64_inference,25,26,Ag,4.120675,6.135,2.045,-5.189498899206137e-06,-3.230103229355271e-05,2.7666670669651866e-05,-5.720250662033521e-16,3.174577842355447e-16,-1.3877787807814457e-16,5.189498898634112e-06,3.230103229387016e-05,-2.7666670669790644e-05,4.284544610596582e-05
Ag_shear_p005_k8x8x8_v19,solid_Ag,Ag_fcc_bulk_parent_v19,MACE-MP-0b3-medium,new_frozen_CPU_float64_inference,26,27,Ag,6.15545,4.09,2.045,-3.216199269175544e-05,-5.02133634051567e-06,2.7662405648917835e-05,8.36733026615688e-17,-2.714842239903703e-16,-2.065405138584886e-16,3.2161992691839116e-05,5.021336340244186e-06,-2.7662405649124375e-05,4.2717868379034056e-05
Ag_shear_p005_k8x8x8_v19,solid_Ag,Ag_fcc_bulk_parent_v19,MACE-MP-0b3-medium,new_frozen_CPU_float64_inference,27,28,Ag,6.165675,6.135,0.0,-8.585425078037021e-06,-8.793892285077646e-06,0.0,-2.1557479634453145e-15,3.2930649782219077e-16,1.0039712117215771e-16,8.585425075881273e-06,8.793892285406952e-06,1.0039712117215771e-16,1.2289917219449075e-05
Ag_shear_p005_k8x8x8_v19,solid_Ag,Ag_fcc_bulk_parent_v19,MACE-MP-0b3-medium,new_frozen_CPU_float64_inference,28,29,Ag,4.11045,4.09,4.09,0.0,0.0,0.0,-2.9120675089247625e-16,5.835718193403228e-16,2.4357616733399236e-16,-2.9120675089247625e-16,5.835718193403228e-16,2.4357616733399236e-16,6.961945054269274e-16
Ag_shear_p005_k8x8x8_v19,solid_Ag,Ag_fcc_bulk_parent_v19,MACE-MP-0b3-medium,new_frozen_CPU_float64_inference,29,30,Ag,4.120675,6.135,6.135,-5.189498899206137e-06,-3.230103229355271e-05,-2.7666670669651866e-05,-7.54387871615414e-16,2.866461137462223e-16,6.537739100087592e-17,5.189498898451749e-06,3.230103229383936e-05,2.7666670669717244e-05,4.284544610587311e-05
Ag_shear_p005_k8x8x8_v19,solid_Ag,Ag_fcc_bulk_parent_v19,MACE-MP-0b3-medium,new_frozen_CPU_float64_inference,30,31,Ag,6.15545,4.09,6.135,-3.216199269175544e-05,-5.021336340515671e-06,-2.766240564891783e-05,-1.4495783046131194e-16,-6.036837696399289e-16,1.7119552303546115e-16,3.2161992691610485e-05,5.021336339911987e-06,2.7662405649089027e-05,4.2717868378799984e-05
Ag_shear_p005_k8x8x8_v19,solid_Ag,Ag_fcc_bulk_parent_v19,MACE-MP-0b3-medium,new_frozen_CPU_float64_inference,31,32,Ag,6.165675,6.135,4.09,-2.7885576195620796e-05,-2.800390474987321e-05,0.0,-1.6673674160111451e-15,9.102961440188295e-16,-1.713039432527097e-16,2.788557619395343e-05,2.8003904750783505e-05,-1.713039432527097e-16,3.951991954647348e-05
Ag_shear_p005_k8x8x8_v19,solid_Ag,Ag_fcc_bulk_parent_v19,V18,new_frozen_CPU_float64_inference,0,1,Ag,0.0,0.0,0.0,0.0,0.0,0.0,-3.1540118823961127e-16,-7.661243601325696e-17,7.379232422184253e-17,-3.1540118823961127e-16,-7.661243601325696e-17,7.379232422184253e-17,3.3285534697358493e-16
Ag_shear_p005_k8x8x8_v19,solid_Ag,Ag_fcc_bulk_parent_v19,V18,new_frozen_CPU_float64_inference,1,2,Ag,0.010225,2.045,2.045,-4.105662505415622e-06,3.300835017100553e-06,7.285316549817281e-06,-2.9612949462368143e-16,-3.9544241362335364e-16,5.875020522155827e-17,4.105662505119493e-06,-3.3008350174959955e-06,-7.285316549758531e-06,8.990429002492451e-06
Ag_shear_p005_k8x8x8_v19,solid_Ag,Ag_fcc_bulk_parent_v19,V18,new_frozen_CPU_float64_inference,2,3,Ag,2.045,0.0,2.045,3.0781548668782914e-06,-4.1392778601004505e-06,7.293579636962376e-06,5.174083817643949e-16,-4.872675613692978e-16,7.534527472416452e-17,-3.078154866360883e-06,4.139277859613183e-06,-7.293579636887031e-06,8.933362328932944e-06
Ag_shear_p005_k8x8x8_v19,solid_Ag,Ag_fcc_bulk_parent_v19,V18,new_frozen_CPU_float64_inference,3,4,Ag,2.055225,2.045,0.0,8.585425078037021e-06,8.793892285077646e-06,0.0,-3.564721217860778e-16,7.166711885400745e-16,1.0755624364235106e-17,-8.585425078393493e-06,-8.793892284360975e-06,1.0755624364235106e-17,1.2289917220455612e-05
Ag_shear_p005_k8x8x8_v19,solid_Ag,Ag_fcc_bulk_parent_v19,V18,new_frozen_CPU_float64_inference,4,5,Ag,0.0,0.0,4.09,0.0,0.0,0.0,-1.4811556928867597e-16,1.7503489839223828e-16,-3.251344839324124e-16,-1.4811556928867597e-16,1.7503489839223828e-16,-3.251344839324124e-16,3.9785408149582415e-16
Ag_shear_p005_k8x8x8_v19,solid_Ag,Ag_fcc_bulk_parent_v19,V18,new_frozen_CPU_float64_inference,5,6,Ag,0.010225,2.045,6.135,-4.1056625054156215e-06,3.300835017100553e-06,-7.285316549817281e-06,-5.10930273783794e-16,-1.6162743886327657e-16,3.369158250998705e-17,4.105662504904691e-06,-3.3008350172621805e-06,7.285316549850973e-06,8.99042900238342e-06
Ag_shear_p005_k8x8x8_v19,solid_Ag,Ag_fcc_bulk_parent_v19,V18,new_frozen_CPU_float64_inference,6,7,Ag,2.045,0.0,6.135,3.0781548668782914e-06,-4.139277860100451e-06,-7.293579636962376e-06,4.301030018249996e-16,-7.723991802058294e-16,-2.0274580625478933e-17,-3.0781548664481884e-06,4.139277859328052e-06,7.2935796369421016e-06,8.933362328875874e-06
Ag_shear_p005_k8x8x8_v19,solid_Ag,Ag_fcc_bulk_parent_v19,V18,new_frozen_CPU_float64_inference,7,8,Ag,2.055225,2.045,4.09,2.7885576195620796e-05,2.800390474987321e-05,0.0,-3.0175379339345e-16,8.187352705524287e-16,-6.157303648616651e-17,-2.788557619592255e-05,-2.8003904749054473e-05,-6.157303648616651e-17,3.951991954663772e-05
Ag_shear_p005_k8x8x8_v19,solid_Ag,Ag_fcc_bulk_parent_v19,V18,new_frozen_CPU_float64_inference,8,9,Ag,0.02045,4.09,0.0,0.0,0.0,0.0,2.6187548223671753e-16,-7.254904955868863e-16,4.4121261147658474e-18,2.6187548223671753e-16,-7.254904955868863e-16,4.4121261147658474e-18,7.713200984289673e-16
Ag_shear_p005_k8x8x8_v19,solid_Ag,Ag_fcc_bulk_parent_v19,V18,new_frozen_CPU_float64_inference,9,10,Ag,0.030675,6.135,2.045,4.1056625054156215e-06,-3.300835017100553e-06,7.28531654981728e-06,1.0658520507161873e-15,3.141882370591431e-16,9.960429833352769e-17,-4.105662504349769e-06,3.3008350174147413e-06,-7.285316549717676e-06,8.990429002078003e-06
Ag_shear_p005_k8x8x8_v19,solid_Ag,Ag_fcc_bulk_parent_v19,V18,new_frozen_CPU_float64_inference,10,11,Ag,2.06545,4.09,2.045,3.216199269175544e-05,5.02133634051567e-06,2.7662405648917835e-05,9.078566891307371e-16,-1.1158812047128153e-16,-1.3316035557195405e-16,-3.2161992690847586e-05,-5.021336340627258e-06,-2.7662405649050995e-05,4.271786837828505e-05
Ag_shear_p005_k8x8x8_v19,solid_Ag,Ag_fcc_bulk_parent_v19,V18,new_frozen_CPU_float64_inference,11,12,Ag,2.075675,6.135,0.0,6.252785867021702e-06,-6.506173883543605e-06,0.0,9.20026858516887e-16,-6.089834959722214e-16,9.471861229376488e-17,-6.252785866101675e-06,6.506173882934622e-06,9.471861229376488e-17,9.023725931249321e-06
Ag_shear_p005_k8x8x8_v19,solid_Ag,Ag_fcc_bulk_parent_v19,V18,new_frozen_CPU_float64_inference,12,13,Ag,0.02045,4.09,4.09,0.0,0.0,0.0,6.21120048738277e-16,-7.512707903695182e-16,-7.17993146520327e-18,6.21120048738277e-16,-7.512707903695182e-16,-7.17993146520327e-18,9.7480739986057e-16
Ag_shear_p005_k8x8x8_v19,solid_Ag,Ag_fcc_bulk_parent_v19,V18,new_frozen_CPU_float64_inference,13,14,Ag,0.030675,6.135,6.135,4.1056625054156215e-06,-3.300835017100553e-06,-7.28531654981728e-06,1.057137775754835e-15,4.3639815068899357e-16,1.1007362556159084e-16,-4.105662504358484e-06,3.3008350175369512e-06,7.285316549927354e-06,8.990429002296761e-06
Ag_shear_p005_k8x8x8_v19,solid_Ag,Ag_fcc_bulk_parent_v19,V18,new_frozen_CPU_float64_inference,14,15,Ag,2.06545,4.09,6.135,3.216199269175544e-05,5.02133634051567e-06,-2.7662405648917835e-05,9.238791643609995e-16,-2.250735947444127e-16,9.333794858974037e-17,-3.216199269083156e-05,-5.021336340740744e-06,2.7662405649011174e-05,4.271786837826054e-05
Ag_shear_p005_k8x8x8_v19,solid_Ag,Ag_fcc_bulk_parent_v19,V18,new_frozen_CPU_float64_inference,15,16,Ag,2.075675,6.135,4.09,2.8139279151778132e-05,-2.8522669872601313e-05,0.0,6.994865841061793e-16,-2.1458012707735279e-16,1.7316377599102182e-17,-2.8139279151078646e-05,2.8522669872386733e-05,1.7316377599102182e-17,4.00669655425949e-05
Ag_shear_p005_k8x8x8_v19,solid_Ag,Ag_fcc_bulk_parent_v19,V18,new_frozen_CPU_float64_inference,16,17,Ag,4.09,0.0,0.0,0.0,0.0,0.0,4.184241115482573e-16,-5.731584624612274e-16,3.670701980221236e-17,4.184241115482573e-16,-5.731584624612274e-16,3.670701980221236e-17,7.105890271588963e-16
Ag_shear_p005_k8x8x8_v19,solid_Ag,Ag_fcc_bulk_parent_v19,V18,new_frozen_CPU_float64_inference,17,18,Ag,4.100225,2.045,2.045,5.189498899206137e-06,3.230103229355271e-05,2.7666670669651866e-05,-3.457757897281505e-16,4.631982731401196e-16,7.714606677002717e-17,-5.189498899551913e-06,-3.230103229308951e-05,-2.7666670669574722e-05,4.2845446105349025e-05
Ag_shear_p005_k8x8x8_v19,solid_Ag,Ag_fcc_bulk_parent_v19,V18,new_frozen_CPU_float64_inference,18,19,Ag,6.135,0.0,2.045,-3.078154866878292e-06,4.139277860100451e-06,7.293579636962376e-06,2.054563116860031e-17,3.4029040436173164e-16,4.966341382730585e-17,3.0781548668988375e-06,-4.139277859760161e-06,-7.293579636912713e-06,8.933362329207376e-06
Ag_shear_p005_k8x8x8_v19,solid_Ag,Ag_fcc_bulk_parent_v19,V18,new_frozen_CPU_float64_inference,19,20,Ag,6.145225,2.045,0.0,-6.252785867021704e-06,6.506173883543605e-06,0.0,4.2411998460206886e-17,2.055782844304077e-16,-8.335035925352782e-17,6.2527858670641155e-06,-6.506173883338027e-06,-8.335035925352782e-17,9.023725932207082e-06
Ag_shear_p005_k8x8x8_v19,solid_Ag,Ag_fcc_bulk_parent_v19,V18,new_frozen_CPU_float64_inference,20,21,Ag,4.09,0.0,4.09,0.0,0.0,0.0,4.964019646724882e-16,-4.0550531062052254e-16,-9.413165210452761e-17,4.964019646724882e-16,-4.0550531062052254e-16,-9.413165210452761e-17,6.47850473026053e-16
Ag_shear_p005_k8x8x8_v19,solid_Ag,Ag_fcc_bulk_parent_v19,V18,new_frozen_CPU_float64_inference,21,22,Ag,4.100225,2.045,6.135,5.189498899206137e-06,3.230103229355271e-05,-2.7666670669651866e-05,-2.3026760077697606e-16,4.864476334763557e-16,-8.193688511969749e-17,-5.1894988994364045e-06,-3.230103229306626e-05,2.766667066956993e-05,4.284544610531441e-05
Ag_shear_p005_k8x8x8_v19,solid_Ag,Ag_fcc_bulk_parent_v19,V18,new_frozen_CPU_float64_inference,22,23,Ag,6.135,0.0,6.135,-3.0781548668782914e-06,4.139277860100451e-06,-7.293579636962376e-06,1.8905775382715984e-17,3.6268595548713534e-16,-1.8407042383372652e-16,3.078154866897197e-06,-4.1392778597377654e-06,7.293579636778306e-06,8.933362329086699e-06
Ag_shear_p005_k8x8x8_v19,solid_Ag,Ag_fcc_bulk_parent_v19,V18,new_frozen_CPU_float64_inference,23,24,Ag,6.145225,2.045,4.09,-2.813927915177814e-05,2.8522669872601313e-05,0.0,-2.2788574412929696e-17,-2.322291702641394e-17,2.351900150159807e-17,2.813927915175535e-05,-2.8522669872624536e-05,2.351900150159807e-17,4.006696554323944e-05
Ag_shear_p005_k8x8x8_v19,solid_Ag,Ag_fcc_bulk_parent_v19,V18,new_frozen_CPU_float64_inference,24,25,Ag,4.11045,4.09,0.0,0.0,0.0,0.0,-3.782374803987243e-16,3.8398375191289746e-16,1.037159700169424e-16,-3.782374803987243e-16,3.8398375191289746e-16,1.037159700169424e-16,5.488753189459663e-16
Ag_shear_p005_k8x8x8_v19,solid_Ag,Ag_fcc_bulk_parent_v19,V18,new_frozen_CPU_float64_inference,25,26,Ag,4.120675,6.135,2.045,-5.189498899206137e-06,-3.230103229355271e-05,2.7666670669651866e-05,-7.561768052000151e-16,2.4666954676760833e-16,-9.932647152682827e-17,5.18949889844996e-06,3.230103229379938e-05,-2.7666670669751193e-05,4.284544610586467e-05
Ag_shear_p005_k8x8x8_v19,solid_Ag,Ag_fcc_bulk_parent_v19,V18,new_frozen_CPU_float64_inference,26,27,Ag,6.15545,4.09,2.045,-3.216199269175544e-05,-5.02133634051567e-06,2.7662405648917835e-05,-1.0923336887791457e-17,-5.813220998324153e-16,-2.114871862704537e-17,3.216199269174452e-05,5.021336339934348e-06,-2.7662405648938983e-05,4.271786837880636e-05
Ag_shear_p005_k8x8x8_v19,solid_Ag,Ag_fcc_bulk_parent_v19,V18,new_frozen_CPU_float64_inference,27,28,Ag,6.165675,6.135,0.0,-8.585425078037021e-06,-8.793892285077646e-06,0.0,-1.7008543289612968e-15,4.0773167020203336e-16,-2.3052848692473038e-17,8.585425076336167e-06,8.793892285485377e-06,-2.3052848692473038e-17,1.2289917219822968e-05
Ag_shear_p005_k8x8x8_v19,solid_Ag,Ag_fcc_bulk_parent_v19,V18,new_frozen_CPU_float64_inference,28,29,Ag,4.11045,4.09,4.09,0.0,0.0,0.0,-4.33022936152422e-16,3.7316883524235456e-16,1.2915327446328112e-16,-4.33022936152422e-16,3.7316883524235456e-16,1.2915327446328112e-16,5.860413049732824e-16
Ag_shear_p005_k8x8x8_v19,solid_Ag,Ag_fcc_bulk_parent_v19,V18,new_frozen_CPU_float64_inference,29,30,Ag,4.120675,6.135,6.135,-5.189498899206137e-06,-3.230103229355271e-05,-2.7666670669651866e-05,-5.667395806124853e-16,2.3373365959714065e-16,1.231247092128851e-16,5.189498898639397e-06,3.230103229378644e-05,2.766667066977499e-05,4.2845446105893234e-05
Ag_shear_p005_k8x8x8_v19,solid_Ag,Ag_fcc_bulk_parent_v19,V18,new_frozen_CPU_float64_inference,30,31,Ag,6.15545,4.09,6.135,-3.216199269175544e-05,-5.021336340515671e-06,-2.766240564891783e-05,-3.091670257478196e-16,-3.4741903364582383e-16,3.8272336688738307e-17,3.2161992691446276e-05,5.021336340168252e-06,2.7662405648956103e-05,4.27178683786204e-05
Ag_shear_p005_k8x8x8_v19,solid_Ag,Ag_fcc_bulk_parent_v19,V18,new_frozen_CPU_float64_inference,31,32,Ag,6.165675,6.135,4.09,-2.7885576195620796e-05,-2.800390474987321e-05,0.0,-1.7869413631091402e-15,4.1127854160522004e-16,-1.4364323532717327e-16,2.7885576193833855e-05,2.8003904750284487e-05,-1.4364323532717327e-16,3.9519919546035506e-05
Ag_volume_m02_k8x8x8_v19,solid_Ag,Ag_fcc_bulk_parent_v19,MACE-MP-0b3-medium,new_frozen_CPU_float64_inference,0,1,Ag,0.0,0.0,0.0,-7.089222825774444e-24,-7.089222825774444e-24,-7.089222825774444e-24,-2.1616920076010515e-08,-2.161692056834672e-08,-2.161692036430332e-08,-2.161692007601051e-08,-2.1616920568346715e-08,-2.1616920364303314e-08,3.7441604325502246e-08
Ag_volume_m02_k8x8x8_v19,solid_Ag,Ag_fcc_bulk_parent_v19,MACE-MP-0b3-medium,new_frozen_CPU_float64_inference,1,2,Ag,0.0,2.03127475,2.03127475,1.617228957129795e-23,-4.194656510830729e-07,-4.194656510830728e-07,-2.1616919657183216e-08,3.2847747726797057e-08,3.2847747835976215e-08,-2.1616919657183232e-08,4.5231339880986996e-07,4.52313398919049e-07,6.400328997794601e-07
Ag_volume_m02_k8x8x8_v19,solid_Ag,Ag_fcc_bulk_parent_v19,MACE-MP-0b3-medium,new_frozen_CPU_float64_inference,2,3,Ag,2.03127475,0.0,2.03127475,-4.194656510830729e-07,3.012919700954139e-23,-4.194656510830729e-07,3.284774742809936e-08,-2.1616919692961888e-08,3.284774781852056e-08,4.5231339851117226e-07,-2.1616919692961917e-08,4.5231339890159346e-07,6.400328995572418e-07
Ag_volume_m02_k8x8x8_v19,solid_Ag,Ag_fcc_bulk_parent_v19,MACE-MP-0b3-medium,new_frozen_CPU_float64_inference,3,4,Ag,2.03127475,2.03127475,0.0,-4.1946565108307295e-07,-4.194656510830729e-07,3.012919700954139e-23,3.284774746387803e-08,3.284774751342607e-08,-2.161691983813656e-08,4.52313398546951e-07,4.5231339859649897e-07,-2.1616919838136588e-08,6.400328993718188e-07
Ag_volume_m02_k8x8x8_v19,solid_Ag,Ag_fcc_bulk_parent_v19,MACE-MP-0b3-medium,new_frozen_CPU_float64_inference,4,5,Ag,0.0,0.0,4.06254951,0.0,0.0,0.0,-2.1616919812440967e-08,-2.161692003319425e-08,-3.284774905697584e-08,-2.1616919812440967e-08,-2.161692003319425e-08,-3.284774905697584e-08,4.487267622962859e-08
Ag_volume_m02_k8x8x8_v19,solid_Ag,Ag_fcc_bulk_parent_v19,MACE-MP-0b3-medium,new_frozen_CPU_float64_inference,5,6,Ag,0.0,2.03127475,6.09382426,-1.484306029146524e-23,-4.194656510830729e-07,4.194656510830729e-07,-2.161691960969516e-08,3.284774787706748e-08,2.161692138052257e-08,-2.1616919609695148e-08,4.523133989601404e-07,-3.9784872970255033e-07,6.027755086416668e-07
Ag_volume_m02_k8x8x8_v19,solid_Ag,Ag_fcc_bulk_parent_v19,MACE-MP-0b3-medium,new_frozen_CPU_float64_inference,6,7,Ag,2.03127475,0.0,6.09382426,-4.1946565108307295e-07,2.747073844987597e-23,4.194656510830729e-07,3.284774695950718e-08,-2.161691993430529e-08,2.1616921843260056e-08,4.5231339804258013e-07,-2.1616919934305318e-08,-3.9784872923981284e-07,6.027755076593653e-07
Ag_volume_m02_k8x8x8_v19,solid_Ag,Ag_fcc_bulk_parent_v19,MACE-MP-0b3-medium,new_frozen_CPU_float64_inference,7,8,Ag,2.03127475,2.03127475,4.06254951,4.898382721893122e-07,4.898382721893123e-07,3.544611412887222e-23,3.2847745036674626e-08,3.284774468300788e-08,-3.284774909616741e-08,-4.5699052715263753e-07,-4.569905275063044e-07,-3.284774909616744e-08,6.471164182420506e-07
Ag_volume_m02_k8x8x8_v19,solid_Ag,Ag_fcc_bulk_parent_v19,MACE-MP-0b3-medium,new_frozen_CPU_float64_inference,8,9,Ag,0.0,4.06254951,0.0,-4.4307642661090276e-24,0.0,0.0,-2.161691965431008e-08,-3.2847750126678565e-08,-2.1616918321606798e-08,-2.1616919654310077e-08,-3.2847750126678565e-08,-2.1616918321606798e-08,4.487267611195736e-08
Ag_volume_m02_k8x8x8_v19,solid_Ag,Ag_fcc_bulk_parent_v19,MACE-MP-0b3-medium,new_frozen_CPU_float64_inference,9,10,Ag,0.0,6.09382426,2.03127475,-3.8990725541759443e-23,4.194656510830728e-07,-4.194656510830729e-07,-2.1616919826644015e-08,2.161692146440867e-08,3.284774746994956e-08,-2.1616919826643976e-08,-3.978487296186641e-07,4.5231339855302246e-07,6.027755082885848e-07
Ag_volume_m02_k8x8x8_v19,solid_Ag,Ag_fcc_bulk_parent_v19,MACE-MP-0b3-medium,new_frozen_CPU_float64_inference,10,11,Ag,2.03127475,4.06254951,2.03127475,4.898382721893125e-07,3.544611412887222e-23,4.898382721893122e-07,3.284774476833459e-08,-3.2847749123899976e-08,3.284774511679717e-08,-4.569905274209779e-07,-3.284774912390001e-08,-4.56990527072515e-07,6.471164181266191e-07
Ag_volume_m02_k8x8x8_v19,solid_Ag,Ag_fcc_bulk_parent_v19,MACE-MP-0b3-medium,new_frozen_CPU_float64_inference,11,12,Ag,2.03127475,6.09382426,0.0,-4.194656510830729e-07,4.194656510830728e-07,1.4178445651548888e-23,3.284774723061193e-08,2.1616922823575173e-08,-2.1616918572709993e-08,4.5231339831368483e-07,-3.978487282594976e-07,-2.1616918572710006e-08,6.027755071669327e-07
Ag_volume_m02_k8x8x8_v19,solid_Ag,Ag_fcc_bulk_parent_v19,MACE-MP-0b3-medium,new_frozen_CPU_float64_inference,12,13,Ag,0.0,4.06254951,4.06254951,0.0,0.0,0.0,-2.161691956835639e-08,-3.2847748584129925e-08,-3.2847748973051336e-08,-2.161691956835639e-08,-3.2847748584129925e-08,-3.2847748973051336e-08,5.1237099949817556e-08
Ag_volume_m02_k8x8x8_v19,solid_Ag,Ag_fcc_bulk_parent_v19,MACE-MP-0b3-medium,new_frozen_CPU_float64_inference,13,14,Ag,0.0,6.09382426,6.09382426,-5.316917119330833e-23,4.1946565108307306e-07,4.194656510830728e-07,-2.161691997387867e-08,2.1616922460169e-08,2.1616919911103365e-08,-2.1616919973878618e-08,-3.978487286229041e-07,-3.9784873117196943e-07,5.630581808225188e-07
Ag_volume_m02_k8x8x8_v19,solid_Ag,Ag_fcc_bulk_parent_v19,MACE-MP-0b3-medium,new_frozen_CPU_float64_inference,14,15,Ag,2.03127475,4.06254951,6.09382426,4.898382721893125e-07,7.089222825774444e-24,-4.898382721893123e-07,3.284774442041411e-08,-3.284775021948627e-08,2.1616922320742693e-08,-4.5699052776889836e-07,-3.284775021948628e-08,5.11455194510055e-07,6.866627506689846e-07
Ag_volume_m02_k8x8x8_v19,solid_Ag,Ag_fcc_bulk_parent_v19,MACE-MP-0b3-medium,new_frozen_CPU_float64_inference,15,16,Ag,2.03127475,6.09382426,4.06254951,4.898382721893124e-07,-4.898382721893123e-07,2.1267668477323333e-23,3.284774419522532e-08,2.1616923561304428e-08,-3.284774888752342e-08,-4.5699052799408705e-07,5.114551957506167e-07,-3.284774888752344e-08,6.866627516791586e-07
Ag_volume_m02_k8x8x8_v19,solid_Ag,Ag_fcc_bulk_parent_v19,MACE-MP-0b3-medium,new_frozen_CPU_float64_inference,16,17,Ag,4.06254951,0.0,0.0,7.089222825774444e-24,7.089222825774444e-24,-7.089222825774444e-24,-3.284775125847721e-08,-2.161691904086849e-08,-2.1616918741579934e-08,-3.284775125847722e-08,-2.1616919040868498e-08,-2.1616918741579927e-08,4.487267684725666e-08
Ag_volume_m02_k8x8x8_v19,solid_Ag,Ag_fcc_bulk_parent_v19,MACE-MP-0b3-medium,new_frozen_CPU_float64_inference,17,18,Ag,4.06254951,2.03127475,2.03127475,3.544611412887222e-23,4.898382721893122e-07,4.898382721893123e-07,-3.2847749182446893e-08,3.284774515778001e-08,3.284774518781241e-08,-3.2847749182446926e-08,-4.5699052703153215e-07,-4.5699052700149985e-07,6.471164178044156e-07
Ag_volume_m02_k8x8x8_v19,solid_Ag,Ag_fcc_bulk_parent_v19,MACE-MP-0b3-medium,new_frozen_CPU_float64_inference,18,19,Ag,6.09382426,0.0,2.03127475,4.194656510830727e-07,-1.4178445651548888e-23,-4.194656510830727e-07,2.1616922650909677e-08,-2.1616918823757006e-08,3.2847747681802666e-08,-3.97848728432163e-07,-2.1616918823756993e-08,4.5231339876487535e-07,6.027755076284661e-07
Ag_volume_m02_k8x8x8_v19,solid_Ag,Ag_fcc_bulk_parent_v19,MACE-MP-0b3-medium,new_frozen_CPU_float64_inference,19,20,Ag,6.09382426,2.03127475,0.0,4.1946565108307263e-07,-4.194656510830729e-07,-1.4178445651548888e-23,2.1616922415760834e-08,3.284774787408592e-08,-2.161691858176308e-08,-3.978487286673118e-07,4.523133989571588e-07,-2.1616918581763068e-08,6.02775507919279e-07
Ag_volume_m02_k8x8x8_v19,solid_Ag,Ag_fcc_bulk_parent_v19,MACE-MP-0b3-medium,new_frozen_CPU_float64_inference,20,21,Ag,4.06254951,0.0,4.06254951,0.0,0.0,0.0,-3.2847749881919925e-08,-2.1616918339596778e-08,-3.284774869828502e-08,-3.2847749881919925e-08,-2.1616918339596778e-08,-3.284774869828502e-08,5.1237100087257585e-08
Ag_volume_m02_k8x8x8_v19,solid_Ag,Ag_fcc_bulk_parent_v19,MACE-MP-0b3-medium,new_frozen_CPU_float64_inference,21,22,Ag,4.06254951,2.03127475,6.09382426,-3.544611412887222e-23,4.898382721893123e-07,-4.898382721893124e-07,-3.2847749936943185e-08,3.284774467021429e-08,2.1616922275531462e-08,-3.284774993694315e-08,-4.5699052751909797e-07,5.114551944648438e-07,6.866627504555453e-07
Ag_volume_m02_k8x8x8_v19,solid_Ag,Ag_fcc_bulk_parent_v19,MACE-MP-0b3-medium,new_frozen_CPU_float64_inference,22,23,Ag,6.09382426,0.0,6.09382426,4.194656510830731e-07,-2.8356891303097775e-23,4.194656510830728e-07,2.161692369730423e-08,-2.161691850695313e-08,2.1616919952628308e-08,-3.978487273857689e-07,-2.16169185069531e-08,-3.978487311304445e-07,5.63058179862718e-07
Ag_volume_m02_k8x8x8_v19,solid_Ag,Ag_fcc_bulk_parent_v19,MACE-MP-0b3-medium,new_frozen_CPU_float64_inference,23,24,Ag,6.09382426,2.03127475,4.06254951,-4.898382721893124e-07,4.898382721893122e-07,-2.1267668477323333e-23,2.16169237694818e-08,3.284774457415398e-08,-3.2847748828339793e-08,5.114551959587942e-07,-4.569905276151582e-07,-3.2847748828339774e-08,6.866627515792006e-07
Ag_volume_m02_k8x8x8_v19,solid_Ag,Ag_fcc_bulk_parent_v19,MACE-MP-0b3-medium,new_frozen_CPU_float64_inference,24,25,Ag,4.06254951,4.06254951,0.0,2.8356891303097775e-23,0.0,0.0,-3.2847750012132606e-08,-3.2847749882028345e-08,-2.1616917127995752e-08,-3.284775001213263e-08,-3.2847749882028345e-08,-2.1616917127995752e-08,5.123710041845156e-08
Ag_volume_m02_k8x8x8_v19,solid_Ag,Ag_fcc_bulk_parent_v19,MACE-MP-0b3-medium,new_frozen_CPU_float64_inference,25,26,Ag,4.06254951,6.09382426,2.03127475,1.0633834238661666e-23,-4.898382721893124e-07,4.898382721893122e-07,-3.284774984088287e-08,2.161692247344305e-08,3.2847744586080203e-08,-3.2847749840882886e-08,5.114551946627554e-07,-4.5699052760323195e-07,6.866627506543563e-07
Ag_volume_m02_k8x8x8_v19,solid_Ag,Ag_fcc_bulk_parent_v19,MACE-MP-0b3-medium,new_frozen_CPU_float64_inference,26,27,Ag,6.09382426,4.06254951,2.03127475,-4.898382721893123e-07,-4.962455978042111e-23,4.898382721893122e-07,2.161692380572019e-08,-3.284774883561062e-08,3.284774477906819e-08,5.114551959950325e-07,-3.284774883561057e-08,-4.5699052741024397e-07,6.866627514701649e-07
Ag_volume_m02_k8x8x8_v19,solid_Ag,Ag_fcc_bulk_parent_v19,MACE-MP-0b3-medium,new_frozen_CPU_float64_inference,27,28,Ag,6.09382426,6.09382426,0.0,4.194656510830731e-07,4.194656510830728e-07,-2.8356891303097775e-23,2.1616923890254236e-08,2.161692139962745e-08,-2.1616917674285863e-08,-3.9784872719281886e-07,-3.9784872968344534e-07,-2.1616917674285833e-08,5.630581786719859e-07
Ag_volume_m02_k8x8x8_v19,solid_Ag,Ag_fcc_bulk_parent_v19,MACE-MP-0b3-medium,new_frozen_CPU_float64_inference,28,29,Ag,4.06254951,4.06254951,4.06254951,0.0,0.0,0.0,-3.284774874309152e-08,-3.284774880986082e-08,-3.284774895056469e-08,-3.284774874309152e-08,-3.284774880986082e-08,-3.284774895056469e-08,5.68939698956252e-08
Ag_volume_m02_k8x8x8_v19,solid_Ag,Ag_fcc_bulk_parent_v19,MACE-MP-0b3-medium,new_frozen_CPU_float64_inference,29,30,Ag,4.06254951,6.09382426,6.09382426,-6.557531113841361e-23,-4.898382721893124e-07,-4.898382721893122e-07,-3.284775059852335e-08,2.16169237741946e-08,2.161692146140405e-08,-3.2847750598523285e-08,5.11455195963507e-07,5.114551936507162e-07,7.240523512217496e-07
Ag_volume_m02_k8x8x8_v19,solid_Ag,Ag_fcc_bulk_parent_v19,MACE-MP-0b3-medium,new_frozen_CPU_float64_inference,30,31,Ag,6.09382426,4.06254951,6.09382426,-4.898382721893123e-07,-7.089222825774444e-23,-4.898382721893122e-07,2.1616924998824246e-08,-3.2847749722054315e-08,2.1616920958008982e-08,5.114551971881365e-07,-3.284774972205424e-08,5.114551931473211e-07,7.240523516914519e-07
Ag_volume_m02_k8x8x8_v19,solid_Ag,Ag_fcc_bulk_parent_v19,MACE-MP-0b3-medium,new_frozen_CPU_float64_inference,31,32,Ag,6.09382426,6.09382426,4.06254951,-4.898382721893123e-07,-4.898382721893122e-07,-3.8990725541759443e-23,2.161692503870218e-08,2.1616922332560497e-08,-3.284774878031631e-08,5.114551972280145e-07,5.114551945218727e-07,-3.284774878031627e-08,7.240523526478514e-07
Ag_volume_m02_k8x8x8_v19,solid_Ag,Ag_fcc_bulk_parent_v19,V18,new_frozen_CPU_float64_inference,0,1,Ag,0.0,0.0,0.0,-7.089222825774444e-24,-7.089222825774444e-24,-7.089222825774444e-24,-2.0262694356938866e-08,-2.026269422251135e-08,-2.0262694299117988e-08,-2.026269435693886e-08,-2.0262694222511343e-08,-2.026269429911798e-08,3.509601601346262e-08
Ag_volume_m02_k8x8x8_v19,solid_Ag,Ag_fcc_bulk_parent_v19,V18,new_frozen_CPU_float64_inference,1,2,Ag,0.0,2.03127475,2.03127475,1.617228957129795e-23,-4.194656510830729e-07,-4.194656510830728e-07,-2.0262693163191616e-08,2.9600215370145073e-08,2.9600215551274598e-08,-2.0262693163191633e-08,4.4906586645321797e-07,4.490658666343474e-07,6.353982072084108e-07
Ag_volume_m02_k8x8x8_v19,solid_Ag,Ag_fcc_bulk_parent_v19,V18,new_frozen_CPU_float64_inference,2,3,Ag,2.03127475,0.0,2.03127475,-4.194656510830729e-07,3.012919700954139e-23,-4.194656510830729e-07,2.9600215271753725e-08,-2.026269342013398e-08,2.9600215846543507e-08,4.490658663548266e-07,-2.026269342013401e-08,4.490658669296164e-07,6.353982073557473e-07
Ag_volume_m02_k8x8x8_v19,solid_Ag,Ag_fcc_bulk_parent_v19,V18,new_frozen_CPU_float64_inference,3,4,Ag,2.03127475,2.03127475,0.0,-4.1946565108307295e-07,-4.194656510830729e-07,3.012919700954139e-23,2.96002154678859e-08,2.9600215983274954e-08,-2.0262693315169656e-08,4.4906586655095885e-07,4.4906586706634785e-07,-2.0262693315169686e-08,6.353982075876504e-07
Ag_volume_m02_k8x8x8_v19,solid_Ag,Ag_fcc_bulk_parent_v19,V18,new_frozen_CPU_float64_inference,4,5,Ag,0.0,0.0,4.06254951,0.0,0.0,0.0,-2.0262693622866233e-08,-2.0262693715346057e-08,-2.9600216197816574e-08,-2.0262693622866233e-08,-2.0262693715346057e-08,-2.9600216197816574e-08,4.1198620224633146e-08
Ag_volume_m02_k8x8x8_v19,solid_Ag,Ag_fcc_bulk_parent_v19,V18,new_frozen_CPU_float64_inference,5,6,Ag,0.0,2.03127475,6.09382426,-1.484306029146524e-23,-4.194656510830729e-07,4.194656510830729e-07,-2.026269368924651e-08,2.960021490384327e-08,2.0262694867936902e-08,-2.0262693689246497e-08,4.4906586598691617e-07,-3.99202956215136e-07,6.011935869593312e-07
Ag_volume_m02_k8x8x8_v19,solid_Ag,Ag_fcc_bulk_parent_v19,V18,new_frozen_CPU_float64_inference,6,7,Ag,2.03127475,0.0,6.09382426,-4.1946565108307295e-07,2.747073844987597e-23,4.194656510830729e-07,2.9600214747772368e-08,-2.0262693675504248e-08,2.0262694900300337e-08,4.490658658308453e-07,-2.0262693675504275e-08,-3.9920295618277256e-07,6.011935868207999e-07
Ag_volume_m02_k8x8x8_v19,solid_Ag,Ag_fcc_bulk_parent_v19,V18,new_frozen_CPU_float64_inference,7,8,Ag,2.03127475,2.03127475,4.06254951,4.898382721893122e-07,4.898382721893123e-07,3.544611412887222e-23,2.9600214060144245e-08,2.9600213833302046e-08,-2.9600217369417012e-08,-4.602380581291679e-07,-4.602380583560102e-07,-2.960021736941705e-08,6.515476294010549e-07
Ag_volume_m02_k8x8x8_v19,solid_Ag,Ag_fcc_bulk_parent_v19,V18,new_frozen_CPU_float64_inference,8,9,Ag,0.0,4.06254951,0.0,-4.4307642661090276e-24,0.0,0.0,-2.026269369728316e-08,-2.960021729589142e-08,-2.0262692780005813e-08,-2.0262693697283156e-08,-2.960021729589142e-08,-2.0262692780005813e-08,4.119862059014607e-08
Ag_volume_m02_k8x8x8_v19,solid_Ag,Ag_fcc_bulk_parent_v19,V18,new_frozen_CPU_float64_inference,9,10,Ag,0.0,6.09382426,2.03127475,-3.8990725541759443e-23,4.194656510830728e-07,-4.194656510830729e-07,-2.0262693798994875e-08,2.0262694878255898e-08,2.9600215142665904e-08,-2.0262693798994836e-08,-3.992029562048169e-07,4.490658662257388e-07,6.011935871345684e-07
Ag_volume_m02_k8x8x8_v19,solid_Ag,Ag_fcc_bulk_parent_v19,V18,new_frozen_CPU_float64_inference,10,11,Ag,2.03127475,4.06254951,2.03127475,4.898382721893125e-07,3.544611412887222e-23,4.898382721893122e-07,2.9600213889653454e-08,-2.9600217591079013e-08,2.960021411787801e-08,-4.60238058299659e-07,-2.960021759107905e-08,-4.6023805807143415e-07,6.515476293305382e-07
Ag_volume_m02_k8x8x8_v19,solid_Ag,Ag_fcc_bulk_parent_v19,V18,new_frozen_CPU_float64_inference,11,12,Ag,2.03127475,6.09382426,0.0,-4.194656510830729e-07,4.194656510830728e-07,1.4178445651548888e-23,2.9600214634066665e-08,2.0262695882308623e-08,-2.026269289051477e-08,4.4906586571713956e-07,-3.9920295520076417e-07,-2.0262692890514783e-08,6.011935860573387e-07
Ag_volume_m02_k8x8x8_v19,solid_Ag,Ag_fcc_bulk_parent_v19,V18,new_frozen_CPU_float64_inference,12,13,Ag,0.0,4.06254951,4.06254951,0.0,0.0,0.0,-2.026269338927982e-08,-2.960021668244983e-08,-2.9600216577262122e-08,-2.026269338927982e-08,-2.960021668244983e-08,-2.9600216577262122e-08,4.650722946442594e-08
Ag_volume_m02_k8x8x8_v19,solid_Ag,Ag_fcc_bulk_parent_v19,V18,new_frozen_CPU_float64_inference,13,14,Ag,0.0,6.09382426,6.09382426,-5.316917119330833e-23,4.1946565108307306e-07,4.194656510830728e-07,-2.0262694144584318e-08,2.02626963965112e-08,2.0262694666356613e-08,-2.0262694144584265e-08,-3.9920295468656186e-07,-3.992029564167162e-07,5.649217434444569e-07
Ag_volume_m02_k8x8x8_v19,solid_Ag,Ag_fcc_bulk_parent_v19,V18,new_frozen_CPU_float64_inference,14,15,Ag,2.03127475,4.06254951,6.09382426,4.898382721893125e-07,7.089222825774444e-24,-4.898382721893123e-07,2.9600213122146736e-08,-2.960021788644279e-08,2.026269583203658e-08,-4.6023805906716574e-07,-2.9600217886442796e-08,5.101009680213488e-07,6.87675971289643e-07
Ag_volume_m02_k8x8x8_v19,solid_Ag,Ag_fcc_bulk_parent_v19,V18,new_frozen_CPU_float64_inference,15,16,Ag,2.03127475,6.09382426,4.06254951,4.898382721893124e-07,-4.898382721893123e-07,2.1267668477323333e-23,2.9600213239159255e-08,2.026269671469965e-08,-2.960021669993955e-08,-4.602380589501531e-07,5.101009689040119e-07,-2.960021669993957e-08,6.876759718149964e-07
Ag_volume_m02_k8x8x8_v19,solid_Ag,Ag_fcc_bulk_parent_v19,V18,new_frozen_CPU_float64_inference,16,17,Ag,4.06254951,0.0,0.0,7.089222825774444e-24,7.089222825774444e-24,-7.089222825774444e-24,-2.9600218364657263e-08,-2.0262692608622205e-08,-2.0262692834879734e-08,-2.960021836465727e-08,-2.0262692608622212e-08,-2.0262692834879727e-08,4.1198620849581764e-08
Ag_volume_m02_k8x8x8_v19,solid_Ag,Ag_fcc_bulk_parent_v19,V18,new_frozen_CPU_float64_inference,17,18,Ag,4.06254951,2.03127475,2.03127475,3.544611412887222e-23,4.898382721893122e-07,4.898382721893123e-07,-2.9600217700014226e-08,2.960021413906061e-08,2.9600214018809037e-08,-2.9600217700014263e-08,-4.6023805805025155e-07,-4.602380581705032e-07,6.515476292292916e-07
Ag_volume_m02_k8x8x8_v19,solid_Ag,Ag_fcc_bulk_parent_v19,V18,new_frozen_CPU_float64_inference,18,19,Ag,6.09382426,0.0,2.03127475,4.194656510830727e-07,-1.4178445651548888e-23,-4.194656510830727e-07,2.0262696262071216e-08,-2.026269277279752e-08,2.9600215330354853e-08,-3.9920295482100145e-07,-2.0262692772797506e-08,4.4906586641342754e-07,6.011935863212994e-07
Ag_volume_m02_k8x8x8_v19,solid_Ag,Ag_fcc_bulk_parent_v19,V18,new_frozen_CPU_float64_inference,19,20,Ag,6.09382426,2.03127475,0.0,4.1946565108307263e-07,-4.194656510830729e-07,-1.4178445651548888e-23,2.026269616612146e-08,2.9600215307627265e-08,-2.0262692969444688e-08,-3.9920295491695117e-07,4.4906586639070016e-07,-2.0262692969444675e-08,6.011935863746631e-07
Ag_volume_m02_k8x8x8_v19,solid_Ag,Ag_fcc_bulk_parent_v19,V18,new_frozen_CPU_float64_inference,20,21,Ag,4.06254951,0.0,4.06254951,0.0,0.0,0.0,-2.960021778277951e-08,-2.0262692267794537e-08,-2.9600216854545974e-08,-2.960021778277951e-08,-2.0262692267794537e-08,-2.9600216854545974e-08,4.650722985260963e-08
Ag_volume_m02_k8x8x8_v19,solid_Ag,Ag_fcc_bulk_parent_v19,V18,new_frozen_CPU_float64_inference,21,22,Ag,4.06254951,2.03127475,6.09382426,-3.544611412887222e-23,4.898382721893123e-07,-4.898382721893124e-07,-2.960021779367574e-08,2.960021349054508e-08,2.02626956940583e-08,-2.9600217793675705e-08,-4.602380586987672e-07,5.101009678833707e-07,6.876759709367446e-07
Ag_volume_m02_k8x8x8_v19,solid_Ag,Ag_fcc_bulk_parent_v19,V18,new_frozen_CPU_float64_inference,22,23,Ag,6.09382426,0.0,6.09382426,4.194656510830731e-07,-2.8356891303097775e-23,4.194656510830728e-07,2.026269787085745e-08,-2.0262693027178454e-08,2.0262694392067016e-08,-3.992029532122157e-07,-2.0262693027178424e-08,-3.992029566910058e-07,5.649217425563555e-07
Ag_volume_m02_k8x8x8_v19,solid_Ag,Ag_fcc_bulk_parent_v19,V18,new_frozen_CPU_float64_inference,23,24,Ag,6.09382426,2.03127475,4.06254951,-4.898382721893124e-07,4.898382721893122e-07,-2.1267668477323333e-23,2.0262696684252508e-08,2.9600213231434315e-08,-2.9600216985387057e-08,5.101009688735649e-07,-4.6023805895787784e-07,-2.9600216985387037e-08,6.876759718098682e-07
Ag_volume_m02_k8x8x8_v19,solid_Ag,Ag_fcc_bulk_parent_v19,V18,new_frozen_CPU_float64_inference,24,25,Ag,4.06254951,4.06254951,0.0,2.8356891303097775e-23,0.0,0.0,-2.9600217722687604e-08,-2.9600217949489146e-08,-2.0262691497882405e-08,-2.9600217722687634e-08,-2.9600217949489146e-08,-2.0262691497882405e-08,4.6507230175813806e-08
Ag_volume_m02_k8x8x8_v19,solid_Ag,Ag_fcc_bulk_parent_v19,V18,new_frozen_CPU_float64_inference,25,26,Ag,4.06254951,6.09382426,2.03127475,1.0633834238661666e-23,-4.898382721893124e-07,4.898382721893122e-07,-2.9600217838941182e-08,2.0262695750796147e-08,2.9600213251437845e-08,-2.9600217838941192e-08,5.101009679401085e-07,-4.602380589378743e-07,6.876759711408061e-07
Ag_volume_m02_k8x8x8_v19,solid_Ag,Ag_fcc_bulk_parent_v19,V18,new_frozen_CPU_float64_inference,26,27,Ag,6.09382426,4.06254951,2.03127475,-4.898382721893123e-07,-4.962455978042111e-23,4.898382721893122e-07,2.0262696918075582e-08,-2.960021680659098e-08,2.9600213441972824e-08,5.101009691073878e-07,-2.960021680659093e-08,-4.6023805874733933e-07,6.8767597183471e-07
Ag_volume_m02_k8x8x8_v19,solid_Ag,Ag_fcc_bulk_parent_v19,V18,new_frozen_CPU_float64_inference,27,28,Ag,6.09382426,6.09382426,0.0,4.194656510830731e-07,4.194656510830728e-07,-2.8356891303097775e-23,2.0262697825118782e-08,2.0262695276007082e-08,-2.026269211506627e-08,-3.9920295325795435e-07,-3.992029558070657e-07,-2.026269211506624e-08,5.649217419313232e-07
Ag_volume_m02_k8x8x8_v19,solid_Ag,Ag_fcc_bulk_parent_v19,V18,new_frozen_CPU_float64_inference,28,29,Ag,4.06254951,4.06254951,4.06254951,0.0,0.0,0.0,-2.960021726174665e-08,-2.9600217227424052e-08,-2.9600217223384588e-08,-2.960021726174665e-08,-2.9600217227424052e-08,-2.9600217223384588e-08,5.1269080170457995e-08
Ag_volume_m02_k8x8x8_v19,solid_Ag,Ag_fcc_bulk_parent_v19,V18,new_frozen_CPU_float64_inference,29,30,Ag,4.06254951,6.09382426,6.09382426,-6.557531113841361e-23,-4.898382721893124e-07,-4.898382721893122e-07,-2.9600218123625567e-08,2.026269714368797e-08,2.0262694951488232e-08,-2.96002181236255e-08,5.101009693330003e-07,5.101009671408004e-07,7.219987316508337e-07
Ag_volume_m02_k8x8x8_v19,solid_Ag,Ag_fcc_bulk_parent_v19,V18,new_frozen_CPU_float64_inference,30,31,Ag,6.09382426,4.06254951,6.09382426,-4.898382721893123e-07,-7.089222825774444e-23,-4.898382721893122e-07,2.0262698161096753e-08,-2.96002173521073e-08,2.026269520223709e-08,5.10100970350409e-07,-2.9600217352107232e-08,5.101009673915492e-07,7.219987325151722e-07
Ag_volume_m02_k8x8x8_v19,solid_Ag,Ag_fcc_bulk_parent_v19,V18,new_frozen_CPU_float64_inference,31,32,Ag,6.09382426,6.09382426,4.06254951,-4.898382721893123e-07,-4.898382721893122e-07,-3.8990725541759443e-23,2.026269822373013e-08,2.026269623414006e-08,-2.9600216486778443e-08,5.101009704130424e-07,5.101009684234522e-07,-2.9600216486778403e-08,7.219987332529992e-07
Ag_volume_p02_k8x8x8_v19,solid_Ag,Ag_fcc_bulk_parent_v19,MACE-MP-0b3-medium,new_frozen_CPU_float64_inference,0,1,Ag,0.0,0.0,0.0,-1.0633834238661666e-23,-1.4178445651548888e-23,-1.0633834238661666e-23,-1.1632182244470735e-08,-1.1632181792981845e-08,-1.1632181556326834e-08,-1.1632182244470725e-08,-1.163218179298183e-08,-1.1632181556326824e-08,2.014752999235658e-08
Ag_volume_p02_k8x8x8_v19,solid_Ag,Ag_fcc_bulk_parent_v19,MACE-MP-0b3-medium,new_frozen_CPU_float64_inference,1,2,Ag,0.0,2.05854344,2.05854344,-7.089222825774444e-24,-3.872264111698612e-05,-3.872264111698612e-05,-1.1632185696814398e-08,-8.195557982260127e-10,-8.195559184098235e-10,-1.1632185696814391e-08,3.872182156118789e-05,3.872182156106771e-05,5.4760926446978484e-05
Ag_volume_p02_k8x8x8_v19,solid_Ag,Ag_fcc_bulk_parent_v19,MACE-MP-0b3-medium,new_frozen_CPU_float64_inference,2,3,Ag,2.05854344,0.0,2.05854344,-3.872264111698612e-05,-1.1963063518494375e-23,-3.872264111698612e-05,-8.195557222776505e-10,-1.1632185618860261e-08,-8.195558179584922e-10,3.872182156126384e-05,-1.163218561886025e-08,3.872182156116816e-05,5.476092644710321e-05
Ag_volume_p02_k8x8x8_v19,solid_Ag,Ag_fcc_bulk_parent_v19,MACE-MP-0b3-medium,new_frozen_CPU_float64_inference,3,4,Ag,2.05854344,2.05854344,0.0,-3.872264111698612e-05,-3.872264111698612e-05,-2.259689775715604e-23,-8.195555584547022e-10,-8.195557514426889e-10,-1.1632185969437034e-08,3.8721821561427664e-05,3.8721821561234676e-05,-1.163218596943701e-08,5.476092644726615e-05
Ag_volume_p02_k8x8x8_v19,solid_Ag,Ag_fcc_bulk_parent_v19,MACE-MP-0b3-medium,new_frozen_CPU_float64_inference,4,5,Ag,0.0,0.0,4.11708688,3.544611412887222e-24,7.089222825774444e-24,0.0,-1.1632182975412735e-08,-1.1632182661403164e-08,8.195564444663108e-10,-1.1632182975412738e-08,-1.163218266140317e-08,8.195564444663108e-10,1.647079315052547e-08
Ag_volume_p02_k8x8x8_v19,solid_Ag,Ag_fcc_bulk_parent_v19,MACE-MP-0b3-medium,new_frozen_CPU_float64_inference,5,6,Ag,0.0,2.05854344,6.17563032,0.0,-3.872264111698612e-05,3.872264111698612e-05,-1.1632182684954973e-08,-8.195550931693399e-10,1.1632181692313674e-08,-1.1632182684954973e-08,3.872182156189295e-05,-3.8711008935293805e-05,5.475328130045859e-05
Ag_volume_p02_k8x8x8_v19,solid_Ag,Ag_fcc_bulk_parent_v19,MACE-MP-0b3-medium,new_frozen_CPU_float64_inference,6,7,Ag,2.05854344,0.0,6.17563032,-3.872264111698611e-05,3.544611412887222e-24,3.872264111698612e-05,-8.195549566140763e-10,-1.1632182440304752e-08,1.1632181419419987e-08,3.87218215620295e-05,-1.1632182440304756e-08,-3.87110089355667e-05,5.4753281300748045e-05
Ag_volume_p02_k8x8x8_v19,solid_Ag,Ag_fcc_bulk_parent_v19,MACE-MP-0b3-medium,new_frozen_CPU_float64_inference,7,8,Ag,2.05854344,2.05854344,4.11708688,-1.0468967900185878e-05,-1.0468967900185878e-05,-1.4178445651548888e-23,-8.195573999991972e-10,-8.195572054933275e-10,8.195597075481084e-10,1.0468148342785879e-05,1.0468148342980385e-05,8.195597075481226e-10,1.480419738212416e-05
Ag_volume_p02_k8x8x8_v19,solid_Ag,Ag_fcc_bulk_parent_v19,MACE-MP-0b3-medium,new_frozen_CPU_float64_inference,8,9,Ag,0.0,4.11708688,0.0,-3.544611412887222e-24,0.0,3.544611412887222e-24,-1.163218308066166e-08,8.195565642419526e-10,-1.1632182829565222e-08,-1.1632183080661657e-08,8.195565642419526e-10,-1.1632182829565225e-08,1.647079334957656e-08
Ag_volume_p02_k8x8x8_v19,solid_Ag,Ag_fcc_bulk_parent_v19,MACE-MP-0b3-medium,new_frozen_CPU_float64_inference,9,10,Ag,0.0,6.17563032,2.05854344,-1.772305706443611e-24,3.872264111698612e-05,-3.872264111698612e-05,-1.1632182699916963e-08,1.1632181583068827e-08,-8.195552363924469e-10,-1.1632182699916961e-08,-3.871100893540305e-05,3.8721821561749726e-05,5.475328130043455e-05
Ag_volume_p02_k8x8x8_v19,solid_Ag,Ag_fcc_bulk_parent_v19,MACE-MP-0b3-medium,new_frozen_CPU_float64_inference,10,11,Ag,2.05854344,4.11708688,2.05854344,-1.0468967900185881e-05,-1.4178445651548888e-23,-1.0468967900185881e-05,-8.195570418059045e-10,8.195589951045384e-10,-8.195572575621368e-10,1.0468148343144076e-05,8.195589951045526e-10,1.046814834292832e-05,1.4804197382340587e-05
Ag_volume_p02_k8x8x8_v19,solid_Ag,Ag_fcc_bulk_parent_v19,MACE-MP-0b3-medium,new_frozen_CPU_float64_inference,11,12,Ag,2.05854344,6.17563032,0.0,-3.872264111698612e-05,3.872264111698612e-05,0.0,-8.195548690105407e-10,1.1632181512021045e-08,-1.1632182834195402e-08,3.872182156211711e-05,-3.8711008935474094e-05,-1.1632182834195402e-08,5.4753281300744616e-05
Ag_volume_p02_k8x8x8_v19,solid_Ag,Ag_fcc_bulk_parent_v19,MACE-MP-0b3-medium,new_frozen_CPU_float64_inference,12,13,Ag,0.0,4.11708688,4.11708688,3.544611412887222e-24,1.4178445651548888e-23,-3.544611412887222e-24,-1.1632184405520458e-08,8.195570882097575e-10,8.195570032690194e-10,-1.1632184405520462e-08,8.195570882097433e-10,8.195570032690229e-10,1.1689784495296548e-08
Ag_volume_p02_k8x8x8_v19,solid_Ag,Ag_fcc_bulk_parent_v19,MACE-MP-0b3-medium,new_frozen_CPU_float64_inference,13,14,Ag,0.0,6.17563032,6.17563032,-8.861528532218055e-24,3.872264111698612e-05,3.872264111698612e-05,-1.1632180535198905e-08,1.1632180251120214e-08,1.1632180336789907e-08,-1.1632180535198897e-08,-3.8711008936735e-05,-3.871100893664933e-05,5.474563508720074e-05
Ag_volume_p02_k8x8x8_v19,solid_Ag,Ag_fcc_bulk_parent_v19,MACE-MP-0b3-medium,new_frozen_CPU_float64_inference,14,15,Ag,2.05854344,4.11708688,6.17563032,-1.0468967900185881e-05,-2.1267668477323333e-23,1.0468967900185878e-05,-8.195557692236045e-10,8.195568312538426e-10,1.1632183021111856e-08,1.0468148344416658e-05,8.195568312538639e-10,-1.0457335717164766e-05,1.4796553677592513e-05
Ag_volume_p02_k8x8x8_v19,solid_Ag,Ag_fcc_bulk_parent_v19,MACE-MP-0b3-medium,new_frozen_CPU_float64_inference,15,16,Ag,2.05854344,6.17563032,4.11708688,-1.0468967900185881e-05,1.0468967900185878e-05,-2.1267668477323333e-23,-8.195560569708611e-10,1.163218331510631e-08,8.195573808426722e-10,1.046814834412891e-05,-1.0457335716870771e-05,8.195573808426935e-10,1.4796553677181193e-05
Ag_volume_p02_k8x8x8_v19,solid_Ag,Ag_fcc_bulk_parent_v19,MACE-MP-0b3-medium,new_frozen_CPU_float64_inference,16,17,Ag,4.11708688,0.0,0.0,0.0,-7.089222825774444e-24,-3.544611412887222e-24,8.195563955129895e-10,-1.1632182941395891e-08,-1.1632183010466134e-08,8.195563955129895e-10,-1.1632182941395885e-08,-1.1632183010466131e-08,1.6470793370584934e-08
Ag_volume_p02_k8x8x8_v19,solid_Ag,Ag_fcc_bulk_parent_v19,MACE-MP-0b3-medium,new_frozen_CPU_float64_inference,17,18,Ag,4.11708688,2.05854344,2.05854344,1.4178445651548888e-23,-1.0468967900185885e-05,-1.0468967900185883e-05,8.195593507770611e-10,-8.19557146865095e-10,-8.195571365109643e-10,8.19559350777047e-10,1.046814834303902e-05,1.0468148343049372e-05,1.4804197382351919e-05
Ag_volume_p02_k8x8x8_v19,solid_Ag,Ag_fcc_bulk_parent_v19,MACE-MP-0b3-medium,new_frozen_CPU_float64_inference,18,19,Ag,6.17563032,0.0,2.05854344,3.872264111698611e-05,0.0,-3.872264111698611e-05,1.1632181977718699e-08,-1.1632182676281355e-08,-8.195551524209886e-10,-3.8711008935008396e-05,-1.1632182676281355e-08,3.872182156183369e-05,5.4753281300214895e-05
Ag_volume_p02_k8x8x8_v19,solid_Ag,Ag_fcc_bulk_parent_v19,MACE-MP-0b3-medium,new_frozen_CPU_float64_inference,19,20,Ag,6.17563032,2.05854344,0.0,3.872264111698611e-05,-3.872264111698611e-05,0.0,1.1632181941513971e-08,-8.195551781436852e-10,-1.1632182632533798e-08,-3.87110089350446e-05,3.872182156180797e-05,-1.1632182632533798e-08,5.4753281300222295e-05
Ag_volume_p02_k8x8x8_v19,solid_Ag,Ag_fcc_bulk_parent_v19,MACE-MP-0b3-medium,new_frozen_CPU_float64_inference,20,21,Ag,4.11708688,0.0,4.11708688,-1.772305706443611e-23,3.544611412887222e-24,7.089222825774444e-24,8.195572775385618e-10,-1.1632183991424596e-08,8.195576162033284e-10,8.195572775385795e-10,-1.1632183991424599e-08,8.195576162033213e-10,1.1689784139486838e-08
Ag_volume_p02_k8x8x8_v19,solid_Ag,Ag_fcc_bulk_parent_v19,MACE-MP-0b3-medium,new_frozen_CPU_float64_inference,21,22,Ag,4.11708688,2.05854344,6.17563032,7.089222825774444e-24,-1.0468967900185885e-05,1.0468967900185883e-05,8.19557144859321e-10,-8.195557793608949e-10,1.1632183136037286e-08,8.195571448593139e-10,1.0468148344406524e-05,-1.0457335717049846e-05,1.4796553677504142e-05
Ag_volume_p02_k8x8x8_v19,solid_Ag,Ag_fcc_bulk_parent_v19,MACE-MP-0b3-medium,new_frozen_CPU_float64_inference,22,23,Ag,6.17563032,0.0,6.17563032,3.872264111698611e-05,-7.089222825774444e-24,3.872264111698612e-05,1.163218027789343e-08,-1.163218030317964e-08,1.1632180501263377e-08,-3.871100893670822e-05,-1.1632180303179633e-08,-3.8711008936484855e-05,5.4745635087065455e-05
Ag_volume_p02_k8x8x8_v19,solid_Ag,Ag_fcc_bulk_parent_v19,MACE-MP-0b3-medium,new_frozen_CPU_float64_inference,23,24,Ag,6.17563032,2.05854344,4.11708688,1.0468967900185883e-05,-1.0468967900185885e-05,-8.861528532218055e-25,1.1632183503621511e-08,-8.195561246250767e-10,8.195572117188509e-10,-1.0457335716682262e-05,1.046814834406126e-05,8.195572117188518e-10,1.4796553677000095e-05
Ag_volume_p02_k8x8x8_v19,solid_Ag,Ag_fcc_bulk_parent_v19,MACE-MP-0b3-medium,new_frozen_CPU_float64_inference,24,25,Ag,4.11708688,4.11708688,0.0,2.1267668477323333e-23,1.772305706443611e-23,3.544611412887222e-24,8.195577316024317e-10,8.195573087093743e-10,-1.163218396583994e-08,8.195577316024104e-10,8.195573087093566e-10,-1.1632183965839944e-08,1.1689784124304096e-08
Ag_volume_p02_k8x8x8_v19,solid_Ag,Ag_fcc_bulk_parent_v19,MACE-MP-0b3-medium,new_frozen_CPU_float64_inference,25,26,Ag,4.11708688,6.17563032,2.05854344,3.012919700954139e-23,1.0468967900185883e-05,-1.0468967900185885e-05,8.195569032448669e-10,1.1632183071120228e-08,-8.195559967434304e-10,8.195569032448368e-10,-1.0457335717114762e-05,1.0468148344189141e-05,1.4796553677396217e-05
Ag_volume_p02_k8x8x8_v19,solid_Ag,Ag_fcc_bulk_parent_v19,MACE-MP-0b3-medium,new_frozen_CPU_float64_inference,26,27,Ag,6.17563032,4.11708688,2.05854344,1.0468967900185883e-05,3.14584262893741e-23,-1.0468967900185885e-05,1.1632183215772592e-08,8.19557012098765e-10,-8.195560559950792e-10,-1.0457335716970111e-05,8.195570120987335e-10,1.046814834412989e-05,1.4796553677252072e-05
Ag_volume_p02_k8x8x8_v19,solid_Ag,Ag_fcc_bulk_parent_v19,MACE-MP-0b3-medium,new_frozen_CPU_float64_inference,27,28,Ag,6.17563032,6.17563032,0.0,3.872264111698611e-05,3.872264111698612e-05,-7.089222825774444e-24,1.1632180290967731e-08,1.1632180478391641e-08,-1.1632180516333787e-08,-3.871100893669514e-05,-3.8711008936507725e-05,-1.163218051633378e-08,5.474563508707243e-05
Ag_volume_p02_k8x8x8_v19,solid_Ag,Ag_fcc_bulk_parent_v19,MACE-MP-0b3-medium,new_frozen_CPU_float64_inference,28,29,Ag,4.11708688,4.11708688,4.11708688,0.0,-3.544611412887222e-24,0.0,8.195583638595988e-10,8.19558611595125e-10,8.195587099969971e-10,8.195583638595988e-10,8.195586115951285e-10,8.195587099969971e-10,1.4195170688455632e-09
Ag_volume_p02_k8x8x8_v19,solid_Ag,Ag_fcc_bulk_parent_v19,MACE-MP-0b3-medium,new_frozen_CPU_float64_inference,29,30,Ag,4.11708688,6.17563032,6.17563032,-5.316917119330833e-24,1.0468967900185883e-05,1.0468967900185885e-05,8.195546148193414e-10,1.1632181674592308e-08,1.163218151591398e-08,8.195546148193467e-10,-1.0457335718511291e-05,-1.0457335718669971e-05,1.4788906022228035e-05
Ag_volume_p02_k8x8x8_v19,solid_Ag,Ag_fcc_bulk_parent_v19,MACE-MP-0b3-medium,new_frozen_CPU_float64_inference,30,31,Ag,6.17563032,4.11708688,6.17563032,1.0468967900185883e-05,2.4812279890210556e-23,1.0468967900185883e-05,1.1632181254637436e-08,8.195548445617817e-10,1.163218143134621e-08,-1.0457335718931245e-05,8.195548445617569e-10,-1.0457335718754537e-05,1.4788906022584797e-05
Ag_volume_p02_k8x8x8_v19,solid_Ag,Ag_fcc_bulk_parent_v19,MACE-MP-0b3-medium,new_frozen_CPU_float64_inference,31,32,Ag,6.17563032,6.17563032,4.11708688,1.0468967900185881e-05,1.0468967900185885e-05,-3.544611412887222e-24,1.1632181441094016e-08,1.1632181380659759e-08,8.195547257332236e-10,-1.0457335718744788e-05,-1.0457335718805225e-05,8.195547257332271e-10,1.4788906022488787e-05
Ag_volume_p02_k8x8x8_v19,solid_Ag,Ag_fcc_bulk_parent_v19,V18,new_frozen_CPU_float64_inference,0,1,Ag,0.0,0.0,0.0,-1.0633834238661666e-23,-1.4178445651548888e-23,-1.0633834238661666e-23,-1.0216996040321048e-08,-1.0216995945272093e-08,-1.0216995984506376e-08,-1.0216996040321038e-08,-1.0216995945272078e-08,-1.0216995984506366e-08,1.769635615546492e-08
Ag_volume_p02_k8x8x8_v19,solid_Ag,Ag_fcc_bulk_parent_v19,V18,new_frozen_CPU_float64_inference,1,2,Ag,0.0,2.05854344,2.05854344,-7.089222825774444e-24,-3.872264111698612e-05,-3.872264111698612e-05,-1.0216997700292172e-08,-1.6975710264249914e-10,-1.6975683119469756e-10,-1.0216997700292166e-08,3.872247135988348e-05,3.872247136015493e-05,5.476184511904303e-05
Ag_volume_p02_k8x8x8_v19,solid_Ag,Ag_fcc_bulk_parent_v19,V18,new_frozen_CPU_float64_inference,2,3,Ag,2.05854344,0.0,2.05854344,-3.872264111698612e-05,-1.1963063518494375e-23,-3.872264111698612e-05,-1.697569958833135e-10,-1.0216998089759616e-08,-1.6975714191602877e-10,3.872247135999024e-05,-1.0216998089759604e-08,3.87224713598442e-05,5.476184511889887e-05
Ag_volume_p02_k8x8x8_v19,solid_Ag,Ag_fcc_bulk_parent_v19,V18,new_frozen_CPU_float64_inference,3,4,Ag,2.05854344,2.05854344,0.0,-3.872264111698612e-05,-3.872264111698612e-05,-2.259689775715604e-23,-1.697570574482092e-10,-1.697570925636541e-10,-1.0216997905217394e-08,3.872247135992867e-05,3.8722471359893553e-05,-1.0216997905217371e-08,5.4761845118890206e-05
Ag_volume_p02_k8x8x8_v19,solid_Ag,Ag_fcc_bulk_parent_v19,V18,new_frozen_CPU_float64_inference,4,5,Ag,0.0,0.0,4.11708688,3.544611412887222e-24,7.089222825774444e-24,0.0,-1.021699624255694e-08,-1.0216995896292772e-08,1.69758603726071e-10,-1.0216996242556944e-08,-1.0216995896292778e-08,1.69758603726071e-10,1.445001160376092e-08
Ag_volume_p02_k8x8x8_v19,solid_Ag,Ag_fcc_bulk_parent_v19,V18,new_frozen_CPU_float64_inference,5,6,Ag,0.0,2.05854344,6.17563032,0.0,-3.872264111698612e-05,3.872264111698612e-05,-1.0216995773188032e-08,-1.6975702483066447e-10,1.02169942598129e-08,-1.0216995773188032e-08,3.872247135996129e-05,-3.8712424122726303e-05,5.4754741110408574e-05
Ag_volume_p02_k8x8x8_v19,solid_Ag,Ag_fcc_bulk_parent_v19,V18,new_frozen_CPU_float64_inference,6,7,Ag,2.05854344,0.0,6.17563032,-3.872264111698611e-05,3.544611412887222e-24,3.872264111698612e-05,-1.6975679850007283e-10,-1.0216995889520384e-08,1.0216994215829867e-08,3.872247136018761e-05,-1.0216995889520388e-08,-3.871242412277029e-05,5.4754741110599746e-05
Ag_volume_p02_k8x8x8_v19,solid_Ag,Ag_fcc_bulk_parent_v19,V18,new_frozen_CPU_float64_inference,7,8,Ag,2.05854344,2.05854344,4.11708688,-1.0468967900185878e-05,-1.0468967900185878e-05,-1.4178445651548888e-23,-1.697580013300566e-10,-1.6975791276090352e-10,1.69761177488694e-10,1.0468798142184548e-05,1.0468798142273117e-05,1.697611774887082e-10,1.4805116315459551e-05
Ag_volume_p02_k8x8x8_v19,solid_Ag,Ag_fcc_bulk_parent_v19,V18,new_frozen_CPU_float64_inference,8,9,Ag,0.0,4.11708688,0.0,-3.544611412887222e-24,0.0,3.544611412887222e-24,-1.021699604861943e-08,1.697588525854631e-10,-1.0216995827317385e-08,-1.0216996048619427e-08,1.697588525854631e-10,-1.0216995827317388e-08,1.4450011420789847e-08
Ag_volume_p02_k8x8x8_v19,solid_Ag,Ag_fcc_bulk_parent_v19,V18,new_frozen_CPU_float64_inference,9,10,Ag,0.0,6.17563032,2.05854344,-1.772305706443611e-24,3.872264111698612e-05,-3.872264111698612e-05,-1.0216995795425188e-08,1.0216994280722243e-08,-1.6975702001189403e-10,-1.0216995795425187e-08,-3.87124241227054e-05,3.872247135996611e-05,5.47547411103972e-05
Ag_volume_p02_k8x8x8_v19,solid_Ag,Ag_fcc_bulk_parent_v19,V18,new_frozen_CPU_float64_inference,10,11,Ag,2.05854344,4.11708688,2.05854344,-1.0468967900185881e-05,-1.4178445651548888e-23,-1.0468967900185881e-05,-1.6975793741379745e-10,1.6976138937460124e-10,-1.6975796653987237e-10,1.0468798142248469e-05,1.6976138937461543e-10,1.046879814221934e-05,1.4805116315466727e-05
Ag_volume_p02_k8x8x8_v19,solid_Ag,Ag_fcc_bulk_parent_v19,V18,new_frozen_CPU_float64_inference,11,12,Ag,2.05854344,6.17563032,0.0,-3.872264111698612e-05,3.872264111698612e-05,0.0,-1.697566794961789e-10,1.0216994153550625e-08,-1.0216995731445402e-08,3.872247136030662e-05,-3.871242412283257e-05,-1.0216995731445402e-08,5.475474111072791e-05
Ag_volume_p02_k8x8x8_v19,solid_Ag,Ag_fcc_bulk_parent_v19,V18,new_frozen_CPU_float64_inference,12,13,Ag,0.0,4.11708688,4.11708688,3.544611412887222e-24,1.4178445651548888e-23,-3.544611412887222e-24,-1.021699622856847e-08,1.6975895072524148e-10,1.697588173913306e-10,-1.0216996228568473e-08,1.6975895072522729e-10,1.6975881739133413e-10,1.021981644120949e-08
Ag_volume_p02_k8x8x8_v19,solid_Ag,Ag_fcc_bulk_parent_v19,V18,new_frozen_CPU_float64_inference,13,14,Ag,0.0,6.17563032,6.17563032,-8.861528532218055e-24,3.872264111698612e-05,3.872264111698612e-05,-1.0216993620612192e-08,1.0216993877902295e-08,1.0216993670532926e-08,-1.0216993620612184e-08,-3.8712424123108214e-05,-3.871242412331559e-05,5.474763618073237e-05
Ag_volume_p02_k8x8x8_v19,solid_Ag,Ag_fcc_bulk_parent_v19,V18,new_frozen_CPU_float64_inference,14,15,Ag,2.05854344,4.11708688,6.17563032,-1.0468967900185881e-05,-2.1267668477323333e-23,1.0468967900185878e-05,-1.6975705864930192e-10,1.697585593536682e-10,1.0216994686953828e-08,1.0468798143127231e-05,1.6975855935368947e-10,-1.0458750905498924e-05,1.4798013552285885e-05
Ag_volume_p02_k8x8x8_v19,solid_Ag,Ag_fcc_bulk_parent_v19,V18,new_frozen_CPU_float64_inference,15,16,Ag,2.05854344,6.17563032,4.11708688,-1.0468967900185881e-05,1.0468967900185878e-05,-2.1267668477323333e-23,-1.6975695569329422e-10,1.02169944764228e-08,1.697587091422964e-10,1.0468798143230188e-05,-1.0458750905709456e-05,1.6975870914231768e-10,1.479801355250752e-05
Ag_volume_p02_k8x8x8_v19,solid_Ag,Ag_fcc_bulk_parent_v19,V18,new_frozen_CPU_float64_inference,16,17,Ag,4.11708688,0.0,0.0,0.0,-7.089222825774444e-24,-3.544611412887222e-24,1.6975863479126951e-10,-1.0216996064394572e-08,-1.0216995996610058e-08,1.6975863479126951e-10,-1.0216996064394565e-08,-1.0216995996610055e-08,1.445001154908487e-08
Ag_volume_p02_k8x8x8_v19,solid_Ag,Ag_fcc_bulk_parent_v19,V18,new_frozen_CPU_float64_inference,17,18,Ag,4.11708688,2.05854344,2.05854344,1.4178445651548888e-23,-1.0468967900185885e-05,-1.0468967900185883e-05,1.6976157421836615e-10,-1.6975802962011002e-10,-1.697581870318659e-10,1.6976157421835196e-10,1.0468798142156264e-05,1.0468798141998851e-05,1.4805116315245619e-05
Ag_volume_p02_k8x8x8_v19,solid_Ag,Ag_fcc_bulk_parent_v19,V18,new_frozen_CPU_float64_inference,18,19,Ag,6.17563032,0.0,2.05854344,3.872264111698611e-05,0.0,-3.872264111698611e-05,1.0216994392314168e-08,-1.021699551628548e-08,-1.6975673575864836e-10,-3.87124241225938e-05,-1.021699551628548e-08,3.872247136025035e-05,5.4754741110519265e-05
Ag_volume_p02_k8x8x8_v19,solid_Ag,Ag_fcc_bulk_parent_v19,V18,new_frozen_CPU_float64_inference,19,20,Ag,6.17563032,2.05854344,0.0,3.872264111698611e-05,-3.872264111698611e-05,0.0,1.0216993917086035e-08,-1.6975687526751587e-10,-1.0216995698240016e-08,-3.8712424123069026e-05,3.872247136011084e-05,-1.0216995698240016e-08,5.475474111075663e-05
Ag_volume_p02_k8x8x8_v19,solid_Ag,Ag_fcc_bulk_parent_v19,V18,new_frozen_CPU_float64_inference,20,21,Ag,4.11708688,0.0,4.11708688,-1.772305706443611e-23,3.544611412887222e-24,7.089222825774444e-24,1.6975900812019398e-10,-1.0216996286136471e-08,1.697590486242348e-10,1.6975900812021172e-10,-1.0216996286136475e-08,1.6975904862422772e-10,1.0219816503555936e-08
Ag_volume_p02_k8x8x8_v19,solid_Ag,Ag_fcc_bulk_parent_v19,V18,new_frozen_CPU_float64_inference,21,22,Ag,4.11708688,2.05854344,6.17563032,7.089222825774444e-24,-1.0468967900185885e-05,1.0468967900185883e-05,1.6975868517278922e-10,-1.6975703461050688e-10,1.0216994483639663e-08,1.6975868517278213e-10,1.0468798143151273e-05,-1.0458750905702243e-05,1.4798013552446593e-05
Ag_volume_p02_k8x8x8_v19,solid_Ag,Ag_fcc_bulk_parent_v19,V18,new_frozen_CPU_float64_inference,22,23,Ag,6.17563032,0.0,6.17563032,3.872264111698611e-05,-7.089222825774444e-24,3.872264111698612e-05,1.0216993886788315e-08,-1.0216993560208579e-08,1.0216993808002985e-08,-3.871242412309932e-05,-1.0216993560208572e-08,-3.871242412317812e-05,5.4747636180628864e-05
Ag_volume_p02_k8x8x8_v19,solid_Ag,Ag_fcc_bulk_parent_v19,V18,new_frozen_CPU_float64_inference,23,24,Ag,6.17563032,2.05854344,4.11708688,1.0468967900185883e-05,-1.0468967900185885e-05,-8.861528532218055e-25,1.0216994338855573e-08,-1.6975721327008425e-10,1.697585393512619e-10,-1.0458750905847028e-05,1.0468798142972614e-05,1.6975853935126277e-10,1.4798013552422528e-05
Ag_volume_p02_k8x8x8_v19,solid_Ag,Ag_fcc_bulk_parent_v19,V18,new_frozen_CPU_float64_inference,24,25,Ag,4.11708688,4.11708688,0.0,2.1267668477323333e-23,1.772305706443611e-23,3.544611412887222e-24,1.6975884435738506e-10,1.6975905023213102e-10,-1.0216995968701795e-08,1.6975884435736379e-10,1.697590502321133e-10,-1.0216995968701799e-08,1.021981618351534e-08
Ag_volume_p02_k8x8x8_v19,solid_Ag,Ag_fcc_bulk_parent_v19,V18,new_frozen_CPU_float64_inference,25,26,Ag,4.11708688,6.17563032,2.05854344,3.012919700954139e-23,1.0468967900185883e-05,-1.0468967900185885e-05,1.6975857376678083e-10,1.0216994444266782e-08,-1.6975717620561654e-10,1.697585737667507e-10,-1.0458750905741616e-05,1.046879814300968e-05,1.479801355237425e-05
Ag_volume_p02_k8x8x8_v19,solid_Ag,Ag_fcc_bulk_parent_v19,V18,new_frozen_CPU_float64_inference,26,27,Ag,6.17563032,4.11708688,2.05854344,1.0468967900185883e-05,3.14584262893741e-23,-1.0468967900185885e-05,1.0216994406626782e-08,1.6975849156900956e-10,-1.6975713298152524e-10,-1.0458750905779257e-05,1.697584915689781e-10,1.0468798143052902e-05,1.479801355243143e-05
Ag_volume_p02_k8x8x8_v19,solid_Ag,Ag_fcc_bulk_parent_v19,V18,new_frozen_CPU_float64_inference,27,28,Ag,6.17563032,6.17563032,0.0,3.872264111698611e-05,3.872264111698612e-05,-7.089222825774444e-24,1.0216993883875604e-08,1.0216993890537257e-08,-1.0216993559898565e-08,-3.871242412310224e-05,-3.871242412309558e-05,-1.0216993559898558e-08,5.474763618057257e-05
Ag_volume_p02_k8x8x8_v19,solid_Ag,Ag_fcc_bulk_parent_v19,V18,new_frozen_CPU_float64_inference,28,29,Ag,4.11708688,4.11708688,4.11708688,0.0,-3.544611412887222e-24,0.0,1.6975996127128046e-10,1.6976001645531945e-10,1.69760180836542e-10,1.6975996127128046e-10,1.69760016455323e-10,1.69760180836542e-10,2.940330366394117e-10
Ag_volume_p02_k8x8x8_v19,solid_Ag,Ag_fcc_bulk_parent_v19,V18,new_frozen_CPU_float64_inference,29,30,Ag,4.11708688,6.17563032,6.17563032,-5.316917119330833e-24,1.0468967900185883e-05,1.0468967900185885e-05,1.69756409428194e-10,1.0216994286867692e-08,1.0216994016946531e-08,1.6975640942819933e-10,-1.0458750905899015e-05,-1.0458750906168937e-05,1.47909073777693e-05
Ag_volume_p02_k8x8x8_v19,solid_Ag,Ag_fcc_bulk_parent_v19,V18,new_frozen_CPU_float64_inference,30,31,Ag,6.17563032,4.11708688,6.17563032,1.0468967900185883e-05,2.4812279890210556e-23,1.0468967900185883e-05,1.0216994174923027e-08,1.6975643815955158e-10,1.0216994006991353e-08,-1.045875090601096e-05,1.6975643815952676e-10,-1.0458750906178892e-05,1.4790907377855496e-05
Ag_volume_p02_k8x8x8_v19,solid_Ag,Ag_fcc_bulk_parent_v19,V18,new_frozen_CPU_float64_inference,31,32,Ag,6.17563032,6.17563032,4.11708688,1.0468967900185881e-05,1.0468967900185885e-05,-3.544611412887222e-24,1.0216994182222518e-08,1.02169943376205e-08,1.697566777682317e-10,-1.045875090600366e-05,-1.0458750905848264e-05,1.6975667776823524e-10,1.4790907377616546e-05
AgC_residual_mode_m_06_v19_acq,interface_AgC,AgC_residual_acquisition_parent_v19,MACE-MP-0b3-medium,new_frozen_CPU_float64_inference,0,113766,Ti,14.77773371,12.05600926,19.11551806,-0.7262432801450864,-0.049378515401449115,-1.975320806884171,-0.9930092506505666,0.10762043263783558,-1.5490012358162326,-0.2667659705054801,0.15699894803928469,0.4263195710679384,0.5268407058881496
AgC_residual_mode_m_06_v19_acq,interface_AgC,AgC_residual_acquisition_parent_v19,MACE-MP-0b3-medium,new_frozen_CPU_float64_inference,1,600768,Ti,19.82811217,14.16747384,12.33246569,-1.2569104032323786,-0.6920207665458057,1.8693819656508701,-1.3013861559807691,-0.4938624096468877,1.1473746280351798,-0.04447575274839055,0.19815835689891798,-0.7220073376156904,0.750026281247739
AgC_residual_mode_m_06_v19_acq,interface_AgC,AgC_residual_acquisition_parent_v19,MACE-MP-0b3-medium,new_frozen_CPU_float64_inference,2,602398,Ti,15.14933662,14.09146,8.99034223,-1.2026487830366022,-1.4699245677428998,1.8624327691374627,0.5573631629255004,-0.8931760645032648,1.338073686487045,1.7600119459621024,0.576748503239635,-0.5243590826504176,1.9248982657471676
AgC_residual_mode_m_06_v19_acq,interface_AgC,AgC_residual_acquisition_parent_v19,MACE-MP-0b3-medium,new_frozen_CPU_float64_inference,3,602560,Ti,16.70700672,11.35471852,12.38368619,0.912084774194678,1.2332951003019368,-1.079489112662187,0.31057316311104843,1.012853392248943,-1.3926061291629828,-0.6015116110836296,-0.22044170805299368,-0.3131170165007957,0.7130589252930676
AgC_residual_mode_m_06_v19_acq,interface_AgC,AgC_residual_acquisition_parent_v19,MACE-MP-0b3-medium,new_frozen_CPU_float64_inference,4,602563,C,15.80834749,12.2813523,10.41275719,0.2076379087494656,-0.672632403109487,0.7586779008665392,0.3329652857835679,0.12442063234122065,1.020134265905401,0.12532737703410227,0.7970530354507077,0.2614563650388617,0.84815088491068
AgC_residual_mode_m_06_v19_acq,interface_AgC,AgC_residual_acquisition_parent_v19,MACE-MP-0b3-medium,new_frozen_CPU_float64_inference,5,602564,C,15.2459573,10.24678088,13.1973631,5.202916038089749,-2.656178927867542,-0.1920898668491718,5.56378934225212,-2.631077467962224,0.6335397426625652,0.3608733041623706,0.02510145990531809,0.825629609511737,0.9014010633724305
AgC_residual_mode_m_06_v19_acq,interface_AgC,AgC_residual_acquisition_parent_v19,MACE-MP-0b3-medium,new_frozen_CPU_float64_inference,6,602568,C,15.09615209,17.79866568,11.05647245,0.6036261427892172,1.1452215990560435,1.539754085394958,0.5233278638424501,-0.26165208689181324,0.8809913437137169,-0.08029827894676711,-1.4068736859478568,-0.6587627416812412,1.5555416200287626
AgC_residual_mode_m_06_v19_acq,interface_AgC,AgC_residual_acquisition_parent_v19,MACE-MP-0b3-medium,new_frozen_CPU_float64_inference,7,602569,Ti,16.22196177,17.83062629,12.74423018,-0.5505851928257585,1.8492634017853302,0.7887861655879802,-0.059612752284530446,1.909462591791968,1.2439571391862305,0.490972440541228,0.06019919000663787,0.4551709735982503,0.6722042063650331
AgC_residual_mode_m_06_v19_acq,interface_AgC,AgC_residual_acquisition_parent_v19,MACE-MP-0b3-medium,new_frozen_CPU_float64_inference,8,602577,C,15.07856493,19.59732463,13.72647342,-1.605788623691139,-4.334086946787186,-2.108416580370917,-1.0954069011642038,-3.4271859013226957,-1.7580787320660594,0.5103817225269351,0.9069010454644899,0.3503378483048578,1.0980417191113567
AgC_residual_mode_m_06_v19_acq,interface_AgC,AgC_residual_acquisition_parent_v19,MACE-MP-0b3-medium,new_frozen_CPU_float64_inference,9,602709,Ti,16.76440974,12.97642676,14.38731587,-0.46658411781719766,0.13104470722704326,-0.06629587623774419,-0.33309216136608805,-0.24344914073856377,0.46531118865878424,0.13349195645110962,-0.37449384796560703,0.5316070648965284,0.6638311653192654
AgC_residual_mode_m_06_v19_acq,interface_AgC,AgC_residual_acquisition_parent_v19,MACE-MP-0b3-medium,new_frozen_CPU_float64_inference,10,602714,Ti,16.30101915,9.87962573,15.1683031,-0.8178979440674177,1.8129854210443355,-1.431870840030283,-0.8704690944000126,1.996128157154153,-2.7066906951551934,-0.05257115033259496,0.18314273610981746,-1.2748198551249104,1.288980469463281
AgC_residual_mode_m_06_v19_acq,interface_AgC,AgC_residual_acquisition_parent_v19,MACE-MP-0b3-medium,new_frozen_CPU_float64_inference,11,602717,Si,16.28907112,11.75977571,16.92416559,-0.5533704321159255,-0.03528890989855653,0.1443065661431958,-0.778083097044307,0.22458255429814175,0.1586307090119445,-0.2247126649283815,0.25987146419669827,0.014324142868748696,0.34385191689428635
AgC_residual_mode_m_06_v19_acq,interface_AgC,AgC_residual_acquisition_parent_v19,MACE-MP-0b3-medium,new_frozen_CPU_float64_inference,12,602720,Ti,19.6039234,12.8276298,14.90690853,-1.629506429046985,0.7510175807706126,-1.1497340369311562,-1.7682523477190848,0.4554884734408168,-0.5307262047730532,-0.13874591867209984,-0.29552910732979587,0.619007832158103,0.6998275355402823
AgC_residual_mode_m_06_v19_acq,interface_AgC,AgC_residual_acquisition_parent_v19,MACE-MP-0b3-medium,new_frozen_CPU_float64_inference,13,602722,Si,17.67857728,13.64819382,16.56818905,1.0431073619724451,0.5298838825750922,-0.05726432885567984,1.0056935188312468,0.5593742893596597,-0.1685698368130662,-0.03741384314119833,0.02949040678456749,-0.11130550795738636,0.12107186234862855
AgC_residual_mode_m_06_v19_acq,interface_AgC,AgC_residual_acquisition_parent_v19,MACE-MP-0b3-medium,new_frozen_CPU_float64_inference,14,602726,Si,17.72084154,16.09981719,16.31087786,-0.001500877272049045,0.3709418159298674,-1.431942645639245,-0.12357782856129428,0.3970160713232276,-1.221205177913944,-0.12207695128924523,0.02607425539336017,0.2107374677253011,0.24493454050759614
AgC_residual_mode_m_06_v19_acq,interface_AgC,AgC_residual_acquisition_parent_v19,MACE-MP-0b3-medium,new_frozen_CPU_float64_inference,15,602728,Si,18.23918609,18.04904044,14.5591511,-0.5469803928530541,-1.761373061301349,0.8415207717073053,-1.128612115870745,-1.6656444864211761,0.5053839965614567,-0.5816317230176908,0.09572857488017283,-0.3361367751458486,0.6785627110846627
AgC_residual_mode_m_06_v19_acq,interface_AgC,AgC_residual_acquisition_parent_v19,MACE-MP-0b3-medium,new_frozen_CPU_float64_inference,16,604584,Ti,14.7650284,10.24823364,11.01852302,1.2247908417171545,-3.207650746217636,-1.4070102125614015,2.438718570938941,-3.422985519074021,-1.7749492045744735,1.2139277292217867,-0.21533477285638503,-0.367938992013072,1.2866113236009817
AgC_residual_mode_m_06_v19_acq,interface_AgC,AgC_residual_acquisition_parent_v19,MACE-MP-0b3-medium,new_frozen_CPU_float64_inference,17,604585,C,13.17986737,8.67583329,11.62428134,1.1343628035789306,0.3792677994351912,0.7186818562375517,0.6541140127036744,1.1179901587550845,1.077749824261986,-0.4802487908752562,0.7387223593198933,0.3590679680244344,0.9514617338377258
AgC_residual_mode_m_06_v19_acq,interface_AgC,AgC_residual_acquisition_parent_v19,MACE-MP-0b3-medium,new_frozen_CPU_float64_inference,18,604586,Ti,11.74276545,10.17736294,12.03503218,1.0641714873481853,-1.9642286670880162,0.05399691082992853,-0.24239811623431196,-1.6037987595378793,0.6082120015688438,-1.3065696035824974,0.36042990755013693,0.5542150907389153,1.464304686212903
AgC_residual_mode_m_06_v19_acq,interface_AgC,AgC_residual_acquisition_parent_v19,MACE-MP-0b3-medium,new_frozen_CPU_float64_inference,19,604587,C,13.19563199,11.17968796,11.24892195,-3.645258071870835,-3.199007017018032,1.2998187571054913,-4.999714707874787,-2.66269820549957,0.5874330384994915,-1.354456636003952,0.5363088115184618,-0.7123857186059999,1.621626754898079
AgC_residual_mode_m_06_v19_acq,interface_AgC,AgC_residual_acquisition_parent_v19,MACE-MP-0b3-medium,new_frozen_CPU_float64_inference,20,604588,Ti,14.35882364,8.52198837,13.27154629,-3.4480172822235566,0.6873613313790026,-0.5317123961153756,-2.8539624524770435,0.5664778135297459,0.013061948874885487,0.5940548297465131,-0.12088351784925666,0.5447743449902611,0.8150417489873376
AgC_residual_mode_m_06_v19_acq,interface_AgC,AgC_residual_acquisition_parent_v19,MACE-MP-0b3-medium,new_frozen_CPU_float64_inference,21,604589,Ti,13.89522027,11.47862233,13.1940499,-0.28220021946954577,3.1489139440365728,-0.2879905249144362,0.03467560309821427,2.1071622355585795,0.24254932873142535,0.31687582256776003,-1.0417517084779933,0.5305398536458615,1.2112511900309466
AgC_residual_mode_m_06_v19_acq,interface_AgC,AgC_residual_acquisition_parent_v19,MACE-MP-0b3-medium,new_frozen_CPU_float64_inference,22,604590,Ti,13.89476314,12.73690514,10.9048048,3.9605553562333817,4.868083590915018,-0.6373899870379106,3.4388603203328287,4.754581307987891,-0.14811216287045126,-0.521695035900553,-0.11350228292712661,0.48927782416745935,0.7241831729162118
AgC_residual_mode_m_06_v19_acq,interface_AgC,AgC_residual_acquisition_parent_v19,MACE-MP-0b3-medium,new_frozen_CPU_float64_inference,23,604592,C,12.76671152,10.07059819,13.82600363,-2.4487167905876976,-2.527867376629402,3.0382089207033256,-1.8894179281978736,-2.138242925347204,2.277232482105018,0.5592988623898241,0.3896244512821978,-0.7609764385983078,1.0216200715575576
AgC_residual_mode_m_06_v19_acq,interface_AgC,AgC_residual_acquisition_parent_v19,MACE-MP-0b3-medium,new_frozen_CPU_float64_inference,24,604593,Si,9.97310494,12.81272528,11.37092765,0.24059552390906122,-0.15379145449638693,1.38106656684637,0.36144120154524984,-0.18110963439654013,1.2126245888394527,0.12084567763618861,-0.0273181799001532,-0.1684419780069173,0.20909964302047376
AgC_residual_mode_m_06_v19_acq,interface_AgC,AgC_residual_acquisition_parent_v19,MACE-MP-0b3-medium,new_frozen_CPU_float64_inference,25,604594,Si,9.9104925,11.50366541,13.68373389,0.2813371563171663,0.9973271241594763,-0.5796498404446218,0.375335195586729,1.157315935430383,-0.7267628970498747,0.09399803926956268,0.1599888112709067,-0.14711305660525298,0.23680013205684752
AgC_residual_mode_m_06_v19_acq,interface_AgC,AgC_residual_acquisition_parent_v19,MACE-MP-0b3-medium,new_frozen_CPU_float64_inference,26,604596,C,13.36240624,13.47924599,9.24302655,1.1232846306127418,0.5740354669036478,-2.613150913742992,-0.15197455082161332,0.13507575874161726,-2.1505214479865615,-1.275259181434355,-0.43895970816203056,0.4626294657564305,1.425832257949159
AgC_residual_mode_m_06_v19_acq,interface_AgC,AgC_residual_acquisition_parent_v19,MACE-MP-0b3-medium,new_frozen_CPU_float64_inference,27,604598,C,12.81786136,16.19913384,9.90450598,-1.0346295960709424,-0.4869889245099853,0.8527267486639089,-0.4703417599628944,-0.6162437209860063,0.623028444225419,0.564287836108048,-0.129254796476021,-0.22969830443848982,0.6228072538542547
AgC_residual_mode_m_06_v19_acq,interface_AgC,AgC_residual_acquisition_parent_v19,MACE-MP-0b3-medium,new_frozen_CPU_float64_inference,28,604599,Ti,11.95350169,14.26617928,10.37423728,-0.7698727610882046,2.3279688049312686,-0.19674706563315514,-0.22669853494206815,1.979113568757032,-0.12150005744151599,0.5431742261461364,-0.3488552361742365,0.07524700819163915,0.6499233247064065
AgC_residual_mode_m_06_v19_acq,interface_AgC,AgC_residual_acquisition_parent_v19,MACE-MP-0b3-medium,new_frozen_CPU_float64_inference,29,604600,Ti,14.02696413084403,15.963762840041834,11.531414143883941,-5.709777584334086,3.8138241006024702,-4.705345894696971,-5.211745456358653,3.0373152488284187,-3.82684191738539,0.49803212797543317,-0.7765088517740515,0.8785039773115813,1.2738803850956577
AgC_residual_mode_m_06_v19_acq,interface_AgC,AgC_residual_acquisition_parent_v19,MACE-MP-0b3-medium,new_frozen_CPU_float64_inference,30,604601,Ti,11.43344149,17.43347667,10.56034947,2.081100619644309,-0.8618277677452388,0.22304124381542936,1.4827736474416844,-0.8038808236549797,-0.17395923089373483,-0.5983269722026245,0.057946944090259134,-0.3970004747091642,0.7203904433804363
AgC_residual_mode_m_06_v19_acq,interface_AgC,AgC_residual_acquisition_parent_v19,MACE-MP-0b3-medium,new_frozen_CPU_float64_inference,31,604602,C,13.06646719,14.1368467,12.10746617,0.08809131538293273,0.41764525768403393,-0.09603912849269908,0.10593891580150538,0.7243353865962585,-0.05797373832760033,0.017847600418572654,0.3066901289122246,0.038065390165098745,0.3095583078215139
AgC_residual_mode_m_06_v19_acq,interface_AgC,AgC_residual_acquisition_parent_v19,MACE-MP-0b3-medium,new_frozen_CPU_float64_inference,32,604603,C,12.78805257,17.51047972,12.49636784,-1.3768574840456786,1.5586615511946589,0.5571591053752734,-0.9610722409897605,1.2825319759826992,0.18961010550712026,0.41578524305591813,-0.2761295752119597,-0.3675489998681531,0.619852545331457
AgC_residual_mode_m_06_v19_acq,interface_AgC,AgC_residual_acquisition_parent_v19,MACE-MP-0b3-medium,new_frozen_CPU_float64_inference,33,604605,Si,9.80689857,15.55673045,10.57595241,-1.188326245366528,-0.15535129885516455,1.5930049521242204,-1.1678988147888565,-0.6825772933281317,1.4760032189945078,0.02042743057767149,-0.5272259944729671,-0.11700173312971263,0.5404386502863866
AgC_residual_mode_m_06_v19_acq,interface_AgC,AgC_residual_acquisition_parent_v19,MACE-MP-0b3-medium,new_frozen_CPU_float64_inference,34,604608,Ti,13.89404094,19.2148049,11.80016927,1.8039508112436495,-1.4683401955273478,0.25002459738482197,1.1352255928284372,-1.0473744406475514,0.8172851388035517,-0.6687252184152124,0.4209657548797965,0.5672605414187297,0.9727230368283979
AgC_residual_mode_m_06_v19_acq,interface_AgC,AgC_residual_acquisition_parent_v19,MACE-MP-0b3-medium,new_frozen_CPU_float64_inference,35,604611,Ti,11.2580215,18.92548624,12.55015014,0.6221914178415725,-1.0697758935870127,1.0697335815008575,0.8869531876192985,-0.4379010937153045,1.7505609519007672,0.26476176977772603,0.6318747998717082,0.6808273703999097,0.965862550125224
AgC_residual_mode_m_06_v19_acq,interface_AgC,AgC_residual_acquisition_parent_v19,MACE-MP-0b3-medium,new_frozen_CPU_float64_inference,36,604794,Ti,12.26634854,10.47500164,17.74830506,0.47360733197023563,1.0757417913398022,-0.7655384205935661,0.6046264229263616,1.069406910429479,-1.3176471052303367,0.13101909095612596,-0.006334880910323193,-0.5521086846367705,0.5674769885752747
AgC_residual_mode_m_06_v19_acq,interface_AgC,AgC_residual_acquisition_parent_v19,MACE-MP-0b3-medium,new_frozen_CPU_float64_inference,37,604795,Ti,11.80033518,8.66345692,15.22903044,1.5771423051012694,2.716516063210004,-1.1210757617610523,1.208620349471031,2.341581739663523,-0.8477313554408806,-0.3685219556302384,-0.3749343235464808,0.27334440632017165,0.5925380521294136
AgC_residual_mode_m_06_v19_acq,interface_AgC,AgC_residual_acquisition_parent_v19,MACE-MP-0b3-medium,new_frozen_CPU_float64_inference,38,604796,Ti,12.16895326,11.7383424,15.12525415,-0.7655341533602509,-0.16553680514317154,0.7660477941813644,-0.5919466888568237,-0.318577752360368,1.6600037788381394,0.1735874645034272,-0.15304094721719647,0.8939559846567751,0.9234237607196003
AgC_residual_mode_m_06_v19_acq,interface_AgC,AgC_residual_acquisition_parent_v19,MACE-MP-0b3-medium,new_frozen_CPU_float64_inference,39,604803,Si,10.14239037,12.97278704,16.23387027,0.18850585856076565,0.9731757553438625,-0.4212900719014326,0.7341433863887752,0.7691063886801697,-1.3941836613369305,0.5456375278280096,-0.2040693666636928,-0.972893589435498,1.1339693798994177
AgC_residual_mode_m_06_v19_acq,interface_AgC,AgC_residual_acquisition_parent_v19,MACE-MP-0b3-medium,new_frozen_CPU_float64_inference,40,604804,C,13.47588002,12.93679245,14.26673336,-0.0776039269862704,1.8700356797293791,1.80567867070759,0.03366285202071567,1.8153153178200263,1.4870281259644886,0.11126677900698607,-0.05472036190935281,-0.3186505447431014,0.3419251142913537
AgC_residual_mode_m_06_v19_acq,interface_AgC,AgC_residual_acquisition_parent_v19,MACE-MP-0b3-medium,new_frozen_CPU_float64_inference,41,604805,Ti,13.94132315,17.72599046,14.28329593,-0.03247645765768932,3.9319413715023077,-0.2967868226147139,-0.5748237278520564,4.333006426081856,-0.4497496576530656,-0.542347270194367,0.40106505457954844,-0.15296283503835173,0.6916584188710118
AgC_residual_mode_m_06_v19_acq,interface_AgC,AgC_residual_acquisition_parent_v19,MACE-MP-0b3-medium,new_frozen_CPU_float64_inference,42,604806,Ti,12.2910493,13.6369851,17.68575294,1.2002716916946479,0.3856196657714254,-1.8397920762883926,1.5283462349155381,0.6622149524020542,-1.9360850170417272,0.32807454322089025,0.27659528663062877,-0.09629294075333461,0.439784252713533
AgC_residual_mode_m_06_v19_acq,interface_AgC,AgC_residual_acquisition_parent_v19,MACE-MP-0b3-medium,new_frozen_CPU_float64_inference,43,604810,C,13.50469061,14.90550135,16.60374365,-1.48533830859395,-1.1563962652180333,0.16090757925185134,-1.2247570311967688,-1.6280953765257737,-0.17104714972181273,0.2605812773971812,-0.47169911130774045,-0.33195472897366407,0.6329270067128101
AgC_residual_mode_m_06_v19_acq,interface_AgC,AgC_residual_acquisition_parent_v19,MACE-MP-0b3-medium,new_frozen_CPU_float64_inference,44,604813,Si,10.25169018,15.68472473,15.66843032,0.7195154288293186,-1.688960446132578,0.18060248595104234,0.5710110072564951,-1.4044409284396782,-0.5076411012841853,-0.1485044215728235,0.28451951769289985,-0.6882435872352276,0.7593972310624352
AgC_residual_mode_m_06_v19_acq,interface_AgC,AgC_residual_acquisition_parent_v19,MACE-MP-0b3-medium,new_frozen_CPU_float64_inference,45,606503,Si,9.70307372,16.94008547,12.67728352,0.524565157207991,-0.8276600347887371,-1.031558939868636,0.2945290305460191,-0.9965915962474059,-0.25768081019188255,-0.23003612666197193,-0.16893156145866883,0.7738781296767534,0.8248283770691311
AgC_residual_mode_m_06_v19_acq,interface_AgC,AgC_residual_acquisition_parent_v19,MACE-MP-0b3-medium,new_frozen_CPU_float64_inference,46,688433,Ag,14.11040925,15.4632415,13.72951918,0.3815134902568791,-4.4163508151943125,4.451270936470922,0.3868779998389049,-4.597574585744551,4.464910106333621,0.005364509582025834,-0.18122377055023886,0.01363916986269853,0.18181545569627686
AgC_residual_mode_m_06_v19_acq,interface_AgC,AgC_residual_acquisition_parent_v19,MACE-MP-0b3-medium,new_frozen_CPU_float64_inference,47,751743,Ag,16.16657402,15.46397897,11.65879226,4.9816763658905225,-2.52643285000513,-0.1744680946693782,4.448687847588775,-2.481337506849197,-0.6914252575400845,-0.5329885183017478,0.04509534315593289,-0.5169571628707064,0.743878389832084
AgC_residual_mode_m_06_v19_acq,interface_AgC,AgC_residual_acquisition_parent_v19,V18,new_frozen_CPU_float64_inference,0,113766,Ti,14.77773371,12.05600926,19.11551806,-0.7262432801450864,-0.049378515401449115,-1.975320806884171,-0.7109125176981937,-0.04439220201658357,-1.9797949603500105,0.015330762446892687,0.004986313384865541,-0.004474153465839459,0.01673062006056642
AgC_residual_mode_m_06_v19_acq,interface_AgC,AgC_residual_acquisition_parent_v19,V18,new_frozen_CPU_float64_inference,1,600768,Ti,19.82811217,14.16747384,12.33246569,-1.2569104032323786,-0.6920207665458057,1.8693819656508701,-1.3463853745354417,-0.6939092062890466,1.9027428071896906,-0.08947497130306314,-0.0018884397432409328,0.03336084153882046,0.09551064046757363
AgC_residual_mode_m_06_v19_acq,interface_AgC,AgC_residual_acquisition_parent_v19,V18,new_frozen_CPU_float64_inference,2,602398,Ti,15.14933662,14.09146,8.99034223,-1.2026487830366022,-1.4699245677428998,1.8624327691374627,-1.2063937931514135,-1.4673931142600092,1.8527213865266858,-0.00374501011481132,0.002531453482890633,-0.009711382610776864,0.010711877039481805
AgC_residual_mode_m_06_v19_acq,interface_AgC,AgC_residual_acquisition_parent_v19,V18,new_frozen_CPU_float64_inference,3,602560,Ti,16.70700672,11.35471852,12.38368619,0.912084774194678,1.2332951003019368,-1.079489112662187,1.0201165311510332,1.281108893972628,-1.1439596384324937,0.10803175695635514,0.047813793670691274,-0.06447052577030665,0.13458628484864346
AgC_residual_mode_m_06_v19_acq,interface_AgC,AgC_residual_acquisition_parent_v19,V18,new_frozen_CPU_float64_inference,4,602563,C,15.80834749,12.2813523,10.41275719,0.2076379087494656,-0.672632403109487,0.7586779008665392,0.19890015762002522,-0.5812876819069316,0.7775996087303554,-0.008737751129440391,0.09134472120255543,0.018921707863816195,0.09369224842459606
AgC_residual_mode_m_06_v19_acq,interface_AgC,AgC_residual_acquisition_parent_v19,V18,new_frozen_CPU_float64_inference,5,602564,C,15.2459573,10.24678088,13.1973631,5.202916038089749,-2.656178927867542,-0.1920898668491718,5.290721177485993,-2.6634504138424338,-0.13506425422594714,0.08780513939624335,-0.007271485974891689,0.05702561262322464,0.10495016678276814
AgC_residual_mode_m_06_v19_acq,interface_AgC,AgC_residual_acquisition_parent_v19,V18,new_frozen_CPU_float64_inference,6,602568,C,15.09615209,17.79866568,11.05647245,0.6036261427892172,1.1452215990560435,1.539754085394958,0.7448367477659976,1.0536452328156876,1.5179578312872741,0.1412106049767804,-0.09157636624035592,-0.021796254107683932,0.16971076131118745
AgC_residual_mode_m_06_v19_acq,interface_AgC,AgC_residual_acquisition_parent_v19,V18,new_frozen_CPU_float64_inference,7,602569,Ti,16.22196177,17.83062629,12.74423018,-0.5505851928257585,1.8492634017853302,0.7887861655879802,-0.6317785899456596,1.724668540852968,0.7125527131528767,-0.08119339711990115,-0.12459486093236216,-0.07623345243510349,0.16711608652909457
AgC_residual_mode_m_06_v19_acq,interface_AgC,AgC_residual_acquisition_parent_v19,V18,new_frozen_CPU_float64_inference,8,602577,C,15.07856493,19.59732463,13.72647342,-1.605788623691139,-4.334086946787186,-2.108416580370917,-1.633089858270183,-4.341200215132048,-2.075409797752583,-0.027301234579043987,-0.007113268344862256,0.03300678261833401,0.04342123552940384
AgC_residual_mode_m_06_v19_acq,interface_AgC,AgC_residual_acquisition_parent_v19,V18,new_frozen_CPU_float64_inference,9,602709,Ti,16.76440974,12.97642676,14.38731587,-0.46658411781719766,0.13104470722704326,-0.06629587623774419,-0.42104001942756036,0.14414757010265924,-0.032450294357026066,0.0455440983896373,0.01310286287561599,0.03384558188071812,0.05823635742821277
AgC_residual_mode_m_06_v19_acq,interface_AgC,AgC_residual_acquisition_parent_v19,V18,new_frozen_CPU_float64_inference,10,602714,Ti,16.30101915,9.87962573,15.1683031,-0.8178979440674177,1.8129854210443355,-1.431870840030283,-0.8502975690397532,1.7761341943336366,-1.446748098932906,-0.032399624972335506,-0.03685122671069885,-0.014877258902622925,0.05127456914384541
AgC_residual_mode_m_06_v19_acq,interface_AgC,AgC_residual_acquisition_parent_v19,V18,new_frozen_CPU_float64_inference,11,602717,Si,16.28907112,11.75977571,16.92416559,-0.5533704321159255,-0.03528890989855653,0.1443065661431958,-0.5670302570339175,-0.01116300101363743,0.1644658553807408,-0.013659824917992003,0.024125908884919098,0.02015928923754498,0.034278962044913354
AgC_residual_mode_m_06_v19_acq,interface_AgC,AgC_residual_acquisition_parent_v19,V18,new_frozen_CPU_float64_inference,12,602720,Ti,19.6039234,12.8276298,14.90690853,-1.629506429046985,0.7510175807706126,-1.1497340369311562,-1.6009521024968347,0.7513599936567519,-1.1761285319714923,0.028554326550150222,0.0003424128861392317,-0.026394495040336086,0.03888619523367559
AgC_residual_mode_m_06_v19_acq,interface_AgC,AgC_residual_acquisition_parent_v19,V18,new_frozen_CPU_float64_inference,13,602722,Si,17.67857728,13.64819382,16.56818905,1.0431073619724451,0.5298838825750922,-0.05726432885567984,1.0095416481470068,0.5134480202285162,-0.08178797133755988,-0.03356571382543838,-0.016435862346576013,-0.02452364248188004,0.044701272423342625
AgC_residual_mode_m_06_v19_acq,interface_AgC,AgC_residual_acquisition_parent_v19,V18,new_frozen_CPU_float64_inference,14,602726,Si,17.72084154,16.09981719,16.31087786,-0.001500877272049045,0.3709418159298674,-1.431942645639245,-0.019380442774157194,0.36899729763935774,-1.4474631844649732,-0.01787956550210815,-0.001944518290509678,-0.015520538825728236,0.023755991651944152
AgC_residual_mode_m_06_v19_acq,interface_AgC,AgC_residual_acquisition_parent_v19,V18,new_frozen_CPU_float64_inference,15,602728,Si,18.23918609,18.04904044,14.5591511,-0.5469803928530541,-1.761373061301349,0.8415207717073053,-0.5822393981731795,-1.7568588018878737,0.8066470003504504,-0.03525900532012538,0.0045142594134752745,-0.03487377135685488,0.04979714773826882
AgC_residual_mode_m_06_v19_acq,interface_AgC,AgC_residual_acquisition_parent_v19,V18,new_frozen_CPU_float64_inference,16,604584,Ti,14.7650284,10.24823364,11.01852302,1.2247908417171545,-3.207650746217636,-1.4070102125614015,1.1900234047441192,-3.2543459250150564,-1.4184738421306273,-0.034767436973035304,-0.04669517879742058,-0.011463629569225864,0.05933489023751108
AgC_residual_mode_m_06_v19_acq,interface_AgC,AgC_residual_acquisition_parent_v19,V18,new_frozen_CPU_float64_inference,17,604585,C,13.17986737,8.67583329,11.62428134,1.1343628035789306,0.3792677994351912,0.7186818562375517,1.1315663395271196,0.3233224357589637,0.7190923910112202,-0.0027964640518109984,-0.05594536367622749,0.0004105347736685916,0.05601671595924574
AgC_residual_mode_m_06_v19_acq,interface_AgC,AgC_residual_acquisition_parent_v19,V18,new_frozen_CPU_float64_inference,18,604586,Ti,11.74276545,10.17736294,12.03503218,1.0641714873481853,-1.9642286670880162,0.05399691082992853,1.008640436821184,-1.9354230940601997,0.04073715825362545,-0.05553105052700125,0.0288055730278165,-0.013259752576303081,0.06394747570059361
AgC_residual_mode_m_06_v19_acq,interface_AgC,AgC_residual_acquisition_parent_v19,V18,new_frozen_CPU_float64_inference,19,604587,C,13.19563199,11.17968796,11.24892195,-3.645258071870835,-3.199007017018032,1.2998187571054913,-3.6008205885496802,-3.1740201530879686,1.2856892873688297,0.044437483321154936,0.02498686393006322,-0.014129469736661626,0.052902506632641275
AgC_residual_mode_m_06_v19_acq,interface_AgC,AgC_residual_acquisition_parent_v19,V18,new_frozen_CPU_float64_inference,20,604588,Ti,14.35882364,8.52198837,13.27154629,-3.4480172822235566,0.6873613313790026,-0.5317123961153756,-3.4777841438948833,0.7447096809294904,-0.5107234289182618,-0.029766861671326694,0.05734834955048784,0.02098896719711374,0.06793700018345197
AgC_residual_mode_m_06_v19_acq,interface_AgC,AgC_residual_acquisition_parent_v19,V18,new_frozen_CPU_float64_inference,21,604589,Ti,13.89522027,11.47862233,13.1940499,-0.28220021946954577,3.1489139440365728,-0.2879905249144362,-0.357700278662602,3.311708770276084,-0.19399977378302302,-0.07550005919305625,0.16279482623951136,0.0939907511314132,0.20257511122236843
AgC_residual_mode_m_06_v19_acq,interface_AgC,AgC_residual_acquisition_parent_v19,V18,new_frozen_CPU_float64_inference,22,604590,Ti,13.89476314,12.73690514,10.9048048,3.9605553562333817,4.868083590915018,-0.6373899870379106,3.9387603329936196,4.890927621364494,-0.6674970162273022,-0.021795023239762124,0.022844030449475916,-0.030107029189391565,0.043626895051209286
AgC_residual_mode_m_06_v19_acq,interface_AgC,AgC_residual_acquisition_parent_v19,V18,new_frozen_CPU_float64_inference,23,604592,C,12.76671152,10.07059819,13.82600363,-2.4487167905876976,-2.527867376629402,3.0382089207033256,-2.4131004322238203,-2.5644518476447047,3.0249550604182645,0.03561635836387733,-0.03658447101530271,-0.013253860285061148,0.05275048165684916
AgC_residual_mode_m_06_v19_acq,interface_AgC,AgC_residual_acquisition_parent_v19,V18,new_frozen_CPU_float64_inference,24,604593,Si,9.97310494,12.81272528,11.37092765,0.24059552390906122,-0.15379145449638693,1.38106656684637,0.24463951920539306,-0.14277615326327103,1.3355537691129848,0.004043995296331843,0.011015301233115893,-0.045512797733385124,0.04700112250503242
AgC_residual_mode_m_06_v19_acq,interface_AgC,AgC_residual_acquisition_parent_v19,V18,new_frozen_CPU_float64_inference,25,604594,Si,9.9104925,11.50366541,13.68373389,0.2813371563171663,0.9973271241594763,-0.5796498404446218,0.2786968731867628,1.0136771292033622,-0.5407148017898582,-0.0026402831304035423,0.01635000504388584,0.038935038654763554,0.042311121410235845
AgC_residual_mode_m_06_v19_acq,interface_AgC,AgC_residual_acquisition_parent_v19,V18,new_frozen_CPU_float64_inference,26,604596,C,13.36240624,13.47924599,9.24302655,1.1232846306127418,0.5740354669036478,-2.613150913742992,1.10996377969688,0.5707883540374127,-2.668810165534916,-0.01332085091586177,-0.0032471128662351356,-0.0556592517919241,0.057323129024203584
AgC_residual_mode_m_06_v19_acq,interface_AgC,AgC_residual_acquisition_parent_v19,V18,new_frozen_CPU_float64_inference,27,604598,C,12.81786136,16.19913384,9.90450598,-1.0346295960709424,-0.4869889245099853,0.8527267486639089,-1.158432691657135,-0.5443154732457842,0.7359644514266205,-0.12380309558619262,-0.0573265487357989,-0.11676229723728837,0.1795744239105635
AgC_residual_mode_m_06_v19_acq,interface_AgC,AgC_residual_acquisition_parent_v19,V18,new_frozen_CPU_float64_inference,28,604599,Ti,11.95350169,14.26617928,10.37423728,-0.7698727610882046,2.3279688049312686,-0.19674706563315514,-0.7851816045073698,2.3501018611561815,-0.1941848749120576,-0.015308843419165274,0.022133056224912906,0.0025621907210975348,0.027033269983095905
AgC_residual_mode_m_06_v19_acq,interface_AgC,AgC_residual_acquisition_parent_v19,V18,new_frozen_CPU_float64_inference,29,604600,Ti,14.02696413084403,15.963762840041834,11.531414143883941,-5.709777584334086,3.8138241006024702,-4.705345894696971,-5.380761044688675,3.8201038725659666,-4.398732559936701,0.3290165396454112,0.006279771963496383,0.30661333476026975,0.4497811200450362
AgC_residual_mode_m_06_v19_acq,interface_AgC,AgC_residual_acquisition_parent_v19,V18,new_frozen_CPU_float64_inference,30,604601,Ti,11.43344149,17.43347667,10.56034947,2.081100619644309,-0.8618277677452388,0.22304124381542936,2.102578047018418,-0.864216125384963,0.21496652460269405,0.02147742737410896,-0.0023883576397241146,-0.00807471921273531,0.023069140191820547
AgC_residual_mode_m_06_v19_acq,interface_AgC,AgC_residual_acquisition_parent_v19,V18,new_frozen_CPU_float64_inference,31,604602,C,13.06646719,14.1368467,12.10746617,0.08809131538293273,0.41764525768403393,-0.09603912849269908,0.09967341018349318,0.4391287629933639,-0.016201189004427186,0.011582094800560452,0.021483505309329964,0.07983793948827189,0.08348522325584416
AgC_residual_mode_m_06_v19_acq,interface_AgC,AgC_residual_acquisition_parent_v19,V18,new_frozen_CPU_float64_inference,32,604603,C,12.78805257,17.51047972,12.49636784,-1.3768574840456786,1.5586615511946589,0.5571591053752734,-1.2814515435203149,1.449029822897059,0.787215050936914,0.09540594052536377,-0.10963172829759982,0.23005594556164066,0.27211605506715064
AgC_residual_mode_m_06_v19_acq,interface_AgC,AgC_residual_acquisition_parent_v19,V18,new_frozen_CPU_float64_inference,33,604605,Si,9.80689857,15.55673045,10.57595241,-1.188326245366528,-0.15535129885516455,1.5930049521242204,-1.219008533572597,-0.1537317546899938,1.5608980099644532,-0.030682288206069108,0.0016195441651707387,-0.03210694215976728,0.04443963847415804
AgC_residual_mode_m_06_v19_acq,interface_AgC,AgC_residual_acquisition_parent_v19,V18,new_frozen_CPU_float64_inference,34,604608,Ti,13.89404094,19.2148049,11.80016927,1.8039508112436495,-1.4683401955273478,0.25002459738482197,1.8460250919811,-1.4777334624144478,0.32551414680309493,0.042074280737450565,-0.00939326688709996,0.07548954941827296,0.08693187352036057
AgC_residual_mode_m_06_v19_acq,interface_AgC,AgC_residual_acquisition_parent_v19,V18,new_frozen_CPU_float64_inference,35,604611,Ti,11.2580215,18.92548624,12.55015014,0.6221914178415725,-1.0697758935870127,1.0697335815008575,0.6262734873411209,-1.0929549958210614,1.0125393931191575,0.004082069499548369,-0.02317910223404862,-0.057194188381699984,0.0618474676637371
AgC_residual_mode_m_06_v19_acq,interface_AgC,AgC_residual_acquisition_parent_v19,V18,new_frozen_CPU_float64_inference,36,604794,Ti,12.26634854,10.47500164,17.74830506,0.47360733197023563,1.0757417913398022,-0.7655384205935661,0.47065576332603565,1.0684380295174092,-0.824534124735369,-0.0029515686441999867,-0.007303761822393007,-0.058995704141802885,0.05951932292463355
AgC_residual_mode_m_06_v19_acq,interface_AgC,AgC_residual_acquisition_parent_v19,V18,new_frozen_CPU_float64_inference,37,604795,Ti,11.80033518,8.66345692,15.22903044,1.5771423051012694,2.716516063210004,-1.1210757617610523,1.574471875142423,2.6937118963488613,-1.0937434590494983,-0.0026704299588464764,-0.022804166861142505,0.027332302711553957,0.03569616217343196
AgC_residual_mode_m_06_v19_acq,interface_AgC,AgC_residual_acquisition_parent_v19,V18,new_frozen_CPU_float64_inference,38,604796,Ti,12.16895326,11.7383424,15.12525415,-0.7655341533602509,-0.16553680514317154,0.7660477941813644,-0.7386652274736878,-0.0648520864108961,0.8318520196809274,0.02686892588656309,0.10068471873227544,0.065804225499563,0.12324588373691177
AgC_residual_mode_m_06_v19_acq,interface_AgC,AgC_residual_acquisition_parent_v19,V18,new_frozen_CPU_float64_inference,39,604803,Si,10.14239037,12.97278704,16.23387027,0.18850585856076565,0.9731757553438625,-0.4212900719014326,0.209337108302052,0.9630816916342279,-0.45041176826380425,0.020831249741286334,-0.010094063709634615,-0.029121696362371663,0.03720086406227919
AgC_residual_mode_m_06_v19_acq,interface_AgC,AgC_residual_acquisition_parent_v19,V18,new_frozen_CPU_float64_inference,40,604804,C,13.47588002,12.93679245,14.26673336,-0.0776039269862704,1.8700356797293791,1.80567867070759,-0.057965260271241714,1.5745922032335053,1.8695558548711686,0.019638666715028688,-0.29544347649587377,0.06387718416357857,0.3029072790326763
AgC_residual_mode_m_06_v19_acq,interface_AgC,AgC_residual_acquisition_parent_v19,V18,new_frozen_CPU_float64_inference,41,604805,Ti,13.94132315,17.72599046,14.28329593,-0.03247645765768932,3.9319413715023077,-0.2967868226147139,-0.05881272977239899,4.157095254160704,-0.4465051622382342,-0.026336272114709673,0.2251538826583963,-0.14971833962352032,0.2716679063207038
AgC_residual_mode_m_06_v19_acq,interface_AgC,AgC_residual_acquisition_parent_v19,V18,new_frozen_CPU_float64_inference,42,604806,Ti,12.2910493,13.6369851,17.68575294,1.2002716916946479,0.3856196657714254,-1.8397920762883926,1.1941675981259865,0.4146645519228318,-1.8393267837509355,-0.006104093568661373,0.02904488615140638,0.0004652925374570849,0.029683023211737453
AgC_residual_mode_m_06_v19_acq,interface_AgC,AgC_residual_acquisition_parent_v19,V18,new_frozen_CPU_float64_inference,43,604810,C,13.50469061,14.90550135,16.60374365,-1.48533830859395,-1.1563962652180333,0.16090757925185134,-1.475474225601403,-1.2741138222920967,0.08902388839763936,0.00986408299254693,-0.1177175570740634,-0.07188369085421198,0.1382822779230699
AgC_residual_mode_m_06_v19_acq,interface_AgC,AgC_residual_acquisition_parent_v19,V18,new_frozen_CPU_float64_inference,44,604813,Si,10.25169018,15.68472473,15.66843032,0.7195154288293186,-1.688960446132578,0.18060248595104234,0.7624469393822803,-1.6626409504911894,0.16344970723449284,0.04293151055296163,0.02631949564138858,-0.017152778716549494,0.0531981979664259
AgC_residual_mode_m_06_v19_acq,interface_AgC,AgC_residual_acquisition_parent_v19,V18,new_frozen_CPU_float64_inference,45,606503,Si,9.70307372,16.94008547,12.67728352,0.524565157207991,-0.8276600347887371,-1.031558939868636,0.5148509615132416,-0.7921867276882777,-1.014115048274723,-0.009714195694749406,0.03547330710045937,0.01744389159391302,0.04070639346072775
AgC_residual_mode_m_06_v19_acq,interface_AgC,AgC_residual_acquisition_parent_v19,V18,new_frozen_CPU_float64_inference,46,688433,Ag,14.11040925,15.4632415,13.72951918,0.3815134902568791,-4.4163508151943125,4.451270936470922,0.14138849826670932,-4.508291549481559,4.263866958440227,-0.24012499199016976,-0.09194073428724625,-0.1874039780306953,0.3181719053928025
AgC_residual_mode_m_06_v19_acq,interface_AgC,AgC_residual_acquisition_parent_v19,V18,new_frozen_CPU_float64_inference,47,751743,Ag,16.16657402,15.46397897,11.65879226,4.9816763658905225,-2.52643285000513,-0.1744680946693782,4.866382498014111,-2.3328829242620936,-0.19878014388565515,-0.11529386787641194,0.19354992574303642,-0.024312049216276943,0.22659506936853926
AgC_residual_mode_p_06_v19_acq,interface_AgC,AgC_residual_acquisition_parent_v19,MACE-MP-0b3-medium,new_frozen_CPU_float64_inference,0,113766,Ti,14.77773371,12.05600926,19.11551806,-0.7256963390761215,-0.04929316115974189,-1.9748546455955487,-0.9934724658232885,0.10848554629109158,-1.5488221126257402,-0.267776126747167,0.15777870745083347,0.4260325329698085,0.5273536704425612
AgC_residual_mode_p_06_v19_acq,interface_AgC,AgC_residual_acquisition_parent_v19,MACE-MP-0b3-medium,new_frozen_CPU_float64_inference,1,600768,Ti,19.82811217,14.16747384,12.33246569,-1.2478105537970354,-0.6947631747534865,1.8733984821385687,-1.2908001191273115,-0.5008124052295291,1.1444225918627637,-0.04298956533027609,0.1939507695239574,-0.728975890275805,0.7555599594536649
AgC_residual_mode_p_06_v19_acq,interface_AgC,AgC_residual_acquisition_parent_v19,MACE-MP-0b3-medium,new_frozen_CPU_float64_inference,2,602398,Ti,15.14933662,14.09146,8.99034223,-1.2181257167706574,-1.4606976256445345,1.8690164264802087,0.5382371277526348,-0.8613171555025224,1.3511738334116767,1.7563628445232922,0.5993804701420121,-0.517842593068532,1.9267143900447596
AgC_residual_mode_p_06_v19_acq,interface_AgC,AgC_residual_acquisition_parent_v19,MACE-MP-0b3-medium,new_frozen_CPU_float64_inference,3,602560,Ti,16.70700672,11.35471852,12.38368619,0.9084676079006876,1.2318993543582404,-1.0770610766942825,0.32252530774454546,0.9984906364172501,-1.3976051413006476,-0.5859423001561421,-0.23340871794099027,-0.3205440646063651,0.7075001809734728
AgC_residual_mode_p_06_v19_acq,interface_AgC,AgC_residual_acquisition_parent_v19,MACE-MP-0b3-medium,new_frozen_CPU_float64_inference,4,602563,C,15.80834749,12.2813523,10.41275719,0.2064173287137329,-0.6770723636757152,0.755857966889435,0.3403292623620695,0.1297769749603096,1.0253258707533774,0.13391193364833662,0.8068493386360248,0.2694679038639425,0.8611336786142173
AgC_residual_mode_p_06_v19_acq,interface_AgC,AgC_residual_acquisition_parent_v19,MACE-MP-0b3-medium,new_frozen_CPU_float64_inference,5,602564,C,15.2459573,10.24678088,13.1973631,5.2060015624359925,-2.6594534936230843,-0.1938557380228819,5.557422225879093,-2.6334307590079633,0.6318885250653347,0.3514206634431005,0.026022734615120946,0.8257442630882166,0.8977902056910289
AgC_residual_mode_p_06_v19_acq,interface_AgC,AgC_residual_acquisition_parent_v19,MACE-MP-0b3-medium,new_frozen_CPU_float64_inference,6,602568,C,15.09615209,17.79866568,11.05647245,0.6269029742933524,1.162723127741195,1.507713336908682,0.5252619317261719,-0.25822852802512314,0.864119960983214,-0.10164104256718054,-1.420951655766318,-0.643593375925468,1.5632168573471579
AgC_residual_mode_p_06_v19_acq,interface_AgC,AgC_residual_acquisition_parent_v19,MACE-MP-0b3-medium,new_frozen_CPU_float64_inference,7,602569,Ti,16.22196177,17.83062629,12.74423018,-0.44996212033400185,1.9680795049797368,0.8959077576296957,0.037083836503400636,1.9444857638947202,1.2753195755080478,0.4870459568374025,-0.023593741085016662,0.3794118178783521,0.6178379692409681
AgC_residual_mode_p_06_v19_acq,interface_AgC,AgC_residual_acquisition_parent_v19,MACE-MP-0b3-medium,new_frozen_CPU_float64_inference,8,602577,C,15.07856493,19.59732463,13.72647342,-1.6112598970348506,-4.315230068616826,-2.099835043045651,-1.1051651132933067,-3.421319937007005,-1.760462589628672,0.5060947837415439,0.8939101316098208,0.3393724534169791,1.0818414466377904
AgC_residual_mode_p_06_v19_acq,interface_AgC,AgC_residual_acquisition_parent_v19,MACE-MP-0b3-medium,new_frozen_CPU_float64_inference,9,602709,Ti,16.76440974,12.97642676,14.38731587,-0.4654278265788949,0.12697069394887397,-0.06492612329563474,-0.3324131669197392,-0.2575223273458156,0.4900702172281831,0.1330146596591557,-0.38449302129468954,0.5549963405238179,0.6881487637883172
AgC_residual_mode_p_06_v19_acq,interface_AgC,AgC_residual_acquisition_parent_v19,MACE-MP-0b3-medium,new_frozen_CPU_float64_inference,10,602714,Ti,16.30101915,9.87962573,15.1683031,-0.8165490870862722,1.812848081026855,-1.4296824200439862,-0.8697030254554483,1.9991228438853872,-2.7096360805699,-0.053153938369176146,0.18627476285853217,-1.2799536605259136,1.294528872422644
AgC_residual_mode_p_06_v19_acq,interface_AgC,AgC_residual_acquisition_parent_v19,MACE-MP-0b3-medium,new_frozen_CPU_float64_inference,11,602717,Si,16.28907112,11.75977571,16.92416559,-0.5562789428667986,-0.035569138619220016,0.14249835127508093,-0.7803763293996241,0.2194302300542506,0.1572151686880785,-0.22409738653282552,0.2549993686734706,0.014716817412997574,0.3397953816482483
AgC_residual_mode_p_06_v19_acq,interface_AgC,AgC_residual_acquisition_parent_v19,MACE-MP-0b3-medium,new_frozen_CPU_float64_inference,12,602720,Ti,19.6039234,12.8276298,14.90690853,-1.6322221905325123,0.7553158769430086,-1.151417497409621,-1.7665344667771485,0.44619374222799785,-0.5218327917009935,-0.13431227624463626,-0.30912213471501077,0.6295847057086275,0.7141240672201153
AgC_residual_mode_p_06_v19_acq,interface_AgC,AgC_residual_acquisition_parent_v19,MACE-MP-0b3-medium,new_frozen_CPU_float64_inference,13,602722,Si,17.67857728,13.64819382,16.56818905,1.0431482906181297,0.5359363075217117,-0.05756239114999301,1.0104087721051838,0.5544422566146844,-0.1649645633445187,-0.032739518512945986,0.01850594909297265,-0.10740217219452569,0.11379618981492208
AgC_residual_mode_p_06_v19_acq,interface_AgC,AgC_residual_acquisition_parent_v19,MACE-MP-0b3-medium,new_frozen_CPU_float64_inference,14,602726,Si,17.72084154,16.09981719,16.31087786,0.010391139559736508,0.3639254863256389,-1.4225766338022154,-0.11815405965156901,0.40359343226503186,-1.223627426033377,-0.12854519921130553,0.039667945939392935,0.1989492077688384,0.24016286442156967
AgC_residual_mode_p_06_v19_acq,interface_AgC,AgC_residual_acquisition_parent_v19,MACE-MP-0b3-medium,new_frozen_CPU_float64_inference,15,602728,Si,18.23918609,18.04904044,14.5591511,-0.5540941963118041,-1.767314715934012,0.8405378046176225,-1.1317344431486247,-1.6722387391533142,0.5077206276600397,-0.5776402468368206,0.09507597678069768,-0.33281717695758284,0.6734055014658863
AgC_residual_mode_p_06_v19_acq,interface_AgC,AgC_residual_acquisition_parent_v19,MACE-MP-0b3-medium,new_frozen_CPU_float64_inference,16,604584,Ti,14.7650284,10.24823364,11.01852302,1.224945560136455,-3.213371807850734,-1.4040182760282554,2.436784144178381,-3.4288520180921953,-1.7755605681369777,1.2118385840419261,-0.21548021024146147,-0.37154229210872236,1.2857014231942998
AgC_residual_mode_p_06_v19_acq,interface_AgC,AgC_residual_acquisition_parent_v19,MACE-MP-0b3-medium,new_frozen_CPU_float64_inference,17,604585,C,13.17986737,8.67583329,11.62428134,1.1340339073457926,0.3796382225025083,0.7174248516152837,0.6548914909407304,1.1187275067177571,1.0793579291693332,-0.47914241640506217,0.7390892842152488,0.36193307755404946,0.9522741085780062
AgC_residual_mode_p_06_v19_acq,interface_AgC,AgC_residual_acquisition_parent_v19,MACE-MP-0b3-medium,new_frozen_CPU_float64_inference,18,604586,Ti,11.74276545,10.17736294,12.03503218,1.063948668324831,-1.9669884246048026,0.05005132077210717,-0.24419832448520162,-1.6047649398899466,0.6097836983480499,-1.3081469928100327,0.362223484714856,0.5597323775759427,1.4682488692942088
AgC_residual_mode_p_06_v19_acq,interface_AgC,AgC_residual_acquisition_parent_v19,MACE-MP-0b3-medium,new_frozen_CPU_float64_inference,19,604587,C,13.19563199,11.17968796,11.24892195,-3.642920901551873,-3.1921699415104823,1.3042975237186725,-5.004193460416721,-2.6664409029925027,0.5903866597640793,-1.3612725588648478,0.5257290385179796,-0.7139108639545931,1.6245376952018944
AgC_residual_mode_p_06_v19_acq,interface_AgC,AgC_residual_acquisition_parent_v19,MACE-MP-0b3-medium,new_frozen_CPU_float64_inference,20,604588,Ti,14.35882364,8.52198837,13.27154629,-3.449368915915356,0.6890532317648883,-0.5320768293833285,-2.8538612255225995,0.5687418680227563,0.011918238233313672,0.5955076903927567,-0.12031136374213203,0.5439950676166421,0.8154966996583383
AgC_residual_mode_p_06_v19_acq,interface_AgC,AgC_residual_acquisition_parent_v19,MACE-MP-0b3-medium,new_frozen_CPU_float64_inference,21,604589,Ti,13.89522027,11.47862233,13.1940499,-0.2813951794394195,3.158161224816614,-0.2950151428590707,0.029722211835316314,2.0944742986715346,0.25783331463764547,0.3111173912747358,-1.0636869261450794,0.5528484574967162,1.2384931671035022
AgC_residual_mode_p_06_v19_acq,interface_AgC,AgC_residual_acquisition_parent_v19,MACE-MP-0b3-medium,new_frozen_CPU_float64_inference,22,604590,Ti,13.89476314,12.73690514,10.9048048,3.961989755237247,4.830951572504928,-0.647921113496708,3.4253901685328163,4.802398578552054,-0.1740642273349594,-0.5365995867044306,-0.02855299395287325,0.4738568861617486,0.7164459075728934
AgC_residual_mode_p_06_v19_acq,interface_AgC,AgC_residual_acquisition_parent_v19,MACE-MP-0b3-medium,new_frozen_CPU_float64_inference,23,604592,C,12.76671152,10.07059819,13.82600363,-2.448381679700227,-2.5298068395063718,3.036203108693337,-1.8856818039264975,-2.142338826285936,2.2766081863856034,0.5626998757737296,0.38746801322043556,-0.7595949223077336,1.0216393969794109
AgC_residual_mode_p_06_v19_acq,interface_AgC,AgC_residual_acquisition_parent_v19,MACE-MP-0b3-medium,new_frozen_CPU_float64_inference,24,604593,Si,9.97310494,12.81272528,11.37092765,0.2566636053529192,-0.1635405399609639,1.3715463262697598,0.3525367760908713,-0.1927230981595771,1.218280342908437,0.0958731707379521,-0.029182558198613207,-0.1532659833613228,0.18312222209791262
AgC_residual_mode_p_06_v19_acq,interface_AgC,AgC_residual_acquisition_parent_v19,MACE-MP-0b3-medium,new_frozen_CPU_float64_inference,25,604594,Si,9.9104925,11.50366541,13.68373389,0.27530176645715104,0.9978036453466218,-0.5785793918703993,0.3710043637461687,1.1497481014229405,-0.720379571713881,0.09570259728901764,0.15194445607631868,-0.1418001798434817,0.22880864464402556
AgC_residual_mode_p_06_v19_acq,interface_AgC,AgC_residual_acquisition_parent_v19,MACE-MP-0b3-medium,new_frozen_CPU_float64_inference,26,604596,C,13.36240624,13.47924599,9.24302655,1.1189159966316184,0.5978483523775711,-2.6168117520367686,-0.14863393601580505,0.10846767960682185,-2.159181401904902,-1.2675499326474235,-0.4893806727707492,0.4576303501318666,1.4337370093562676
AgC_residual_mode_p_06_v19_acq,interface_AgC,AgC_residual_acquisition_parent_v19,MACE-MP-0b3-medium,new_frozen_CPU_float64_inference,27,604598,C,12.81786136,16.19913384,9.90450598,-0.7549596825123874,-0.46546510189107254,1.2306613135694962,-0.20205902145076077,-0.7510254369757339,1.0277100659139118,0.5529006610616267,-0.28556033508466133,-0.20295124765558437,0.6545479775394667
AgC_residual_mode_p_06_v19_acq,interface_AgC,AgC_residual_acquisition_parent_v19,MACE-MP-0b3-medium,new_frozen_CPU_float64_inference,28,604599,Ti,11.95350169,14.26617928,10.37423728,-0.548252300787593,2.5594847800902154,-0.06749265778886085,0.08548597260335312,2.247244698446429,0.025234071987679407,0.6337382733909461,-0.31224008164378647,0.09272672977654026,0.7125421490413796
AgC_residual_mode_p_06_v19_acq,interface_AgC,AgC_residual_acquisition_parent_v19,MACE-MP-0b3-medium,new_frozen_CPU_float64_inference,29,604600,Ti,14.118815489155969,15.957052139958165,11.60834459611606,-8.354079425088818,4.401376299238887,-6.566247838982972,-7.576139822238739,3.6840258313193326,-5.339090292489773,0.7779396028500791,-0.7173504679195544,1.2271575464931983,1.620400371334859
AgC_residual_mode_p_06_v19_acq,interface_AgC,AgC_residual_acquisition_parent_v19,MACE-MP-0b3-medium,new_frozen_CPU_float64_inference,30,604601,Ti,11.43344149,17.43347667,10.56034947,2.161510511825284,-0.9211984377910547,0.20506386292485618,1.605250592323534,-0.8286862186687951,-0.13960019772032894,-0.5562599195017501,0.0925122191222596,-0.3446640606451851,0.6608910072254323
AgC_residual_mode_p_06_v19_acq,interface_AgC,AgC_residual_acquisition_parent_v19,MACE-MP-0b3-medium,new_frozen_CPU_float64_inference,31,604602,C,13.06646719,14.1368467,12.10746617,0.17899622319199396,0.34976278679867384,-0.027926188556576578,0.14662775833946473,0.7007363130059769,-0.026626104819887614,-0.03236846485252923,0.3509735262073031,0.0013000837366889638,0.3524653512517511
AgC_residual_mode_p_06_v19_acq,interface_AgC,AgC_residual_acquisition_parent_v19,MACE-MP-0b3-medium,new_frozen_CPU_float64_inference,32,604603,C,12.78805257,17.51047972,12.49636784,-1.287448808873803,1.6185003629007695,0.6496625234144807,-0.891240747286754,1.261354396482325,0.20600908281586963,0.396208061587049,-0.3571459664184444,-0.4436534405986111,0.6938028860926688
AgC_residual_mode_p_06_v19_acq,interface_AgC,AgC_residual_acquisition_parent_v19,MACE-MP-0b3-medium,new_frozen_CPU_float64_inference,33,604605,Si,9.80689857,15.55673045,10.57595241,-1.170277729805705,-0.157144850051895,1.5878580703612066,-1.1129298457626973,-0.6574857634109481,1.4736826059208272,0.057347884043007724,-0.5003409133590531,-0.1141754644403794,0.5163969849499105
AgC_residual_mode_p_06_v19_acq,interface_AgC,AgC_residual_acquisition_parent_v19,MACE-MP-0b3-medium,new_frozen_CPU_float64_inference,34,604608,Ti,13.89404094,19.2148049,11.80016927,1.7875819733371225,-1.4748364052345002,0.2806817719269519,1.1284263122577647,-1.0917981960427878,0.8201419980969404,-0.6591556610793579,0.3830382091917124,0.5394602261699886,0.9339281507980871
AgC_residual_mode_p_06_v19_acq,interface_AgC,AgC_residual_acquisition_parent_v19,MACE-MP-0b3-medium,new_frozen_CPU_float64_inference,35,604611,Ti,11.2580215,18.92548624,12.55015014,0.6575937377022111,-1.1234022771801127,1.0314775312315378,0.9109980969975064,-0.4628799349853049,1.732280606996293,0.25340435929529537,0.6605223421948078,0.7008030757647552,0.9958054452802089
AgC_residual_mode_p_06_v19_acq,interface_AgC,AgC_residual_acquisition_parent_v19,MACE-MP-0b3-medium,new_frozen_CPU_float64_inference,36,604794,Ti,12.26634854,10.47500164,17.74830506,0.47458114594780715,1.0742046328698776,-0.7662255546176328,0.60368068320033,1.0707120315679755,-1.3186294065054494,0.12909953725252282,-0.0034926013019020985,-0.5524038518878166,0.5672996601119785
AgC_residual_mode_p_06_v19_acq,interface_AgC,AgC_residual_acquisition_parent_v19,MACE-MP-0b3-medium,new_frozen_CPU_float64_inference,37,604795,Ti,11.80033518,8.66345692,15.22903044,1.5774510013177296,2.7150599830602924,-1.1203499803580883,1.2085298925468908,2.3408935622178157,-0.8487845496391386,-0.36892110877083883,-0.37416642084247664,0.2715654307189497,0.5914821029789008
AgC_residual_mode_p_06_v19_acq,interface_AgC,AgC_residual_acquisition_parent_v19,MACE-MP-0b3-medium,new_frozen_CPU_float64_inference,38,604796,Ti,12.16895326,11.7383424,15.12525415,-0.769938129715229,-0.16390391254352712,0.770440562482092,-0.594499428782605,-0.3105344361402352,1.6635953516045714,0.17543870093262404,-0.14663052359670806,0.8931547891224794,0.9219570085245797
AgC_residual_mode_p_06_v19_acq,interface_AgC,AgC_residual_acquisition_parent_v19,MACE-MP-0b3-medium,new_frozen_CPU_float64_inference,39,604803,Si,10.14239037,12.97278704,16.23387027,0.18750731362723722,0.971889300341545,-0.42440315343078977,0.7344344505276348,0.7707748677050013,-1.3974123534640355,0.5469271369003976,-0.20111443263654372,-0.9730092000332458,1.1341618982500346
AgC_residual_mode_p_06_v19_acq,interface_AgC,AgC_residual_acquisition_parent_v19,MACE-MP-0b3-medium,new_frozen_CPU_float64_inference,40,604804,C,13.47588002,12.93679245,14.26673336,-0.07581183064455087,1.8784821140189756,1.7993524458406809,0.04469703185141505,1.8003016404788914,1.4655694854304855,0.12050886249596592,-0.07818047354008417,-0.3337829604101954,0.36338084297774625
AgC_residual_mode_p_06_v19_acq,interface_AgC,AgC_residual_acquisition_parent_v19,MACE-MP-0b3-medium,new_frozen_CPU_float64_inference,41,604805,Ti,13.94132315,17.72599046,14.28329593,-0.044271354022249146,4.055677925441686,-0.2955986847667014,-0.5644868370973195,4.277332596928208,-0.5341501832640961,-0.5202154830750704,0.22165467148652152,-0.2385514984973947,0.613727756955948
AgC_residual_mode_p_06_v19_acq,interface_AgC,AgC_residual_acquisition_parent_v19,MACE-MP-0b3-medium,new_frozen_CPU_float64_inference,42,604806,Ti,12.2910493,13.6369851,17.68575294,1.2007885881376636,0.38723514655919655,-1.8379873215570788,1.5323718630748036,0.6629314411652362,-1.9357900913906008,0.3315832749371399,0.2756962946060396,-0.09780276983352199,0.4421779018275879
AgC_residual_mode_p_06_v19_acq,interface_AgC,AgC_residual_acquisition_parent_v19,MACE-MP-0b3-medium,new_frozen_CPU_float64_inference,43,604810,C,13.50469061,14.90550135,16.60374365,-1.4887898696620252,-1.157696698249605,0.16581178181917722,-1.2254426618495842,-1.63019461198913,-0.15368890654075473,0.26334720781244103,-0.4724979137395249,-0.31950068835993195,0.6282409730456004
AgC_residual_mode_p_06_v19_acq,interface_AgC,AgC_residual_acquisition_parent_v19,MACE-MP-0b3-medium,new_frozen_CPU_float64_inference,44,604813,Si,10.25169018,15.68472473,15.66843032,0.7203198119166545,-1.6863968655293786,0.17786096194315892,0.5667219967479268,-1.4056668585049703,-0.503565207383491,-0.15359781516872772,0.2807300070244083,-0.6814261693266499,0.7528235184369063
AgC_residual_mode_p_06_v19_acq,interface_AgC,AgC_residual_acquisition_parent_v19,MACE-MP-0b3-medium,new_frozen_CPU_float64_inference,45,606503,Si,9.70307372,16.94008547,12.67728352,0.521876312082933,-0.8284353032214735,-1.0243691104135455,0.317233193121452,-1.014327870500062,-0.26023701723742965,-0.20464311896148096,-0.1858925672785885,0.7641320931761159,0.812608582608761
AgC_residual_mode_p_06_v19_acq,interface_AgC,AgC_residual_acquisition_parent_v19,MACE-MP-0b3-medium,new_frozen_CPU_float64_inference,46,688433,Ag,14.11040925,15.4632415,13.72951918,0.20045130722574922,-4.809159762866085,5.778657228308276,0.20039704194428945,-4.845766382961214,5.5183605992267335,-5.426528145976994e-05,-0.03660662009512894,-0.2602966290815427,0.26285810371895346
AgC_residual_mode_p_06_v19_acq,interface_AgC,AgC_residual_acquisition_parent_v19,MACE-MP-0b3-medium,new_frozen_CPU_float64_inference,47,751743,Ag,16.16657402,15.46397897,11.65879226,6.90631698083824,-3.107201999680707,-0.3570046573062553,6.005267799497595,-2.824531492051172,-0.8102978238509352,-0.9010491813406452,0.28267050762953483,-0.4532931665446799,1.047505101617309
AgC_residual_mode_p_06_v19_acq,interface_AgC,AgC_residual_acquisition_parent_v19,V18,new_frozen_CPU_float64_inference,0,113766,Ti,14.77773371,12.05600926,19.11551806,-0.7256963390761215,-0.04929316115974189,-1.9748546455955487,-0.7113557813903015,-0.04311837907642588,-1.9803590540693214,0.014340557685819988,0.0061747820833160105,-0.0055044084737727594,0.016555302508952003
AgC_residual_mode_p_06_v19_acq,interface_AgC,AgC_residual_acquisition_parent_v19,V18,new_frozen_CPU_float64_inference,1,600768,Ti,19.82811217,14.16747384,12.33246569,-1.2478105537970354,-0.6947631747534865,1.8733984821385687,-1.3408728219421944,-0.6957590775471358,1.9004009431073636,-0.09306226814515894,-0.0009959027936493614,0.027002460968794884,0.09690567822923048
AgC_residual_mode_p_06_v19_acq,interface_AgC,AgC_residual_acquisition_parent_v19,V18,new_frozen_CPU_float64_inference,2,602398,Ti,15.14933662,14.09146,8.99034223,-1.2181257167706574,-1.4606976256445345,1.8690164264802087,-1.2314714565810803,-1.4284667549727628,1.8522236207732299,-0.013345739810422863,0.03223087067177177,-0.01679280570697883,0.03871609637941723
AgC_residual_mode_p_06_v19_acq,interface_AgC,AgC_residual_acquisition_parent_v19,V18,new_frozen_CPU_float64_inference,3,602560,Ti,16.70700672,11.35471852,12.38368619,0.9084676079006876,1.2318993543582404,-1.0770610766942825,1.0232054871046201,1.2741965797750747,-1.1457123139295016,0.11473787920393252,0.04229722541683434,-0.06865123723521904,0.14023847038564358
AgC_residual_mode_p_06_v19_acq,interface_AgC,AgC_residual_acquisition_parent_v19,V18,new_frozen_CPU_float64_inference,4,602563,C,15.80834749,12.2813523,10.41275719,0.2064173287137329,-0.6770723636757152,0.755857966889435,0.19988235572025315,-0.576817967279474,0.7875739054906268,-0.006534972993479743,0.10025439639624123,0.03171593860119182,0.1053544048920345
AgC_residual_mode_p_06_v19_acq,interface_AgC,AgC_residual_acquisition_parent_v19,V18,new_frozen_CPU_float64_inference,5,602564,C,15.2459573,10.24678088,13.1973631,5.2060015624359925,-2.6594534936230843,-0.1938557380228819,5.284852972998823,-2.662974168264661,-0.13767931504385392,0.07885141056283018,-0.003520674641576793,0.05617642297902797,0.09687998036951964
AgC_residual_mode_p_06_v19_acq,interface_AgC,AgC_residual_acquisition_parent_v19,V18,new_frozen_CPU_float64_inference,6,602568,C,15.09615209,17.79866568,11.05647245,0.6269029742933524,1.162723127741195,1.507713336908682,0.7536205859731484,1.107543309326037,1.4817170479088133,0.126717611679796,-0.055179818415157955,-0.02599628899986861,0.1406341797427854
AgC_residual_mode_p_06_v19_acq,interface_AgC,AgC_residual_acquisition_parent_v19,V18,new_frozen_CPU_float64_inference,7,602569,Ti,16.22196177,17.83062629,12.74423018,-0.44996212033400185,1.9680795049797368,0.8959077576296957,-0.5323725957074752,1.7910286044058314,0.768930187291418,-0.08241047537347335,-0.17705090057390538,-0.1269775703382776,0.23294164765950512
AgC_residual_mode_p_06_v19_acq,interface_AgC,AgC_residual_acquisition_parent_v19,V18,new_frozen_CPU_float64_inference,8,602577,C,15.07856493,19.59732463,13.72647342,-1.6112598970348506,-4.315230068616826,-2.099835043045651,-1.6344765907200163,-4.3426625358487465,-2.0787893672676776,-0.023216693685165657,-0.027432467231920832,0.02104567577797356,0.041647035825527895
AgC_residual_mode_p_06_v19_acq,interface_AgC,AgC_residual_acquisition_parent_v19,V18,new_frozen_CPU_float64_inference,9,602709,Ti,16.76440974,12.97642676,14.38731587,-0.4654278265788949,0.12697069394887397,-0.06492612329563474,-0.419073917454618,0.12875775853321098,-0.014997543574047922,0.04635390912427695,0.0017870645843370003,0.04992857972158682,0.06815234085447959
AgC_residual_mode_p_06_v19_acq,interface_AgC,AgC_residual_acquisition_parent_v19,V18,new_frozen_CPU_float64_inference,10,602714,Ti,16.30101915,9.87962573,15.1683031,-0.8165490870862722,1.812848081026855,-1.4296824200439862,-0.8502782817324985,1.7789886215578017,-1.4495907613627066,-0.03372919464622637,-0.03385945946905333,-0.019908341318720435,0.05177319403979402
AgC_residual_mode_p_06_v19_acq,interface_AgC,AgC_residual_acquisition_parent_v19,V18,new_frozen_CPU_float64_inference,11,602717,Si,16.28907112,11.75977571,16.92416559,-0.5562789428667986,-0.035569138619220016,0.14249835127508093,-0.5693440598191678,-0.016290181481689925,0.1639662897330202,-0.013065116952369227,0.01927895713753009,0.021467938457939262,0.03167408800460837
AgC_residual_mode_p_06_v19_acq,interface_AgC,AgC_residual_acquisition_parent_v19,V18,new_frozen_CPU_float64_inference,12,602720,Ti,19.6039234,12.8276298,14.90690853,-1.6322221905325123,0.7553158769430086,-1.151417497409621,-1.601155427898571,0.7459105480816736,-1.1696527834050112,0.03106676263394137,-0.00940532886133505,-0.01823528599539026,0.037230761567246966
AgC_residual_mode_p_06_v19_acq,interface_AgC,AgC_residual_acquisition_parent_v19,V18,new_frozen_CPU_float64_inference,13,602722,Si,17.67857728,13.64819382,16.56818905,1.0431482906181297,0.5359363075217117,-0.05756239114999301,1.0146474809638826,0.5082234711993464,-0.07593831849354366,-0.028500809654247172,-0.02771283632236532,-0.018375927343550646,0.043794658963317565
AgC_residual_mode_p_06_v19_acq,interface_AgC,AgC_residual_acquisition_parent_v19,V18,new_frozen_CPU_float64_inference,14,602726,Si,17.72084154,16.09981719,16.31087786,0.010391139559736508,0.3639254863256389,-1.4225766338022154,-0.016372033304938804,0.3767392351576466,-1.452873062185159,-0.026763172864675312,0.012813748832007699,-0.030296428382943663,0.04240675834907811
AgC_residual_mode_p_06_v19_acq,interface_AgC,AgC_residual_acquisition_parent_v19,V18,new_frozen_CPU_float64_inference,15,602728,Si,18.23918609,18.04904044,14.5591511,-0.5540941963118041,-1.767314715934012,0.8405378046176225,-0.5833594065543952,-1.7619072463985859,0.8076719664185604,-0.0292652102425911,0.005407469535426035,-0.03286583819906208,0.044337981210769484
AgC_residual_mode_p_06_v19_acq,interface_AgC,AgC_residual_acquisition_parent_v19,V18,new_frozen_CPU_float64_inference,16,604584,Ti,14.7650284,10.24823364,11.01852302,1.224945560136455,-3.213371807850734,-1.4040182760282554,1.1891491237045027,-3.2570378824945596,-1.4179565162215795,-0.035796436431952294,-0.04366607464382577,-0.013938240193324125,0.058158279511293674
AgC_residual_mode_p_06_v19_acq,interface_AgC,AgC_residual_acquisition_parent_v19,V18,new_frozen_CPU_float64_inference,17,604585,C,13.17986737,8.67583329,11.62428134,1.1340339073457926,0.3796382225025083,0.7174248516152837,1.1319897018817557,0.32552587910814573,0.7201700615179323,-0.00204420546403683,-0.05411234339436255,0.002745209902648593,0.05422048193273654
AgC_residual_mode_p_06_v19_acq,interface_AgC,AgC_residual_acquisition_parent_v19,V18,new_frozen_CPU_float64_inference,18,604586,Ti,11.74276545,10.17736294,12.03503218,1.063948668324831,-1.9669884246048026,0.05005132077210717,1.0067736451132305,-1.9346908616320024,0.039962251394963066,-0.057175023211600395,0.032297562972800176,-0.010089069377144107,0.06643722732117788
AgC_residual_mode_p_06_v19_acq,interface_AgC,AgC_residual_acquisition_parent_v19,V18,new_frozen_CPU_float64_inference,19,604587,C,13.19563199,11.17968796,11.24892195,-3.642920901551873,-3.1921699415104823,1.3042975237186725,-3.5977300397935474,-3.1697156828205726,1.2880825329438323,0.04519086175832543,0.02245425868990969,-0.01621499077484012,0.053003147506554875
AgC_residual_mode_p_06_v19_acq,interface_AgC,AgC_residual_acquisition_parent_v19,V18,new_frozen_CPU_float64_inference,20,604588,Ti,14.35882364,8.52198837,13.27154629,-3.449368915915356,0.6890532317648883,-0.5320768293833285,-3.4771850844889376,0.7466191192324707,-0.5109793845570593,-0.02781616857358138,0.0575658874675824,0.021097444826269185,0.06732512764370914
AgC_residual_mode_p_06_v19_acq,interface_AgC,AgC_residual_acquisition_parent_v19,V18,new_frozen_CPU_float64_inference,21,604589,Ti,13.89522027,11.47862233,13.1940499,-0.2813951794394195,3.158161224816614,-0.2950151428590707,-0.35891582747278306,3.304793671902454,-0.18891778873248224,-0.07752064803336356,0.14663244708584022,0.10609735412658847,0.19689381392658603
AgC_residual_mode_p_06_v19_acq,interface_AgC,AgC_residual_acquisition_parent_v19,V18,new_frozen_CPU_float64_inference,22,604590,Ti,13.89476314,12.73690514,10.9048048,3.961989755237247,4.830951572504928,-0.647921113496708,3.918455008465604,4.919779183159626,-0.6931205679277213,-0.04353474677164293,0.08882761065469857,-0.04519945443101325,0.10875941003864925
AgC_residual_mode_p_06_v19_acq,interface_AgC,AgC_residual_acquisition_parent_v19,V18,new_frozen_CPU_float64_inference,23,604592,C,12.76671152,10.07059819,13.82600363,-2.448381679700227,-2.5298068395063718,3.036203108693337,-2.408903410184603,-2.5678960606889105,3.025596516272809,0.03947826951562394,-0.03808922118253877,-0.01060659242052786,0.05587327032683698
AgC_residual_mode_p_06_v19_acq,interface_AgC,AgC_residual_acquisition_parent_v19,V18,new_frozen_CPU_float64_inference,24,604593,Si,9.97310494,12.81272528,11.37092765,0.2566636053529192,-0.1635405399609639,1.3715463262697598,0.23648444823022063,-0.14653273017805102,1.3436568433039735,-0.020179157122698577,0.017007809782912886,-0.027889482965786305,0.03839644821976622
AgC_residual_mode_p_06_v19_acq,interface_AgC,AgC_residual_acquisition_parent_v19,V18,new_frozen_CPU_float64_inference,25,604594,Si,9.9104925,11.50366541,13.68373389,0.27530176645715104,0.9978036453466218,-0.5785793918703993,0.27243352540900656,1.0064535994491732,-0.5362252702449535,-0.002868241048144482,0.008649954102551427,0.04235412162544583,0.043323436282796925
AgC_residual_mode_p_06_v19_acq,interface_AgC,AgC_residual_acquisition_parent_v19,V18,new_frozen_CPU_float64_inference,26,604596,C,13.36240624,13.47924599,9.24302655,1.1189159966316184,0.5978483523775711,-2.6168117520367686,1.1153343534178963,0.5427726218964332,-2.673501472870431,-0.003581643213722119,-0.0550757304811379,-0.05668972083366253,0.0791194584431664
AgC_residual_mode_p_06_v19_acq,interface_AgC,AgC_residual_acquisition_parent_v19,V18,new_frozen_CPU_float64_inference,27,604598,C,12.81786136,16.19913384,9.90450598,-0.7549596825123874,-0.46546510189107254,1.2306613135694962,-0.8371983078254606,-0.6533555770634878,1.1175791955169783,-0.08223862531307313,-0.18789047517241525,-0.11308211805251789,0.2342084276390233
AgC_residual_mode_p_06_v19_acq,interface_AgC,AgC_residual_acquisition_parent_v19,V18,new_frozen_CPU_float64_inference,28,604599,Ti,11.95350169,14.26617928,10.37423728,-0.548252300787593,2.5594847800902154,-0.06749265778886085,-0.4734280028539997,2.6072913349354603,-0.046827183805924544,0.0748242979335933,0.047806554845244875,0.020665473982936305,0.09116580533492785
AgC_residual_mode_p_06_v19_acq,interface_AgC,AgC_residual_acquisition_parent_v19,V18,new_frozen_CPU_float64_inference,29,604600,Ti,14.118815489155969,15.957052139958165,11.60834459611606,-8.354079425088818,4.401376299238887,-6.566247838982972,-7.994018066290263,4.501568966942826,-6.259322930135564,0.3600613587985553,0.10019266770393909,0.30692490884740753,0.48361725820371976
AgC_residual_mode_p_06_v19_acq,interface_AgC,AgC_residual_acquisition_parent_v19,V18,new_frozen_CPU_float64_inference,30,604601,Ti,11.43344149,17.43347667,10.56034947,2.161510511825284,-0.9211984377910547,0.20506386292485618,2.213527386376793,-0.8999164202069195,0.24055846560844038,0.05201687455150861,0.02128201758413517,0.0354946026835842,0.06647214702583576
AgC_residual_mode_p_06_v19_acq,interface_AgC,AgC_residual_acquisition_parent_v19,V18,new_frozen_CPU_float64_inference,31,604602,C,13.06646719,14.1368467,12.10746617,0.17899622319199396,0.34976278679867384,-0.027926188556576578,0.12139642818160745,0.37583654407942885,0.020520027323758516,-0.057599795010386506,0.026073757280755006,0.0484462158803351,0.07965307926940618
AgC_residual_mode_p_06_v19_acq,interface_AgC,AgC_residual_acquisition_parent_v19,V18,new_frozen_CPU_float64_inference,32,604603,C,12.78805257,17.51047972,12.49636784,-1.287448808873803,1.6185003629007695,0.6496625234144807,-1.2096640093756998,1.4635669540368699,0.8296354540211788,0.07778479949810313,-0.1549334088638996,0.17997293060669806,0.2498901598028857
AgC_residual_mode_p_06_v19_acq,interface_AgC,AgC_residual_acquisition_parent_v19,V18,new_frozen_CPU_float64_inference,33,604605,Si,9.80689857,15.55673045,10.57595241,-1.170277729805705,-0.157144850051895,1.5878580703612066,-1.1874077184544345,-0.13185893904657184,1.5486946000694384,-0.0171299886487295,0.025285911005323153,-0.039163470291768254,0.04966478844985588
AgC_residual_mode_p_06_v19_acq,interface_AgC,AgC_residual_acquisition_parent_v19,V18,new_frozen_CPU_float64_inference,34,604608,Ti,13.89404094,19.2148049,11.80016927,1.7875819733371225,-1.4748364052345002,0.2806817719269519,1.8418842333846819,-1.505803108528869,0.3239138693794785,0.054302260047559336,-0.03096670329436879,0.04323209745252665,0.07600451571675851
AgC_residual_mode_p_06_v19_acq,interface_AgC,AgC_residual_acquisition_parent_v19,V18,new_frozen_CPU_float64_inference,35,604611,Ti,11.2580215,18.92548624,12.55015014,0.6575937377022111,-1.1234022771801127,1.0314775312315378,0.6501900272533543,-1.0989288967605262,1.010316681332132,-0.007403710448856793,0.024473380419586466,-0.02116084989940581,0.0331894990326382
AgC_residual_mode_p_06_v19_acq,interface_AgC,AgC_residual_acquisition_parent_v19,V18,new_frozen_CPU_float64_inference,36,604794,Ti,12.26634854,10.47500164,17.74830506,0.47458114594780715,1.0742046328698776,-0.7662255546176328,0.46983579670446757,1.0700490193133412,-0.8264183979090864,-0.0047453492433395805,-0.004155613556536375,-0.06019284329145369,0.06052244085446351
AgC_residual_mode_p_06_v19_acq,interface_AgC,AgC_residual_acquisition_parent_v19,V18,new_frozen_CPU_float64_inference,37,604795,Ti,11.80033518,8.66345692,15.22903044,1.5774510013177296,2.7150599830602924,-1.1203499803580883,1.574647598463412,2.6945385093334195,-1.0948386389846794,-0.0028034028543175715,-0.020521473726872852,0.025511341373408936,0.03286059174995081
AgC_residual_mode_p_06_v19_acq,interface_AgC,AgC_residual_acquisition_parent_v19,V18,new_frozen_CPU_float64_inference,38,604796,Ti,12.16895326,11.7383424,15.12525415,-0.769938129715229,-0.16390391254352712,0.770440562482092,-0.7396908380751527,-0.05999395737727612,0.8407340679009732,0.030247291640076335,0.10390995516625101,0.07029350541888113,0.1290478761479103
AgC_residual_mode_p_06_v19_acq,interface_AgC,AgC_residual_acquisition_parent_v19,V18,new_frozen_CPU_float64_inference,39,604803,Si,10.14239037,12.97278704,16.23387027,0.18750731362723722,0.971889300341545,-0.42440315343078977,0.20939448628196733,0.9644730999506077,-0.45290828370459213,0.021887172654730114,-0.0074162003909372665,-0.02850513027380236,0.036695923574464606
AgC_residual_mode_p_06_v19_acq,interface_AgC,AgC_residual_acquisition_parent_v19,V18,new_frozen_CPU_float64_inference,40,604804,C,13.47588002,12.93679245,14.26673336,-0.07581183064455087,1.8784821140189756,1.7993524458406809,-0.04794503745588946,1.5573779497479388,1.847461048031449,0.027866793188661407,-0.32110416427103683,0.04810860219076818,0.3258816964476069
AgC_residual_mode_p_06_v19_acq,interface_AgC,AgC_residual_acquisition_parent_v19,V18,new_frozen_CPU_float64_inference,41,604805,Ti,13.94132315,17.72599046,14.28329593,-0.044271354022249146,4.055677925441686,-0.2955986847667014,-0.059975001114810855,4.13268335703434,-0.500702926959538,-0.01570364709256171,0.07700543159265383,-0.20510424219283657,0.21964560362610577
AgC_residual_mode_p_06_v19_acq,interface_AgC,AgC_residual_acquisition_parent_v19,V18,new_frozen_CPU_float64_inference,42,604806,Ti,12.2910493,13.6369851,17.68575294,1.2007885881376636,0.38723514655919655,-1.8379873215570788,1.1959112549820459,0.41297151722126646,-1.841222450832758,-0.00487733315561778,0.025736370662069907,-0.0032351292756791494,0.026393469173200734
AgC_residual_mode_p_06_v19_acq,interface_AgC,AgC_residual_acquisition_parent_v19,V18,new_frozen_CPU_float64_inference,43,604810,C,13.50469061,14.90550135,16.60374365,-1.4887898696620252,-1.157696698249605,0.16581178181917722,-1.4758413916964948,-1.2743451038777565,0.11000155801752803,0.012948477965530447,-0.11664840562815137,-0.055810223801649184,0.1299588192390333
AgC_residual_mode_p_06_v19_acq,interface_AgC,AgC_residual_acquisition_parent_v19,V18,new_frozen_CPU_float64_inference,44,604813,Si,10.25169018,15.68472473,15.66843032,0.7203198119166545,-1.6863968655293786,0.17786096194315892,0.7616590291422396,-1.6649014604639274,0.16624949139105047,0.04133921722558509,0.021495405065451223,-0.011611470552108455,0.048018845968373906
AgC_residual_mode_p_06_v19_acq,interface_AgC,AgC_residual_acquisition_parent_v19,V18,new_frozen_CPU_float64_inference,45,606503,Si,9.70307372,16.94008547,12.67728352,0.521876312082933,-0.8284353032214735,-1.0243691104135455,0.5091326868516155,-0.8116553390127816,-1.013179542685418,-0.012743625231317446,0.016779964208691878,0.011189567728127514,0.023857359636464463
AgC_residual_mode_p_06_v19_acq,interface_AgC,AgC_residual_acquisition_parent_v19,V18,new_frozen_CPU_float64_inference,46,688433,Ag,14.11040925,15.4632415,13.72951918,0.20045130722574922,-4.809159762866085,5.778657228308276,-0.03567796353312519,-4.8375850677991465,5.645979835759913,-0.2361292707588744,-0.02842530493306139,-0.13267739254836286,0.2723386145281049
AgC_residual_mode_p_06_v19_acq,interface_AgC,AgC_residual_acquisition_parent_v19,V18,new_frozen_CPU_float64_inference,47,751743,Ag,16.16657402,15.46397897,11.65879226,6.90631698083824,-3.107201999680707,-0.3570046573062553,6.699305455115328,-2.7954760565595844,-0.31988258560624916,-0.20701152572291193,0.31172594312112256,0.03712207170000614,0.3760384070865389
AgSi_residual_mode_m_03_v19_acq,interface_AgSi,AgSi_residual_acquisition_parent_v19,MACE-MP-0b3-medium,new_frozen_CPU_float64_inference,0,365143,C,18.59997229,12.48568832,11.10844207,-2.254688210276616,-0.6133532968326578,-0.6970819435531904,-0.7270553451579045,-0.04643606223852924,0.02033656568650065,1.5276328651187114,0.5669172345941286,0.7174185092396911,1.780378229160972
AgSi_residual_mode_m_03_v19_acq,interface_AgSi,AgSi_residual_acquisition_parent_v19,MACE-MP-0b3-medium,new_frozen_CPU_float64_inference,1,365320,Ti,17.68639525,11.50950205,17.41787882,-4.0537463490260235,-0.31788301971894883,-2.5778118612291703,-3.3850906827632583,-0.7742285038894311,-1.872089285108335,0.6686556662627652,-0.45634548417048226,0.7057225761208352,1.0739627346396718
AgSi_residual_mode_m_03_v19_acq,interface_AgSi,AgSi_residual_acquisition_parent_v19,MACE-MP-0b3-medium,new_frozen_CPU_float64_inference,2,366772,C,16.41880913,11.23745333,9.78030353,1.23531351066663,1.4482498538597521,1.335191439373675,0.19861481515994023,0.3946234672158182,0.4837789746236392,-1.0366986955066897,-1.053626386643934,-0.8514124647500358,1.7058065344667184
AgSi_residual_mode_m_03_v19_acq,interface_AgSi,AgSi_residual_acquisition_parent_v19,MACE-MP-0b3-medium,new_frozen_CPU_float64_inference,3,366778,C,16.47896696,14.6851776,9.59220696,-0.8983146641565096,0.2092601191611219,0.4552734341896427,-1.01784080052161,0.8978211837033627,0.23798497972168284,-0.11952613636510034,0.6885610645422409,-0.21728845446795989,0.7318586675875248
AgSi_residual_mode_m_03_v19_acq,interface_AgSi,AgSi_residual_acquisition_parent_v19,MACE-MP-0b3-medium,new_frozen_CPU_float64_inference,4,366929,Si,13.03247546,10.81256428,11.54588199,0.8230515952985484,0.9717829091928812,-0.5168020565941809,1.5169255843399632,1.1865823584432331,-0.29134156610169487,0.6938739890414147,0.21479944925035188,0.225460490492486,0.7605474007842064
AgSi_residual_mode_m_03_v19_acq,interface_AgSi,AgSi_residual_acquisition_parent_v19,MACE-MP-0b3-medium,new_frozen_CPU_float64_inference,5,366931,C,16.85595198,10.57457416,13.54804023,-1.5215611805374722,1.0015274068345261,1.3034099117023856,-1.1325222998645712,0.8673100229065536,1.1600924643639199,0.38903888067290104,-0.13421738392797256,-0.14331744733846574,0.4357814217418021
AgSi_residual_mode_m_03_v19_acq,interface_AgSi,AgSi_residual_acquisition_parent_v19,MACE-MP-0b3-medium,new_frozen_CPU_float64_inference,6,366933,Si,13.24756583,10.09299501,13.89543918,0.34782021193600815,0.6396235878131403,1.3562990272793065,0.5890707015884307,0.36824547088993037,1.2242532791824445,0.24125048965242252,-0.27137811692320996,-0.13204574809686198,0.38637282602789363
AgSi_residual_mode_m_03_v19_acq,interface_AgSi,AgSi_residual_acquisition_parent_v19,MACE-MP-0b3-medium,new_frozen_CPU_float64_inference,7,366934,Si,13.550127522558524,12.72727461273825,14.334887096706481,-1.3917599982960354,0.28696080857124656,-0.35306784338968417,-1.7983516017053647,0.5269770252943634,-0.3179972471215741,-0.4065916034093293,0.24001621672311685,0.035070596268110044,0.473449535827894
AgSi_residual_mode_m_03_v19_acq,interface_AgSi,AgSi_residual_acquisition_parent_v19,MACE-MP-0b3-medium,new_frozen_CPU_float64_inference,8,366935,Ti,15.29981075,11.23489767,15.30672895,2.8026130195512584,-1.885192433634393,0.10383273020314251,3.8548603818896843,-1.0863415747301015,0.7039584088869184,1.0522473623384259,0.7988508589042915,0.6001256786837759,1.4510472206430642
AgSi_residual_mode_m_03_v19_acq,interface_AgSi,AgSi_residual_acquisition_parent_v19,MACE-MP-0b3-medium,new_frozen_CPU_float64_inference,9,366936,Si,14.07452393,13.07440001,11.8452746,-0.4364767306522607,-0.0836810514539801,-0.6897286776216698,-0.6353317231135895,-0.3944272709384099,0.21777605309273002,-0.19885499246132882,-0.3107462194844298,0.9075047307143997,0.9796281729409765
AgSi_residual_mode_m_03_v19_acq,interface_AgSi,AgSi_residual_acquisition_parent_v19,MACE-MP-0b3-medium,new_frozen_CPU_float64_inference,10,367109,C,16.32293638,9.78228197,16.33324608,-0.08665945661524467,1.7737141888913226,2.8518819243471785,-0.49077606781391875,2.4605515071441877,2.495207750793939,-0.4041166111986741,0.6868373182528651,-0.35667417355323927,0.8730820140578857
AgSi_residual_mode_m_03_v19_acq,interface_AgSi,AgSi_residual_acquisition_parent_v19,MACE-MP-0b3-medium,new_frozen_CPU_float64_inference,11,367110,Si,13.15366079,10.13595433,16.63871231,-0.15087869501072704,0.13732659175526404,-0.5159769383762978,-0.791670945066343,0.4382012331297961,-0.9549025956247118,-0.6407922500556159,0.300874641374532,-0.43892565724841404,0.8329441698844794
AgSi_residual_mode_m_03_v19_acq,interface_AgSi,AgSi_residual_acquisition_parent_v19,MACE-MP-0b3-medium,new_frozen_CPU_float64_inference,12,367111,C,16.4810025,12.76445334,16.24568078,0.037660467326682275,0.07836116460026352,1.0473886242031052,-0.8354835108870173,-0.13288016665676342,0.9829969462234046,-0.8731439782136996,-0.21124133125702693,-0.06439167797970058,0.9006384373960107
AgSi_residual_mode_m_03_v19_acq,interface_AgSi,AgSi_residual_acquisition_parent_v19,MACE-MP-0b3-medium,new_frozen_CPU_float64_inference,13,367112,Ti,15.25461263,9.99188169,18.18059921,1.001633959912399,0.43960148150376743,-2.9648377729458804,1.28906039010636,0.3317831811557111,-2.232602437302638,0.2874264301939611,-0.10781830034805634,0.7322353356432423,0.7939819427597579
AgSi_residual_mode_m_03_v19_acq,interface_AgSi,AgSi_residual_acquisition_parent_v19,MACE-MP-0b3-medium,new_frozen_CPU_float64_inference,14,367113,Ti,15.21048961,12.94153364,18.03487212,0.06742095871184726,0.7787877966160422,0.46373873182580816,0.610871534742369,0.20745691753430417,-0.10746706110690907,0.5434505760305217,-0.5713308790817381,-0.5712057929327172,0.9736701494141184
AgSi_residual_mode_m_03_v19_acq,interface_AgSi,AgSi_residual_acquisition_parent_v19,MACE-MP-0b3-medium,new_frozen_CPU_float64_inference,15,367115,Si,13.17741765,13.14324215,19.70608455,-0.25117953934617515,0.45754038009621895,-1.0973088089728122,-0.2631968220821279,-0.018241540030022985,-1.053666246882478,-0.012017282735952761,-0.47578192012624193,0.043642562090334236,0.4779304591979655
AgSi_residual_mode_m_03_v19_acq,interface_AgSi,AgSi_residual_acquisition_parent_v19,MACE-MP-0b3-medium,new_frozen_CPU_float64_inference,16,367117,Ti,15.40588122,14.54471635,15.86904406,0.6113767999445978,0.5226807743663091,2.7349413028098932,0.34925771540981687,0.8712286199556958,2.2255592679205667,-0.26211908453478094,0.3485478455893867,-0.5093820348893265,0.6705684697406713
AgSi_residual_mode_m_03_v19_acq,interface_AgSi,AgSi_residual_acquisition_parent_v19,MACE-MP-0b3-medium,new_frozen_CPU_float64_inference,17,367118,Si,12.78455653,15.18854922,16.36834406,0.7943322607382358,0.23581253955387507,0.18371877237127504,0.6728330818246271,-0.47244598295753326,0.27863484624745194,-0.12149917891360873,-0.7082585225114083,0.0949160738761769,0.7248456706546518
AgSi_residual_mode_m_03_v19_acq,interface_AgSi,AgSi_residual_acquisition_parent_v19,MACE-MP-0b3-medium,new_frozen_CPU_float64_inference,18,367120,Si,12.95712017,18.30295279,16.70442317,-0.34239180133070785,-1.3445998071489427,-0.17841666470025944,-0.1226396740290258,-1.542835015305177,-0.13272583681164443,0.21975212730168203,-0.1982352081562344,0.045690827888615004,0.29945925759526504
AgSi_residual_mode_m_03_v19_acq,interface_AgSi,AgSi_residual_acquisition_parent_v19,MACE-MP-0b3-medium,new_frozen_CPU_float64_inference,19,367121,Ti,14.51271213,16.54892641,18.01865841,0.05232483446189562,-2.2309198407822244,-0.26489754667864646,0.6874807255664026,-1.602165181490745,-0.49770210125422576,0.635155891104507,0.6287546592914794,-0.2328045545755793,0.9235547564798953
AgSi_residual_mode_m_03_v19_acq,interface_AgSi,AgSi_residual_acquisition_parent_v19,MACE-MP-0b3-medium,new_frozen_CPU_float64_inference,20,367122,C,15.68829271,14.87916034,18.37964165,-1.3847723237256915,0.13040309350653512,-1.8060717738370315,-1.5431712550331016,0.12886769476334173,-1.8614589343784136,-0.15839893130741012,-0.001535398743193389,-0.05538716054138204,0.1678103585642646
AgSi_residual_mode_m_03_v19_acq,interface_AgSi,AgSi_residual_acquisition_parent_v19,MACE-MP-0b3-medium,new_frozen_CPU_float64_inference,21,368645,C,9.90649004,12.77431746,10.77224184,1.2939669473388298,0.5918701004185826,-0.11384801316686224,1.1097600957146907,0.15512265858124646,0.03947178507133299,-0.18420685162413908,-0.4367474418373361,0.15331979823819525,0.49818415537684035
AgSi_residual_mode_m_03_v19_acq,interface_AgSi,AgSi_residual_acquisition_parent_v19,MACE-MP-0b3-medium,new_frozen_CPU_float64_inference,22,368823,Ti,11.05639828,9.10291227,15.13117419,0.004273322528502134,2.5106892113342956,1.6781263405975342,-0.30875139657456374,2.2467865470713404,1.7915584138355634,-0.3130247191030659,-0.26390266426295517,0.11343207323802917,0.42484812134893213
AgSi_residual_mode_m_03_v19_acq,interface_AgSi,AgSi_residual_acquisition_parent_v19,MACE-MP-0b3-medium,new_frozen_CPU_float64_inference,23,368827,Ti,11.06514563,10.5797282,12.9420933,-2.3361020618433104,0.4663057481545068,-0.8867082390003631,-3.7490703479653478,1.0554015176127118,-0.9824055762177236,-1.4129682861220374,0.5890957694582051,-0.09569733721736051,1.5338419682388065
AgSi_residual_mode_m_03_v19_acq,interface_AgSi,AgSi_residual_acquisition_parent_v19,MACE-MP-0b3-medium,new_frozen_CPU_float64_inference,24,368829,C,9.58869661,11.96959291,13.50714254,0.8848072127320414,0.2381042279583389,0.3218809273955205,1.6782648743702122,0.37732144502804976,0.6363266129228277,0.7934576616381708,0.13921721706971085,0.3144456855273072,0.8647731398972143
AgSi_residual_mode_m_03_v19_acq,interface_AgSi,AgSi_residual_acquisition_parent_v19,MACE-MP-0b3-medium,new_frozen_CPU_float64_inference,25,368832,Ti,8.41925107,13.28695754,14.63229457,0.46233949482708553,0.3291722526660133,0.02583223669311591,-0.068092486714596,-0.754609613455222,0.41041322279000375,-0.5304319815416816,-1.0837818661212353,0.38458098609688784,1.266429530310596
AgSi_residual_mode_m_03_v19_acq,interface_AgSi,AgSi_residual_acquisition_parent_v19,MACE-MP-0b3-medium,new_frozen_CPU_float64_inference,26,368833,Ti,10.9504135,12.38211774,15.00689863,0.0265294288335571,-0.9991177529918316,1.883056117405984,-0.6231206389063656,-0.9842976537585189,1.5122895872976547,-0.6496500677399227,0.014820099233312733,-0.3707665301083294,0.7481528357924884
AgSi_residual_mode_m_03_v19_acq,interface_AgSi,AgSi_residual_acquisition_parent_v19,MACE-MP-0b3-medium,new_frozen_CPU_float64_inference,27,368838,C,9.56136862,16.94432396,11.26681068,1.4280987204881574,-0.6831029829364521,-0.7806734275081886,1.593401767852734,-0.47683377341709643,-0.47698492980239815,0.16530304736457646,0.20626920951935568,0.30368849770579043,0.4026149375054969
AgSi_residual_mode_m_03_v19_acq,interface_AgSi,AgSi_residual_acquisition_parent_v19,MACE-MP-0b3-medium,new_frozen_CPU_float64_inference,28,368841,C,8.7499673,15.07383077,14.18303296,1.3577994686815549,0.3892378226298903,0.992412628397565,1.5259801440898704,0.7210800944250196,0.3442263846166877,0.1681806754083155,0.3318422717951293,-0.6481862437808774,0.7473616524532903
AgSi_residual_mode_m_03_v19_acq,interface_AgSi,AgSi_residual_acquisition_parent_v19,MACE-MP-0b3-medium,new_frozen_CPU_float64_inference,29,368844,Ti,10.21724449,15.52569843,15.45789755,-1.2149710484804022,-1.6537192888031145,-0.32137673051929455,-0.5313136197174406,-1.3359063543093026,0.01771826921909231,0.6836574287629615,0.31781293449381187,0.33909499973838686,0.8266667769312666
AgSi_residual_mode_m_03_v19_acq,interface_AgSi,AgSi_residual_acquisition_parent_v19,MACE-MP-0b3-medium,new_frozen_CPU_float64_inference,30,369024,C,10.10142178,10.766866,15.98766623,2.147586286925466,-1.0490329146500528,-2.021604789659763,2.098473396837274,-0.5525763865962955,-2.0719211698529034,-0.049112890088192085,0.4964565280537573,-0.05031638019314055,0.5014109076752784
AgSi_residual_mode_m_03_v19_acq,interface_AgSi,AgSi_residual_acquisition_parent_v19,MACE-MP-0b3-medium,new_frozen_CPU_float64_inference,31,369026,C,9.73645404,13.62008341,16.2603339,1.217286328521498,0.6979368204345185,-0.07655085611441095,1.1394073600701604,0.44056493903977256,-0.2318431653957761,-0.07787896845133768,-0.257371881394746,-0.15529230928136514,0.31051750414695595
AgSi_residual_mode_m_03_v19_acq,interface_AgSi,AgSi_residual_acquisition_parent_v19,MACE-MP-0b3-medium,new_frozen_CPU_float64_inference,32,369031,Ti,11.11186787,13.46402473,17.9765771,-0.13037039061554193,0.9364540502986038,-1.9252426453195108,0.14878062522518903,0.8175899732708155,-1.7191902796699066,0.279151015840731,-0.11886407702778834,0.20605236564960427,0.3667581435256459
AgSi_residual_mode_m_03_v19_acq,interface_AgSi,AgSi_residual_acquisition_parent_v19,MACE-MP-0b3-medium,new_frozen_CPU_float64_inference,33,369042,Ti,11.68602437,16.29832535,18.34290273,0.8127396682892624,-0.17452955451689492,-0.8168120172329281,0.2592357585615836,0.21891735421303465,-0.6769619891176951,-0.5535039097276788,0.3934469087299296,0.13985002811523295,0.693343405850806
AgSi_residual_mode_m_03_v19_acq,interface_AgSi,AgSi_residual_acquisition_parent_v19,MACE-MP-0b3-medium,new_frozen_CPU_float64_inference,34,683609,Ag,13.84197856,15.50232698,13.71795822,-0.35575737697237514,-0.06053255665998551,0.08147716033004483,-0.3336460374488364,0.02522689036560924,-0.05160412283264046,0.02211133952353872,0.08575944702559475,-0.1330812831626853,0.15985687979529634
AgSi_residual_mode_m_03_v19_acq,interface_AgSi,AgSi_residual_acquisition_parent_v19,MACE-MP-0b3-medium,new_frozen_CPU_float64_inference,35,685172,Ag,15.872316797441476,13.44137736726175,13.72476971329352,1.5085624967914282,-0.6880978868438696,-2.1776647482470595,1.5416394131266906,-0.9035445408526043,-2.6462049448116467,0.03307691633526244,-0.21544665400873464,-0.46854019656458723,0.5167603495960109
AgSi_residual_mode_m_03_v19_acq,interface_AgSi,AgSi_residual_acquisition_parent_v19,MACE-MP-0b3-medium,new_frozen_CPU_float64_inference,36,696217,Ag,11.83854379,17.54725852,13.71397964,0.00459532699400938,-0.06133654774062203,0.28295334233470676,-0.27979286813510057,-0.21952094409704226,0.3925173273251684,-0.28438819512910996,-0.15818439635642023,0.10956398499046166,0.3433703766873722
AgSi_residual_mode_m_03_v19_acq,interface_AgSi,AgSi_residual_acquisition_parent_v19,MACE-MP-0b3-medium,new_frozen_CPU_float64_inference,37,700029,Ag,11.83619018,17.54660466,9.63054985,-0.2920645742939218,-0.13782379440789008,0.4792918727687351,-0.41885196520759904,-0.28117505574115204,0.586825310714607,-0.12678739091367724,-0.14335126133326195,0.10753343794587189,0.21951780542132215
AgSi_residual_mode_m_03_v19_acq,interface_AgSi,AgSi_residual_acquisition_parent_v19,MACE-MP-0b3-medium,new_frozen_CPU_float64_inference,38,701518,Ag,15.88567093,17.54679278,13.71503183,0.07584465773643592,-0.06337651796069166,0.18470562538949942,0.1317381216732883,-0.15373398092384777,0.11372080175800056,0.05589346393685238,-0.09035746296315611,-0.07098482363149886,0.12777869779424636
AgSi_residual_mode_m_03_v19_acq,interface_AgSi,AgSi_residual_acquisition_parent_v19,MACE-MP-0b3-medium,new_frozen_CPU_float64_inference,39,703887,Ag,15.86715484,17.54075927,9.63473704,0.059336463045589954,-0.8080624133913834,0.4970531224945125,-0.11632564808401237,-0.8005266587923399,0.40585906626933294,-0.17566211112960234,0.007535754599043543,-0.09119405622517957,0.19806645545040427
AgSi_residual_mode_m_03_v19_acq,interface_AgSi,AgSi_residual_acquisition_parent_v19,MACE-MP-0b3-medium,new_frozen_CPU_float64_inference,40,707313,Ag,9.80728489,15.50219953,9.63702147,-0.003031217059312188,0.051722881070073556,1.1781696564066797,0.3876913315386086,-0.13612516470469,0.8463973762294532,0.39072254859792077,-0.18784804577476355,-0.3317722801772265,0.5459156016988782
AgSi_residual_mode_m_03_v19_acq,interface_AgSi,AgSi_residual_acquisition_parent_v19,MACE-MP-0b3-medium,new_frozen_CPU_float64_inference,41,710704,Ag,13.87054979,15.49317032,9.63909963,0.9345960838694648,-0.3810026515653721,0.32151972806862006,0.9902192833998376,-0.18014507877782504,0.2181323193788817,0.05562319953037276,0.20085757278754707,-0.10338740868973836,0.2326513725463046
AgSi_residual_mode_m_03_v19_acq,interface_AgSi,AgSi_residual_acquisition_parent_v19,MACE-MP-0b3-medium,new_frozen_CPU_float64_inference,42,714846,Ag,17.88107594,17.5489985,11.67442682,-0.5038196224310015,-0.2527862382099018,-0.0009506359563655981,-0.5018026407556069,-0.35722953900691357,0.26761043477579366,0.002016981675394658,-0.10444330079701175,0.26856107073215923,0.28816231538710574
AgSi_residual_mode_m_03_v19_acq,interface_AgSi,AgSi_residual_acquisition_parent_v19,MACE-MP-0b3-medium,new_frozen_CPU_float64_inference,43,729574,Ag,11.82877319,19.5830726,11.68116928,0.12548609258160426,-0.3737314574290049,0.10858043721420141,0.21846703154630132,-0.5002996332229228,0.0999487316764481,0.09298093896469706,-0.12656817579391794,-0.008631705537753304,0.15728783956507036
AgSi_residual_mode_m_03_v19_acq,interface_AgSi,AgSi_residual_acquisition_parent_v19,MACE-MP-0b3-medium,new_frozen_CPU_float64_inference,44,730721,Ag,11.84901372,15.4955608,11.6784505,-0.5370287990684914,-0.06023534023840098,0.1179282210235523,-0.910982702922863,0.19961056110558867,-0.2605516776769572,-0.37395390385437155,0.25984590134398966,-0.37847989870050947,0.5921219877470714
AgSi_residual_mode_m_03_v19_acq,interface_AgSi,AgSi_residual_acquisition_parent_v19,MACE-MP-0b3-medium,new_frozen_CPU_float64_inference,45,735549,Ag,11.83780489,13.47467486,9.6114182,-0.6693137711371415,-0.49168683244641376,1.0628441534404862,-0.6168332190193218,-0.33535227152736485,0.8362739913818962,0.05248055211781977,0.1563345609190489,-0.22657016205859004,0.2802298014551607
AgSi_residual_mode_m_03_v19_acq,interface_AgSi,AgSi_residual_acquisition_parent_v19,MACE-MP-0b3-medium,new_frozen_CPU_float64_inference,46,737082,Ag,13.86516063,17.53751707,11.67590227,0.18570218345458103,0.24327298347260956,-0.03497344319865663,0.09817579157955303,0.14996657806214447,0.0431231489342205,-0.087526391875028,-0.09330640541046509,0.07809659213287713,0.1498867314609669
AgSi_residual_mode_m_03_v19_acq,interface_AgSi,AgSi_residual_acquisition_parent_v19,MACE-MP-0b3-medium,new_frozen_CPU_float64_inference,47,737200,Ag,15.88201046,19.59623853,15.763158,-0.28146521782313466,-0.7083137278743257,-0.11878737060264816,-0.3321069434787697,-0.5875145494716952,-0.13008938092345507,-0.05064172565563502,0.12079917840263044,-0.01130201032080691,0.1314715228383043
AgSi_residual_mode_m_03_v19_acq,interface_AgSi,AgSi_residual_acquisition_parent_v19,MACE-MP-0b3-medium,new_frozen_CPU_float64_inference,48,744883,Ag,13.85514044,19.60766994,13.71347117,-0.056400562413661835,-0.4298131827981006,0.1399254005424427,0.06273589807580346,-0.31255089530131086,0.13727038154395382,0.1191364604894653,0.11726228749678974,-0.002655018998488884,0.16718549402630611
AgSi_residual_mode_m_03_v19_acq,interface_AgSi,AgSi_residual_acquisition_parent_v19,MACE-MP-0b3-medium,new_frozen_CPU_float64_inference,49,752169,Ag,17.89419536,15.51383374,13.70696502,-0.5622559978165161,0.08941871577959354,0.10609005372347152,-0.5999928703684863,0.11423141033559392,0.1489038505049957,-0.03773687255197011,0.02481269455600038,0.042813796781524166,0.062231523812153716
AgSi_residual_mode_m_03_v19_acq,interface_AgSi,AgSi_residual_acquisition_parent_v19,MACE-MP-0b3-medium,new_frozen_CPU_float64_inference,50,755982,Ag,17.89428412,17.55305253,15.76426284,-0.5957115175139709,-0.10368862785628939,-0.36037949872318814,-0.6191317109526503,-0.25952525905436646,-0.3094560049953874,-0.023420193438679404,-0.15583663119807706,0.05092349372780075,0.16561027533735945
AgSi_residual_mode_m_03_v19_acq,interface_AgSi,AgSi_residual_acquisition_parent_v19,V18,new_frozen_CPU_float64_inference,0,365143,C,18.59997229,12.48568832,11.10844207,-2.254688210276616,-0.6133532968326578,-0.6970819435531904,-2.2463800744079556,-0.6082665248720204,-0.655830507902394,0.008308135868660305,0.005086771960637448,0.041251435650796364,0.04238609812006102
AgSi_residual_mode_m_03_v19_acq,interface_AgSi,AgSi_residual_acquisition_parent_v19,V18,new_frozen_CPU_float64_inference,1,365320,Ti,17.68639525,11.50950205,17.41787882,-4.0537463490260235,-0.31788301971894883,-2.5778118612291703,-4.079492339076099,-0.3042983674083686,-2.582392969509281,-0.025745990050075385,0.013584652310580259,-0.004581108280110602,0.029468378562995827
AgSi_residual_mode_m_03_v19_acq,interface_AgSi,AgSi_residual_acquisition_parent_v19,V18,new_frozen_CPU_float64_inference,2,366772,C,16.41880913,11.23745333,9.78030353,1.23531351066663,1.4482498538597521,1.335191439373675,1.202177103430759,1.4189211804484718,1.3531515727721577,-0.03313640723587108,-0.029328673411280315,0.01796013339848268,0.04775729222075225
AgSi_residual_mode_m_03_v19_acq,interface_AgSi,AgSi_residual_acquisition_parent_v19,V18,new_frozen_CPU_float64_inference,3,366778,C,16.47896696,14.6851776,9.59220696,-0.8983146641565096,0.2092601191611219,0.4552734341896427,-0.9403608818410542,0.2706070181886781,0.4249927531901207,-0.04204621768454453,0.06134689902755622,-0.030280680999522025,0.08030097187250038
AgSi_residual_mode_m_03_v19_acq,interface_AgSi,AgSi_residual_acquisition_parent_v19,V18,new_frozen_CPU_float64_inference,4,366929,Si,13.03247546,10.81256428,11.54588199,0.8230515952985484,0.9717829091928812,-0.5168020565941809,0.8214711841889812,0.9994074928316384,-0.5076964572973969,-0.0015804111095671924,0.027624583638757194,0.009105599296784006,0.029129491225277665
AgSi_residual_mode_m_03_v19_acq,interface_AgSi,AgSi_residual_acquisition_parent_v19,V18,new_frozen_CPU_float64_inference,5,366931,C,16.85595198,10.57457416,13.54804023,-1.5215611805374722,1.0015274068345261,1.3034099117023856,-1.5252856709641838,1.0130519852704665,1.2805232039056889,-0.003724490426711524,0.011524578435940347,-0.02288670779669677,0.025893804873679493
AgSi_residual_mode_m_03_v19_acq,interface_AgSi,AgSi_residual_acquisition_parent_v19,V18,new_frozen_CPU_float64_inference,6,366933,Si,13.24756583,10.09299501,13.89543918,0.34782021193600815,0.6396235878131403,1.3562990272793065,0.30617106002716243,0.6969404155178279,1.3363393215930102,-0.041649151908845716,0.0573168277046876,-0.019959705686296347,0.0736088340074649
AgSi_residual_mode_m_03_v19_acq,interface_AgSi,AgSi_residual_acquisition_parent_v19,V18,new_frozen_CPU_float64_inference,7,366934,Si,13.550127522558524,12.72727461273825,14.334887096706481,-1.3917599982960354,0.28696080857124656,-0.35306784338968417,-1.3382922351972582,0.39145959634039723,-0.29904786947203627,0.05346776309877721,0.10449878776915067,0.0540199739176479,0.12921670138984478
AgSi_residual_mode_m_03_v19_acq,interface_AgSi,AgSi_residual_acquisition_parent_v19,V18,new_frozen_CPU_float64_inference,8,366935,Ti,15.29981075,11.23489767,15.30672895,2.8026130195512584,-1.885192433634393,0.10383273020314251,2.787339095434796,-1.9118244067813268,0.06749419067178597,-0.015273924116462556,-0.026631973146933774,-0.036338539531356545,0.04757146420793058
AgSi_residual_mode_m_03_v19_acq,interface_AgSi,AgSi_residual_acquisition_parent_v19,V18,new_frozen_CPU_float64_inference,9,366936,Si,14.07452393,13.07440001,11.8452746,-0.4364767306522607,-0.0836810514539801,-0.6897286776216698,-0.432102102125139,-0.18188445535888675,-0.59576377828836,0.004374628527121727,-0.09820340390490666,0.09396489933330976,0.1359869413582774
AgSi_residual_mode_m_03_v19_acq,interface_AgSi,AgSi_residual_acquisition_parent_v19,V18,new_frozen_CPU_float64_inference,10,367109,C,16.32293638,9.78228197,16.33324608,-0.08665945661524467,1.7737141888913226,2.8518819243471785,-0.08892089711883117,1.772388019087387,2.859115127366602,-0.0022614405035864954,-0.0013261698039355174,0.007233203019423318,0.007693637983446226
AgSi_residual_mode_m_03_v19_acq,interface_AgSi,AgSi_residual_acquisition_parent_v19,V18,new_frozen_CPU_float64_inference,11,367110,Si,13.15366079,10.13595433,16.63871231,-0.15087869501072704,0.13732659175526404,-0.5159769383762978,-0.12027509128361691,0.15553499699281653,-0.5537610324991672,0.03060360372711013,0.01820840523755249,-0.03778409412286943,0.051920750678960466
AgSi_residual_mode_m_03_v19_acq,interface_AgSi,AgSi_residual_acquisition_parent_v19,V18,new_frozen_CPU_float64_inference,12,367111,C,16.4810025,12.76445334,16.24568078,0.037660467326682275,0.07836116460026352,1.0473886242031052,0.014992760334205157,0.11371598567538825,1.0229803151043968,-0.022667706992477117,0.035354821075124734,-0.02440830909870839,0.04857523923367718
AgSi_residual_mode_m_03_v19_acq,interface_AgSi,AgSi_residual_acquisition_parent_v19,V18,new_frozen_CPU_float64_inference,13,367112,Ti,15.25461263,9.99188169,18.18059921,1.001633959912399,0.43960148150376743,-2.9648377729458804,1.0254816431796954,0.4314208096458367,-2.954799781173373,0.02384768326729647,-0.008180671857930755,0.010037991772507304,0.027136629637620008
AgSi_residual_mode_m_03_v19_acq,interface_AgSi,AgSi_residual_acquisition_parent_v19,V18,new_frozen_CPU_float64_inference,14,367113,Ti,15.21048961,12.94153364,18.03487212,0.06742095871184726,0.7787877966160422,0.46373873182580816,0.07685568041794211,0.8017607093295438,0.4238293693106703,0.009434721706094842,0.022972912713501548,-0.03990936251513788,0.047005594439154905
AgSi_residual_mode_m_03_v19_acq,interface_AgSi,AgSi_residual_acquisition_parent_v19,V18,new_frozen_CPU_float64_inference,15,367115,Si,13.17741765,13.14324215,19.70608455,-0.25117953934617515,0.45754038009621895,-1.0973088089728122,-0.26473629990643627,0.4542194822970119,-1.1090393313699027,-0.013556760560261116,-0.003320897799207023,-0.011730522397090493,0.018232368874879397
AgSi_residual_mode_m_03_v19_acq,interface_AgSi,AgSi_residual_acquisition_parent_v19,V18,new_frozen_CPU_float64_inference,16,367117,Ti,15.40588122,14.54471635,15.86904406,0.6113767999445978,0.5226807743663091,2.7349413028098932,0.5898201458484763,0.4723148502511935,2.7555600963757145,-0.021556654096121508,-0.05036592411511559,0.020618793565821303,0.058536743126854675
AgSi_residual_mode_m_03_v19_acq,interface_AgSi,AgSi_residual_acquisition_parent_v19,V18,new_frozen_CPU_float64_inference,17,367118,Si,12.78455653,15.18854922,16.36834406,0.7943322607382358,0.23581253955387507,0.18371877237127504,0.8321574958030478,0.2218661759154591,0.19989216314763714,0.037825235064811946,-0.013946363638415976,0.016173390776362095,0.043437633863369275
AgSi_residual_mode_m_03_v19_acq,interface_AgSi,AgSi_residual_acquisition_parent_v19,V18,new_frozen_CPU_float64_inference,18,367120,Si,12.95712017,18.30295279,16.70442317,-0.34239180133070785,-1.3445998071489427,-0.17841666470025944,-0.3445999097408118,-1.3746781976281977,-0.153934144279866,-0.002208108410103937,-0.03007839047925498,0.02448252042039345,0.038845580478457147
AgSi_residual_mode_m_03_v19_acq,interface_AgSi,AgSi_residual_acquisition_parent_v19,V18,new_frozen_CPU_float64_inference,19,367121,Ti,14.51271213,16.54892641,18.01865841,0.05232483446189562,-2.2309198407822244,-0.26489754667864646,0.06559078260591363,-2.279475713479022,-0.27033446500688396,0.013265948144018005,-0.0485558726967974,-0.0054369183282375055,0.050628235545151036
AgSi_residual_mode_m_03_v19_acq,interface_AgSi,AgSi_residual_acquisition_parent_v19,V18,new_frozen_CPU_float64_inference,20,367122,C,15.68829271,14.87916034,18.37964165,-1.3847723237256915,0.13040309350653512,-1.8060717738370315,-1.3977868127614892,0.17792227917945233,-1.7718221594957797,-0.013014489035797716,0.047519185672917214,0.034249614341251844,0.060004049983351654
AgSi_residual_mode_m_03_v19_acq,interface_AgSi,AgSi_residual_acquisition_parent_v19,V18,new_frozen_CPU_float64_inference,21,368645,C,9.90649004,12.77431746,10.77224184,1.2939669473388298,0.5918701004185826,-0.11384801316686224,1.2702803419906479,0.5696271202409635,-0.06828503753996124,-0.0236866053481819,-0.022242980177619054,0.04556297562690101,0.05596239977056067
AgSi_residual_mode_m_03_v19_acq,interface_AgSi,AgSi_residual_acquisition_parent_v19,V18,new_frozen_CPU_float64_inference,22,368823,Ti,11.05639828,9.10291227,15.13117419,0.004273322528502134,2.5106892113342956,1.6781263405975342,-0.012523800805424284,2.485928653733087,1.6599204593967738,-0.01679712333392642,-0.024760557601208433,-0.018205881200760388,0.03502402996963794
AgSi_residual_mode_m_03_v19_acq,interface_AgSi,AgSi_residual_acquisition_parent_v19,V18,new_frozen_CPU_float64_inference,23,368827,Ti,11.06514563,10.5797282,12.9420933,-2.3361020618433104,0.4663057481545068,-0.8867082390003631,-2.3345330086138394,0.46902069549060155,-0.9334864748872637,0.0015690532294709847,0.0027149473360947307,-0.046778235886900554,0.046883218956948684
AgSi_residual_mode_m_03_v19_acq,interface_AgSi,AgSi_residual_acquisition_parent_v19,V18,new_frozen_CPU_float64_inference,24,368829,C,9.58869661,11.96959291,13.50714254,0.8848072127320414,0.2381042279583389,0.3218809273955205,0.881982058167325,0.22520436484639472,0.2963601092304251,-0.0028251545647164367,-0.012899863111944188,-0.025520818165095382,0.02873499828497122
AgSi_residual_mode_m_03_v19_acq,interface_AgSi,AgSi_residual_acquisition_parent_v19,V18,new_frozen_CPU_float64_inference,25,368832,Ti,8.41925107,13.28695754,14.63229457,0.46233949482708553,0.3291722526660133,0.02583223669311591,0.4651557425722729,0.3412644823263045,0.04090679614614062,0.00281624774518735,0.01209222966029122,0.015074559453024713,0.019529352580725155
AgSi_residual_mode_m_03_v19_acq,interface_AgSi,AgSi_residual_acquisition_parent_v19,V18,new_frozen_CPU_float64_inference,26,368833,Ti,10.9504135,12.38211774,15.00689863,0.0265294288335571,-0.9991177529918316,1.883056117405984,0.0698720968343157,-1.0260209314220976,1.8902665098996483,0.043342668000758595,-0.026903178430266017,0.007210392493664175,0.051520458450865926
AgSi_residual_mode_m_03_v19_acq,interface_AgSi,AgSi_residual_acquisition_parent_v19,V18,new_frozen_CPU_float64_inference,27,368838,C,9.56136862,16.94432396,11.26681068,1.4280987204881574,-0.6831029829364521,-0.7806734275081886,1.4586004442380713,-0.6473041736073659,-0.7397158549977475,0.03050172374991389,0.03579880932908619,0.040957572510441076,0.0623653160582416
AgSi_residual_mode_m_03_v19_acq,interface_AgSi,AgSi_residual_acquisition_parent_v19,V18,new_frozen_CPU_float64_inference,28,368841,C,8.7499673,15.07383077,14.18303296,1.3577994686815549,0.3892378226298903,0.992412628397565,1.3724789164388473,0.35919698206732864,0.9950771030677712,0.014679447757292463,-0.030040840562561677,0.0026644746702061406,0.0335415818564435
AgSi_residual_mode_m_03_v19_acq,interface_AgSi,AgSi_residual_acquisition_parent_v19,V18,new_frozen_CPU_float64_inference,29,368844,Ti,10.21724449,15.52569843,15.45789755,-1.2149710484804022,-1.6537192888031145,-0.32137673051929455,-1.2421549226328474,-1.6470819704047421,-0.3697819939060406,-0.027183874152445275,0.006637318398372338,-0.048405263386746056,0.05591141683947575
AgSi_residual_mode_m_03_v19_acq,interface_AgSi,AgSi_residual_acquisition_parent_v19,V18,new_frozen_CPU_float64_inference,30,369024,C,10.10142178,10.766866,15.98766623,2.147586286925466,-1.0490329146500528,-2.021604789659763,2.1625470719873543,-1.0374339844800624,-2.035081634137931,0.014960785061888249,0.011598930169990362,-0.013476844478168104,0.02323759040531228
AgSi_residual_mode_m_03_v19_acq,interface_AgSi,AgSi_residual_acquisition_parent_v19,V18,new_frozen_CPU_float64_inference,31,369026,C,9.73645404,13.62008341,16.2603339,1.217286328521498,0.6979368204345185,-0.07655085611441095,1.1900248606526083,0.7189221200526097,-0.04092547334757478,-0.027261467868889833,0.020985299618091147,0.035625382766836175,0.04952512824527724
AgSi_residual_mode_m_03_v19_acq,interface_AgSi,AgSi_residual_acquisition_parent_v19,V18,new_frozen_CPU_float64_inference,32,369031,Ti,11.11186787,13.46402473,17.9765771,-0.13037039061554193,0.9364540502986038,-1.9252426453195108,-0.09883139545158752,0.9643807149232496,-1.9528932897731077,0.031538995163954406,0.02792666462464577,-0.027650644453596884,0.050390127522249924
AgSi_residual_mode_m_03_v19_acq,interface_AgSi,AgSi_residual_acquisition_parent_v19,V18,new_frozen_CPU_float64_inference,33,369042,Ti,11.68602437,16.29832535,18.34290273,0.8127396682892624,-0.17452955451689492,-0.8168120172329281,0.8364464256445647,-0.14826942753192118,-0.7854803691564416,0.023706757355302366,0.026260126984973736,0.031331648076486474,0.04725755796440319
AgSi_residual_mode_m_03_v19_acq,interface_AgSi,AgSi_residual_acquisition_parent_v19,V18,new_frozen_CPU_float64_inference,34,683609,Ag,13.84197856,15.50232698,13.71795822,-0.35575737697237514,-0.06053255665998551,0.08147716033004483,-0.3154980481904775,-0.149189998667697,0.09728736916823771,0.04025932878189764,-0.08865744200771149,0.015810208838192882,0.09864541692763495
AgSi_residual_mode_m_03_v19_acq,interface_AgSi,AgSi_residual_acquisition_parent_v19,V18,new_frozen_CPU_float64_inference,35,685172,Ag,15.872316797441476,13.44137736726175,13.72476971329352,1.5085624967914282,-0.6880978868438696,-2.1776647482470595,1.42005455938186,-0.6755898642790804,-2.216960095200425,-0.08850793740956808,0.012508022564789223,-0.03929534695336567,0.09764338126653892
AgSi_residual_mode_m_03_v19_acq,interface_AgSi,AgSi_residual_acquisition_parent_v19,V18,new_frozen_CPU_float64_inference,36,696217,Ag,11.83854379,17.54725852,13.71397964,0.00459532699400938,-0.06133654774062203,0.28295334233470676,-0.030123061170614043,-0.0849849968580659,0.29664252728205337,-0.03471838816462342,-0.023648449117443876,0.013689184947346611,0.04418155052657678
AgSi_residual_mode_m_03_v19_acq,interface_AgSi,AgSi_residual_acquisition_parent_v19,V18,new_frozen_CPU_float64_inference,37,700029,Ag,11.83619018,17.54660466,9.63054985,-0.2920645742939218,-0.13782379440789008,0.4792918727687351,-0.31308858124719186,-0.1502862207965825,0.47146047911494215,-0.021024006953270058,-0.01246242638869241,-0.007831393653792929,0.025664209834424922
AgSi_residual_mode_m_03_v19_acq,interface_AgSi,AgSi_residual_acquisition_parent_v19,V18,new_frozen_CPU_float64_inference,38,701518,Ag,15.88567093,17.54679278,13.71503183,0.07584465773643592,-0.06337651796069166,0.18470562538949942,0.05252537176686156,-0.09260785441144072,0.19508276539425679,-0.02331928596957436,-0.02923133645074906,0.010377140004757368,0.03880650929297834
AgSi_residual_mode_m_03_v19_acq,interface_AgSi,AgSi_residual_acquisition_parent_v19,V18,new_frozen_CPU_float64_inference,39,703887,Ag,15.86715484,17.54075927,9.63473704,0.059336463045589954,-0.8080624133913834,0.4970531224945125,0.05502143357902492,-0.7956795670535373,0.48048628065154814,-0.004315029466565035,0.012382846337846143,-0.016566841842964364,0.02112852601043975
AgSi_residual_mode_m_03_v19_acq,interface_AgSi,AgSi_residual_acquisition_parent_v19,V18,new_frozen_CPU_float64_inference,40,707313,Ag,9.80728489,15.50219953,9.63702147,-0.003031217059312188,0.051722881070073556,1.1781696564066797,0.02258300025389426,0.02312332326178035,1.126735675470385,0.02561421731320645,-0.028599557808293208,-0.0514339809362947,0.06418315378939551
AgSi_residual_mode_m_03_v19_acq,interface_AgSi,AgSi_residual_acquisition_parent_v19,V18,new_frozen_CPU_float64_inference,41,710704,Ag,13.87054979,15.49317032,9.63909963,0.9345960838694648,-0.3810026515653721,0.32151972806862006,0.9829159503084646,-0.36048509566372083,0.29737096321773887,0.04831986643899977,0.020517555901651274,-0.024148764850881188,0.057783582760878686
AgSi_residual_mode_m_03_v19_acq,interface_AgSi,AgSi_residual_acquisition_parent_v19,V18,new_frozen_CPU_float64_inference,42,714846,Ag,17.88107594,17.5489985,11.67442682,-0.5038196224310015,-0.2527862382099018,-0.0009506359563655981,-0.48287680433275554,-0.2596728734541886,0.004509055079727986,0.020942818098245997,-0.006886635244286787,0.005459691036093584,0.02271201446577722
AgSi_residual_mode_m_03_v19_acq,interface_AgSi,AgSi_residual_acquisition_parent_v19,V18,new_frozen_CPU_float64_inference,43,729574,Ag,11.82877319,19.5830726,11.68116928,0.12548609258160426,-0.3737314574290049,0.10858043721420141,0.137946934204844,-0.39767383334967166,0.09421207443495441,0.012460841623239738,-0.02394237592066678,-0.014368362779246996,0.030577112153407145
AgSi_residual_mode_m_03_v19_acq,interface_AgSi,AgSi_residual_acquisition_parent_v19,V18,new_frozen_CPU_float64_inference,44,730721,Ag,11.84901372,15.4955608,11.6784505,-0.5370287990684914,-0.06023534023840098,0.1179282210235523,-0.574188894891915,0.006908484167002488,0.09154903933533548,-0.03716009582342361,0.06714382440540347,-0.02637918168821682,0.08114817991754117
AgSi_residual_mode_m_03_v19_acq,interface_AgSi,AgSi_residual_acquisition_parent_v19,V18,new_frozen_CPU_float64_inference,45,735549,Ag,11.83780489,13.47467486,9.6114182,-0.6693137711371415,-0.49168683244641376,1.0628441534404862,-0.6484501757708863,-0.5559979255984001,1.0672903715865327,0.02086359536625526,-0.06431109315198635,0.00444621814604651,0.06775673523578692
AgSi_residual_mode_m_03_v19_acq,interface_AgSi,AgSi_residual_acquisition_parent_v19,V18,new_frozen_CPU_float64_inference,46,737082,Ag,13.86516063,17.53751707,11.67590227,0.18570218345458103,0.24327298347260956,-0.03497344319865663,0.17139991850571534,0.23280387923445497,-0.0041240172093858374,-0.01430226494886569,-0.010469104238154586,0.030849425989270797,0.03557870163573138
AgSi_residual_mode_m_03_v19_acq,interface_AgSi,AgSi_residual_acquisition_parent_v19,V18,new_frozen_CPU_float64_inference,47,737200,Ag,15.88201046,19.59623853,15.763158,-0.28146521782313466,-0.7083137278743257,-0.11878737060264816,-0.31029871786493457,-0.6782874474889511,-0.10039819847957734,-0.02883350004179991,0.030026280385374582,0.018389172123070813,0.045509448357605155
AgSi_residual_mode_m_03_v19_acq,interface_AgSi,AgSi_residual_acquisition_parent_v19,V18,new_frozen_CPU_float64_inference,48,744883,Ag,13.85514044,19.60766994,13.71347117,-0.056400562413661835,-0.4298131827981006,0.1399254005424427,-0.011488348051160495,-0.39757166143962636,0.12426045825421154,0.04491221436250134,0.032241521358474245,-0.015664942288231162,0.05746314571397772
AgSi_residual_mode_m_03_v19_acq,interface_AgSi,AgSi_residual_acquisition_parent_v19,V18,new_frozen_CPU_float64_inference,49,752169,Ag,17.89419536,15.51383374,13.70696502,-0.5622559978165161,0.08941871577959354,0.10609005372347152,-0.5137276494279226,0.06212722859896356,0.11485635463491824,0.048528348388593545,-0.02729148718062998,0.008766300911446714,0.05636198986484803
AgSi_residual_mode_m_03_v19_acq,interface_AgSi,AgSi_residual_acquisition_parent_v19,V18,new_frozen_CPU_float64_inference,50,755982,Ag,17.89428412,17.55305253,15.76426284,-0.5957115175139709,-0.10368862785628939,-0.36037949872318814,-0.6058763549232207,-0.08547355387933729,-0.3665975698734875,-0.010164837409249783,0.0182150739769521,-0.006218071150299376,0.021766424795370207
AgSi_residual_mode_p_03_v19_acq,interface_AgSi,AgSi_residual_acquisition_parent_v19,MACE-MP-0b3-medium,new_frozen_CPU_float64_inference,0,365143,C,18.59997229,12.48568832,11.10844207,-2.249328931659726,-0.6148724538443202,-0.7024468575039615,-0.7281175492511986,-0.04390788657181413,0.02047773774457813,1.5212113824085274,0.5709645672725061,0.7229245952485397,1.77839944260709
AgSi_residual_mode_p_03_v19_acq,interface_AgSi,AgSi_residual_acquisition_parent_v19,MACE-MP-0b3-medium,new_frozen_CPU_float64_inference,1,365320,Ti,17.68639525,11.50950205,17.41787882,-4.055562200970801,-0.3184615741002498,-2.5830488402947456,-3.391985716752335,-0.764512221163498,-1.8739634051345013,0.6635764842184662,-0.44605064706324826,0.7090854351602442,1.0686894237848878
AgSi_residual_mode_p_03_v19_acq,interface_AgSi,AgSi_residual_acquisition_parent_v19,MACE-MP-0b3-medium,new_frozen_CPU_float64_inference,2,366772,C,16.41880913,11.23745333,9.78030353,1.232477971653654,1.4513165336163547,1.3378094833534397,0.19596915433266407,0.39891091112796,0.4888483350969624,-1.03650881732099,-1.0524056224883946,-0.8489611482564774,1.7037145165426923
AgSi_residual_mode_p_03_v19_acq,interface_AgSi,AgSi_residual_acquisition_parent_v19,MACE-MP-0b3-medium,new_frozen_CPU_float64_inference,3,366778,C,16.47896696,14.6851776,9.59220696,-0.8950390773474063,0.20596692486928286,0.4568096681186493,-1.01848637432167,0.8954711740709308,0.24271218221758836,-0.12344729697426382,0.6895042492016479,-0.21409748590106095,0.7324568780935402
AgSi_residual_mode_p_03_v19_acq,interface_AgSi,AgSi_residual_acquisition_parent_v19,MACE-MP-0b3-medium,new_frozen_CPU_float64_inference,4,366929,Si,13.03247546,10.81256428,11.54588199,0.8348806445933614,0.9823648162540713,-0.5297068511204088,1.512982936763202,1.1729308264878204,-0.30511326024262303,0.6781022921698405,0.19056601023374908,0.2245935908777858,0.7393107627823223
AgSi_residual_mode_p_03_v19_acq,interface_AgSi,AgSi_residual_acquisition_parent_v19,MACE-MP-0b3-medium,new_frozen_CPU_float64_inference,5,366931,C,16.85595198,10.57457416,13.54804023,-1.5072966853558596,0.974296169598309,1.3045542124898952,-1.1117581533579217,0.8317198522332291,1.1492626848195235,0.39553853199793787,-0.14257631736507992,-0.1552915276703717,0.44821222109026604
AgSi_residual_mode_p_03_v19_acq,interface_AgSi,AgSi_residual_acquisition_parent_v19,MACE-MP-0b3-medium,new_frozen_CPU_float64_inference,6,366933,Si,13.24756583,10.09299501,13.89543918,0.36825948670020636,0.5661609686072331,1.3592349140535027,0.5866298387160775,0.2844776781379334,1.1995164031527286,0.21837035201587118,-0.2816832904692997,-0.15971851090077416,0.39056508995749745
AgSi_residual_mode_p_03_v19_acq,interface_AgSi,AgSi_residual_acquisition_parent_v19,MACE-MP-0b3-medium,new_frozen_CPU_float64_inference,7,366934,Si,13.543999937441475,12.66901074726175,14.34783988329352,-1.3764931065079267,0.46966735847741237,-0.5245377630873517,-1.7462551268965745,0.7547405562023671,-0.4840915253692451,-0.3697620203886478,0.28507319772495476,0.04044623771810657,0.46864333765516775
AgSi_residual_mode_p_03_v19_acq,interface_AgSi,AgSi_residual_acquisition_parent_v19,MACE-MP-0b3-medium,new_frozen_CPU_float64_inference,8,366935,Ti,15.29981075,11.23489767,15.30672895,3.004778229225026,-1.8672748258501117,0.08249770748073788,4.079587394146539,-1.0392703413261786,0.6932280174912477,1.0748091649215126,0.8280044845239332,0.6107303100105098,1.4878836241307842
AgSi_residual_mode_p_03_v19_acq,interface_AgSi,AgSi_residual_acquisition_parent_v19,MACE-MP-0b3-medium,new_frozen_CPU_float64_inference,9,366936,Si,14.07452393,13.07440001,11.8452746,-0.4262304330114003,-0.08035697032344127,-0.6422105590122729,-0.6345985313956659,-0.38890451060258474,0.27054858108374236,-0.20836809838426562,-0.30854754027914344,0.9127591400960152,0.9857728424263887
AgSi_residual_mode_p_03_v19_acq,interface_AgSi,AgSi_residual_acquisition_parent_v19,MACE-MP-0b3-medium,new_frozen_CPU_float64_inference,10,367109,C,16.32293638,9.78228197,16.33324608,-0.07684700694962802,1.75661343127162,2.861187706497127,-0.49016205614072517,2.4347599780769436,2.498835050963687,-0.41331504919109713,0.6781465468053236,-0.36235265553344,0.8729327097800608
AgSi_residual_mode_p_03_v19_acq,interface_AgSi,AgSi_residual_acquisition_parent_v19,MACE-MP-0b3-medium,new_frozen_CPU_float64_inference,11,367110,Si,13.15366079,10.13595433,16.63871231,-0.15010964877705246,0.15205925891546992,-0.5130572929755803,-0.7815448423013169,0.4610918667760498,-0.9607329296671343,-0.6314351935242645,0.30903260786057984,-0.44767563669155397,0.833441678841012
AgSi_residual_mode_p_03_v19_acq,interface_AgSi,AgSi_residual_acquisition_parent_v19,MACE-MP-0b3-medium,new_frozen_CPU_float64_inference,12,367111,C,16.4810025,12.76445334,16.24568078,0.034355503536695385,0.07714231815128564,1.0619499957533916,-0.8564935294150524,-0.11686656127440301,0.986382086784929,-0.8908490329517478,-0.19400887942568865,-0.07556790896846255,0.9148562475454499
AgSi_residual_mode_p_03_v19_acq,interface_AgSi,AgSi_residual_acquisition_parent_v19,MACE-MP-0b3-medium,new_frozen_CPU_float64_inference,13,367112,Ti,15.25461263,9.99188169,18.18059921,1.005841701921662,0.43918110982231834,-2.9644658985344523,1.2940757560572689,0.3285787304588067,-2.2266105078861447,0.288234054135607,-0.11060237936351164,0.7378553906483076,0.7998389424084607
AgSi_residual_mode_p_03_v19_acq,interface_AgSi,AgSi_residual_acquisition_parent_v19,MACE-MP-0b3-medium,new_frozen_CPU_float64_inference,14,367113,Ti,15.21048961,12.94153364,18.03487212,0.06505506446267606,0.7829844409951412,0.46616571889197805,0.6176786866970295,0.20200912518508327,-0.11418994158108153,0.5526236222343535,-0.5809753158100579,-0.5803556604730595,0.9898170932425521
AgSi_residual_mode_p_03_v19_acq,interface_AgSi,AgSi_residual_acquisition_parent_v19,MACE-MP-0b3-medium,new_frozen_CPU_float64_inference,15,367115,Si,13.17741765,13.14324215,19.70608455,-0.251233866825691,0.45767935021189116,-1.0965786485165927,-0.26250182212942724,-0.014820086293438534,-1.0518787172475814,-0.011267955303736255,-0.47249943650532966,0.044699931269011284,0.4747428442536395
AgSi_residual_mode_p_03_v19_acq,interface_AgSi,AgSi_residual_acquisition_parent_v19,MACE-MP-0b3-medium,new_frozen_CPU_float64_inference,16,367117,Ti,15.40588122,14.54471635,15.86904406,0.583362164601227,0.47624848951119236,2.8029331769649137,0.3360973829887984,0.8510053329460048,2.352230112724707,-0.24726478161242865,0.3747568434348124,-0.4507030642402068,0.6361727878828035
AgSi_residual_mode_p_03_v19_acq,interface_AgSi,AgSi_residual_acquisition_parent_v19,MACE-MP-0b3-medium,new_frozen_CPU_float64_inference,17,367118,Si,12.78455653,15.18854922,16.36834406,0.7821749771617378,0.24647285273356906,0.17678249264925253,0.6779949412858838,-0.4707558571128494,0.26208027195444833,-0.104180035875854,-0.7172287098464185,0.0852977793051958,0.729757640081589
AgSi_residual_mode_p_03_v19_acq,interface_AgSi,AgSi_residual_acquisition_parent_v19,MACE-MP-0b3-medium,new_frozen_CPU_float64_inference,18,367120,Si,12.95712017,18.30295279,16.70442317,-0.34204741653433574,-1.3453933698004528,-0.17366048604597806,-0.12146798243061353,-1.5442614608809575,-0.13132022184504935,0.22057943410372222,-0.19886809108050474,0.04234026420092871,0.29999417056357397
AgSi_residual_mode_p_03_v19_acq,interface_AgSi,AgSi_residual_acquisition_parent_v19,MACE-MP-0b3-medium,new_frozen_CPU_float64_inference,19,367121,Ti,14.51271213,16.54892641,18.01865841,0.05737876747612027,-2.2242343678148258,-0.2586919983675949,0.6872570520444039,-1.5991329045661002,-0.49406042563320507,0.6298782845682837,0.6251014632487255,-0.2353684272656102,0.9180941069846098
AgSi_residual_mode_p_03_v19_acq,interface_AgSi,AgSi_residual_acquisition_parent_v19,MACE-MP-0b3-medium,new_frozen_CPU_float64_inference,20,367122,C,15.68829271,14.87916034,18.37964165,-1.3890146110562092,0.12917019592986353,-1.8117396206757246,-1.5407751144320203,0.13015104009580042,-1.8642951573453406,-0.15176050337581115,0.0009808441659368838,-0.05255553666961599,0.16060603000755852
AgSi_residual_mode_p_03_v19_acq,interface_AgSi,AgSi_residual_acquisition_parent_v19,MACE-MP-0b3-medium,new_frozen_CPU_float64_inference,21,368645,C,9.90649004,12.77431746,10.77224184,1.2936906506713812,0.5946640063705023,-0.11630571643279361,1.107859753801228,0.15590223462321584,0.038631443287533984,-0.1858308968701532,-0.4387617717472865,0.1549371597203276,0.5010494367231498
AgSi_residual_mode_p_03_v19_acq,interface_AgSi,AgSi_residual_acquisition_parent_v19,MACE-MP-0b3-medium,new_frozen_CPU_float64_inference,22,368823,Ti,11.05639828,9.10291227,15.13117419,0.0014368089473271656,2.5108050542711196,1.682957044675875,-0.31574387032226364,2.2266608807323753,1.7852980166863526,-0.3171806792695908,-0.2841441735387442,0.10234097201047754,0.4379670869026397
AgSi_residual_mode_p_03_v19_acq,interface_AgSi,AgSi_residual_acquisition_parent_v19,MACE-MP-0b3-medium,new_frozen_CPU_float64_inference,23,368827,Ti,11.06514563,10.5797282,12.9420933,-2.3160571397482848,0.5116196498623974,-0.8639395587890257,-3.7457190417087105,1.0790495849251653,-0.9746820063784891,-1.4296619019604258,0.567429935062768,-0.11074244758946339,1.5421328654887503
AgSi_residual_mode_p_03_v19_acq,interface_AgSi,AgSi_residual_acquisition_parent_v19,MACE-MP-0b3-medium,new_frozen_CPU_float64_inference,24,368829,C,9.58869661,11.96959291,13.50714254,0.8813236168663328,0.23159992407020977,0.3153599166041584,1.6806814684189386,0.369725196300176,0.6294799551313378,0.7993578515526059,0.1381252722299662,0.3141200385271794,0.8698982493784643
AgSi_residual_mode_p_03_v19_acq,interface_AgSi,AgSi_residual_acquisition_parent_v19,MACE-MP-0b3-medium,new_frozen_CPU_float64_inference,25,368832,Ti,8.41925107,13.28695754,14.63229457,0.46413895363826146,0.33275117069798676,0.027131505878480674,-0.07498884182722332,-0.7530814648174555,0.41239774866226847,-0.5391277954654847,-1.0858326355154424,0.3852662427837878,1.2720539965043236
AgSi_residual_mode_p_03_v19_acq,interface_AgSi,AgSi_residual_acquisition_parent_v19,MACE-MP-0b3-medium,new_frozen_CPU_float64_inference,26,368833,Ti,10.9504135,12.38211774,15.00689863,-0.020472366175100194,-0.9947343498111614,1.8932559004281346,-0.6727293115530244,-0.9872023288579188,1.5181359734902897,-0.6522569453779242,0.007532020953242569,-0.3751199269378449,0.7524698091745838
AgSi_residual_mode_p_03_v19_acq,interface_AgSi,AgSi_residual_acquisition_parent_v19,MACE-MP-0b3-medium,new_frozen_CPU_float64_inference,27,368838,C,9.56136862,16.94432396,11.26681068,1.4270735617093435,-0.6830885033444247,-0.7817613016807362,1.5940441665409444,-0.47656576203861184,-0.4762428732283226,0.16697060483160087,0.20652274130581288,0.3055184284524136,0.40481148165328873
AgSi_residual_mode_p_03_v19_acq,interface_AgSi,AgSi_residual_acquisition_parent_v19,MACE-MP-0b3-medium,new_frozen_CPU_float64_inference,28,368841,C,8.7499673,15.07383077,14.18303296,1.3568928573712644,0.38694458465432696,0.992295054616389,1.5250858219184935,0.7241148514001847,0.34340997719787136,0.1681929645472291,0.33717026674585776,-0.6488850774185176,0.7503495890563904
AgSi_residual_mode_p_03_v19_acq,interface_AgSi,AgSi_residual_acquisition_parent_v19,MACE-MP-0b3-medium,new_frozen_CPU_float64_inference,29,368844,Ti,10.21724449,15.52569843,15.45789755,-1.212872146534129,-1.651147080751908,-0.320843658334274,-0.5369427881894675,-1.3371294944390977,0.019321289892594545,0.6759293583446615,0.3140175863128103,0.3401649482268685,0.8192678035832588
AgSi_residual_mode_p_03_v19_acq,interface_AgSi,AgSi_residual_acquisition_parent_v19,MACE-MP-0b3-medium,new_frozen_CPU_float64_inference,30,369024,C,10.10142178,10.766866,15.98766623,2.1467760341318813,-1.0633868489708056,-2.021660691864845,2.0893220631306364,-0.5598159467896054,-2.062283374057293,-0.05745397100124494,0.5035709021812002,-0.0406226821924478,0.508463189047062
AgSi_residual_mode_p_03_v19_acq,interface_AgSi,AgSi_residual_acquisition_parent_v19,MACE-MP-0b3-medium,new_frozen_CPU_float64_inference,31,369026,C,9.73645404,13.62008341,16.2603339,1.2158370421618887,0.7066568344744433,-0.06643899341764062,1.1397256689944322,0.45134712230703433,-0.22513655332186572,-0.07611137316745653,-0.25530971216740894,-0.1586975599042251,0.31009821955631434
AgSi_residual_mode_p_03_v19_acq,interface_AgSi,AgSi_residual_acquisition_parent_v19,MACE-MP-0b3-medium,new_frozen_CPU_float64_inference,32,369031,Ti,11.11186787,13.46402473,17.9765771,-0.1338071927886803,0.9356766523022082,-1.9274157648397068,0.14728569869235666,0.8206061931633007,-1.7210688959652962,0.281092891481037,-0.11507045913890745,0.20634686887441056,0.3671967517583485
AgSi_residual_mode_p_03_v19_acq,interface_AgSi,AgSi_residual_acquisition_parent_v19,MACE-MP-0b3-medium,new_frozen_CPU_float64_inference,33,369042,Ti,11.68602437,16.29832535,18.34290273,0.8182563322192313,-0.177058766149443,-0.8193877674162944,0.25854168467509664,0.22093095071978747,-0.6754507085836731,-0.5597146475441347,0.39798971686923046,0.1439370588326213,0.7017080435013487
AgSi_residual_mode_p_03_v19_acq,interface_AgSi,AgSi_residual_acquisition_parent_v19,MACE-MP-0b3-medium,new_frozen_CPU_float64_inference,34,683609,Ag,13.84197856,15.50232698,13.71795822,-0.3950717222783681,-0.05082177251294403,0.08707154226663816,-0.3760168409325042,0.027647954974784977,-0.037249648062714816,0.019054881345863917,0.07846972748772901,-0.12432119032935297,0.1482442073067633
AgSi_residual_mode_p_03_v19_acq,interface_AgSi,AgSi_residual_acquisition_parent_v19,MACE-MP-0b3-medium,new_frozen_CPU_float64_inference,35,685172,Ag,15.878444382558525,13.49964123273825,13.711816926706481,1.288044308459895,-0.8593453907511761,-2.1497204734429207,1.322407966593579,-1.1180154047259385,-2.6258472411030755,0.03436365813368414,-0.2586700139747624,-0.4761267676601548,0.5429435845578614
AgSi_residual_mode_p_03_v19_acq,interface_AgSi,AgSi_residual_acquisition_parent_v19,MACE-MP-0b3-medium,new_frozen_CPU_float64_inference,36,696217,Ag,11.83854379,17.54725852,13.71397964,0.0037757041738307987,-0.06313200756034189,0.2836231607556667,-0.27986909784762865,-0.2230803038859605,0.3936356165532862,-0.2836448020214594,-0.15994829632561863,0.11001245579761953,0.3437158297807711
AgSi_residual_mode_p_03_v19_acq,interface_AgSi,AgSi_residual_acquisition_parent_v19,MACE-MP-0b3-medium,new_frozen_CPU_float64_inference,37,700029,Ag,11.83619018,17.54660466,9.63054985,-0.2941718771673843,-0.13776832834407057,0.4805486806543524,-0.4190832234904456,-0.2802215013852837,0.5868241924618642,-0.12491134632306128,-0.1424531730412131,0.10627551180751182,0.21723313596157043
AgSi_residual_mode_p_03_v19_acq,interface_AgSi,AgSi_residual_acquisition_parent_v19,MACE-MP-0b3-medium,new_frozen_CPU_float64_inference,38,701518,Ag,15.88567093,17.54679278,13.71503183,0.07688811271893943,-0.06335374921383655,0.18343565521183228,0.1330909638634009,-0.15230000558231452,0.11168918506735315,0.05620285114446148,-0.08894625636847797,-0.07174647014447913,0.12734894179743364
AgSi_residual_mode_p_03_v19_acq,interface_AgSi,AgSi_residual_acquisition_parent_v19,MACE-MP-0b3-medium,new_frozen_CPU_float64_inference,39,703887,Ag,15.86715484,17.54075927,9.63473704,0.06017085015898437,-0.808847797808477,0.49904023732513625,-0.11441302379130494,-0.8005060539078879,0.40695303817117867,-0.17458387395028932,0.008341743900589171,-0.09208719915395758,0.19755800662796275
AgSi_residual_mode_p_03_v19_acq,interface_AgSi,AgSi_residual_acquisition_parent_v19,MACE-MP-0b3-medium,new_frozen_CPU_float64_inference,40,707313,Ag,9.80728489,15.50219953,9.63702147,-0.0051939790711956315,0.05122696291156733,1.178413122146177,0.3870342977503613,-0.1362545045184878,0.8459223991902568,0.3922282768215569,-0.18748146743005514,-0.3324907229559203,0.5473046707455412
AgSi_residual_mode_p_03_v19_acq,interface_AgSi,AgSi_residual_acquisition_parent_v19,MACE-MP-0b3-medium,new_frozen_CPU_float64_inference,41,710704,Ag,13.87054979,15.49317032,9.63909963,0.9335937614163012,-0.3805537391268603,0.3185740279504804,0.9892230905274311,-0.18320185669425576,0.21838605239617423,0.05562932911112983,0.19735188243260454,-0.10018797555430617,0.22821046909096263
AgSi_residual_mode_p_03_v19_acq,interface_AgSi,AgSi_residual_acquisition_parent_v19,MACE-MP-0b3-medium,new_frozen_CPU_float64_inference,42,714846,Ag,17.88107594,17.5489985,11.67442682,-0.5007946093655361,-0.2500626585520275,3.542185397397174e-05,-0.5018235072976677,-0.3543551609774124,0.2643624066075604,-0.0010288979321315672,-0.1042925024253849,0.2643269847535864,0.28415970784406847
AgSi_residual_mode_p_03_v19_acq,interface_AgSi,AgSi_residual_acquisition_parent_v19,MACE-MP-0b3-medium,new_frozen_CPU_float64_inference,43,729574,Ag,11.82877319,19.5830726,11.68116928,0.12442717324975787,-0.3736233863746054,0.1087387014514641,0.21900350120485507,-0.5018161322858329,0.0999482867730666,0.0945763279550972,-0.12819274591122748,-0.008790414678397501,0.15954727607812305
AgSi_residual_mode_p_03_v19_acq,interface_AgSi,AgSi_residual_acquisition_parent_v19,MACE-MP-0b3-medium,new_frozen_CPU_float64_inference,44,730721,Ag,11.84901372,15.4955608,11.6784505,-0.5357475961498699,-0.06249954138135792,0.11726029778846961,-0.906172761002589,0.1966050612666479,-0.2573708098538633,-0.37042516485271915,0.25910460264800583,-0.3746311076423329,0.5871102662046256
AgSi_residual_mode_p_03_v19_acq,interface_AgSi,AgSi_residual_acquisition_parent_v19,MACE-MP-0b3-medium,new_frozen_CPU_float64_inference,45,735549,Ag,11.83780489,13.47467486,9.6114182,-0.6679644545715545,-0.49192382376958294,1.064086393867598,-0.6144440276525398,-0.33558443200665955,0.8360648703413933,0.05352042691901471,0.15633939176292339,-0.22802152352620464,0.2816030126003731
AgSi_residual_mode_p_03_v19_acq,interface_AgSi,AgSi_residual_acquisition_parent_v19,MACE-MP-0b3-medium,new_frozen_CPU_float64_inference,46,737082,Ag,13.86516063,17.53751707,11.67590227,0.18511422174873604,0.24454997475496115,-0.03784172603771176,0.09843254281814647,0.15459072016581576,0.03945938715901504,-0.08668167893058958,-0.08995925458914539,0.0773011131967268,0.146907600381715
AgSi_residual_mode_p_03_v19_acq,interface_AgSi,AgSi_residual_acquisition_parent_v19,MACE-MP-0b3-medium,new_frozen_CPU_float64_inference,47,737200,Ag,15.88201046,19.59623853,15.763158,-0.282612483313348,-0.7125315628747217,-0.12139940907253653,-0.33189014923324667,-0.5887453670816283,-0.13066093031543705,-0.04927766591989868,0.12378619579309347,-0.009261521242900514,0.1335555554934796
AgSi_residual_mode_p_03_v19_acq,interface_AgSi,AgSi_residual_acquisition_parent_v19,MACE-MP-0b3-medium,new_frozen_CPU_float64_inference,48,744883,Ag,13.85514044,19.60766994,13.71347117,-0.056784151484131476,-0.43008948258882745,0.13952066559120274,0.0628932882968975,-0.31179734495413475,0.13734228814273228,0.11967743978102897,0.1182921376346927,-0.0021783774484704643,0.16828685256737944
AgSi_residual_mode_p_03_v19_acq,interface_AgSi,AgSi_residual_acquisition_parent_v19,MACE-MP-0b3-medium,new_frozen_CPU_float64_inference,49,752169,Ag,17.89419536,15.51383374,13.70696502,-0.52067357088454,0.12935300403799388,0.10459663554648375,-0.5499479562493714,0.16264496173428108,0.1476633302034624,-0.0292743853648314,0.033291957696287205,0.04306669465697864,0.061806830321716584
AgSi_residual_mode_p_03_v19_acq,interface_AgSi,AgSi_residual_acquisition_parent_v19,MACE-MP-0b3-medium,new_frozen_CPU_float64_inference,50,755982,Ag,17.89428412,17.55305253,15.76426284,-0.591883021846498,-0.09895421154727355,-0.3582441910013777,-0.6189738803361566,-0.2535678893713894,-0.30679778862779694,-0.027090858489658642,-0.15461367782411586,0.05144640237358078,0.16518485493891558
AgSi_residual_mode_p_03_v19_acq,interface_AgSi,AgSi_residual_acquisition_parent_v19,V18,new_frozen_CPU_float64_inference,0,365143,C,18.59997229,12.48568832,11.10844207,-2.249328931659726,-0.6148724538443202,-0.7024468575039615,-2.247155442853158,-0.6058379321694325,-0.6579488806033564,0.0021734888065680913,0.009034521674887719,0.044497976900605085,0.04545785502785054
AgSi_residual_mode_p_03_v19_acq,interface_AgSi,AgSi_residual_acquisition_parent_v19,V18,new_frozen_CPU_float64_inference,1,365320,Ti,17.68639525,11.50950205,17.41787882,-4.055562200970801,-0.3184615741002498,-2.5830488402947456,-4.090478142443603,-0.29864608704406587,-2.587970704332215,-0.03491594147280175,0.01981548705618391,-0.0049218640374695255,0.040447512183189274
AgSi_residual_mode_p_03_v19_acq,interface_AgSi,AgSi_residual_acquisition_parent_v19,V18,new_frozen_CPU_float64_inference,2,366772,C,16.41880913,11.23745333,9.78030353,1.232477971653654,1.4513165336163547,1.3378094833534397,1.1994677302875252,1.4225970054228791,1.356290023155997,-0.033010241366128845,-0.028719528193475563,0.01848053980255715,0.04749755452757353
AgSi_residual_mode_p_03_v19_acq,interface_AgSi,AgSi_residual_acquisition_parent_v19,V18,new_frozen_CPU_float64_inference,3,366778,C,16.47896696,14.6851776,9.59220696,-0.8950390773474063,0.20596692486928286,0.4568096681186493,-0.9417451980672062,0.2661385423803204,0.4344540324504449,-0.04670612071979996,0.060171617511037556,-0.02235563566820442,0.07938425355646182
AgSi_residual_mode_p_03_v19_acq,interface_AgSi,AgSi_residual_acquisition_parent_v19,V18,new_frozen_CPU_float64_inference,4,366929,Si,13.03247546,10.81256428,11.54588199,0.8348806445933614,0.9823648162540713,-0.5297068511204088,0.8204642874129269,0.994282817546636,-0.5193941316536151,-0.014416357180434547,0.011918001292564706,0.010312719466793685,0.021359360757387525
AgSi_residual_mode_p_03_v19_acq,interface_AgSi,AgSi_residual_acquisition_parent_v19,V18,new_frozen_CPU_float64_inference,5,366931,C,16.85595198,10.57457416,13.54804023,-1.5072966853558596,0.974296169598309,1.3045542124898952,-1.5167394852407887,0.9862674519278917,1.2797748360847714,-0.009442799884929132,0.011971282329582666,-0.024779376405123843,0.029094596840447955
AgSi_residual_mode_p_03_v19_acq,interface_AgSi,AgSi_residual_acquisition_parent_v19,V18,new_frozen_CPU_float64_inference,6,366933,Si,13.24756583,10.09299501,13.89543918,0.36825948670020636,0.5661609686072331,1.3592349140535027,0.3040737238187326,0.6274827472334317,1.3287391074193464,-0.06418576288147376,0.061321778626198586,-0.030495806634156297,0.09386248938114274
AgSi_residual_mode_p_03_v19_acq,interface_AgSi,AgSi_residual_acquisition_parent_v19,V18,new_frozen_CPU_float64_inference,7,366934,Si,13.543999937441475,12.66901074726175,14.34783988329352,-1.3764931065079267,0.46966735847741237,-0.5245377630873517,-1.3214367738214832,0.5892955545136465,-0.46201692396110794,0.0550563326864435,0.11962819603623409,0.06252083912624373,0.14577709141292966
AgSi_residual_mode_p_03_v19_acq,interface_AgSi,AgSi_residual_acquisition_parent_v19,V18,new_frozen_CPU_float64_inference,8,366935,Ti,15.29981075,11.23489767,15.30672895,3.004778229225026,-1.8672748258501117,0.08249770748073788,3.0054422085232444,-1.8771835894960693,0.04635268107495853,0.0006639792982183756,-0.009908763645957608,-0.03614502640577935,0.037484495453112346
AgSi_residual_mode_p_03_v19_acq,interface_AgSi,AgSi_residual_acquisition_parent_v19,V18,new_frozen_CPU_float64_inference,9,366936,Si,14.07452393,13.07440001,11.8452746,-0.4262304330114003,-0.08035697032344127,-0.6422105590122729,-0.4221507989816972,-0.176896747077231,-0.5429058847790309,0.004079634029703072,-0.09653977675378972,0.09930467423324196,0.13855681229754885
AgSi_residual_mode_p_03_v19_acq,interface_AgSi,AgSi_residual_acquisition_parent_v19,V18,new_frozen_CPU_float64_inference,10,367109,C,16.32293638,9.78228197,16.33324608,-0.07684700694962802,1.75661343127162,2.861187706497127,-0.08415029079630854,1.7420565496843654,2.870632637281345,-0.007303283846680511,-0.014556881587254544,0.00944493078421793,0.018826775454368238
AgSi_residual_mode_p_03_v19_acq,interface_AgSi,AgSi_residual_acquisition_parent_v19,V18,new_frozen_CPU_float64_inference,11,367110,Si,13.15366079,10.13595433,16.63871231,-0.15010964877705246,0.15205925891546992,-0.5130572929755803,-0.11064576152288105,0.16975709551556373,-0.5593929142210904,0.03946388725417141,0.017697836600093803,-0.04633562124551005,0.06338455343173867
AgSi_residual_mode_p_03_v19_acq,interface_AgSi,AgSi_residual_acquisition_parent_v19,V18,new_frozen_CPU_float64_inference,12,367111,C,16.4810025,12.76445334,16.24568078,0.034355503536695385,0.07714231815128564,1.0619499957533916,-0.003561737518125274,0.12760299283148047,1.0346299375947559,-0.03791724105482066,0.05046067468019483,-0.027320058158635696,0.0687777757431939
AgSi_residual_mode_p_03_v19_acq,interface_AgSi,AgSi_residual_acquisition_parent_v19,V18,new_frozen_CPU_float64_inference,13,367112,Ti,15.25461263,9.99188169,18.18059921,1.005841701921662,0.43918110982231834,-2.9644658985344523,1.0327143698442627,0.4280304946025969,-2.9523392632489385,0.02687266792260079,-0.011150615219721438,0.012126635285513832,0.03152033921778968
AgSi_residual_mode_p_03_v19_acq,interface_AgSi,AgSi_residual_acquisition_parent_v19,V18,new_frozen_CPU_float64_inference,14,367113,Ti,15.21048961,12.94153364,18.03487212,0.06505506446267606,0.7829844409951412,0.46616571889197805,0.08592049334112012,0.7988595893542808,0.4200820861612406,0.02086542887844406,0.015875148359139613,-0.046083632730737456,0.05301969127944444
AgSi_residual_mode_p_03_v19_acq,interface_AgSi,AgSi_residual_acquisition_parent_v19,V18,new_frozen_CPU_float64_inference,15,367115,Si,13.17741765,13.14324215,19.70608455,-0.251233866825691,0.45767935021189116,-1.0965786485165927,-0.2641609175442027,0.45644197432616196,-1.1084938603349839,-0.01292705071851169,-0.0012373758857291972,-0.01191521181839117,0.01762418826609289
AgSi_residual_mode_p_03_v19_acq,interface_AgSi,AgSi_residual_acquisition_parent_v19,V18,new_frozen_CPU_float64_inference,16,367117,Ti,15.40588122,14.54471635,15.86904406,0.583362164601227,0.47624848951119236,2.8029331769649137,0.5847463137133428,0.4574830743114456,2.8566344149693244,0.0013841491121158178,-0.018765415199746782,0.05370123800441062,0.056902369367099415
AgSi_residual_mode_p_03_v19_acq,interface_AgSi,AgSi_residual_acquisition_parent_v19,V18,new_frozen_CPU_float64_inference,17,367118,Si,12.78455653,15.18854922,16.36834406,0.7821749771617378,0.24647285273356906,0.17678249264925253,0.8321270022254044,0.22790637853213275,0.1859888730541565,0.04995202506366658,-0.01856647420143631,0.009206380404903985,0.05408027563163463
AgSi_residual_mode_p_03_v19_acq,interface_AgSi,AgSi_residual_acquisition_parent_v19,V18,new_frozen_CPU_float64_inference,18,367120,Si,12.95712017,18.30295279,16.70442317,-0.34204741653433574,-1.3453933698004528,-0.17366048604597806,-0.3433027127116344,-1.3780153849490704,-0.15374782338490348,-0.001255296177298637,-0.03262201514861762,0.01991266266107458,0.03823984538545014
AgSi_residual_mode_p_03_v19_acq,interface_AgSi,AgSi_residual_acquisition_parent_v19,V18,new_frozen_CPU_float64_inference,19,367121,Ti,14.51271213,16.54892641,18.01865841,0.05737876747612027,-2.2242343678148258,-0.2586919983675949,0.06589577849122771,-2.275587414335587,-0.2668672919000807,0.008517011015107441,-0.051353046520761225,-0.008175293532485806,0.052692601833058426
AgSi_residual_mode_p_03_v19_acq,interface_AgSi,AgSi_residual_acquisition_parent_v19,V18,new_frozen_CPU_float64_inference,20,367122,C,15.68829271,14.87916034,18.37964165,-1.3890146110562092,0.12917019592986353,-1.8117396206757246,-1.3955358172125698,0.18039218219420888,-1.7707019197760197,-0.006521206156360648,0.05122198626434535,0.04103770089970493,0.06595688668920162
AgSi_residual_mode_p_03_v19_acq,interface_AgSi,AgSi_residual_acquisition_parent_v19,V18,new_frozen_CPU_float64_inference,21,368645,C,9.90649004,12.77431746,10.77224184,1.2936906506713812,0.5946640063705023,-0.11630571643279361,1.2680876829883905,0.5698648272751188,-0.06840725436613257,-0.02560296768299075,-0.02479917909538354,0.04789846206666104,0.05970572758398095
AgSi_residual_mode_p_03_v19_acq,interface_AgSi,AgSi_residual_acquisition_parent_v19,V18,new_frozen_CPU_float64_inference,22,368823,Ti,11.05639828,9.10291227,15.13117419,0.0014368089473271656,2.5108050542711196,1.682957044675875,-0.016519210203391727,2.4714228498762463,1.6551117987939052,-0.017956019150718892,-0.03938220439487328,-0.027845245881969793,0.051465856302678144
AgSi_residual_mode_p_03_v19_acq,interface_AgSi,AgSi_residual_acquisition_parent_v19,V18,new_frozen_CPU_float64_inference,23,368827,Ti,11.06514563,10.5797282,12.9420933,-2.3160571397482848,0.5116196498623974,-0.8639395587890257,-2.3253525511708424,0.4942936489935338,-0.9259166684719053,-0.009295411422557631,-0.0173260008688636,-0.061977109682879616,0.06502120503548182
AgSi_residual_mode_p_03_v19_acq,interface_AgSi,AgSi_residual_acquisition_parent_v19,V18,new_frozen_CPU_float64_inference,24,368829,C,9.58869661,11.96959291,13.50714254,0.8813236168663328,0.23159992407020977,0.3153599166041584,0.8843082152554882,0.22063909323313435,0.2913307275899574,0.002984598389155435,-0.010960830837075414,-0.024029189014201036,0.026579118963271378
AgSi_residual_mode_p_03_v19_acq,interface_AgSi,AgSi_residual_acquisition_parent_v19,V18,new_frozen_CPU_float64_inference,25,368832,Ti,8.41925107,13.28695754,14.63229457,0.46413895363826146,0.33275117069798676,0.027131505878480674,0.46103328148144873,0.34202912601022584,0.04268378339137774,-0.0031056721568127332,0.009277955312239072,0.015552277512897065,0.01837386704424713
AgSi_residual_mode_p_03_v19_acq,interface_AgSi,AgSi_residual_acquisition_parent_v19,V18,new_frozen_CPU_float64_inference,26,368833,Ti,10.9504135,12.38211774,15.00689863,-0.020472366175100194,-0.9947343498111614,1.8932559004281346,0.026035568801002468,-1.0297956667586114,1.8895806299601055,0.04650793497610266,-0.03506131694745007,-0.0036752704680291792,0.05835916016225825
AgSi_residual_mode_p_03_v19_acq,interface_AgSi,AgSi_residual_acquisition_parent_v19,V18,new_frozen_CPU_float64_inference,27,368838,C,9.56136862,16.94432396,11.26681068,1.4270735617093435,-0.6830885033444247,-0.7817613016807362,1.4603907561384712,-0.6474115055449677,-0.7392172060968482,0.03331719442912773,0.03567699779945699,0.04254409558388805,0.06475248015066111
AgSi_residual_mode_p_03_v19_acq,interface_AgSi,AgSi_residual_acquisition_parent_v19,V18,new_frozen_CPU_float64_inference,28,368841,C,8.7499673,15.07383077,14.18303296,1.3568928573712644,0.38694458465432696,0.992295054616389,1.3714044777353225,0.362169683266366,0.9932054539406402,0.014511620364058064,-0.024774901387960957,0.0009103993242511876,0.028726498068914204
AgSi_residual_mode_p_03_v19_acq,interface_AgSi,AgSi_residual_acquisition_parent_v19,V18,new_frozen_CPU_float64_inference,29,368844,Ti,10.21724449,15.52569843,15.45789755,-1.212872146534129,-1.651147080751908,-0.320843658334274,-1.2451172973489875,-1.6448786026420885,-0.3676730412705216,-0.03224515081485846,0.006268478109819453,-0.04682938293624761,0.057201701679897354
AgSi_residual_mode_p_03_v19_acq,interface_AgSi,AgSi_residual_acquisition_parent_v19,V18,new_frozen_CPU_float64_inference,30,369024,C,10.10142178,10.766866,15.98766623,2.1467760341318813,-1.0633868489708056,-2.021660691864845,2.162011440095584,-1.0464371294072987,-2.028444862354076,0.015235405963702764,0.016949719563506882,-0.006784170489230856,0.02377888890144593
AgSi_residual_mode_p_03_v19_acq,interface_AgSi,AgSi_residual_acquisition_parent_v19,V18,new_frozen_CPU_float64_inference,31,369026,C,9.73645404,13.62008341,16.2603339,1.2158370421618887,0.7066568344744433,-0.06643899341764062,1.1910963613584764,0.7281313288351581,-0.03391044433345868,-0.024740680803412296,0.021474494360714802,0.032528549084181936,0.046166673046546675
AgSi_residual_mode_p_03_v19_acq,interface_AgSi,AgSi_residual_acquisition_parent_v19,V18,new_frozen_CPU_float64_inference,32,369031,Ti,11.11186787,13.46402473,17.9765771,-0.1338071927886803,0.9356766523022082,-1.9274157648397068,-0.10288460258603976,0.9666713747652931,-1.9538323021087818,0.030922590202640543,0.03099472246308488,-0.026416537269075002,0.0511342629426936
AgSi_residual_mode_p_03_v19_acq,interface_AgSi,AgSi_residual_acquisition_parent_v19,V18,new_frozen_CPU_float64_inference,33,369042,Ti,11.68602437,16.29832535,18.34290273,0.8182563322192313,-0.177058766149443,-0.8193877674162944,0.8364191140917518,-0.14635435269154773,-0.7856128872514535,0.018162781872520517,0.030704413457895263,0.03377488016484087,0.049126267732156295
AgSi_residual_mode_p_03_v19_acq,interface_AgSi,AgSi_residual_acquisition_parent_v19,V18,new_frozen_CPU_float64_inference,34,683609,Ag,13.84197856,15.50232698,13.71795822,-0.3950717222783681,-0.05082177251294403,0.08707154226663816,-0.35365140485386926,-0.14096808567627545,0.10627728666882938,0.041420317424498865,-0.09014631316333141,0.01920574440219122,0.10104880548789263
AgSi_residual_mode_p_03_v19_acq,interface_AgSi,AgSi_residual_acquisition_parent_v19,V18,new_frozen_CPU_float64_inference,35,685172,Ag,15.878444382558525,13.49964123273825,13.711816926706481,1.288044308459895,-0.8593453907511761,-2.1497204734429207,1.2062107191372289,-0.874193930630934,-2.197345767989912,-0.08183358932266604,-0.014848539879757872,-0.04762529454699127,0.09584040984198261
AgSi_residual_mode_p_03_v19_acq,interface_AgSi,AgSi_residual_acquisition_parent_v19,V18,new_frozen_CPU_float64_inference,36,696217,Ag,11.83854379,17.54725852,13.71397964,0.0037757041738307987,-0.06313200756034189,0.2836231607556667,-0.03202057669419328,-0.08711814735885398,0.2978446319420271,-0.03579628086802408,-0.023986139798512093,0.014221471186360413,0.045375751995098794
AgSi_residual_mode_p_03_v19_acq,interface_AgSi,AgSi_residual_acquisition_parent_v19,V18,new_frozen_CPU_float64_inference,37,700029,Ag,11.83619018,17.54660466,9.63054985,-0.2941718771673843,-0.13776832834407057,0.4805486806543524,-0.3136499133889482,-0.1499127388687753,0.47209322017798994,-0.01947803622156391,-0.012144410524704718,-0.008455460476362475,0.02446171322512882
AgSi_residual_mode_p_03_v19_acq,interface_AgSi,AgSi_residual_acquisition_parent_v19,V18,new_frozen_CPU_float64_inference,38,701518,Ag,15.88567093,17.54679278,13.71503183,0.07688811271893943,-0.06335374921383655,0.18343565521183228,0.055809021822471716,-0.0951360106914158,0.19294200171219583,-0.021079090896467714,-0.03178226147757926,0.009506346500363555,0.03930408174014171
AgSi_residual_mode_p_03_v19_acq,interface_AgSi,AgSi_residual_acquisition_parent_v19,V18,new_frozen_CPU_float64_inference,39,703887,Ag,15.86715484,17.54075927,9.63473704,0.06017085015898437,-0.808847797808477,0.49904023732513625,0.05654457348792001,-0.7970344647423109,0.48231668387590676,-0.0036262766710643615,0.011813333066166165,-0.01672355344922949,0.0207937962045538
AgSi_residual_mode_p_03_v19_acq,interface_AgSi,AgSi_residual_acquisition_parent_v19,V18,new_frozen_CPU_float64_inference,40,707313,Ag,9.80728489,15.50219953,9.63702147,-0.0051939790711956315,0.05122696291156733,1.178413122146177,0.022202577092664627,0.02360481098971906,1.126604772285173,0.027396556163860258,-0.02762215192184827,-0.05180834986100402,0.06478934852082872
AgSi_residual_mode_p_03_v19_acq,interface_AgSi,AgSi_residual_acquisition_parent_v19,V18,new_frozen_CPU_float64_inference,41,710704,Ag,13.87054979,15.49317032,9.63909963,0.9335937614163012,-0.3805537391268603,0.3185740279504804,0.9809174811642176,-0.3620062533304561,0.29453838761292417,0.04732371974791638,0.018547485796404195,-0.02403564033755623,0.05622504501184065
AgSi_residual_mode_p_03_v19_acq,interface_AgSi,AgSi_residual_acquisition_parent_v19,V18,new_frozen_CPU_float64_inference,42,714846,Ag,17.88107594,17.5489985,11.67442682,-0.5007946093655361,-0.2500626585520275,3.542185397397174e-05,-0.48272680129535817,-0.2575307573363314,0.0032279447076245665,0.018067808070177938,-0.007468098784303934,0.003192522853650595,0.01980935107680184
AgSi_residual_mode_p_03_v19_acq,interface_AgSi,AgSi_residual_acquisition_parent_v19,V18,new_frozen_CPU_float64_inference,43,729574,Ag,11.82877319,19.5830726,11.68116928,0.12442717324975787,-0.3736233863746054,0.1087387014514641,0.1386233082274898,-0.3997489099534527,0.09440413926789246,0.014196134977731936,-0.026125523578847287,-0.01433456218357164,0.0330083762637542
AgSi_residual_mode_p_03_v19_acq,interface_AgSi,AgSi_residual_acquisition_parent_v19,V18,new_frozen_CPU_float64_inference,44,730721,Ag,11.84901372,15.4955608,11.6784505,-0.5357475961498699,-0.06249954138135792,0.11726029778846961,-0.5694465267942886,0.005370694313930113,0.09576551111131075,-0.033698930644418756,0.06787023569528804,-0.02149478667715886,0.07876555512537103
AgSi_residual_mode_p_03_v19_acq,interface_AgSi,AgSi_residual_acquisition_parent_v19,V18,new_frozen_CPU_float64_inference,45,735549,Ag,11.83780489,13.47467486,9.6114182,-0.6679644545715545,-0.49192382376958294,1.064086393867598,-0.6460636399306703,-0.5564302983179872,1.0669898225360603,0.021900814640884225,-0.06450647454840425,0.0029034286684623822,0.06818475517761388
AgSi_residual_mode_p_03_v19_acq,interface_AgSi,AgSi_residual_acquisition_parent_v19,V18,new_frozen_CPU_float64_inference,46,737082,Ag,13.86516063,17.53751707,11.67590227,0.18511422174873604,0.24454997475496115,-0.03784172603771176,0.17025612262316975,0.23817438328443927,-0.008834746307725998,-0.014858099125566293,-0.006375591470521885,0.029006979729985765,0.03320867581340681
AgSi_residual_mode_p_03_v19_acq,interface_AgSi,AgSi_residual_acquisition_parent_v19,V18,new_frozen_CPU_float64_inference,47,737200,Ag,15.88201046,19.59623853,15.763158,-0.282612483313348,-0.7125315628747217,-0.12139940907253653,-0.3104210169724379,-0.6794762941593535,-0.1007557553475357,-0.027808533659089918,0.033055268715368236,0.020643653725000835,0.04787615035935617
AgSi_residual_mode_p_03_v19_acq,interface_AgSi,AgSi_residual_acquisition_parent_v19,V18,new_frozen_CPU_float64_inference,48,744883,Ag,13.85514044,19.60766994,13.71347117,-0.056784151484131476,-0.43008948258882745,0.13952066559120274,-0.011727551356128511,-0.3974545542730918,0.12446780392567758,0.045056600128002965,0.03263492831573567,-0.015052861665525163,0.05763440296896811
AgSi_residual_mode_p_03_v19_acq,interface_AgSi,AgSi_residual_acquisition_parent_v19,V18,new_frozen_CPU_float64_inference,49,752169,Ag,17.89419536,15.51383374,13.70696502,-0.52067357088454,0.12935300403799388,0.10459663554648375,-0.46595362915137833,0.10918033224957985,0.11369622942503196,0.05471994173316169,-0.02017267178841403,0.00909959387854821,0.059025514136839145
AgSi_residual_mode_p_03_v19_acq,interface_AgSi,AgSi_residual_acquisition_parent_v19,V18,new_frozen_CPU_float64_inference,50,755982,Ag,17.89428412,17.55305253,15.76426284,-0.591883021846498,-0.09895421154727355,-0.3582441910013777,-0.6056048086986952,-0.08209174601457626,-0.36492892407727784,-0.01372178685219716,0.016862465532697282,-0.006684733075900118,0.022744578135339588
AgTi_residual_mode_m_03_v19_acq,interface_AgTi,AgTi_residual_acquisition_parent_v19,MACE-MP-0b3-medium,new_frozen_CPU_float64_inference,0,478831,C,13.89902107,12.90667166,9.57093308,-1.7035725024354067,2.5304414295371602,0.28393509529053373,-1.9707602374362678,2.4420002981526365,0.42959658057588157,-0.2671877350008611,-0.0884411313845237,0.14566148528534784,0.3169043826629707
AgTi_residual_mode_m_03_v19_acq,interface_AgTi,AgTi_residual_acquisition_parent_v19,MACE-MP-0b3-medium,new_frozen_CPU_float64_inference,1,478840,Ti,12.62304525,14.70227784,8.74620905,1.3253773744027386,-0.8952603222108043,3.936822487730541,2.1171377825595235,-0.13482486895929063,3.8219203636266843,0.7917604081567848,0.7604354532515136,-0.1149021241038568,1.1037885307476298
AgTi_residual_mode_m_03_v19_acq,interface_AgTi,AgTi_residual_acquisition_parent_v19,MACE-MP-0b3-medium,new_frozen_CPU_float64_inference,2,478841,Si,16.74663914,14.99666412,9.05588053,-0.7202510638960021,-0.903531245818105,1.3893055364804097,-0.473683930061774,-0.5544285788840974,1.2964704381904448,0.24656713383422812,0.3491026669340076,-0.09283509828996483,0.43736298314120076
AgTi_residual_mode_m_03_v19_acq,interface_AgTi,AgTi_residual_acquisition_parent_v19,MACE-MP-0b3-medium,new_frozen_CPU_float64_inference,3,478844,C,13.77615718,16.7665983,9.46205532,-3.9571003776806335,0.21501335914673178,0.807904431530305,-4.741328507937198,-0.516142301523615,0.823854187498388,-0.7842281302565648,-0.7311556606703468,0.015949755968083013,1.0723137391320883
AgTi_residual_mode_m_03_v19_acq,interface_AgTi,AgTi_residual_acquisition_parent_v19,MACE-MP-0b3-medium,new_frozen_CPU_float64_inference,4,479021,Ti,12.49439364,12.82858132,11.26096292,0.8974843145657697,-1.1117619521443753,-1.4348811290718966,0.26194446073751,-1.303643260431461,-1.5124316780395777,-0.6355398538282597,-0.1918813082870856,-0.0775505489676811,0.6683886817707179
AgTi_residual_mode_m_03_v19_acq,interface_AgTi,AgTi_residual_acquisition_parent_v19,MACE-MP-0b3-medium,new_frozen_CPU_float64_inference,5,479027,Ti,12.627722731244845,14.262954970987964,13.887997476564738,0.4217601958473293,2.7107120481792313,2.087788171971165,0.04953686955778514,2.865661671382288,2.0119004798188995,-0.3722233262895442,0.1549496232030565,-0.07588769215226554,0.410266416106679
AgTi_residual_mode_m_03_v19_acq,interface_AgTi,AgTi_residual_acquisition_parent_v19,MACE-MP-0b3-medium,new_frozen_CPU_float64_inference,6,479028,Ti,13.27333691,17.52276133,13.67525409,-0.047891826607104344,0.38969022763899824,-1.1741451590210918,0.7213809496760251,-0.04161640903551739,-0.5650280902956426,0.7692727762831294,-0.43130663667451563,0.6091170687254492,1.0718346992808732
AgTi_residual_mode_m_03_v19_acq,interface_AgTi,AgTi_residual_acquisition_parent_v19,MACE-MP-0b3-medium,new_frozen_CPU_float64_inference,7,479030,C,12.1940607,16.00730532,12.98699267,-1.0225809376352235,-0.7081448164310695,0.35771739200795366,-1.4482299118937982,-0.32114804411008996,-0.21169514796231287,-0.42564897425857473,0.38699677232097957,-0.5694125399702665,0.8094283116803015
AgTi_residual_mode_m_03_v19_acq,interface_AgTi,AgTi_residual_acquisition_parent_v19,MACE-MP-0b3-medium,new_frozen_CPU_float64_inference,8,479031,C,11.92979276,17.83928667,10.04608242,3.5271856608785477,-2.338709110916813,-0.8926385608747792,3.5828487522157864,-2.623158980562829,-0.8404006392356935,0.05566309133723868,-0.2844498696460156,0.052237921639085694,0.2945147000338426
AgTi_residual_mode_m_03_v19_acq,interface_AgTi,AgTi_residual_acquisition_parent_v19,MACE-MP-0b3-medium,new_frozen_CPU_float64_inference,9,480798,C,11.14030857,11.60980287,10.51944505,-1.137166879126273,0.7993756999222277,2.207455664267524,-0.7657212652422742,0.7769775946663925,2.5286979647787837,0.37144561388399877,-0.022398105255835188,0.3212423005112597,0.4915995675653902
AgTi_residual_mode_m_03_v19_acq,interface_AgTi,AgTi_residual_acquisition_parent_v19,MACE-MP-0b3-medium,new_frozen_CPU_float64_inference,10,480801,Ti,9.67365027,11.73672021,12.52949502,4.151913513584405,-0.8964104313823129,0.03152758372870949,3.937466494021489,-1.5107156648580566,0.4879145424233075,-0.21444701956291556,-0.6143052334757437,0.456386958694598,0.7947625432427036
AgTi_residual_mode_m_03_v19_acq,interface_AgTi,AgTi_residual_acquisition_parent_v19,MACE-MP-0b3-medium,new_frozen_CPU_float64_inference,11,480802,C,10.41266283,9.58775109,13.76894219,0.045218719339208825,1.4737409200043792,3.175153476653647,-0.19893840537595736,1.8735621716445063,3.3060816835126823,-0.24415712471516618,0.39982125164012716,0.13092820685903517,0.48642772347346463
AgTi_residual_mode_m_03_v19_acq,interface_AgTi,AgTi_residual_acquisition_parent_v19,MACE-MP-0b3-medium,new_frozen_CPU_float64_inference,12,480805,C,11.318195338755155,12.996491819012036,13.31633235343526,-1.7771966290522998,-0.869014015177747,-0.5054483654847277,-2.4873927372986375,-0.6111108385216384,0.01719850915088561,-0.7101961082463377,0.2579031766561086,0.5226468746356133,0.9187231989363991
AgTi_residual_mode_m_03_v19_acq,interface_AgTi,AgTi_residual_acquisition_parent_v19,MACE-MP-0b3-medium,new_frozen_CPU_float64_inference,13,480807,C,11.26779912,14.20441406,10.34350882,1.0059820756887856,0.40338078667694144,-0.47650412030113737,1.1159988488619808,0.5008237787209976,-0.39865220375367305,0.11001677317319514,0.09744299204405615,0.07785191654746432,0.16631220035840308
AgTi_residual_mode_m_03_v19_acq,interface_AgTi,AgTi_residual_acquisition_parent_v19,MACE-MP-0b3-medium,new_frozen_CPU_float64_inference,14,480810,Ti,10.6327788,14.68120764,12.23793466,-1.2734319819573492,-0.06874268290541151,-0.7524042164492442,-0.6724323048005807,-0.5987148540288665,-0.6265828965112802,0.6009996771567685,-0.529972171123455,0.12582131993796397,0.811111656098456
AgTi_residual_mode_m_03_v19_acq,interface_AgTi,AgTi_residual_acquisition_parent_v19,MACE-MP-0b3-medium,new_frozen_CPU_float64_inference,15,480811,Ti,11.15181567,17.42898892,11.87855887,-0.06865540046391472,0.4580831136448509,-1.3208067326272994,-0.4955927674477198,0.7381192223019469,-2.264427259967605,-0.4269373669838051,0.28003610865709605,-0.9436205273403058,1.0729004786544136
AgTi_residual_mode_m_03_v19_acq,interface_AgTi,AgTi_residual_acquisition_parent_v19,MACE-MP-0b3-medium,new_frozen_CPU_float64_inference,16,480812,Ti,10.57490139,16.47263116,14.34546801,1.2899919497692427,-0.2608865546479271,-0.10059476996422419,1.9009955242703,-0.20510329617246428,-0.12080186217615574,0.6110035745010574,0.05578325847546281,-0.02020709221193155,0.6138774035219662
AgTi_residual_mode_m_03_v19_acq,interface_AgTi,AgTi_residual_acquisition_parent_v19,MACE-MP-0b3-medium,new_frozen_CPU_float64_inference,17,480813,C,11.98467917,18.76062403,12.89743879,0.5828975817982335,-0.8651701354457206,1.029269785857285,0.4772853267591488,-0.30766120658519674,1.2007197735790847,-0.10561225503908467,0.557508928860524,0.17144998772179965,0.5927607042166803
AgTi_residual_mode_m_03_v19_acq,interface_AgTi,AgTi_residual_acquisition_parent_v19,MACE-MP-0b3-medium,new_frozen_CPU_float64_inference,18,480974,C,10.74527181,9.34898918,15.9214108,-0.15013332515726552,1.9714299466803766,-3.7959522996508714,0.009457489065280024,1.7729394859077674,-4.653057606254768,0.15959081422254554,-0.19849046077260923,-0.8571053066038963,0.8941460717413553
AgTi_residual_mode_m_03_v19_acq,interface_AgTi,AgTi_residual_acquisition_parent_v19,MACE-MP-0b3-medium,new_frozen_CPU_float64_inference,19,480975,C,10.58950093,11.90905331,16.64358691,-0.21864228557502963,1.4377702614375876,-2.009609026593187,-0.0879872587283764,1.6843604781055925,-1.4367008168448314,0.13065502684665323,0.24659021666800496,0.5729082097483555,0.637260769068471
AgTi_residual_mode_m_03_v19_acq,interface_AgTi,AgTi_residual_acquisition_parent_v19,MACE-MP-0b3-medium,new_frozen_CPU_float64_inference,20,480980,Ti,9.9301422,13.54071165,15.2864861,2.197809297824539,-2.0993606384148755,0.04635521410639697,2.6352555307344625,-2.75523458254137,-0.38142917100309154,0.43744623290992335,-0.6558739441264945,-0.4277843851094885,0.8969555827434433
AgTi_residual_mode_m_03_v19_acq,interface_AgTi,AgTi_residual_acquisition_parent_v19,MACE-MP-0b3-medium,new_frozen_CPU_float64_inference,21,682693,Ag,13.67921387,12.13477149,14.08448967,0.7940378020921517,-2.135972587968408,0.026571257079259974,1.034829973143223,-2.1724696769540452,0.039771631977727914,0.2407921710510712,-0.036497088985637305,0.01320037489846794,0.2438998914337068
AgTi_residual_mode_m_03_v19_acq,interface_AgTi,AgTi_residual_acquisition_parent_v19,MACE-MP-0b3-medium,new_frozen_CPU_float64_inference,22,685396,Ag,19.77103991,16.2617268,16.14325276,-0.3673497100112916,-0.1166767215138979,-0.12579857415583687,-0.3084568410310934,-0.21030939143437744,-0.2390657739516401,0.05889286898019819,-0.09363266992047954,-0.11326719979580324,0.15831899899487323
AgTi_residual_mode_m_03_v19_acq,interface_AgTi,AgTi_residual_acquisition_parent_v19,MACE-MP-0b3-medium,new_frozen_CPU_float64_inference,23,685467,Ag,17.73061775,16.24744124,14.08084112,0.07496013929791459,0.3687169427806789,-0.1755687956576893,0.10240125201762737,0.4799207244233216,-0.37784346237193733,0.02744111271971278,0.11120378164264272,-0.20227466671424804,0.23245286944514296
AgTi_residual_mode_m_03_v19_acq,interface_AgTi,AgTi_residual_acquisition_parent_v19,MACE-MP-0b3-medium,new_frozen_CPU_float64_inference,24,686309,Ag,15.7202855,12.12319346,16.1366031,-0.2221814832106687,-0.21826886935850018,0.3634892895440058,-0.23753054248982025,-0.11756351879962292,0.37518159405117724,-0.015349059279151561,0.10070535055887726,0.011692304507171458,0.10253717002448279
AgTi_residual_mode_m_03_v19_acq,interface_AgTi,AgTi_residual_acquisition_parent_v19,MACE-MP-0b3-medium,new_frozen_CPU_float64_inference,25,686324,Ag,17.74075717,14.19811487,16.15267925,0.34303279057269276,-0.07170209879644353,0.222220690644012,0.44172262495997827,-0.16145725052052984,0.34024396978555504,0.09868983438728551,-0.08975515172408631,0.11802327914154304,0.17811559474601368
AgTi_residual_mode_m_03_v19_acq,interface_AgTi,AgTi_residual_acquisition_parent_v19,MACE-MP-0b3-medium,new_frozen_CPU_float64_inference,26,686418,Ag,15.70543632,10.08047407,14.08505358,0.03692187243352491,-0.0003854604640998442,0.025459995539325396,-0.07771300400471347,0.04549912964100254,-0.0421376922278575,-0.11463487643823839,0.04588459010510239,-0.06759768776718289,0.14076930736702867
AgTi_residual_mode_m_03_v19_acq,interface_AgTi,AgTi_residual_acquisition_parent_v19,MACE-MP-0b3-medium,new_frozen_CPU_float64_inference,27,686622,Ag,19.76799971,14.20431639,14.08329543,-0.3720319716663608,0.16093194659520432,0.15275617051366994,-0.34360856609031587,0.16322186819441387,0.22390953218313747,0.028423405576044947,0.0022899215992095434,0.07115336166946754,0.07665464501474728
AgTi_residual_mode_m_03_v19_acq,interface_AgTi,AgTi_residual_acquisition_parent_v19,MACE-MP-0b3-medium,new_frozen_CPU_float64_inference,28,686899,Ag,17.73987145,16.24230202,18.18247801,-0.13781147134153388,0.01310542234859207,-0.23171683703342438,-0.06506607993238554,-0.015568428921430594,-0.14696402735698172,0.07274539140914833,-0.028673851270022664,0.08475280967644266,0.11531314090760378
AgTi_residual_mode_m_03_v19_acq,interface_AgTi,AgTi_residual_acquisition_parent_v19,MACE-MP-0b3-medium,new_frozen_CPU_float64_inference,29,687243,Ag,17.73652607,10.09177748,16.14439265,-0.28741912193558844,0.35967165815735885,-0.16449781263279536,-0.23992272187594954,0.3699435643956928,-0.08741825533122208,0.0474964000596389,0.010271906238333961,0.07707955730157329,0.09111903330370066
AgTi_residual_mode_m_03_v19_acq,interface_AgTi,AgTi_residual_acquisition_parent_v19,MACE-MP-0b3-medium,new_frozen_CPU_float64_inference,30,687247,Ag,15.81257904,14.17927572,14.09960194,-0.8274693415310347,0.29203389350820863,-0.0734098079656968,-0.9686202781437526,0.1629978144104267,-0.23149278998855186,-0.14115093661271794,-0.12903607909778192,-0.15808298202285506,0.24812119180113348
AgTi_residual_mode_m_03_v19_acq,interface_AgTi,AgTi_residual_acquisition_parent_v19,MACE-MP-0b3-medium,new_frozen_CPU_float64_inference,31,688096,Ag,15.72219692,16.25137911,16.15723208,-0.4509108047684606,0.21233804648027474,-0.19680192908506144,-0.5985133217477003,0.2846950467131223,-0.09339330240099866,-0.1476025169792397,0.07235700023284755,0.10340862668406278,0.194204486492941
AgTi_residual_mode_m_03_v19_acq,interface_AgTi,AgTi_residual_acquisition_parent_v19,MACE-MP-0b3-medium,new_frozen_CPU_float64_inference,32,688280,Ag,17.75172922,10.08253321,12.04485225,-0.29777901309094895,0.45587319772876017,0.09059889806656804,-0.3335569315048655,0.5217504377014193,0.07009733128431844,-0.03577791841391653,0.0658772399726591,-0.020501566782249597,0.07771862346294627
AgTi_residual_mode_m_03_v19_acq,interface_AgTi,AgTi_residual_acquisition_parent_v19,MACE-MP-0b3-medium,new_frozen_CPU_float64_inference,33,688689,Ag,15.70875603,14.18728606,18.1971362,-0.17839936656749394,-0.1017115378549447,-0.09277316301435926,-0.016535629390281345,-0.17453735846264246,-0.030377737855320303,0.16186373717721259,-0.07282582060769775,0.06239542515903895,0.18813999745119472
AgTi_residual_mode_m_03_v19_acq,interface_AgTi,AgTi_residual_acquisition_parent_v19,MACE-MP-0b3-medium,new_frozen_CPU_float64_inference,34,688707,Ag,17.712738,18.29581139,16.15000652,-0.07825050663728793,-0.24357010818981153,-0.02901840101407107,0.02832760184222867,-0.22975486772960702,-0.006982198518047017,0.1065781084795166,0.01381524046020452,0.022036202496024053,0.10970573502096714
AgTi_residual_mode_m_03_v19_acq,interface_AgTi,AgTi_residual_acquisition_parent_v19,MACE-MP-0b3-medium,new_frozen_CPU_float64_inference,35,689682,Ag,17.75143735,12.13238003,14.0878443,0.30372036360005444,-0.2625882249681835,-0.047556853521561734,0.399554166306497,-0.29633449804271167,-0.04053097176830375,0.09583380270644254,-0.033746273074528155,0.0070258817532579815,0.1018444485576349
AgTi_residual_mode_m_03_v19_acq,interface_AgTi,AgTi_residual_acquisition_parent_v19,MACE-MP-0b3-medium,new_frozen_CPU_float64_inference,36,690927,Ag,13.68170587,16.2417647,18.17151177,-0.0004485885072931049,-0.32954318254069465,-0.21898687262467934,0.02134246852976721,-0.1538571915815426,-0.2873071003245633,0.021791057037060316,0.17568599095915205,-0.06832022769988397,0.18975792763164248
AgTi_residual_mode_m_03_v19_acq,interface_AgTi,AgTi_residual_acquisition_parent_v19,MACE-MP-0b3-medium,new_frozen_CPU_float64_inference,37,691757,Ag,15.70634649,18.29577674,18.20004601,0.09693917034261978,-0.3176880816073884,-0.29134085551705036,-0.12912164364001227,-0.2772807335426587,-0.4263824672682706,-0.22606081398263206,0.040407348064729676,-0.13504161175122026,0.26640661084230194
AgTi_residual_mode_m_03_v19_acq,interface_AgTi,AgTi_residual_acquisition_parent_v19,MACE-MP-0b3-medium,new_frozen_CPU_float64_inference,38,694331,Ag,13.67617624,12.15798587,18.19172182,-0.05327697489364063,0.2589177510556534,-0.49243633932142217,-0.1739219533444391,0.20932424668584765,-0.5902798454340057,-0.12064497845079847,-0.04959350436980575,-0.09784350611258352,0.16305851155175782
AgTi_residual_mode_m_03_v19_acq,interface_AgTi,AgTi_residual_acquisition_parent_v19,MACE-MP-0b3-medium,new_frozen_CPU_float64_inference,39,696686,Ag,17.73960348,12.13172895,18.18219469,-0.2762352676680339,0.15612688201251052,-0.43618043741547574,-0.3037151862273352,0.14954757879224947,-0.44865087953091737,-0.027479918559301264,-0.00657930322026104,-0.012470442115441627,0.03088600138322453
AgTi_residual_mode_m_03_v19_acq,interface_AgTi,AgTi_residual_acquisition_parent_v19,MACE-MP-0b3-medium,new_frozen_CPU_float64_inference,40,700223,Ag,13.67664715,10.08304979,16.15300997,-0.4803393107944634,0.28222533944365524,-0.22896975833543387,-0.5677348748015248,0.30306404127283115,-0.09273631353214368,-0.08739556400706144,0.02083870182917591,0.1362334448032902,0.1631924863007142
AgTi_residual_mode_m_03_v19_acq,interface_AgTi,AgTi_residual_acquisition_parent_v19,MACE-MP-0b3-medium,new_frozen_CPU_float64_inference,41,701905,Ag,11.65662076,14.18813182,18.20237906,0.1771170857563105,-0.37614443711836637,-0.7893572421961629,-0.043700453923957286,-0.48504476127113494,-0.9608309194005122,-0.2208175396802678,-0.10890032415276857,-0.17147367720434936,0.30003814491661907
AgTi_residual_mode_m_03_v19_acq,interface_AgTi,AgTi_residual_acquisition_parent_v19,MACE-MP-0b3-medium,new_frozen_CPU_float64_inference,42,703736,Ag,17.72145846,18.29982138,12.03659182,-0.22123684712073877,-0.5434715239563179,0.3897151673790322,-0.45216231134542617,-0.764282219225348,0.3617558957228736,-0.2309254642246874,-0.22081069526903008,-0.027959271656158635,0.32072675916443694
AgTi_residual_mode_m_03_v19_acq,interface_AgTi,AgTi_residual_acquisition_parent_v19,MACE-MP-0b3-medium,new_frozen_CPU_float64_inference,43,704767,Ag,15.70366532,16.25436369,12.04745982,0.018761733840984278,-0.09571838468408288,-0.4185753003292035,0.11131132788630967,0.2684268583848382,-0.1441084205048086,0.0925495940453254,0.3641452430689211,0.2744668798243949,0.46529480281668417
AgTi_residual_mode_m_03_v19_acq,interface_AgTi,AgTi_residual_acquisition_parent_v19,MACE-MP-0b3-medium,new_frozen_CPU_float64_inference,44,716228,Ag,17.74398153,14.1868669,12.02973371,-0.04839599236481246,0.048515831758129346,-0.7056097668603813,-0.09090227478738813,0.07244925756011426,-0.6167589987513945,-0.042506282422575675,0.023933425801984917,0.08885076810898684,0.10136099797044146
AgTi_residual_mode_m_03_v19_acq,interface_AgTi,AgTi_residual_acquisition_parent_v19,MACE-MP-0b3-medium,new_frozen_CPU_float64_inference,45,720990,Ag,15.71598282,12.15285569,12.02298661,-0.4237682606615361,-0.048416530585767364,-0.5320513525255472,-0.24645385945267126,-0.028673085443522206,-0.6849954588588383,0.17731440120886485,0.01974344514224516,-0.15294410633329103,0.23499383005566798
AgTi_residual_mode_m_03_v19_acq,interface_AgTi,AgTi_residual_acquisition_parent_v19,MACE-MP-0b3-medium,new_frozen_CPU_float64_inference,46,721910,Ag,13.6757628,18.30103246,16.12750949,-0.010161892182369644,-0.19476720953827428,0.628119702118257,0.16909518590067696,-0.1597519605072639,0.7406664548085061,0.1792570780830466,0.03501524903101039,0.11254675269024916,0.21453656855812542
AgTi_residual_mode_m_03_v19_acq,interface_AgTi,AgTi_residual_acquisition_parent_v19,MACE-MP-0b3-medium,new_frozen_CPU_float64_inference,47,728014,Ag,17.74565333,12.13660568,9.97615916,-0.396048129715567,0.6908058290175493,0.3169048686329416,-0.40881430229389515,0.46268926259346776,0.4070571290117746,-0.012766172578328128,-0.2281165664240815,0.090152260378833,0.24561671989265094
AgTi_residual_mode_m_03_v19_acq,interface_AgTi,AgTi_residual_acquisition_parent_v19,MACE-MP-0b3-medium,new_frozen_CPU_float64_inference,48,741114,Ag,13.67551906,10.08412807,12.01790751,-0.08632476764162789,0.3816878894480708,0.14908718067193844,-0.16977452679548655,0.5824132970000558,0.07642592544083472,-0.08344975915385866,0.20072540755198504,-0.07266125523110371,0.22920342395240764
AgTi_residual_mode_m_03_v19_acq,interface_AgTi,AgTi_residual_acquisition_parent_v19,V18,new_frozen_CPU_float64_inference,0,478831,C,13.89902107,12.90667166,9.57093308,-1.7035725024354067,2.5304414295371602,0.28393509529053373,-1.7024751457639675,2.454229773239602,0.2677699915269423,0.0010973566714391758,-0.07621165629755833,-0.016165103763591426,0.07791489797830188
AgTi_residual_mode_m_03_v19_acq,interface_AgTi,AgTi_residual_acquisition_parent_v19,V18,new_frozen_CPU_float64_inference,1,478840,Ti,12.62304525,14.70227784,8.74620905,1.3253773744027386,-0.8952603222108043,3.936822487730541,1.357807714090504,-0.8758798217454608,3.948543624307347,0.03243033968776543,0.019380500465343564,0.011721136576805957,0.03955648838311073
AgTi_residual_mode_m_03_v19_acq,interface_AgTi,AgTi_residual_acquisition_parent_v19,V18,new_frozen_CPU_float64_inference,2,478841,Si,16.74663914,14.99666412,9.05588053,-0.7202510638960021,-0.903531245818105,1.3893055364804097,-0.7299187134390303,-0.8909418033541203,1.3505914569168365,-0.009667649543028123,0.012589442463984635,-0.0387140795635732,0.04184181479925874
AgTi_residual_mode_m_03_v19_acq,interface_AgTi,AgTi_residual_acquisition_parent_v19,V18,new_frozen_CPU_float64_inference,3,478844,C,13.77615718,16.7665983,9.46205532,-3.9571003776806335,0.21501335914673178,0.807904431530305,-3.9617171730536525,0.2154894572213058,0.7396490784712636,-0.004616795373018956,0.00047609807457402176,-0.0682553530590414,0.06841297165090356
AgTi_residual_mode_m_03_v19_acq,interface_AgTi,AgTi_residual_acquisition_parent_v19,V18,new_frozen_CPU_float64_inference,4,479021,Ti,12.49439364,12.82858132,11.26096292,0.8974843145657697,-1.1117619521443753,-1.4348811290718966,0.7832400912608544,-1.1594012110650704,-1.4004382014036048,-0.11424422330491535,-0.04763925892069509,0.03444292766829182,0.12848173728362944
AgTi_residual_mode_m_03_v19_acq,interface_AgTi,AgTi_residual_acquisition_parent_v19,V18,new_frozen_CPU_float64_inference,5,479027,Ti,12.627722731244845,14.262954970987964,13.887997476564738,0.4217601958473293,2.7107120481792313,2.087788171971165,0.5435856227818906,2.7636967646416926,2.2112118264471134,0.12182542693456128,0.05298471646246128,0.12342365447594839,0.18133453424704804
AgTi_residual_mode_m_03_v19_acq,interface_AgTi,AgTi_residual_acquisition_parent_v19,V18,new_frozen_CPU_float64_inference,6,479028,Ti,13.27333691,17.52276133,13.67525409,-0.047891826607104344,0.38969022763899824,-1.1741451590210918,-0.2105052839783101,0.29948934863765764,-1.2433865842637628,-0.16261345737120575,-0.0902008790013406,-0.06924142524267096,0.19842809796112
AgTi_residual_mode_m_03_v19_acq,interface_AgTi,AgTi_residual_acquisition_parent_v19,V18,new_frozen_CPU_float64_inference,7,479030,C,12.1940607,16.00730532,12.98699267,-1.0225809376352235,-0.7081448164310695,0.35771739200795366,-0.9665416724033428,-0.7040051903395088,0.3760598625465036,0.05603926523188074,0.004139626091560711,0.018342470538549926,0.059109914374532634
AgTi_residual_mode_m_03_v19_acq,interface_AgTi,AgTi_residual_acquisition_parent_v19,V18,new_frozen_CPU_float64_inference,8,479031,C,11.92979276,17.83928667,10.04608242,3.5271856608785477,-2.338709110916813,-0.8926385608747792,3.4761514228897967,-2.335627875736833,-0.8954696717618205,-0.05103423798875095,0.0030812351799802684,-0.002831110887041244,0.0512054942968188
AgTi_residual_mode_m_03_v19_acq,interface_AgTi,AgTi_residual_acquisition_parent_v19,V18,new_frozen_CPU_float64_inference,9,480798,C,11.14030857,11.60980287,10.51944505,-1.137166879126273,0.7993756999222277,2.207455664267524,-1.1524878717770763,0.7512013735282352,2.1365560580183796,-0.015320992650803333,-0.04817432639399244,-0.07089960624914449,0.08707613166422021
AgTi_residual_mode_m_03_v19_acq,interface_AgTi,AgTi_residual_acquisition_parent_v19,V18,new_frozen_CPU_float64_inference,10,480801,Ti,9.67365027,11.73672021,12.52949502,4.151913513584405,-0.8964104313823129,0.03152758372870949,4.209491259978678,-0.9053186416527645,0.08853648824002161,0.05757774639427282,-0.008908210270451633,0.05700890451131212,0.08151422135827392
AgTi_residual_mode_m_03_v19_acq,interface_AgTi,AgTi_residual_acquisition_parent_v19,V18,new_frozen_CPU_float64_inference,11,480802,C,10.41266283,9.58775109,13.76894219,0.045218719339208825,1.4737409200043792,3.175153476653647,0.008147108002420494,1.4484309000389306,3.1614949509074703,-0.03707161133678833,-0.02531001996544857,-0.013658525746176764,0.04691968460375956
AgTi_residual_mode_m_03_v19_acq,interface_AgTi,AgTi_residual_acquisition_parent_v19,V18,new_frozen_CPU_float64_inference,12,480805,C,11.318195338755155,12.996491819012036,13.31633235343526,-1.7771966290522998,-0.869014015177747,-0.5054483654847277,-1.8015768295190466,-0.9722910871737992,-0.5524529563474335,-0.024380200466746826,-0.10327707199605218,-0.04700459086270581,0.11606024012144243
AgTi_residual_mode_m_03_v19_acq,interface_AgTi,AgTi_residual_acquisition_parent_v19,V18,new_frozen_CPU_float64_inference,13,480807,C,11.26779912,14.20441406,10.34350882,1.0059820756887856,0.40338078667694144,-0.47650412030113737,1.002425008783679,0.4603325609678042,-0.45093543283838283,-0.0035570669051065984,0.05695177429086279,0.025568687462754536,0.06252931391285854
AgTi_residual_mode_m_03_v19_acq,interface_AgTi,AgTi_residual_acquisition_parent_v19,V18,new_frozen_CPU_float64_inference,14,480810,Ti,10.6327788,14.68120764,12.23793466,-1.2734319819573492,-0.06874268290541151,-0.7524042164492442,-1.3514260487804628,-0.011947430704397716,-0.8076157040710533,-0.0779940668231136,0.05679525220101379,-0.05521148762180916,0.11116241944829314
AgTi_residual_mode_m_03_v19_acq,interface_AgTi,AgTi_residual_acquisition_parent_v19,V18,new_frozen_CPU_float64_inference,15,480811,Ti,11.15181567,17.42898892,11.87855887,-0.06865540046391472,0.4580831136448509,-1.3208067326272994,0.024945625918391605,0.42272324608160483,-1.3143837959059506,0.09360102638230633,-0.03535986756324605,0.00642293672134886,0.10026328585298787
AgTi_residual_mode_m_03_v19_acq,interface_AgTi,AgTi_residual_acquisition_parent_v19,V18,new_frozen_CPU_float64_inference,16,480812,Ti,10.57490139,16.47263116,14.34546801,1.2899919497692427,-0.2608865546479271,-0.10059476996422419,1.354672438091851,-0.30212611686822255,-0.15473278793092227,0.0646804883226082,-0.041239562220295456,-0.05413801796669808,0.09388925418350708
AgTi_residual_mode_m_03_v19_acq,interface_AgTi,AgTi_residual_acquisition_parent_v19,V18,new_frozen_CPU_float64_inference,17,480813,C,11.98467917,18.76062403,12.89743879,0.5828975817982335,-0.8651701354457206,1.029269785857285,0.6013970873192818,-0.8757779720859598,1.0490664141973431,0.018499505521048287,-0.010607836640239121,0.01979662834005813,0.029097498111413093
AgTi_residual_mode_m_03_v19_acq,interface_AgTi,AgTi_residual_acquisition_parent_v19,V18,new_frozen_CPU_float64_inference,18,480974,C,10.74527181,9.34898918,15.9214108,-0.15013332515726552,1.9714299466803766,-3.7959522996508714,-0.11818386908117809,1.9558277054587594,-3.8944617414594287,0.03194945607608743,-0.015602241221617241,-0.09850944180855725,0.10472968920095628
AgTi_residual_mode_m_03_v19_acq,interface_AgTi,AgTi_residual_acquisition_parent_v19,V18,new_frozen_CPU_float64_inference,19,480975,C,10.58950093,11.90905331,16.64358691,-0.21864228557502963,1.4377702614375876,-2.009609026593187,-0.28712709494528094,1.4622267165734721,-2.0538173686517283,-0.06848480937025131,0.02445645513588457,-0.044208342058541295,0.08510384726825332
AgTi_residual_mode_m_03_v19_acq,interface_AgTi,AgTi_residual_acquisition_parent_v19,V18,new_frozen_CPU_float64_inference,20,480980,Ti,9.9301422,13.54071165,15.2864861,2.197809297824539,-2.0993606384148755,0.04635521410639697,2.2916723028633834,-2.079675512630983,0.11333107729273723,0.09386300503884426,0.019685125783892587,0.06697586318634025,0.11697663929864434
AgTi_residual_mode_m_03_v19_acq,interface_AgTi,AgTi_residual_acquisition_parent_v19,V18,new_frozen_CPU_float64_inference,21,682693,Ag,13.67921387,12.13477149,14.08448967,0.7940378020921517,-2.135972587968408,0.026571257079259974,0.7862009255666973,-2.045776053715317,0.010309945429733713,-0.007836876525454395,0.09019653425309082,-0.01626131164952626,0.0919851166303942
AgTi_residual_mode_m_03_v19_acq,interface_AgTi,AgTi_residual_acquisition_parent_v19,V18,new_frozen_CPU_float64_inference,22,685396,Ag,19.77103991,16.2617268,16.14325276,-0.3673497100112916,-0.1166767215138979,-0.12579857415583687,-0.366504230958884,-0.1432730393271529,-0.17420059756034284,0.0008454790524075606,-0.026596317813255013,-0.04840202340450597,0.055234362725590215
AgTi_residual_mode_m_03_v19_acq,interface_AgTi,AgTi_residual_acquisition_parent_v19,V18,new_frozen_CPU_float64_inference,23,685467,Ag,17.73061775,16.24744124,14.08084112,0.07496013929791459,0.3687169427806789,-0.1755687956576893,0.07808576559742181,0.37168996313667135,-0.17391768040032654,0.003125626299507217,0.0029730203559924506,0.0016511152573627508,0.0046189361756158445
AgTi_residual_mode_m_03_v19_acq,interface_AgTi,AgTi_residual_acquisition_parent_v19,V18,new_frozen_CPU_float64_inference,24,686309,Ag,15.7202855,12.12319346,16.1366031,-0.2221814832106687,-0.21826886935850018,0.3634892895440058,-0.2183899757509322,-0.17677490881040117,0.3315671355292406,0.0037915074597364984,0.04149396054809901,-0.03192215401476517,0.05248950569139342
AgTi_residual_mode_m_03_v19_acq,interface_AgTi,AgTi_residual_acquisition_parent_v19,V18,new_frozen_CPU_float64_inference,25,686324,Ag,17.74075717,14.19811487,16.15267925,0.34303279057269276,-0.07170209879644353,0.222220690644012,0.350864006417457,-0.07264880922006169,0.2444266531261163,0.007831215844764261,-0.0009467104236181578,0.022205962482104297,0.023565418986092688
AgTi_residual_mode_m_03_v19_acq,interface_AgTi,AgTi_residual_acquisition_parent_v19,V18,new_frozen_CPU_float64_inference,26,686418,Ag,15.70543632,10.08047407,14.08505358,0.03692187243352491,-0.0003854604640998442,0.025459995539325396,0.06610388925687236,0.051459297105396984,0.04198200432876704,0.029182016823347444,0.05184475756949683,0.016522008789441642,0.061745006014708746
AgTi_residual_mode_m_03_v19_acq,interface_AgTi,AgTi_residual_acquisition_parent_v19,V18,new_frozen_CPU_float64_inference,27,686622,Ag,19.76799971,14.20431639,14.08329543,-0.3720319716663608,0.16093194659520432,0.15275617051366994,-0.33290515615452076,0.17370217846397418,0.1720699418446301,0.03912681551184005,0.012770231868769855,0.019313771330960156,0.04546436271525568
AgTi_residual_mode_m_03_v19_acq,interface_AgTi,AgTi_residual_acquisition_parent_v19,V18,new_frozen_CPU_float64_inference,28,686899,Ag,17.73987145,16.24230202,18.18247801,-0.13781147134153388,0.01310542234859207,-0.23171683703342438,-0.13812364771738764,-0.006508257062210629,-0.21613133961229286,-0.0003121763758537621,-0.0196136794108027,0.015585497421131522,0.02505397381621295
AgTi_residual_mode_m_03_v19_acq,interface_AgTi,AgTi_residual_acquisition_parent_v19,V18,new_frozen_CPU_float64_inference,29,687243,Ag,17.73652607,10.09177748,16.14439265,-0.28741912193558844,0.35967165815735885,-0.16449781263279536,-0.26025395823062225,0.33822528792926093,-0.15060552178958334,0.02716516370496619,-0.021446370228097922,0.01389229084321203,0.037294619718541845
AgTi_residual_mode_m_03_v19_acq,interface_AgTi,AgTi_residual_acquisition_parent_v19,V18,new_frozen_CPU_float64_inference,30,687247,Ag,15.81257904,14.17927572,14.09960194,-0.8274693415310347,0.29203389350820863,-0.0734098079656968,-0.8149922778915463,0.2784175395761495,-0.063696605787986,0.012477063639488417,-0.013616353932059122,0.009713202177710795,0.020866923779321943
AgTi_residual_mode_m_03_v19_acq,interface_AgTi,AgTi_residual_acquisition_parent_v19,V18,new_frozen_CPU_float64_inference,31,688096,Ag,15.72219692,16.25137911,16.15723208,-0.4509108047684606,0.21233804648027474,-0.19680192908506144,-0.45763566778938697,0.20657558689901184,-0.17611635619750104,-0.006724863020926342,-0.0057624595812628965,0.0206855728875604,0.022501614359029556
AgTi_residual_mode_m_03_v19_acq,interface_AgTi,AgTi_residual_acquisition_parent_v19,V18,new_frozen_CPU_float64_inference,32,688280,Ag,17.75172922,10.08253321,12.04485225,-0.29777901309094895,0.45587319772876017,0.09059889806656804,-0.31083145041692445,0.4796957073793542,0.0975657174799768,-0.013052437325975497,0.023822509650594015,0.006966819413408765,0.02804308575995539
AgTi_residual_mode_m_03_v19_acq,interface_AgTi,AgTi_residual_acquisition_parent_v19,V18,new_frozen_CPU_float64_inference,33,688689,Ag,15.70875603,14.18728606,18.1971362,-0.17839936656749394,-0.1017115378549447,-0.09277316301435926,-0.15380895225596247,-0.11036186186533889,-0.08930943396447691,0.024590414311531472,-0.008650324010394186,0.003463729049882347,0.026296653787669884
AgTi_residual_mode_m_03_v19_acq,interface_AgTi,AgTi_residual_acquisition_parent_v19,V18,new_frozen_CPU_float64_inference,34,688707,Ag,17.712738,18.29581139,16.15000652,-0.07825050663728793,-0.24357010818981153,-0.02901840101407107,-0.05031869613319699,-0.2633502474412041,-0.03189413694056502,0.027931810504090937,-0.019780139251392576,-0.0028757359264939483,0.03434690384823433
AgTi_residual_mode_m_03_v19_acq,interface_AgTi,AgTi_residual_acquisition_parent_v19,V18,new_frozen_CPU_float64_inference,35,689682,Ag,17.75143735,12.13238003,14.0878443,0.30372036360005444,-0.2625882249681835,-0.047556853521561734,0.26387170518901487,-0.27592269539211567,-0.04320607944059639,-0.03984865841103957,-0.013334470423932154,0.004350774080965347,0.04224515254736377
AgTi_residual_mode_m_03_v19_acq,interface_AgTi,AgTi_residual_acquisition_parent_v19,V18,new_frozen_CPU_float64_inference,36,690927,Ag,13.68170587,16.2417647,18.17151177,-0.0004485885072931049,-0.32954318254069465,-0.21898687262467934,0.023678433297436755,-0.3195301181891178,-0.21726180482171875,0.02412702180472986,0.01001306435157684,0.0017250678029605837,0.0261791997165601
AgTi_residual_mode_m_03_v19_acq,interface_AgTi,AgTi_residual_acquisition_parent_v19,V18,new_frozen_CPU_float64_inference,37,691757,Ag,15.70634649,18.29577674,18.20004601,0.09693917034261978,-0.3176880816073884,-0.29134085551705036,0.06915622225264445,-0.3242446760465971,-0.2899896437858621,-0.027782948089975334,-0.006556594439208752,0.00135121173118824,0.028578084406639784
AgTi_residual_mode_m_03_v19_acq,interface_AgTi,AgTi_residual_acquisition_parent_v19,V18,new_frozen_CPU_float64_inference,38,694331,Ag,13.67617624,12.15798587,18.19172182,-0.05327697489364063,0.2589177510556534,-0.49243633932142217,-0.016485144687070963,0.28030079051354634,-0.5026420289558631,0.03679183020656967,0.02138303945789294,-0.010205689634440906,0.04376104714607951
AgTi_residual_mode_m_03_v19_acq,interface_AgTi,AgTi_residual_acquisition_parent_v19,V18,new_frozen_CPU_float64_inference,39,696686,Ag,17.73960348,12.13172895,18.18219469,-0.2762352676680339,0.15612688201251052,-0.43618043741547574,-0.2907196328748813,0.13118020925020632,-0.417122392394549,-0.014484365206847372,-0.024946672762304195,0.019058045020926728,0.03457372408888708
AgTi_residual_mode_m_03_v19_acq,interface_AgTi,AgTi_residual_acquisition_parent_v19,V18,new_frozen_CPU_float64_inference,40,700223,Ag,13.67664715,10.08304979,16.15300997,-0.4803393107944634,0.28222533944365524,-0.22896975833543387,-0.4962756583449627,0.2861416715494665,-0.15976179497825782,-0.015936347550499275,0.003916332105811271,0.06920796335717605,0.07112697816202748
AgTi_residual_mode_m_03_v19_acq,interface_AgTi,AgTi_residual_acquisition_parent_v19,V18,new_frozen_CPU_float64_inference,41,701905,Ag,11.65662076,14.18813182,18.20237906,0.1771170857563105,-0.37614443711836637,-0.7893572421961629,0.10300430963847246,-0.37117023551368594,-0.8284430708641622,-0.07411277611783804,0.004974201604680428,-0.03908582866799937,0.08393538150363641
AgTi_residual_mode_m_03_v19_acq,interface_AgTi,AgTi_residual_acquisition_parent_v19,V18,new_frozen_CPU_float64_inference,42,703736,Ag,17.72145846,18.29982138,12.03659182,-0.22123684712073877,-0.5434715239563179,0.3897151673790322,-0.26677814937033784,-0.5080376132001969,0.40080745102282583,-0.04554130224959907,0.03543391075612101,0.01109228364379361,0.05875892271388625
AgTi_residual_mode_m_03_v19_acq,interface_AgTi,AgTi_residual_acquisition_parent_v19,V18,new_frozen_CPU_float64_inference,43,704767,Ag,15.70366532,16.25436369,12.04745982,0.018761733840984278,-0.09571838468408288,-0.4185753003292035,-0.004036830882396078,-0.09750916136344367,-0.33968352258344964,-0.022798564723380356,-0.0017907766793607977,0.07889177774575384,0.08213947912208189
AgTi_residual_mode_m_03_v19_acq,interface_AgTi,AgTi_residual_acquisition_parent_v19,V18,new_frozen_CPU_float64_inference,44,716228,Ag,17.74398153,14.1868669,12.02973371,-0.04839599236481246,0.048515831758129346,-0.7056097668603813,-0.04116177406168787,0.04761078305497987,-0.7279910995765748,0.0072342183031245885,-0.0009050487031494747,-0.02238133271619347,0.02353884198012484
AgTi_residual_mode_m_03_v19_acq,interface_AgTi,AgTi_residual_acquisition_parent_v19,V18,new_frozen_CPU_float64_inference,45,720990,Ag,15.71598282,12.15285569,12.02298661,-0.4237682606615361,-0.048416530585767364,-0.5320513525255472,-0.3869298282416925,-0.014317607038613511,-0.5627767032356492,0.036838432419843636,0.03409892354715385,-0.030725350710101962,0.0588545144104069
AgTi_residual_mode_m_03_v19_acq,interface_AgTi,AgTi_residual_acquisition_parent_v19,V18,new_frozen_CPU_float64_inference,46,721910,Ag,13.6757628,18.30103246,16.12750949,-0.010161892182369644,-0.19476720953827428,0.628119702118257,0.04384806781100015,-0.09911816191708032,0.6881826766485125,0.0540099599933698,0.09564904762119396,0.06006297453025555,0.12519335844504278
AgTi_residual_mode_m_03_v19_acq,interface_AgTi,AgTi_residual_acquisition_parent_v19,V18,new_frozen_CPU_float64_inference,47,728014,Ag,17.74565333,12.13660568,9.97615916,-0.396048129715567,0.6908058290175493,0.3169048686329416,-0.42927722594116724,0.6699873837102344,0.35768165514125183,-0.03322909622560022,-0.020818445307314914,0.04077678650831024,0.05657143111967535
AgTi_residual_mode_m_03_v19_acq,interface_AgTi,AgTi_residual_acquisition_parent_v19,V18,new_frozen_CPU_float64_inference,48,741114,Ag,13.67551906,10.08412807,12.01790751,-0.08632476764162789,0.3816878894480708,0.14908718067193844,-0.1209610465628391,0.39290186450233994,0.14504004810083082,-0.03463627892121121,0.011213975054269132,-0.0040471325711076145,0.03663064749733248
AgTi_residual_mode_p_03_v19_acq,interface_AgTi,AgTi_residual_acquisition_parent_v19,MACE-MP-0b3-medium,new_frozen_CPU_float64_inference,0,478831,C,13.89902107,12.90667166,9.57093308,-1.7038744770331824,2.5374349037107953,0.27827200981522465,-1.9510927259531643,2.4447519144954244,0.4183749716651444,-0.2472182489199819,-0.09268298921537088,0.14010296184991977,0.29889101526823914
AgTi_residual_mode_p_03_v19_acq,interface_AgTi,AgTi_residual_acquisition_parent_v19,MACE-MP-0b3-medium,new_frozen_CPU_float64_inference,1,478840,Ti,12.62304525,14.70227784,8.74620905,1.33080579648886,-0.886428742468322,3.9292005872369486,2.123200690754071,-0.13356900574134312,3.8128315341069943,0.792394894265211,0.7528597367269789,-0.11636905312995438,1.0991947999188103
AgTi_residual_mode_p_03_v19_acq,interface_AgTi,AgTi_residual_acquisition_parent_v19,MACE-MP-0b3-medium,new_frozen_CPU_float64_inference,2,478841,Si,16.74663914,14.99666412,9.05588053,-0.722731000990701,-0.9031661719899426,1.3909320004473251,-0.47274232553081796,-0.5530079556120823,1.2964316390210446,0.24998867545988301,0.3501582163778604,-0.09450036142628049,0.44049453193519766
AgTi_residual_mode_p_03_v19_acq,interface_AgTi,AgTi_residual_acquisition_parent_v19,MACE-MP-0b3-medium,new_frozen_CPU_float64_inference,3,478844,C,13.77615718,16.7665983,9.46205532,-3.9604129157572223,0.20923779247091487,0.8062108587997918,-4.739563341653856,-0.5145446414267798,0.8251709652459279,-0.7791504258966335,-0.7237824338976947,0.018960106446136105,1.0636239389136675
AgTi_residual_mode_p_03_v19_acq,interface_AgTi,AgTi_residual_acquisition_parent_v19,MACE-MP-0b3-medium,new_frozen_CPU_float64_inference,4,479021,Ti,12.49439364,12.82858132,11.26096292,0.9349076536753341,-1.148106275025516,-1.4566211264142694,0.2513335190724335,-1.3511057246896812,-1.5701610961539902,-0.6835741346029006,-0.20299944966416517,-0.1135399697397208,0.7220621156040214
AgTi_residual_mode_p_03_v19_acq,interface_AgTi,AgTi_residual_acquisition_parent_v19,MACE-MP-0b3-medium,new_frozen_CPU_float64_inference,5,479027,Ti,12.567875288755154,14.264527409012034,13.88402116343526,1.841269016206283,3.1021673219088837,2.9521732431430863,1.8688409701266784,3.653969583257222,3.0514149187470445,0.027571953920395353,0.5518022613483384,0.09924167560395825,0.561333108277794
AgTi_residual_mode_p_03_v19_acq,interface_AgTi,AgTi_residual_acquisition_parent_v19,MACE-MP-0b3-medium,new_frozen_CPU_float64_inference,6,479028,Ti,13.27333691,17.52276133,13.67525409,-0.05692700503679521,0.389200777072259,-1.1761436874874012,0.7026686578491609,-0.05081353324157073,-0.575448234282434,0.7595956628859561,-0.4400143103138297,0.6006954532049672,1.06368848440567
AgTi_residual_mode_p_03_v19_acq,interface_AgTi,AgTi_residual_acquisition_parent_v19,MACE-MP-0b3-medium,new_frozen_CPU_float64_inference,7,479030,C,12.1940607,16.00730532,12.98699267,-1.1213165887181626,-0.442079262512878,0.17657724681475065,-1.5616323111565347,-0.08464521400093951,-0.3378987190841716,-0.440315722438372,0.3574340485119385,-0.5144759658989222,0.765717019498515
AgTi_residual_mode_p_03_v19_acq,interface_AgTi,AgTi_residual_acquisition_parent_v19,MACE-MP-0b3-medium,new_frozen_CPU_float64_inference,8,479031,C,11.92979276,17.83928667,10.04608242,3.5260646540391787,-2.343408659473457,-0.8951647766902698,3.5835429863924304,-2.6196527689265015,-0.8406277742099242,0.057478332353251727,-0.27624410945304456,0.05453700248034565,0.28738276102988114
AgTi_residual_mode_p_03_v19_acq,interface_AgTi,AgTi_residual_acquisition_parent_v19,MACE-MP-0b3-medium,new_frozen_CPU_float64_inference,9,480798,C,11.14030857,11.60980287,10.51944505,-1.1567604653131336,0.8073758045562495,2.227238036173797,-0.7820855770728706,0.7950647983631149,2.527427662680303,0.37467488824026296,-0.012311006193134522,0.3001896265065058,0.4802568527501262
AgTi_residual_mode_p_03_v19_acq,interface_AgTi,AgTi_residual_acquisition_parent_v19,MACE-MP-0b3-medium,new_frozen_CPU_float64_inference,10,480801,Ti,9.67365027,11.73672021,12.52949502,4.155457214565422,-0.9569963442741549,0.006285143263100258,4.029057592817264,-1.5395942312518707,0.48325457603751987,-0.126399621748158,-0.5825978869777158,0.4769694327744196,0.7634769165404598
AgTi_residual_mode_p_03_v19_acq,interface_AgTi,AgTi_residual_acquisition_parent_v19,MACE-MP-0b3-medium,new_frozen_CPU_float64_inference,11,480802,C,10.41266283,9.58775109,13.76894219,0.043603695186977584,1.506855788598918,3.1550711699039717,-0.21451593379862854,1.8778996232868967,3.3064691749664545,-0.25811962898560614,0.37104383468797875,0.1513980050624828,0.4766766472825438
AgTi_residual_mode_p_03_v19_acq,interface_AgTi,AgTi_residual_acquisition_parent_v19,MACE-MP-0b3-medium,new_frozen_CPU_float64_inference,12,480805,C,11.378042781244845,12.994919380987966,13.320308666564738,-2.7504118886254725,-1.6701884179744182,-1.027929095231693,-3.9174113719067103,-1.843094030655078,-0.7341251422347239,-1.1669994832812378,-0.17290561268065985,0.29380395299696915,1.2157733784187725
AgTi_residual_mode_p_03_v19_acq,interface_AgTi,AgTi_residual_acquisition_parent_v19,MACE-MP-0b3-medium,new_frozen_CPU_float64_inference,13,480807,C,11.26779912,14.20441406,10.34350882,1.0154136966914793,0.4114700807141782,-0.46666413397532225,1.1030965451082593,0.4923448640655231,-0.3944784986087442,0.08768284841677998,0.0808747833513449,0.07218563536657807,0.1394266059325965
AgTi_residual_mode_p_03_v19_acq,interface_AgTi,AgTi_residual_acquisition_parent_v19,MACE-MP-0b3-medium,new_frozen_CPU_float64_inference,14,480810,Ti,10.6327788,14.68120764,12.23793466,-1.4756802116520777,-0.1312814731232844,-0.8425543283331812,-0.8450883376255361,-0.6216172268461849,-0.7451106425811806,0.6305918740265416,-0.4903357537229005,0.09744368575200058,0.804717674007627
AgTi_residual_mode_p_03_v19_acq,interface_AgTi,AgTi_residual_acquisition_parent_v19,MACE-MP-0b3-medium,new_frozen_CPU_float64_inference,15,480811,Ti,11.15181567,17.42898892,11.87855887,-0.06683380682255285,0.46526125050791944,-1.3325495732073567,-0.474058643863026,0.6926023917852184,-2.236964129330275,-0.40722483704047313,0.22734114127729899,-0.9044145561229182,1.017586237990137
AgTi_residual_mode_p_03_v19_acq,interface_AgTi,AgTi_residual_acquisition_parent_v19,MACE-MP-0b3-medium,new_frozen_CPU_float64_inference,16,480812,Ti,10.57490139,16.47263116,14.34546801,1.2468989824546455,-0.25072379615084023,-0.11423674497724395,1.8552514584351516,-0.17331046459456856,-0.14974301957280856,0.6083524759805061,0.07741333155627167,-0.0355062745955646,0.6142851572925306
AgTi_residual_mode_p_03_v19_acq,interface_AgTi,AgTi_residual_acquisition_parent_v19,MACE-MP-0b3-medium,new_frozen_CPU_float64_inference,17,480813,C,11.98467917,18.76062403,12.89743879,0.5862342272783145,-0.8661203893042976,1.044580318485858,0.4832284546416697,-0.3096541364170293,1.197399781526797,-0.10300577263664484,0.5564662528872683,0.15281946304093896,0.5861899590431333
AgTi_residual_mode_p_03_v19_acq,interface_AgTi,AgTi_residual_acquisition_parent_v19,MACE-MP-0b3-medium,new_frozen_CPU_float64_inference,18,480974,C,10.74527181,9.34898918,15.9214108,-0.14634381133706517,1.9632792007120172,-3.783583773242369,0.010688277394783171,1.771098259642835,-4.653163342965737,0.15703208873184835,-0.19218094106918215,-0.8695795697233679,0.9043015089459938
AgTi_residual_mode_p_03_v19_acq,interface_AgTi,AgTi_residual_acquisition_parent_v19,MACE-MP-0b3-medium,new_frozen_CPU_float64_inference,19,480975,C,10.58950093,11.90905331,16.64358691,-0.20704391718076023,1.439171500468152,-2.033381498592873,-0.08896884094667687,1.7012079566411769,-1.4419546814286233,0.11807507623408336,0.26203645617302485,0.5914268171642498,0.657564071442804
AgTi_residual_mode_p_03_v19_acq,interface_AgTi,AgTi_residual_acquisition_parent_v19,MACE-MP-0b3-medium,new_frozen_CPU_float64_inference,20,480980,Ti,9.9301422,13.54071165,15.2864861,2.0855257325059613,-2.0665478047329517,0.07767719048662668,2.5967320638177753,-2.760511742908915,-0.32498847739767445,0.511206331311814,-0.6939639381759632,-0.40266566788430114,0.9513451007676902
AgTi_residual_mode_p_03_v19_acq,interface_AgTi,AgTi_residual_acquisition_parent_v19,MACE-MP-0b3-medium,new_frozen_CPU_float64_inference,21,682693,Ag,13.67921387,12.13477149,14.08448967,0.7562052468329257,-1.933769595825677,0.010307359975373725,0.9536803185023266,-1.8928355228991243,0.04132635207677843,0.19747507166940093,0.04093407292655282,0.031018992101404703,0.20404455427229218
AgTi_residual_mode_p_03_v19_acq,interface_AgTi,AgTi_residual_acquisition_parent_v19,MACE-MP-0b3-medium,new_frozen_CPU_float64_inference,22,685396,Ag,19.77103991,16.2617268,16.14325276,-0.3681262742641816,-0.11731867030595124,-0.12509961326020755,-0.30762853404245644,-0.20966393389194835,-0.23824455287941426,0.06049774022172516,-0.09234526358599711,-0.11314493961920671,0.15808036449899956
AgTi_residual_mode_p_03_v19_acq,interface_AgTi,AgTi_residual_acquisition_parent_v19,MACE-MP-0b3-medium,new_frozen_CPU_float64_inference,23,685467,Ag,17.73061775,16.24744124,14.08084112,0.07012279738450013,0.3647235389107597,-0.17094769772777166,0.09599043541985121,0.4779175945362093,-0.37868201916492683,0.02586763803535108,0.1131940556254496,-0.20773432143715517,0.23798230444598317
AgTi_residual_mode_p_03_v19_acq,interface_AgTi,AgTi_residual_acquisition_parent_v19,MACE-MP-0b3-medium,new_frozen_CPU_float64_inference,24,686309,Ag,15.7202855,12.12319346,16.1366031,-0.2248291903121179,-0.21972268143264984,0.3611320388223989,-0.24156995848562438,-0.11906650412530029,0.3682980868024751,-0.016740768173506476,0.10065617730734955,0.007166047980076196,0.10229013438655964
AgTi_residual_mode_p_03_v19_acq,interface_AgTi,AgTi_residual_acquisition_parent_v19,MACE-MP-0b3-medium,new_frozen_CPU_float64_inference,25,686324,Ag,17.74075717,14.19811487,16.15267925,0.34073549392674585,-0.06790243043964476,0.22277238305814095,0.434266693420865,-0.16174419996182604,0.33776969160054493,0.09353119949411914,-0.09384176952218128,0.11499730854240398,0.1754387185254719
AgTi_residual_mode_p_03_v19_acq,interface_AgTi,AgTi_residual_acquisition_parent_v19,MACE-MP-0b3-medium,new_frozen_CPU_float64_inference,26,686418,Ag,15.70543632,10.08047407,14.08505358,0.033125691486622894,0.011145302463423561,0.02482247189981281,-0.08369488961899219,0.05897852307408174,-0.04364593091523376,-0.11682058110561508,0.04783322061065818,-0.06846840281504657,0.14360705883724853
AgTi_residual_mode_p_03_v19_acq,interface_AgTi,AgTi_residual_acquisition_parent_v19,MACE-MP-0b3-medium,new_frozen_CPU_float64_inference,27,686622,Ag,19.76799971,14.20431639,14.08329543,-0.37127646297387734,0.16124570892929635,0.15178136315228946,-0.339858054037923,0.16339242304147983,0.2239743304521309,0.03141840893595432,0.0021467141121834787,0.07219296729984143,0.07876261377774531
AgTi_residual_mode_p_03_v19_acq,interface_AgTi,AgTi_residual_acquisition_parent_v19,MACE-MP-0b3-medium,new_frozen_CPU_float64_inference,28,686899,Ag,17.73987145,16.24230202,18.18247801,-0.13675609191900492,0.01235029681232959,-0.23167668611714962,-0.0640479537766797,-0.015480354527387094,-0.1463191430064008,0.07270813814232523,-0.027830651339716683,0.08535754311074881,0.11552890838235971
AgTi_residual_mode_p_03_v19_acq,interface_AgTi,AgTi_residual_acquisition_parent_v19,MACE-MP-0b3-medium,new_frozen_CPU_float64_inference,29,687243,Ag,17.73652607,10.09177748,16.14439265,-0.28553682179290535,0.35685133801731433,-0.16971136401806255,-0.23904639945907014,0.36927257168893046,-0.08690635693175025,0.04649042233383521,0.012421233671616128,0.0828050070863123,0.09577220689358414
AgTi_residual_mode_p_03_v19_acq,interface_AgTi,AgTi_residual_acquisition_parent_v19,MACE-MP-0b3-medium,new_frozen_CPU_float64_inference,30,687247,Ag,15.81257904,14.17927572,14.09960194,-0.8330187623448879,0.28453441627694775,-0.07035877664727126,-0.9735899199616792,0.1578820903721161,-0.2220474708903226,-0.1405711576167913,-0.12665232590483166,-0.15168869424305131,0.24250880802970926
AgTi_residual_mode_p_03_v19_acq,interface_AgTi,AgTi_residual_acquisition_parent_v19,MACE-MP-0b3-medium,new_frozen_CPU_float64_inference,31,688096,Ag,15.72219692,16.25137911,16.15723208,-0.44054000774716634,0.21764430519558048,-0.19451742521347412,-0.5944068282645649,0.28379238825594016,-0.09417298628015774,-0.15386682051739858,0.06614808306035969,0.10034443893331638,0.19524234626109074
AgTi_residual_mode_p_03_v19_acq,interface_AgTi,AgTi_residual_acquisition_parent_v19,MACE-MP-0b3-medium,new_frozen_CPU_float64_inference,32,688280,Ag,17.75172922,10.08253321,12.04485225,-0.2943056713845923,0.4537309423701793,0.09250147755524318,-0.33348067663993924,0.521677921051466,0.06955987968100832,-0.03917500525534695,0.06794697868128674,-0.02294159787423486,0.08171774508449675
AgTi_residual_mode_p_03_v19_acq,interface_AgTi,AgTi_residual_acquisition_parent_v19,MACE-MP-0b3-medium,new_frozen_CPU_float64_inference,33,688689,Ag,15.70875603,14.18728606,18.1971362,-0.1784218844837365,-0.10242208735596275,-0.09282306645644887,-0.016214145860300407,-0.17508254588581326,-0.030907359884006877,0.1622077386234361,-0.07266045852985051,0.061915706572442,0.1882138343041282
AgTi_residual_mode_p_03_v19_acq,interface_AgTi,AgTi_residual_acquisition_parent_v19,MACE-MP-0b3-medium,new_frozen_CPU_float64_inference,34,688707,Ag,17.712738,18.29581139,16.15000652,-0.07859480256157891,-0.2449278536476255,-0.02668992750561867,0.029567820194522643,-0.22899676271002517,-0.006774923465145868,0.10816262275610156,0.01593109093760034,0.019915004040472802,0.11112857420966435
AgTi_residual_mode_p_03_v19_acq,interface_AgTi,AgTi_residual_acquisition_parent_v19,MACE-MP-0b3-medium,new_frozen_CPU_float64_inference,35,689682,Ag,17.75143735,12.13238003,14.0878443,0.3050224129727953,-0.2662928181200613,-0.04866965159309334,0.3925411644194843,-0.2946139276390327,-0.041491067637779405,0.08751875144668897,-0.028321109518971432,0.007178583955313934,0.09226672838448531
AgTi_residual_mode_p_03_v19_acq,interface_AgTi,AgTi_residual_acquisition_parent_v19,MACE-MP-0b3-medium,new_frozen_CPU_float64_inference,36,690927,Ag,13.68170587,16.2417647,18.17151177,-0.0004991861528311242,-0.3295914579154571,-0.21928439011220002,0.021043678284316948,-0.15344237337513503,-0.2837859467251328,0.021542864437148073,0.17614908454032205,-0.06450155661293278,0.18882014139927508
AgTi_residual_mode_p_03_v19_acq,interface_AgTi,AgTi_residual_acquisition_parent_v19,MACE-MP-0b3-medium,new_frozen_CPU_float64_inference,37,691757,Ag,15.70634649,18.29577674,18.20004601,0.09716898021195627,-0.31443345837986686,-0.2890620277462486,-0.12933538806251346,-0.2763334333212396,-0.42547752391217847,-0.22650436827446974,0.03810002505862725,-0.13641549616592985,0.2671423372494174
AgTi_residual_mode_p_03_v19_acq,interface_AgTi,AgTi_residual_acquisition_parent_v19,MACE-MP-0b3-medium,new_frozen_CPU_float64_inference,38,694331,Ag,13.67617624,12.15798587,18.19172182,-0.05384434356177934,0.25730509184590383,-0.4949732038616672,-0.17389885796973106,0.20939635036377255,-0.5891129165082649,-0.12005451440795173,-0.047908741482131284,-0.0941397126465977,0.1599081593831746
AgTi_residual_mode_p_03_v19_acq,interface_AgTi,AgTi_residual_acquisition_parent_v19,MACE-MP-0b3-medium,new_frozen_CPU_float64_inference,39,696686,Ag,17.73960348,12.13172895,18.18219469,-0.273658595304811,0.16154008703302505,-0.4360974235098676,-0.3035474433495465,0.14910618993497865,-0.4483018516772297,-0.02988884804473546,-0.012433897098046404,-0.012204428167362114,0.03459614286851058
AgTi_residual_mode_p_03_v19_acq,interface_AgTi,AgTi_residual_acquisition_parent_v19,MACE-MP-0b3-medium,new_frozen_CPU_float64_inference,40,700223,Ag,13.67664715,10.08304979,16.15300997,-0.48095421722229753,0.28313744269978014,-0.2258652859581731,-0.5668573792411387,0.3098981424948034,-0.09904637710887502,-0.08590316201884113,0.02676069979502327,0.12681890884929808,0.1554944498690587
AgTi_residual_mode_p_03_v19_acq,interface_AgTi,AgTi_residual_acquisition_parent_v19,MACE-MP-0b3-medium,new_frozen_CPU_float64_inference,41,701905,Ag,11.65662076,14.18813182,18.20237906,0.17728341077785043,-0.3746771538790882,-0.7940310743891542,-0.03926328386429055,-0.48674335677595604,-0.9615457527536806,-0.216546694642141,-0.11206620289686786,-0.16751467836452638,0.2958250703705305
AgTi_residual_mode_p_03_v19_acq,interface_AgTi,AgTi_residual_acquisition_parent_v19,MACE-MP-0b3-medium,new_frozen_CPU_float64_inference,42,703736,Ag,17.72145846,18.29982138,12.03659182,-0.22250497993762064,-0.5436441534903689,0.3896391484333239,-0.45163588394131726,-0.7653094375600191,0.36152567807274893,-0.22913090400369662,-0.22166528406965025,-0.028113470360574988,0.32004192935761544
AgTi_residual_mode_p_03_v19_acq,interface_AgTi,AgTi_residual_acquisition_parent_v19,MACE-MP-0b3-medium,new_frozen_CPU_float64_inference,43,704767,Ag,15.70366532,16.25436369,12.04745982,0.02694112008311277,-0.08649915180266801,-0.42885553467742316,0.11673991311978153,0.2720276777575196,-0.146931774115706,0.08979879303666877,0.35852682956018767,0.2819237605617172,0.464850855129452
AgTi_residual_mode_p_03_v19_acq,interface_AgTi,AgTi_residual_acquisition_parent_v19,MACE-MP-0b3-medium,new_frozen_CPU_float64_inference,44,716228,Ag,17.74398153,14.1868669,12.02973371,-0.04930293882360101,0.04878604827974879,-0.7052818221657382,-0.09740597017684899,0.07252716220785049,-0.6146504594397114,-0.04810303135324798,0.0237411139281017,0.09063136272602679,0.105316599002699
AgTi_residual_mode_p_03_v19_acq,interface_AgTi,AgTi_residual_acquisition_parent_v19,MACE-MP-0b3-medium,new_frozen_CPU_float64_inference,45,720990,Ag,15.71598282,12.15285569,12.02298661,-0.42030175955232596,-0.05192245645957163,-0.5320031444143224,-0.24193226690506148,-0.032526776954844225,-0.6850955591601975,0.17836949264726448,0.019395679504727405,-0.1530924147458751,0.23585833829529046
AgTi_residual_mode_p_03_v19_acq,interface_AgTi,AgTi_residual_acquisition_parent_v19,MACE-MP-0b3-medium,new_frozen_CPU_float64_inference,46,721910,Ag,13.6757628,18.30103246,16.12750949,-0.010872881672398508,-0.19689223992842633,0.6284262175198003,0.17006642213263778,-0.15743762560744376,0.7430772376656426,0.18093930380503628,0.03945461432098257,0.11465102014584228,0.21780852754920096
AgTi_residual_mode_p_03_v19_acq,interface_AgTi,AgTi_residual_acquisition_parent_v19,MACE-MP-0b3-medium,new_frozen_CPU_float64_inference,47,728014,Ag,17.74565333,12.13660568,9.97615916,-0.3963519541893496,0.6899189043933391,0.3173329174831032,-0.40847934777765643,0.46291991762946827,0.4070855149919494,-0.012127393588306834,-0.22699898676387087,0.08975259750884618,0.24439955488227608
AgTi_residual_mode_p_03_v19_acq,interface_AgTi,AgTi_residual_acquisition_parent_v19,MACE-MP-0b3-medium,new_frozen_CPU_float64_inference,48,741114,Ag,13.67551906,10.08412807,12.01790751,-0.0832386202590896,0.3793176507475354,0.14594172225032798,-0.1684850709603066,0.5866690876016132,0.07641173496589235,-0.085246450701217,0.2073514368540778,-0.06952998728443563,0.23472536048407597
AgTi_residual_mode_p_03_v19_acq,interface_AgTi,AgTi_residual_acquisition_parent_v19,V18,new_frozen_CPU_float64_inference,0,478831,C,13.89902107,12.90667166,9.57093308,-1.7038744770331824,2.5374349037107953,0.27827200981522465,-1.6865552982838135,2.457969691045511,0.2585571458863987,0.017319178749368946,-0.07946521266528439,-0.019714863928825932,0.08368601935941027
AgTi_residual_mode_p_03_v19_acq,interface_AgTi,AgTi_residual_acquisition_parent_v19,V18,new_frozen_CPU_float64_inference,1,478840,Ti,12.62304525,14.70227784,8.74620905,1.33080579648886,-0.886428742468322,3.9292005872369486,1.3618783625985884,-0.8776093344147484,3.9441690253590065,0.031072566109728417,0.008819408053573619,0.014968438122057837,0.03559972560108794
AgTi_residual_mode_p_03_v19_acq,interface_AgTi,AgTi_residual_acquisition_parent_v19,V18,new_frozen_CPU_float64_inference,2,478841,Si,16.74663914,14.99666412,9.05588053,-0.722731000990701,-0.9031661719899426,1.3909320004473251,-0.7298973712265,-0.8909717236257786,1.3514181441801139,-0.0071663702357990244,0.012194448364164057,-0.03951385626721127,0.04196911090753104
AgTi_residual_mode_p_03_v19_acq,interface_AgTi,AgTi_residual_acquisition_parent_v19,V18,new_frozen_CPU_float64_inference,3,478844,C,13.77615718,16.7665983,9.46205532,-3.9604129157572223,0.20923779247091487,0.8062108587997918,-3.9590903709335503,0.2177563843643598,0.7399253022807377,0.0013225448236720005,0.008518591893444921,-0.0662855565190541,0.06684377709030515
AgTi_residual_mode_p_03_v19_acq,interface_AgTi,AgTi_residual_acquisition_parent_v19,V18,new_frozen_CPU_float64_inference,4,479021,Ti,12.49439364,12.82858132,11.26096292,0.9349076536753341,-1.148106275025516,-1.4566211264142694,0.7775013844172387,-1.2085685082180042,-1.4678319124346402,-0.15740626925809542,-0.060462233192488224,-0.011210786020370733,0.16899141092839423
AgTi_residual_mode_p_03_v19_acq,interface_AgTi,AgTi_residual_acquisition_parent_v19,V18,new_frozen_CPU_float64_inference,5,479027,Ti,12.567875288755154,14.264527409012034,13.88402116343526,1.841269016206283,3.1021673219088837,2.9521732431430863,2.188244324238248,3.403661792780842,3.2384070161033875,0.34697530803196486,0.30149447087195824,0.2862337729603013,0.5414984331771684
AgTi_residual_mode_p_03_v19_acq,interface_AgTi,AgTi_residual_acquisition_parent_v19,V18,new_frozen_CPU_float64_inference,6,479028,Ti,13.27333691,17.52276133,13.67525409,-0.05692700503679521,0.389200777072259,-1.1761436874874012,-0.24003287602600357,0.2884978315150518,-1.259876101158865,-0.18310587098920836,-0.10070294555720716,-0.08373241367146389,0.22512210094493965
AgTi_residual_mode_p_03_v19_acq,interface_AgTi,AgTi_residual_acquisition_parent_v19,V18,new_frozen_CPU_float64_inference,7,479030,C,12.1940607,16.00730532,12.98699267,-1.1213165887181626,-0.442079262512878,0.17657724681475065,-1.078251688887059,-0.4530629996375372,0.21871172609478218,0.04306489983110362,-0.01098373712465922,0.04213447928003153,0.061241672273755
AgTi_residual_mode_p_03_v19_acq,interface_AgTi,AgTi_residual_acquisition_parent_v19,V18,new_frozen_CPU_float64_inference,8,479031,C,11.92979276,17.83928667,10.04608242,3.5260646540391787,-2.343408659473457,-0.8951647766902698,3.4761247802773614,-2.332699082874469,-0.8970326777800663,-0.0499398737618173,0.010709576598987969,-0.0018679010897965087,0.05110944214875664
AgTi_residual_mode_p_03_v19_acq,interface_AgTi,AgTi_residual_acquisition_parent_v19,V18,new_frozen_CPU_float64_inference,9,480798,C,11.14030857,11.60980287,10.51944505,-1.1567604653131336,0.8073758045562495,2.227238036173797,-1.1755526549500694,0.7644578904800621,2.1464307020672666,-0.018792189636935852,-0.04291791407618739,-0.08080733410653052,0.0934072747991612
AgTi_residual_mode_p_03_v19_acq,interface_AgTi,AgTi_residual_acquisition_parent_v19,V18,new_frozen_CPU_float64_inference,10,480801,Ti,9.67365027,11.73672021,12.52949502,4.155457214565422,-0.9569963442741549,0.006285143263100258,4.247469986545197,-0.9674787764580208,0.04969583570198044,0.09201277197977564,-0.010482432183865908,0.04341069243888018,0.10227766036586182
AgTi_residual_mode_p_03_v19_acq,interface_AgTi,AgTi_residual_acquisition_parent_v19,V18,new_frozen_CPU_float64_inference,11,480802,C,10.41266283,9.58775109,13.76894219,0.043603695186977584,1.506855788598918,3.1550711699039717,-0.007386096259415623,1.4616765987025224,3.1510238978556178,-0.05098979144639321,-0.04517918989639558,-0.004047272048353978,0.06824586758533174
AgTi_residual_mode_p_03_v19_acq,interface_AgTi,AgTi_residual_acquisition_parent_v19,V18,new_frozen_CPU_float64_inference,12,480805,C,11.378042781244845,12.994919380987966,13.320308666564738,-2.7504118886254725,-1.6701884179744182,-1.027929095231693,-2.975569391081825,-1.9499754197754364,-1.231938825192405,-0.22515750245635235,-0.27978700180101823,-0.20400972996071198,0.41303345773415007
AgTi_residual_mode_p_03_v19_acq,interface_AgTi,AgTi_residual_acquisition_parent_v19,V18,new_frozen_CPU_float64_inference,13,480807,C,11.26779912,14.20441406,10.34350882,1.0154136966914793,0.4114700807141782,-0.46666413397532225,0.990306139591818,0.4533582875267029,-0.4402189269225805,-0.025107557099661282,0.0418882068125247,0.026445207052741726,0.055537017110608065
AgTi_residual_mode_p_03_v19_acq,interface_AgTi,AgTi_residual_acquisition_parent_v19,V18,new_frozen_CPU_float64_inference,14,480810,Ti,10.6327788,14.68120764,12.23793466,-1.4756802116520777,-0.1312814731232844,-0.8425543283331812,-1.526036184454547,-0.0749988618547301,-0.9248272802651905,-0.05035597280246917,0.056282611268554286,-0.08227295193200923,0.11167942938472111
AgTi_residual_mode_p_03_v19_acq,interface_AgTi,AgTi_residual_acquisition_parent_v19,V18,new_frozen_CPU_float64_inference,15,480811,Ti,11.15181567,17.42898892,11.87855887,-0.06683380682255285,0.46526125050791944,-1.3325495732073567,0.038912515038607653,0.3888970493459603,-1.2983723314031892,0.10574632186116051,-0.07636420116195913,0.03417724180416748,0.13484012631115727
AgTi_residual_mode_p_03_v19_acq,interface_AgTi,AgTi_residual_acquisition_parent_v19,V18,new_frozen_CPU_float64_inference,16,480812,Ti,10.57490139,16.47263116,14.34546801,1.2468989824546455,-0.25072379615084023,-0.11423674497724395,1.3195163064718316,-0.2918777899024165,-0.17732587490584983,0.07261732401718612,-0.041153993751576246,-0.06308912992860588,0.10462870191429448
AgTi_residual_mode_p_03_v19_acq,interface_AgTi,AgTi_residual_acquisition_parent_v19,V18,new_frozen_CPU_float64_inference,17,480813,C,11.98467917,18.76062403,12.89743879,0.5862342272783145,-0.8661203893042976,1.044580318485858,0.6100354244487847,-0.8804291587696338,1.0496525432777568,0.023801197170470134,-0.014308769465336213,0.005072224791898838,0.02823057446633502
AgTi_residual_mode_p_03_v19_acq,interface_AgTi,AgTi_residual_acquisition_parent_v19,V18,new_frozen_CPU_float64_inference,18,480974,C,10.74527181,9.34898918,15.9214108,-0.14634381133706517,1.9632792007120172,-3.783583773242369,-0.1187754540578908,1.955211440973717,-3.892758949461163,0.027568357279174366,-0.008067759738300317,-0.10917517621879425,0.11289075326470244
AgTi_residual_mode_p_03_v19_acq,interface_AgTi,AgTi_residual_acquisition_parent_v19,V18,new_frozen_CPU_float64_inference,19,480975,C,10.58950093,11.90905331,16.64358691,-0.20704391718076023,1.439171500468152,-2.033381498592873,-0.2935298021853881,1.4774285479819729,-2.0617474900542625,-0.08648588500462787,0.03825704751382086,-0.028365991461389406,0.09873216021690237
AgTi_residual_mode_p_03_v19_acq,interface_AgTi,AgTi_residual_acquisition_parent_v19,V18,new_frozen_CPU_float64_inference,20,480980,Ti,9.9301422,13.54071165,15.2864861,2.0855257325059613,-2.0665478047329517,0.07767719048662668,2.2299590100369744,-2.0854032507150393,0.17463271010879883,0.1444332775310131,-0.01885544598208755,0.09695551962217215,0.17497677642115675
AgTi_residual_mode_p_03_v19_acq,interface_AgTi,AgTi_residual_acquisition_parent_v19,V18,new_frozen_CPU_float64_inference,21,682693,Ag,13.67921387,12.13477149,14.08448967,0.7562052468329257,-1.933769595825677,0.010307359975373725,0.7182944895346202,-1.8002851323748006,0.0030035232048849884,-0.03791075729830551,0.1334844634508765,-0.007303836770488736,0.1389556531173502
AgTi_residual_mode_p_03_v19_acq,interface_AgTi,AgTi_residual_acquisition_parent_v19,V18,new_frozen_CPU_float64_inference,22,685396,Ag,19.77103991,16.2617268,16.14325276,-0.3681262742641816,-0.11731867030595124,-0.12509961326020755,-0.36558682066976383,-0.14291141649913894,-0.17379097560042894,0.002539453594417762,-0.0255927461931877,-0.048691362340221395,0.055066198786677255
AgTi_residual_mode_p_03_v19_acq,interface_AgTi,AgTi_residual_acquisition_parent_v19,V18,new_frozen_CPU_float64_inference,23,685467,Ag,17.73061775,16.24744124,14.08084112,0.07012279738450013,0.3647235389107597,-0.17094769772777166,0.07483350100345147,0.37067955529343566,-0.1740846245966387,0.004710703618951345,0.005956016382675955,-0.003136926868867046,0.008216152987677729
AgTi_residual_mode_p_03_v19_acq,interface_AgTi,AgTi_residual_acquisition_parent_v19,V18,new_frozen_CPU_float64_inference,24,686309,Ag,15.7202855,12.12319346,16.1366031,-0.2248291903121179,-0.21972268143264984,0.3611320388223989,-0.22048834175846205,-0.17917027298728516,0.3234600371889593,0.004340848553655852,0.040552408445364674,-0.03767200163343959,0.055520451222548034
AgTi_residual_mode_p_03_v19_acq,interface_AgTi,AgTi_residual_acquisition_parent_v19,V18,new_frozen_CPU_float64_inference,25,686324,Ag,17.74075717,14.19811487,16.15267925,0.34073549392674585,-0.06790243043964476,0.22277238305814095,0.34733364864395105,-0.07223583510178319,0.24375821544060777,0.006598154717205207,-0.0043334046621384265,0.020985832382466818,0.02242140054552822
AgTi_residual_mode_p_03_v19_acq,interface_AgTi,AgTi_residual_acquisition_parent_v19,V18,new_frozen_CPU_float64_inference,26,686418,Ag,15.70543632,10.08047407,14.08505358,0.033125691486622894,0.011145302463423561,0.02482247189981281,0.0588214828674739,0.06504548018518995,0.041583918315528656,0.025695791380851006,0.05390017772176639,0.016761446415715846,0.06201974636414706
AgTi_residual_mode_p_03_v19_acq,interface_AgTi,AgTi_residual_acquisition_parent_v19,V18,new_frozen_CPU_float64_inference,27,686622,Ag,19.76799971,14.20431639,14.08329543,-0.37127646297387734,0.16124570892929635,0.15178136315228946,-0.3293614285019467,0.17400373276840886,0.17192453957846257,0.04191503447193062,0.012758023839112509,0.02014317642617311,0.04822224428205755
AgTi_residual_mode_p_03_v19_acq,interface_AgTi,AgTi_residual_acquisition_parent_v19,V18,new_frozen_CPU_float64_inference,28,686899,Ag,17.73987145,16.24230202,18.18247801,-0.13675609191900492,0.01235029681232959,-0.23167668611714962,-0.13814177487864854,-0.006983847596193124,-0.21623545646738757,-0.0013856829596436138,-0.019334144408522713,0.01544122964976205,0.024782268467009785
AgTi_residual_mode_p_03_v19_acq,interface_AgTi,AgTi_residual_acquisition_parent_v19,V18,new_frozen_CPU_float64_inference,29,687243,Ag,17.73652607,10.09177748,16.14439265,-0.28553682179290535,0.35685133801731433,-0.16971136401806255,-0.2600912349826855,0.3380404483542938,-0.15069643566684385,0.025445586810219856,-0.018810889663020525,0.019014928351218707,0.03691740725230779
AgTi_residual_mode_p_03_v19_acq,interface_AgTi,AgTi_residual_acquisition_parent_v19,V18,new_frozen_CPU_float64_inference,30,687247,Ag,15.81257904,14.17927572,14.09960194,-0.8330187623448879,0.28453441627694775,-0.07035877664727126,-0.8260781927333068,0.2699643625824893,-0.05805651136348537,0.006940569611581071,-0.014570053694458462,0.01230226528378589,0.02029294710743732
AgTi_residual_mode_p_03_v19_acq,interface_AgTi,AgTi_residual_acquisition_parent_v19,V18,new_frozen_CPU_float64_inference,31,688096,Ag,15.72219692,16.25137911,16.15723208,-0.44054000774716634,0.21764430519558048,-0.19451742521347412,-0.44907761645171296,0.20977882046537955,-0.17267595665466848,-0.008537608704546618,-0.007865484730200933,0.021841468558805643,0.024734719752571882
AgTi_residual_mode_p_03_v19_acq,interface_AgTi,AgTi_residual_acquisition_parent_v19,V18,new_frozen_CPU_float64_inference,32,688280,Ag,17.75172922,10.08253321,12.04485225,-0.2943056713845923,0.4537309423701793,0.09250147755524318,-0.3104918869227092,0.47957960188101456,0.09759112146284758,-0.016186215538116888,0.02584865951083526,0.005089643907604399,0.03092007838055533
AgTi_residual_mode_p_03_v19_acq,interface_AgTi,AgTi_residual_acquisition_parent_v19,V18,new_frozen_CPU_float64_inference,33,688689,Ag,15.70875603,14.18728606,18.1971362,-0.1784218844837365,-0.10242208735596275,-0.09282306645644887,-0.15248530899142457,-0.11048493930970643,-0.08747182003859522,0.02593657549231193,-0.008062851953743677,0.005351246417853658,0.027683052001558205
AgTi_residual_mode_p_03_v19_acq,interface_AgTi,AgTi_residual_acquisition_parent_v19,V18,new_frozen_CPU_float64_inference,34,688707,Ag,17.712738,18.29581139,16.15000652,-0.07859480256157891,-0.2449278536476255,-0.02668992750561867,-0.04998574542391965,-0.2634115305108133,-0.031977525211104564,0.028609057137659266,-0.018483676863187776,-0.0052875977054858934,0.03446858207387788
AgTi_residual_mode_p_03_v19_acq,interface_AgTi,AgTi_residual_acquisition_parent_v19,V18,new_frozen_CPU_float64_inference,35,689682,Ag,17.75143735,12.13238003,14.0878443,0.3050224129727953,-0.2662928181200613,-0.04866965159309334,0.2594345938496851,-0.2761319072752625,-0.04412907593800643,-0.04558781912311022,-0.009839089155201208,0.004540575655086906,0.0468580169777273
AgTi_residual_mode_p_03_v19_acq,interface_AgTi,AgTi_residual_acquisition_parent_v19,V18,new_frozen_CPU_float64_inference,36,690927,Ag,13.68170587,16.2417647,18.17151177,-0.0004991861528311242,-0.3295914579154571,-0.21928439011220002,0.024691757438718848,-0.31788504754874214,-0.2108530171193504,0.025190943591549973,0.011706410366714937,0.008431372992849628,0.029029497640350885
AgTi_residual_mode_p_03_v19_acq,interface_AgTi,AgTi_residual_acquisition_parent_v19,V18,new_frozen_CPU_float64_inference,37,691757,Ag,15.70634649,18.29577674,18.20004601,0.09716898021195627,-0.31443345837986686,-0.2890620277462486,0.06894115909541018,-0.32408561490926047,-0.28958779326519624,-0.028227821116546092,-0.009652156529393607,-0.0005257655189476185,0.0298370648696643
AgTi_residual_mode_p_03_v19_acq,interface_AgTi,AgTi_residual_acquisition_parent_v19,V18,new_frozen_CPU_float64_inference,38,694331,Ag,13.67617624,12.15798587,18.19172182,-0.05384434356177934,0.25730509184590383,-0.4949732038616672,-0.01642877313859306,0.28023708521347057,-0.49852672220058236,0.03741557042318628,0.02293199336756674,-0.0035535183389151515,0.04402759046879062
AgTi_residual_mode_p_03_v19_acq,interface_AgTi,AgTi_residual_acquisition_parent_v19,V18,new_frozen_CPU_float64_inference,39,696686,Ag,17.73960348,12.13172895,18.18219469,-0.273658595304811,0.16154008703302505,-0.4360974235098676,-0.2916682441121151,0.13115086100474485,-0.41765189284430726,-0.0180096488073041,-0.030389226028280203,0.018445530665560317,0.03985084830081361
AgTi_residual_mode_p_03_v19_acq,interface_AgTi,AgTi_residual_acquisition_parent_v19,V18,new_frozen_CPU_float64_inference,40,700223,Ag,13.67664715,10.08304979,16.15300997,-0.48095421722229753,0.28313744269978014,-0.2258652859581731,-0.49314689958253877,0.2912598289492526,-0.1675770789369854,-0.012192682360241236,0.00812238624947248,0.0582882070211877,0.0601011625450639
AgTi_residual_mode_p_03_v19_acq,interface_AgTi,AgTi_residual_acquisition_parent_v19,V18,new_frozen_CPU_float64_inference,41,701905,Ag,11.65662076,14.18813182,18.20237906,0.17728341077785043,-0.3746771538790882,-0.7940310743891542,0.10422569299964501,-0.37151937558018144,-0.8201820992382306,-0.07305771777820541,0.0031577782989067327,-0.026151024849076387,0.07766130176221596
AgTi_residual_mode_p_03_v19_acq,interface_AgTi,AgTi_residual_acquisition_parent_v19,V18,new_frozen_CPU_float64_inference,42,703736,Ag,17.72145846,18.29982138,12.03659182,-0.22250497993762064,-0.5436441534903689,0.3896391484333239,-0.26588774706299695,-0.5086259709381151,0.40131403837699486,-0.04338276712537631,0.03501818255225375,0.01167488994367094,0.056961747233686834
AgTi_residual_mode_p_03_v19_acq,interface_AgTi,AgTi_residual_acquisition_parent_v19,V18,new_frozen_CPU_float64_inference,43,704767,Ag,15.70366532,16.25436369,12.04745982,0.02694112008311277,-0.08649915180266801,-0.42885553467742316,-0.0005299897945628129,-0.09351670690058556,-0.3431218212475874,-0.027471109877675582,-0.007017555097917544,0.08573371342983577,0.09030048491526961
AgTi_residual_mode_p_03_v19_acq,interface_AgTi,AgTi_residual_acquisition_parent_v19,V18,new_frozen_CPU_float64_inference,44,716228,Ag,17.74398153,14.1868669,12.02973371,-0.04930293882360101,0.04878604827974879,-0.7052818221657382,-0.044985541545298144,0.047252307165043715,-0.7281309469760692,0.0043173972783028675,-0.001533741114705077,-0.022849124810330967,0.02330396502022169
AgTi_residual_mode_p_03_v19_acq,interface_AgTi,AgTi_residual_acquisition_parent_v19,V18,new_frozen_CPU_float64_inference,45,720990,Ag,15.71598282,12.15285569,12.02298661,-0.42030175955232596,-0.05192245645957163,-0.5320031444143224,-0.38467774048466274,-0.018683669766790464,-0.561613917229867,0.035624019067663215,0.033238786692781165,-0.029610772815544584,0.05701478353966831
AgTi_residual_mode_p_03_v19_acq,interface_AgTi,AgTi_residual_acquisition_parent_v19,V18,new_frozen_CPU_float64_inference,46,721910,Ag,13.6757628,18.30103246,16.12750949,-0.010872881672398508,-0.19689223992842633,0.6284262175198003,0.04382796060136866,-0.09502454500389491,0.6893337466805111,0.05470084227376717,0.10186769492453142,0.06090752916071074,0.13068640527292724
AgTi_residual_mode_p_03_v19_acq,interface_AgTi,AgTi_residual_acquisition_parent_v19,V18,new_frozen_CPU_float64_inference,47,728014,Ag,17.74565333,12.13660568,9.97615916,-0.3963519541893496,0.6899189043933391,0.3173329174831032,-0.4301105586234206,0.6707592402777829,0.35808252787269046,-0.03375860443407103,-0.019159664115556252,0.04074961038958724,0.056278475896742
AgTi_residual_mode_p_03_v19_acq,interface_AgTi,AgTi_residual_acquisition_parent_v19,V18,new_frozen_CPU_float64_inference,48,741114,Ag,13.67551906,10.08412807,12.01790751,-0.0832386202590896,0.3793176507475354,0.14594172225032798,-0.12045148569414423,0.3973638796911592,0.14561832313621265,-0.03721286543505463,0.018046228943623843,-0.0003233991141153303,0.041359017395970386
AgSi_rigid_Ag_z_m020_k6x6x1_sigma0p10_dipoleXY_v19,AgSi_slab_rigid_Ag_minus020,AgSi_rigid_gap_parent_A_v19,MACE-MP-0b3-medium,new_frozen_CPU_float64_inference,0,19101000,Ti,0.0,0.0,15.3882515,0.0007586375749365794,-0.0003996434136339281,0.1597270401577766,5.758706120150107e-07,-5.568222924273725e-07,-0.06674915706593632,-0.0007580617043245644,0.0003990865913415007,-0.22647619722371293,0.22647781753754398
AgSi_rigid_Ag_z_m020_k6x6x1_sigma0p10_dipoleXY_v19,AgSi_slab_rigid_Ag_minus020,AgSi_rigid_gap_parent_A_v19,MACE-MP-0b3-medium,new_frozen_CPU_float64_inference,1,19101001,Ti,0.0,0.0,24.2000015,0.0007209700537481709,-0.0014257278548626964,-0.02499659289703475,0.006070718729945126,0.0038896884504294503,-0.027436801946803136,0.005349748676196956,0.0053154163052921465,-0.002440209049768386,0.007926416693790973
AgSi_rigid_Ag_z_m020_k6x6x1_sigma0p10_dipoleXY_v19,AgSi_slab_rigid_Ag_minus020,AgSi_rigid_gap_parent_A_v19,MACE-MP-0b3-medium,new_frozen_CPU_float64_inference,2,19101002,Ti,1.52876529,0.8826154,17.77623575,0.00022497929831602714,-4.79694887875331e-05,-0.2552029135190009,-0.00022992610123093453,0.0001103669831566908,-0.04090010025001614,-0.0004549053995469617,0.0001583364719442239,0.21430281326898473,0.21430335458028235
AgSi_rigid_Ag_z_m020_k6x6x1_sigma0p10_dipoleXY_v19,AgSi_slab_rigid_Ag_minus020,AgSi_rigid_gap_parent_A_v19,MACE-MP-0b3-medium,new_frozen_CPU_float64_inference,3,19101003,Ti,0.0,1.7652308,26.58798575,0.013071242633254489,0.009979495716950114,-0.04891268281554763,-0.00034892246502466005,0.007416128011021578,0.04816282060617405,-0.01342016509827915,-0.0025633677059285357,0.09707550342172168,0.09803226535096271
AgSi_rigid_Ag_z_m020_k6x6x1_sigma0p10_dipoleXY_v19,AgSi_slab_rigid_Ag_minus020,AgSi_rigid_gap_parent_A_v19,MACE-MP-0b3-medium,new_frozen_CPU_float64_inference,4,19101004,Ti,1.52875,0.88264188,21.81201725,-5.779535149151848e-05,-0.001494917032134341,0.016377202349961546,0.00036749191942711166,0.0001192534453240933,0.12251139655245,0.00042528727091863014,0.0016141704774584344,0.10613419420248846,0.10614732024222108
AgSi_rigid_Ag_z_m020_k6x6x1_sigma0p10_dipoleXY_v19,AgSi_slab_rigid_Ag_minus020,AgSi_rigid_gap_parent_A_v19,MACE-MP-0b3-medium,new_frozen_CPU_float64_inference,5,19101005,Ti,-1.529e-05,1.76525727,13.00026725,0.000607853515890449,-0.0005724710865697107,0.5511771916497696,0.00021321123245575656,-0.00012290795255978735,0.7693065085573425,-0.0003946422834346924,0.0004495631340099233,0.21812931690757287,0.2181301371752828
AgSi_rigid_Ag_z_m020_k6x6x1_sigma0p10_dipoleXY_v19,AgSi_slab_rigid_Ag_minus020,AgSi_rigid_gap_parent_A_v19,MACE-MP-0b3-medium,new_frozen_CPU_float64_inference,6,19101006,Si,0.0,0.0,19.7941265,0.0009270725067836472,-0.00029174119050968294,0.07276605148590996,0.00015553339340232126,8.015626273348769e-05,0.0013143558073441105,-0.0007715391133813259,0.00037189745324317064,-0.07145169567856585,0.07145682889452619
AgSi_rigid_Ag_z_m020_k6x6x1_sigma0p10_dipoleXY_v19,AgSi_slab_rigid_Ag_minus020,AgSi_rigid_gap_parent_A_v19,MACE-MP-0b3-medium,new_frozen_CPU_float64_inference,7,19101007,Si,0.0,0.0,28.6058765,-0.044279597306335516,-0.04083922531041824,0.6033686885731726,0.04038543091808788,0.01841147793040787,0.7292871054698653,0.0846650282244234,0.05925070324082611,0.1259184168966927,0.1628934024217806
AgSi_rigid_Ag_z_m020_k6x6x1_sigma0p10_dipoleXY_v19,AgSi_slab_rigid_Ag_minus020,AgSi_rigid_gap_parent_A_v19,MACE-MP-0b3-medium,new_frozen_CPU_float64_inference,8,19101008,C,-1.529e-05,1.76525727,16.6606682,-0.001369675061509473,0.0008273567210642034,0.17111456753081228,0.0002827344467540742,-0.00016372513186857464,0.17743862470553226,0.0016524095082635472,-0.000991081852932778,0.0063240571747199825,0.0066110815734900545
AgSi_rigid_Ag_z_m020_k6x6x1_sigma0p10_dipoleXY_v19,AgSi_slab_rigid_Ag_minus020,AgSi_rigid_gap_parent_A_v19,MACE-MP-0b3-medium,new_frozen_CPU_float64_inference,9,19101009,C,1.52875,0.88264188,25.4724182,-0.004423791714828336,-0.0038075988831429465,0.09224392051998348,-0.0033103253391046877,-0.0011491354409367926,0.3074322860991867,0.0011134663757236484,0.002658463442206154,0.21518836557920323,0.21520766695425197
AgSi_rigid_Ag_z_m020_k6x6x1_sigma0p10_dipoleXY_v19,AgSi_slab_rigid_Ag_minus020,AgSi_rigid_gap_parent_A_v19,MACE-MP-0b3-medium,new_frozen_CPU_float64_inference,10,19101010,C,0.0,1.7652308,22.9275848,-0.000594082600813206,0.0024994862827271433,-0.09895605537787827,-0.0007945739623132508,-7.329601568571579e-05,-0.13258439609733258,-0.00020049136150004476,-0.002572782298412859,-0.03362834071945431,0.033727210158635584
AgSi_rigid_Ag_z_m020_k6x6x1_sigma0p10_dipoleXY_v19,AgSi_slab_rigid_Ag_minus020,AgSi_rigid_gap_parent_A_v19,MACE-MP-0b3-medium,new_frozen_CPU_float64_inference,11,19101011,C,1.52876529,0.8826154,14.1158348,-0.0007040108050550766,0.00048416229501930635,-0.8959152705691605,-0.0003017254105543163,0.00017406912353304995,-1.042484257392686,0.00040228539450076024,-0.0003100931714862564,-0.14656898682352548,0.14656986692287202
AgSi_rigid_Ag_z_m020_k6x6x1_sigma0p10_dipoleXY_v19,AgSi_slab_rigid_Ag_minus020,AgSi_rigid_gap_parent_A_v19,MACE-MP-0b3-medium,new_frozen_CPU_float64_inference,12,19101012,Ti,-1.52875,2.64787267,15.3882515,0.0007585735994691558,-0.0003990656664995819,0.15972965643209064,5.758702118551038e-07,-5.035777022230868e-07,-0.06674917123708954,-0.0007579977292573007,0.0003985620887973588,-0.22647882766918018,0.22648044682643664
AgSi_rigid_Ag_z_m020_k6x6x1_sigma0p10_dipoleXY_v19,AgSi_slab_rigid_Ag_minus020,AgSi_rigid_gap_parent_A_v19,MACE-MP-0b3-medium,new_frozen_CPU_float64_inference,13,19101013,Ti,-1.52875,2.64787267,24.2000015,0.0007213424219604908,-0.0014252155846251476,-0.024998287619867776,0.006070718737627573,0.0038897222869430006,-0.027436799706824836,0.005349376315667082,0.005314937871568148,-0.00243851208695706,0.00792532224855778
AgSi_rigid_Ag_z_m020_k6x6x1_sigma0p10_dipoleXY_v19,AgSi_slab_rigid_Ag_minus020,AgSi_rigid_gap_parent_A_v19,MACE-MP-0b3-medium,new_frozen_CPU_float64_inference,14,19101014,Ti,1.529e-05,3.53048807,17.77623575,0.00022414610134539152,-4.7286870512973576e-05,-0.25520353637562365,-0.00022992609738181494,0.00011040467270631549,-0.04090012617563846,-0.0004540721987272065,0.00015769154321928905,0.2143034101999852,0.21430394926722088
AgSi_rigid_Ag_z_m020_k6x6x1_sigma0p10_dipoleXY_v19,AgSi_slab_rigid_Ag_minus020,AgSi_rigid_gap_parent_A_v19,MACE-MP-0b3-medium,new_frozen_CPU_float64_inference,15,19101015,Ti,-1.52875,4.41310347,26.58798575,0.013070386137132295,0.009978328330949872,-0.04891180146933892,-0.0003489225477504368,0.007416163907233239,0.04816281330116795,-0.013419308684882732,-0.0025621644237166325,0.09707461477050687,0.09803123667972694
AgSi_rigid_Ag_z_m020_k6x6x1_sigma0p10_dipoleXY_v19,AgSi_slab_rigid_Ag_minus020,AgSi_rigid_gap_parent_A_v19,MACE-MP-0b3-medium,new_frozen_CPU_float64_inference,16,19101016,Ti,0.0,3.53051455,21.81201725,-5.804912674346106e-05,-0.0014946012917790882,0.0163765900380564,0.0003674919163852957,0.00011929648018693716,0.12251139157830503,0.0004255410431287568,0.0016138977719660254,0.10613480154024862,0.10614792437530611
AgSi_rigid_Ag_z_m020_k6x6x1_sigma0p10_dipoleXY_v19,AgSi_slab_rigid_Ag_minus020,AgSi_rigid_gap_parent_A_v19,MACE-MP-0b3-medium,new_frozen_CPU_float64_inference,17,19101017,Ti,-1.52876529,4.41312995,13.00026725,0.0006089759630957236,-0.0005749748797323552,0.5511802127355273,0.0002132112272224783,-0.00012304932655989465,0.769306530010893,-0.0003957647358732453,0.0004519255531724606,0.2181263172753657,0.21812714446979145
AgSi_rigid_Ag_z_m020_k6x6x1_sigma0p10_dipoleXY_v19,AgSi_slab_rigid_Ag_minus020,AgSi_rigid_gap_parent_A_v19,MACE-MP-0b3-medium,new_frozen_CPU_float64_inference,18,19101018,Si,-1.52875,2.64787267,19.7941265,0.0009260812656532183,-0.00029135115768002764,0.0727647816997723,0.00015553339262557654,8.016110838626183e-05,0.001314349676229929,-0.0007705478730276418,0.0003715122660662895,-0.07145043202354237,0.07145555263056408
AgSi_rigid_Ag_z_m020_k6x6x1_sigma0p10_dipoleXY_v19,AgSi_slab_rigid_Ag_minus020,AgSi_rigid_gap_parent_A_v19,MACE-MP-0b3-medium,new_frozen_CPU_float64_inference,19,19101019,Si,-1.52875,2.64787267,28.6058765,-0.0442794033607561,-0.04083963703512723,0.6033688292614426,0.040385430734768475,0.01841147562945457,0.729287107892516,0.08466483409552458,0.0592511126645818,0.1259182786310734,0.16289334356512641
AgSi_rigid_Ag_z_m020_k6x6x1_sigma0p10_dipoleXY_v19,AgSi_slab_rigid_Ag_minus020,AgSi_rigid_gap_parent_A_v19,MACE-MP-0b3-medium,new_frozen_CPU_float64_inference,20,19101020,C,-1.52876529,4.41312995,16.6606682,-0.0013694078194070984,0.0008275112293224442,0.1711127144024047,0.00028273444258386017,-0.00016386717283879134,0.17743863086561892,0.0016521422619909585,-0.0009913784021612355,0.006325916463214232,0.006612837839361647
AgSi_rigid_Ag_z_m020_k6x6x1_sigma0p10_dipoleXY_v19,AgSi_slab_rigid_Ag_minus020,AgSi_rigid_gap_parent_A_v19,MACE-MP-0b3-medium,new_frozen_CPU_float64_inference,21,19101021,C,0.0,3.53051455,25.4724182,-0.004424672996316291,-0.003809499811436084,0.09224382052551733,-0.0033103253293499347,-0.0011490913798985066,0.3074322819676809,0.0011143476669663562,0.0026604084315375778,0.21518846144216358,0.21520779140540194
AgSi_rigid_Ag_z_m020_k6x6x1_sigma0p10_dipoleXY_v19,AgSi_slab_rigid_Ag_minus020,AgSi_rigid_gap_parent_A_v19,MACE-MP-0b3-medium,new_frozen_CPU_float64_inference,22,19101022,C,-1.52875,4.41310347,22.9275848,-0.0005952697425275959,0.0024991184023615645,-0.09895614604741189,-0.0007945739565152979,-7.325494834281012e-05,-0.13258440230920865,-0.000199304213987702,-0.0025723733507043746,-0.03362825626179676,0.0337270877194311
AgSi_rigid_Ag_z_m020_k6x6x1_sigma0p10_dipoleXY_v19,AgSi_slab_rigid_Ag_minus020,AgSi_rigid_gap_parent_A_v19,MACE-MP-0b3-medium,new_frozen_CPU_float64_inference,23,19101023,C,1.529e-05,3.53048807,14.1158348,-0.0006992098396304359,0.0004813760919342261,-0.8959116087614711,-0.0003017254048669448,0.00017409617441932536,-1.0424842830004517,0.00039748443476349114,-0.0003072799175149008,-0.14657267423898057,0.14657353529334655
AgSi_rigid_Ag_z_m020_k6x6x1_sigma0p10_dipoleXY_v19,AgSi_slab_rigid_Ag_minus020,AgSi_rigid_gap_parent_A_v19,MACE-MP-0b3-medium,new_frozen_CPU_float64_inference,24,19101024,Ti,3.0575,0.0,15.3882515,0.0007515205395735943,-0.0004019607494122414,0.15973045893627125,5.758706125534585e-07,-5.568222920018096e-07,-0.06674915706593479,-0.0007509446689610409,0.00040140392712023957,-0.22647961600220604,0.22648121667704643
AgSi_rigid_Ag_z_m020_k6x6x1_sigma0p10_dipoleXY_v19,AgSi_slab_rigid_Ag_minus020,AgSi_rigid_gap_parent_A_v19,MACE-MP-0b3-medium,new_frozen_CPU_float64_inference,25,19101025,Ti,3.0575,0.0,24.2000015,0.0007213852855001279,-0.0014260315118989019,-0.024997196675093727,0.00607071872994505,0.0038896884504281194,-0.027436801946806942,0.005349333444444922,0.005315719962327021,-0.0024396052717132154,0.007926154231372858
AgSi_rigid_Ag_z_m020_k6x6x1_sigma0p10_dipoleXY_v19,AgSi_slab_rigid_Ag_minus020,AgSi_rigid_gap_parent_A_v19,MACE-MP-0b3-medium,new_frozen_CPU_float64_inference,26,19101026,Ti,4.58626529,0.8826154,17.77623575,0.00022585262515039905,-4.790288104885062e-05,-0.2552020263333843,-0.0002299261012318019,0.00011036698315636988,-0.04090010025001056,-0.0004557787263822009,0.0001582698642052205,0.21430192608337373,0.2143024692033228
AgSi_rigid_Ag_z_m020_k6x6x1_sigma0p10_dipoleXY_v19,AgSi_slab_rigid_Ag_minus020,AgSi_rigid_gap_parent_A_v19,MACE-MP-0b3-medium,new_frozen_CPU_float64_inference,27,19101027,Ti,3.0575,1.7652308,26.58798575,0.0130703623529648,0.009979117489933137,-0.04891293323309101,-0.00034892246502461364,0.007416128011020644,0.04816282060617255,-0.013419284817989414,-0.002562989478912493,0.09707575383926356,0.09803238293317484
AgSi_rigid_Ag_z_m020_k6x6x1_sigma0p10_dipoleXY_v19,AgSi_slab_rigid_Ag_minus020,AgSi_rigid_gap_parent_A_v19,MACE-MP-0b3-medium,new_frozen_CPU_float64_inference,28,19101028,Ti,4.58625,0.88264188,21.81201725,-5.714583183429207e-05,-0.0014954615719263353,0.016378251073370164,0.00036749191943126567,0.0001192534453241488,0.12251139655245076,0.00042463775126555775,0.001614715017250484,0.10613314547908059,0.10614627733034455
AgSi_rigid_Ag_z_m020_k6x6x1_sigma0p10_dipoleXY_v19,AgSi_slab_rigid_Ag_minus020,AgSi_rigid_gap_parent_A_v19,MACE-MP-0b3-medium,new_frozen_CPU_float64_inference,29,19101029,Ti,3.05748471,1.76525727,13.00026725,0.0006256760907987712,-0.0005652150321148356,0.5511849008474021,0.00021321123245411264,-0.0001229079525587155,0.7693065085573408,-0.00041246485834465856,0.0004423070795561201,0.21812160770993871,0.21812244614615064
AgSi_rigid_Ag_z_m020_k6x6x1_sigma0p10_dipoleXY_v19,AgSi_slab_rigid_Ag_minus020,AgSi_rigid_gap_parent_A_v19,MACE-MP-0b3-medium,new_frozen_CPU_float64_inference,30,19101030,Si,3.0575,0.0,19.7941265,0.0009263449218675941,-0.00029245474542259717,0.07276590597828794,0.0001555333934037807,8.015626273275817e-05,0.0013143558073436586,-0.0007708115284638134,0.0003726110081553553,-0.07145155017094429,0.07145667926238092
AgSi_rigid_Ag_z_m020_k6x6x1_sigma0p10_dipoleXY_v19,AgSi_slab_rigid_Ag_minus020,AgSi_rigid_gap_parent_A_v19,MACE-MP-0b3-medium,new_frozen_CPU_float64_inference,31,19101031,Si,3.0575,0.0,28.6058765,-0.04428067828085702,-0.04083944084792521,0.6033682776922605,0.0403854309180885,0.018411477930407635,0.7292871054698653,0.08466610919894552,0.05925091877833284,0.12591882777760477,0.162894360282517
AgSi_rigid_Ag_z_m020_k6x6x1_sigma0p10_dipoleXY_v19,AgSi_slab_rigid_Ag_minus020,AgSi_rigid_gap_parent_A_v19,MACE-MP-0b3-medium,new_frozen_CPU_float64_inference,32,19101032,C,3.05748471,1.76525727,16.6606682,-0.0013721674794237584,0.00082610748752371,0.17111554104270904,0.0002827344467531725,-0.00016372513186907359,0.1774386247055306,0.001654901926176931,-0.0009898326193927835,0.006323083662821555,0.006610586661312212
AgSi_rigid_Ag_z_m020_k6x6x1_sigma0p10_dipoleXY_v19,AgSi_slab_rigid_Ag_minus020,AgSi_rigid_gap_parent_A_v19,MACE-MP-0b3-medium,new_frozen_CPU_float64_inference,33,19101033,C,4.58625,0.88264188,25.4724182,-0.004423619534249558,-0.003808185467382536,0.0922443295326289,-0.003310325339100761,-0.0011491354409377116,0.3074322860991855,0.0011132941951487968,0.0026590500264448242,0.2151879565665566,0.2152072643344047
AgSi_rigid_Ag_z_m020_k6x6x1_sigma0p10_dipoleXY_v19,AgSi_slab_rigid_Ag_minus020,AgSi_rigid_gap_parent_A_v19,MACE-MP-0b3-medium,new_frozen_CPU_float64_inference,34,19101034,C,3.0575,1.7652308,22.9275848,-0.000594593609454367,0.002499705885490369,-0.09895623657917103,-0.0007945739623122776,-7.329601568668268e-05,-0.13258439609733327,-0.00019998035285791064,-0.0025730019011770515,-0.03362815951816224,0.033727043207253664
AgSi_rigid_Ag_z_m020_k6x6x1_sigma0p10_dipoleXY_v19,AgSi_slab_rigid_Ag_minus020,AgSi_rigid_gap_parent_A_v19,MACE-MP-0b3-medium,new_frozen_CPU_float64_inference,35,19101035,C,4.58626529,0.8826154,14.1158348,-0.0007010421989028079,0.0004891968223089057,-0.8959144310549756,-0.00030172541055498105,0.0001740691235328728,-1.042484257392687,0.00039931678834782683,-0.00031512769877603287,-0.14656982633771132,0.14657070905208464
AgSi_rigid_Ag_z_m020_k6x6x1_sigma0p10_dipoleXY_v19,AgSi_slab_rigid_Ag_minus020,AgSi_rigid_gap_parent_A_v19,MACE-MP-0b3-medium,new_frozen_CPU_float64_inference,36,19101036,Ti,1.52875,2.64787267,15.3882515,0.0007552665906621001,-0.0004038352738173187,0.1597331480312482,5.758702130805775e-07,-5.035777021111972e-07,-0.06674917123709023,-0.0007546907204490195,0.0004033316961152075,-0.22648231926833842,0.2264839358005468
AgSi_rigid_Ag_z_m020_k6x6x1_sigma0p10_dipoleXY_v19,AgSi_slab_rigid_Ag_minus020,AgSi_rigid_gap_parent_A_v19,MACE-MP-0b3-medium,new_frozen_CPU_float64_inference,37,19101037,Ti,1.52875,2.64787267,24.2000015,0.0007205304315387046,-0.0014244326239326603,-0.0249980164184785,0.006070718737628903,0.003889722286940931,-0.027436799706825134,0.005350188306090199,0.005314154910873592,-0.0024387832883466347,0.007925428774199226
AgSi_rigid_Ag_z_m020_k6x6x1_sigma0p10_dipoleXY_v19,AgSi_slab_rigid_Ag_minus020,AgSi_rigid_gap_parent_A_v19,MACE-MP-0b3-medium,new_frozen_CPU_float64_inference,38,19101038,Ti,3.05751529,3.53048807,17.77623575,0.00022497432690396434,-4.5672807934894896e-05,-0.255202694135521,-0.0002299260973863448,0.00011040467270523278,-0.040900126175639234,-0.0004549004242903091,0.00015607748064012768,0.21430256795988176,0.21430310760410293
AgSi_rigid_Ag_z_m020_k6x6x1_sigma0p10_dipoleXY_v19,AgSi_slab_rigid_Ag_minus020,AgSi_rigid_gap_parent_A_v19,MACE-MP-0b3-medium,new_frozen_CPU_float64_inference,39,19101039,Ti,1.52875,4.41310347,26.58798575,0.013069799259377039,0.009977999915206684,-0.04891188097032993,-0.0003489225477515002,0.007416163907232269,0.04816281330116501,-0.013418721807128539,-0.002561836007974415,0.09707469427149494,0.09803122648714069
AgSi_rigid_Ag_z_m020_k6x6x1_sigma0p10_dipoleXY_v19,AgSi_slab_rigid_Ag_minus020,AgSi_rigid_gap_parent_A_v19,MACE-MP-0b3-medium,new_frozen_CPU_float64_inference,40,19101040,Ti,3.0575,3.53051455,21.81201725,-5.814536596762454e-05,-0.0014940720028496848,0.0163767469895583,0.00036749191638450274,0.00011929648018704254,0.12251139157830251,0.0004256372823521273,0.0016133684830367274,0.10613464458874422,0.10614775978294236
AgSi_rigid_Ag_z_m020_k6x6x1_sigma0p10_dipoleXY_v19,AgSi_slab_rigid_Ag_minus020,AgSi_rigid_gap_parent_A_v19,MACE-MP-0b3-medium,new_frozen_CPU_float64_inference,41,19101041,Ti,1.52873471,4.41312995,13.00026725,0.0006200356015314299,-0.0005632691173071037,0.5511779303578455,0.00021321122722237724,-0.00012304932655931168,0.7693065300108921,-0.0004068243743090527,0.00044021979074779206,0.21812859965304665,0.21812942324715115
AgSi_rigid_Ag_z_m020_k6x6x1_sigma0p10_dipoleXY_v19,AgSi_slab_rigid_Ag_minus020,AgSi_rigid_gap_parent_A_v19,MACE-MP-0b3-medium,new_frozen_CPU_float64_inference,42,19101042,Si,1.52875,2.64787267,19.7941265,0.000926011509591184,-0.0002912980786110011,0.07276527170284085,0.0001555333926262579,8.016110838624329e-05,0.0013143496762307218,-0.0007704781169649261,0.0003714591869972444,-0.07145092202661013,0.0714560415703882
AgSi_rigid_Ag_z_m020_k6x6x1_sigma0p10_dipoleXY_v19,AgSi_slab_rigid_Ag_minus020,AgSi_rigid_gap_parent_A_v19,MACE-MP-0b3-medium,new_frozen_CPU_float64_inference,43,19101043,Si,1.52875,2.64787267,28.6058765,-0.04428000954853328,-0.04083978299755265,0.60336923819123,0.04038543073476881,0.018411475629454457,0.7292871078925138,0.08466544028330208,0.05925125862700711,0.12591786970128382,0.1628933956222884
AgSi_rigid_Ag_z_m020_k6x6x1_sigma0p10_dipoleXY_v19,AgSi_slab_rigid_Ag_minus020,AgSi_rigid_gap_parent_A_v19,MACE-MP-0b3-medium,new_frozen_CPU_float64_inference,44,19101044,C,1.52873471,4.41312995,16.6606682,-0.0013728708923837288,0.0008258344235698072,0.17111435774086545,0.00028273444257945115,-0.0001638671728408819,0.17743863086562117,0.00165560533496318,-0.000989701596410689,0.006324273124755725,0.006611880884559548
AgSi_rigid_Ag_z_m020_k6x6x1_sigma0p10_dipoleXY_v19,AgSi_slab_rigid_Ag_minus020,AgSi_rigid_gap_parent_A_v19,MACE-MP-0b3-medium,new_frozen_CPU_float64_inference,45,19101045,C,3.0575,3.53051455,25.4724182,-0.004424770517183389,-0.0038083736998500684,0.09224409525472523,-0.0033103253293484975,-0.0011490913798983004,0.30743228196767947,0.0011144451878348912,0.002659282319951768,0.21518818671295425,0.21520750328774124
AgSi_rigid_Ag_z_m020_k6x6x1_sigma0p10_dipoleXY_v19,AgSi_slab_rigid_Ag_minus020,AgSi_rigid_gap_parent_A_v19,MACE-MP-0b3-medium,new_frozen_CPU_float64_inference,46,19101046,C,1.52875,4.41310347,22.9275848,-0.0005945981908766494,0.002499468451169726,-0.09895633295257301,-0.0007945739565142999,-7.325494834306524e-05,-0.1325844023092104,-0.00019997576563765042,-0.002572723399512791,-0.03362806935663738,0.033726932037350464
AgSi_rigid_Ag_z_m020_k6x6x1_sigma0p10_dipoleXY_v19,AgSi_slab_rigid_Ag_minus020,AgSi_rigid_gap_parent_A_v19,MACE-MP-0b3-medium,new_frozen_CPU_float64_inference,47,19101047,C,3.05751529,3.53048807,14.1158348,-0.0006958853240046284,0.00048425740990048604,-0.8959089280816956,-0.00030172540486609955,0.00017409617441824135,-1.0424842830004528,0.00039415991913852884,-0.0003101612354822447,-0.14657535491875717,0.14657621304834384
AgSi_rigid_Ag_z_m020_k6x6x1_sigma0p10_dipoleXY_v19,AgSi_slab_rigid_Ag_minus020,AgSi_rigid_gap_parent_A_v19,MACE-MP-0b3-medium,new_frozen_CPU_float64_inference,48,19101048,Ag,0.8102375,0.55605326,31.0058765,0.03528725955891118,0.035299473742256754,-0.339164144548889,-0.04249022298194956,-0.02869154135081907,-0.8452983538260945,-0.07777748254086074,-0.06399101509307582,-0.5061342092772055,0.5160581600979663
AgSi_rigid_Ag_z_m020_k6x6x1_sigma0p10_dipoleXY_v19,AgSi_slab_rigid_Ag_minus020,AgSi_rigid_gap_parent_A_v19,MACE-MP-0b3-medium,new_frozen_CPU_float64_inference,49,19101049,Ag,-0.7185125,3.20392593,31.0058765,0.03528570667310354,0.03529823161554219,-0.3391653885645613,-0.042490223236069186,-0.02869153134642566,-0.84529835408222,-0.07777592990917273,-0.06398976296196784,-0.5061329655176587,0.516056550991134
AgSi_rigid_Ag_z_m020_k6x6x1_sigma0p10_dipoleXY_v19,AgSi_slab_rigid_Ag_minus020,AgSi_rigid_gap_parent_A_v19,MACE-MP-0b3-medium,new_frozen_CPU_float64_inference,50,19101050,Ag,3.8677375,0.55605326,31.0058765,0.03528781981973602,0.03529984148357198,-0.33915732387048775,-0.042490222981949655,-0.028691541350819735,-0.845298353826092,-0.07777804280168568,-0.06399138283439171,-0.5061410299556042,0.5160649796524062
AgSi_rigid_Ag_z_m020_k6x6x1_sigma0p10_dipoleXY_v19,AgSi_slab_rigid_Ag_minus020,AgSi_rigid_gap_parent_A_v19,MACE-MP-0b3-medium,new_frozen_CPU_float64_inference,51,19101051,Ag,2.3389875,3.20392593,31.0058765,0.0352862973127618,0.03529755990212157,-0.33916438859708536,-0.04249022323606952,-0.028691531346424423,-0.8452983540822175,-0.07777652054883132,-0.06398909124854599,-0.5061339654851322,0.5160575374560501
AgSi_rigid_Ag_z_m020_k6x6x1_sigma0p10_dipoleXY_v19,AgSi_slab_rigid_Ag_minus020,AgSi_rigid_gap_parent_A_v19,V18,new_frozen_CPU_float64_inference,0,19101000,Ti,0.0,0.0,15.3882515,0.0007586375749365794,-0.0003996434136339281,0.1597270401577766,4.372582710819366e-05,-2.652177103527019e-05,0.04470866979499971,-0.0007149117478283857,0.0003731216425986579,-0.1150183703627769,0.11502119734847258
AgSi_rigid_Ag_z_m020_k6x6x1_sigma0p10_dipoleXY_v19,AgSi_slab_rigid_Ag_minus020,AgSi_rigid_gap_parent_A_v19,V18,new_frozen_CPU_float64_inference,1,19101001,Ti,0.0,0.0,24.2000015,0.0007209700537481709,-0.0014257278548626964,-0.02499659289703475,0.009111999807365313,0.005844303433334945,-0.020961549576608257,0.008391029753617142,0.007270031288197641,0.004035043320426493,0.011812887447833374
AgSi_rigid_Ag_z_m020_k6x6x1_sigma0p10_dipoleXY_v19,AgSi_slab_rigid_Ag_minus020,AgSi_rigid_gap_parent_A_v19,V18,new_frozen_CPU_float64_inference,2,19101002,Ti,1.52876529,0.8826154,17.77623575,0.00022497929831602714,-4.79694887875331e-05,-0.2552029135190009,-4.853688416863811e-05,-3.886353134272035e-05,-4.813168454588759,-0.00027351618248466525,9.105957444812752e-06,-4.557965541069758,4.557965549285487
AgSi_rigid_Ag_z_m020_k6x6x1_sigma0p10_dipoleXY_v19,AgSi_slab_rigid_Ag_minus020,AgSi_rigid_gap_parent_A_v19,V18,new_frozen_CPU_float64_inference,3,19101003,Ti,0.0,1.7652308,26.58798575,0.013071242633254489,0.009979495716950114,-0.04891268281554763,0.006590418843755596,0.012103792651405439,-3.5139290902692992,-0.0064808237894988935,0.002124296934455325,-3.4650164074537515,3.4650231193511765
AgSi_rigid_Ag_z_m020_k6x6x1_sigma0p10_dipoleXY_v19,AgSi_slab_rigid_Ag_minus020,AgSi_rigid_gap_parent_A_v19,V18,new_frozen_CPU_float64_inference,4,19101004,Ti,1.52875,0.88264188,21.81201725,-5.779535149151848e-05,-0.001494917032134341,0.016377202349961546,0.0003973776342576505,0.0004921850229536754,4.461156413309919,0.000455172985749169,0.0019871020550880168,4.444779210959957,4.444779678447385
AgSi_rigid_Ag_z_m020_k6x6x1_sigma0p10_dipoleXY_v19,AgSi_slab_rigid_Ag_minus020,AgSi_rigid_gap_parent_A_v19,V18,new_frozen_CPU_float64_inference,5,19101005,Ti,-1.529e-05,1.76525727,13.00026725,0.000607853515890449,-0.0005724710865697107,0.5511771916497696,3.1603771373341465e-05,-1.814480496344995e-05,2.9726696744920136,-0.0005762497445171075,0.0005543262816062607,2.421492482842244,2.4214926148561533
AgSi_rigid_Ag_z_m020_k6x6x1_sigma0p10_dipoleXY_v19,AgSi_slab_rigid_Ag_minus020,AgSi_rigid_gap_parent_A_v19,V18,new_frozen_CPU_float64_inference,6,19101006,Si,0.0,0.0,19.7941265,0.0009270725067836472,-0.00029174119050968294,0.07276605148590996,0.00021035205256140233,8.882566074037195e-05,0.2183727681280062,-0.0007167204542222449,0.00038056685125005486,0.14560671664209623,0.14560897791904687
AgSi_rigid_Ag_z_m020_k6x6x1_sigma0p10_dipoleXY_v19,AgSi_slab_rigid_Ag_minus020,AgSi_rigid_gap_parent_A_v19,V18,new_frozen_CPU_float64_inference,7,19101007,Si,0.0,0.0,28.6058765,-0.044279597306335516,-0.04083922531041824,0.6033686885731726,0.050374950638132125,0.024873898819617546,1.8530233875782232,0.09465454794446765,0.06571312413003579,1.2496546990050506,1.2549560011709193
AgSi_rigid_Ag_z_m020_k6x6x1_sigma0p10_dipoleXY_v19,AgSi_slab_rigid_Ag_minus020,AgSi_rigid_gap_parent_A_v19,V18,new_frozen_CPU_float64_inference,8,19101008,C,-1.529e-05,1.76525727,16.6606682,-0.001369675061509473,0.0008273567210642034,0.17111456753081228,-1.4810912213647585e-05,6.435005446201814e-06,3.0746866850368515,0.0013548641492958254,-0.0008209217156180016,2.903572117506039,2.903572549658064
AgSi_rigid_Ag_z_m020_k6x6x1_sigma0p10_dipoleXY_v19,AgSi_slab_rigid_Ag_minus020,AgSi_rigid_gap_parent_A_v19,V18,new_frozen_CPU_float64_inference,9,19101009,C,1.52875,0.88264188,25.4724182,-0.004423791714828336,-0.0038075988831429465,0.09224392051998348,-0.0034705832027573415,-0.0008772927414885805,2.907517581686943,0.0009532085120709946,0.002930306141654366,2.8152736611669593,2.815275347556783
AgSi_rigid_Ag_z_m020_k6x6x1_sigma0p10_dipoleXY_v19,AgSi_slab_rigid_Ag_minus020,AgSi_rigid_gap_parent_A_v19,V18,new_frozen_CPU_float64_inference,10,19101010,C,0.0,1.7652308,22.9275848,-0.000594082600813206,0.0024994862827271433,-0.09895605537787827,-0.001656225353488295,-0.0012034924342930716,-2.9075654907216375,-0.0010621427526750888,-0.003702978717020215,-2.8086094353437594,2.8086120772546352
AgSi_rigid_Ag_z_m020_k6x6x1_sigma0p10_dipoleXY_v19,AgSi_slab_rigid_Ag_minus020,AgSi_rigid_gap_parent_A_v19,V18,new_frozen_CPU_float64_inference,11,19101011,C,1.52876529,0.8826154,14.1158348,-0.0007040108050550766,0.00048416229501930635,-0.8959152705691605,-8.581579839409529e-05,4.948876547506601e-05,-3.2361170514254165,0.0006181950066609812,-0.00043467352954424033,-2.340201780856256,2.340201902876958
AgSi_rigid_Ag_z_m020_k6x6x1_sigma0p10_dipoleXY_v19,AgSi_slab_rigid_Ag_minus020,AgSi_rigid_gap_parent_A_v19,V18,new_frozen_CPU_float64_inference,12,19101012,Ti,-1.52875,2.64787267,15.3882515,0.0007585735994691558,-0.0003990656664995819,0.15972965643209064,4.372582645937803e-05,-2.6496443536378617e-05,0.0447086235676008,-0.0007148477730097777,0.0003725692229632033,-0.11502103286448984,0.11502385759649399
AgSi_rigid_Ag_z_m020_k6x6x1_sigma0p10_dipoleXY_v19,AgSi_slab_rigid_Ag_minus020,AgSi_rigid_gap_parent_A_v19,V18,new_frozen_CPU_float64_inference,13,19101013,Ti,-1.52875,2.64787267,24.2000015,0.0007213424219604908,-0.0014252155846251476,-0.024998287619867776,0.009111999807181855,0.00584432098298416,-0.02096154731082029,0.008390657385221365,0.007269536567609308,0.004036740309047486,0.011812898272086642
AgSi_rigid_Ag_z_m020_k6x6x1_sigma0p10_dipoleXY_v19,AgSi_slab_rigid_Ag_minus020,AgSi_rigid_gap_parent_A_v19,V18,new_frozen_CPU_float64_inference,14,19101014,Ti,1.529e-05,3.53048807,17.77623575,0.00022414610134539152,-4.7286870512973576e-05,-0.25520353637562365,-4.853688041346095e-05,-3.8815046489813125e-05,-4.813168430655493,-0.0002726829817588525,8.47182402316045e-06,-4.557964894279869,4.5579649024444535
AgSi_rigid_Ag_z_m020_k6x6x1_sigma0p10_dipoleXY_v19,AgSi_slab_rigid_Ag_minus020,AgSi_rigid_gap_parent_A_v19,V18,new_frozen_CPU_float64_inference,15,19101015,Ti,-1.52875,4.41310347,26.58798575,0.013070386137132295,0.009978328330949872,-0.04891180146933892,0.006590418828473641,0.012103811754525361,-3.513929087078341,-0.006479967308658654,0.00212548342357549,-3.4650172856090022,3.4650239966305114
AgSi_rigid_Ag_z_m020_k6x6x1_sigma0p10_dipoleXY_v19,AgSi_slab_rigid_Ag_minus020,AgSi_rigid_gap_parent_A_v19,V18,new_frozen_CPU_float64_inference,16,19101016,Ti,0.0,3.53051455,21.81201725,-5.804912674346106e-05,-0.0014946012917790882,0.0163765900380564,0.00039737763097043863,0.0004922092353051282,4.461156421296742,0.0004554267577138997,0.0019868105270842164,4.4447798312586855,4.444780298641722
AgSi_rigid_Ag_z_m020_k6x6x1_sigma0p10_dipoleXY_v19,AgSi_slab_rigid_Ag_minus020,AgSi_rigid_gap_parent_A_v19,V18,new_frozen_CPU_float64_inference,17,19101017,Ti,-1.52876529,4.41312995,13.00026725,0.0006089759630957236,-0.0005749748797323552,0.5511802127355273,3.160376808833594e-05,-1.8265822946456046e-05,2.9726696819494594,-0.0005773721950073877,0.0005567090567858992,2.421489469213932,2.4214896020420147
AgSi_rigid_Ag_z_m020_k6x6x1_sigma0p10_dipoleXY_v19,AgSi_slab_rigid_Ag_minus020,AgSi_rigid_gap_parent_A_v19,V18,new_frozen_CPU_float64_inference,18,19101018,Si,-1.52875,2.64787267,19.7941265,0.0009260812656532183,-0.00029135115768002764,0.0727647816997723,0.00021035205096192876,8.883413300919072e-05,0.21837276053310511,-0.0007157292146912895,0.00038018529068921836,0.14560797883333282,0.1456102342182455
AgSi_rigid_Ag_z_m020_k6x6x1_sigma0p10_dipoleXY_v19,AgSi_slab_rigid_Ag_minus020,AgSi_rigid_gap_parent_A_v19,V18,new_frozen_CPU_float64_inference,19,19101019,Si,-1.52875,2.64787267,28.6058765,-0.0442794033607561,-0.04083963703512723,0.6033688292614426,0.05037495040274068,0.024873901705152565,1.8530233903731583,0.09465435376349679,0.0657135387402798,1.2496545611117158,1.2549558709243407
AgSi_rigid_Ag_z_m020_k6x6x1_sigma0p10_dipoleXY_v19,AgSi_slab_rigid_Ag_minus020,AgSi_rigid_gap_parent_A_v19,V18,new_frozen_CPU_float64_inference,20,19101020,C,-1.52876529,4.41312995,16.6606682,-0.0013694078194070984,0.0008275112293224442,0.1711127144024047,-1.4810915974468233e-05,6.350556633935253e-06,3.0746866938834465,0.0013545969034326302,-0.000821160672688509,2.903573979481042,2.9035744115756694
AgSi_rigid_Ag_z_m020_k6x6x1_sigma0p10_dipoleXY_v19,AgSi_slab_rigid_Ag_minus020,AgSi_rigid_gap_parent_A_v19,V18,new_frozen_CPU_float64_inference,21,19101021,C,0.0,3.53051455,25.4724182,-0.004424672996316291,-0.003809499811436084,0.09224382052551733,-0.003470583203928585,-0.00087726762732567,2.9075176038291293,0.0009540897923877058,0.0029322321841104143,2.815273783303612,2.8152754719972872
AgSi_rigid_Ag_z_m020_k6x6x1_sigma0p10_dipoleXY_v19,AgSi_slab_rigid_Ag_minus020,AgSi_rigid_gap_parent_A_v19,V18,new_frozen_CPU_float64_inference,22,19101022,C,-1.52875,4.41310347,22.9275848,-0.0005952697425275959,0.0024991184023615645,-0.09895614604741189,-0.0016562253417220746,-0.001203464654132445,-2.9075654925668006,-0.0010609555991944787,-0.0037025830564940097,-2.808609346519389,2.8086119874600235
AgSi_rigid_Ag_z_m020_k6x6x1_sigma0p10_dipoleXY_v19,AgSi_slab_rigid_Ag_minus020,AgSi_rigid_gap_parent_A_v19,V18,new_frozen_CPU_float64_inference,23,19101023,C,1.529e-05,3.53048807,14.1158348,-0.0006992098396304359,0.0004813760919342261,-0.8959116087614711,-8.58157942117421e-05,4.951493648790354e-05,-3.2361170413076894,0.0006133940454186938,-0.00043186115544632255,-2.3402054325462185,2.340205552782735
AgSi_rigid_Ag_z_m020_k6x6x1_sigma0p10_dipoleXY_v19,AgSi_slab_rigid_Ag_minus020,AgSi_rigid_gap_parent_A_v19,V18,new_frozen_CPU_float64_inference,24,19101024,Ti,3.0575,0.0,15.3882515,0.0007515205395735943,-0.0004019607494122414,0.15973045893627125,4.3725827108386656e-05,-2.6521771034066454e-05,0.0447086697949976,-0.0007077947124652077,0.00037543897837817494,-0.11502178914127364,0.11502457956906904
AgSi_rigid_Ag_z_m020_k6x6x1_sigma0p10_dipoleXY_v19,AgSi_slab_rigid_Ag_minus020,AgSi_rigid_gap_parent_A_v19,V18,new_frozen_CPU_float64_inference,25,19101025,Ti,3.0575,0.0,24.2000015,0.0007213852855001279,-0.0014260315118989019,-0.024997196675093727,0.00911199980736476,0.005844303433333382,-0.020961549576613073,0.00839061452186463,0.007270334945232284,0.004035647098480654,0.011812985641820897
AgSi_rigid_Ag_z_m020_k6x6x1_sigma0p10_dipoleXY_v19,AgSi_slab_rigid_Ag_minus020,AgSi_rigid_gap_parent_A_v19,V18,new_frozen_CPU_float64_inference,26,19101026,Ti,4.58626529,0.8826154,17.77623575,0.00022585262515039905,-4.790288104885062e-05,-0.2552020263333843,-4.853688416748799e-05,-3.886353134302479e-05,-4.8131684545887605,-0.000274389509317887,9.039349705825827e-06,-4.5579664282553765,4.557966436523462
AgSi_rigid_Ag_z_m020_k6x6x1_sigma0p10_dipoleXY_v19,AgSi_slab_rigid_Ag_minus020,AgSi_rigid_gap_parent_A_v19,V18,new_frozen_CPU_float64_inference,27,19101027,Ti,3.0575,1.7652308,26.58798575,0.0130703623529648,0.009979117489933137,-0.04891293323309101,0.006590418843755338,0.012103792651403796,-3.5139290902692952,-0.006479943509209462,0.0021246751614706592,-3.4650161570362044,3.4650228675196892
AgSi_rigid_Ag_z_m020_k6x6x1_sigma0p10_dipoleXY_v19,AgSi_slab_rigid_Ag_minus020,AgSi_rigid_gap_parent_A_v19,V18,new_frozen_CPU_float64_inference,28,19101028,Ti,4.58625,0.88264188,21.81201725,-5.714583183429207e-05,-0.0014954615719263353,0.016378251073370164,0.0003973776342596489,0.0004921850229531221,4.461156413309926,0.000454523466093941,0.0019876465948794574,4.444778162236555,4.444778629901104
AgSi_rigid_Ag_z_m020_k6x6x1_sigma0p10_dipoleXY_v19,AgSi_slab_rigid_Ag_minus020,AgSi_rigid_gap_parent_A_v19,V18,new_frozen_CPU_float64_inference,29,19101029,Ti,3.05748471,1.76525727,13.00026725,0.0006256760907987712,-0.0005652150321148356,0.5511849008474021,3.160377137076051e-05,-1.8144804963230073e-05,2.9726696744920127,-0.0005940723194280107,0.0005470702271516056,2.4214847736446106,2.4214849083156484
AgSi_rigid_Ag_z_m020_k6x6x1_sigma0p10_dipoleXY_v19,AgSi_slab_rigid_Ag_minus020,AgSi_rigid_gap_parent_A_v19,V18,new_frozen_CPU_float64_inference,30,19101030,Si,3.0575,0.0,19.7941265,0.0009263449218675941,-0.00029245474542259717,0.07276590597828794,0.00021035205256291932,8.88256607386308e-05,0.21837276812800105,-0.0007159928693046748,0.000381280406161228,0.1456068621497131,0.14560912171159668
AgSi_rigid_Ag_z_m020_k6x6x1_sigma0p10_dipoleXY_v19,AgSi_slab_rigid_Ag_minus020,AgSi_rigid_gap_parent_A_v19,V18,new_frozen_CPU_float64_inference,31,19101031,Si,3.0575,0.0,28.6058765,-0.04428067828085702,-0.04083944084792521,0.6033682776922605,0.050374950638131105,0.02487389881961835,1.8530233875782207,0.09465562891898813,0.06571333966754356,1.24965510988596,1.2549565031348306
AgSi_rigid_Ag_z_m020_k6x6x1_sigma0p10_dipoleXY_v19,AgSi_slab_rigid_Ag_minus020,AgSi_rigid_gap_parent_A_v19,V18,new_frozen_CPU_float64_inference,32,19101032,C,3.05748471,1.76525727,16.6606682,-0.0013721674794237584,0.00082610748752371,0.17111554104270904,-1.4810912215371737e-05,6.43500544711623e-06,3.0746866850368537,0.0013573565672083867,-0.0008196724820765937,2.9035711439941445,2.9035715769574706
AgSi_rigid_Ag_z_m020_k6x6x1_sigma0p10_dipoleXY_v19,AgSi_slab_rigid_Ag_minus020,AgSi_rigid_gap_parent_A_v19,V18,new_frozen_CPU_float64_inference,33,19101033,C,4.58625,0.88264188,25.4724182,-0.004423619534249558,-0.003808185467382536,0.0922443295326289,-0.0034705832027543087,-0.0008772927414894287,2.9075175816869425,0.0009530363314952492,0.002930892725893107,2.815273252154314,2.815274939096703
AgSi_rigid_Ag_z_m020_k6x6x1_sigma0p10_dipoleXY_v19,AgSi_slab_rigid_Ag_minus020,AgSi_rigid_gap_parent_A_v19,V18,new_frozen_CPU_float64_inference,34,19101034,C,3.0575,1.7652308,22.9275848,-0.000594593609454367,0.002499705885490369,-0.09895623657917103,-0.0016562253534836953,-0.001203492434293321,-2.907565490721642,-0.0010616317440293283,-0.00370319831978369,-2.8086092541424708,2.8086118961498547
AgSi_rigid_Ag_z_m020_k6x6x1_sigma0p10_dipoleXY_v19,AgSi_slab_rigid_Ag_minus020,AgSi_rigid_gap_parent_A_v19,V18,new_frozen_CPU_float64_inference,35,19101035,C,4.58626529,0.8826154,14.1158348,-0.0007010421989028079,0.0004891968223089057,-0.8959144310549756,-8.581579839636106e-05,4.948876547497464e-05,-3.236117051425415,0.0006152264005064468,-0.00043970805683393103,-2.3402026203704396,2.3402027425493226
AgSi_rigid_Ag_z_m020_k6x6x1_sigma0p10_dipoleXY_v19,AgSi_slab_rigid_Ag_minus020,AgSi_rigid_gap_parent_A_v19,V18,new_frozen_CPU_float64_inference,36,19101036,Ti,1.52875,2.64787267,15.3882515,0.0007552665906621001,-0.0004038352738173187,0.1597331480312482,4.372582646064351e-05,-2.6496443537124548e-05,0.044708623567599914,-0.0007115407642014565,0.00037733883028019416,-0.11502452446364828,0.11502734415320724
AgSi_rigid_Ag_z_m020_k6x6x1_sigma0p10_dipoleXY_v19,AgSi_slab_rigid_Ag_minus020,AgSi_rigid_gap_parent_A_v19,V18,new_frozen_CPU_float64_inference,37,19101037,Ti,1.52875,2.64787267,24.2000015,0.0007205304315387046,-0.0014244326239326603,-0.0249980164184785,0.009111999807180662,0.005844320982981673,-0.020961547310817893,0.008391469375641957,0.007268753606914333,0.004036469107660607,0.011812900581037046
AgSi_rigid_Ag_z_m020_k6x6x1_sigma0p10_dipoleXY_v19,AgSi_slab_rigid_Ag_minus020,AgSi_rigid_gap_parent_A_v19,V18,new_frozen_CPU_float64_inference,38,19101038,Ti,3.05751529,3.53048807,17.77623575,0.00022497432690396434,-4.5672807934894896e-05,-0.255202694135521,-4.853688041356495e-05,-3.881504648964341e-05,-4.813168430655492,-0.0002735112073175293,6.857761445251489e-06,-4.557965736519971,4.557965744731463
AgSi_rigid_Ag_z_m020_k6x6x1_sigma0p10_dipoleXY_v19,AgSi_slab_rigid_Ag_minus020,AgSi_rigid_gap_parent_A_v19,V18,new_frozen_CPU_float64_inference,39,19101039,Ti,1.52875,4.41310347,26.58798575,0.013069799259377039,0.009977999915206684,-0.04891188097032993,0.006590418828474355,0.012103811754525132,-3.5139290870783393,-0.006479380430902684,0.002125811839318448,-3.4650172061080093,3.465023916233667
AgSi_rigid_Ag_z_m020_k6x6x1_sigma0p10_dipoleXY_v19,AgSi_slab_rigid_Ag_minus020,AgSi_rigid_gap_parent_A_v19,V18,new_frozen_CPU_float64_inference,40,19101040,Ti,3.0575,3.53051455,21.81201725,-5.814536596762454e-05,-0.0014940720028496848,0.0163767469895583,0.00039737763097153845,0.0004922092353079467,4.461156421296739,0.000455522996939163,0.0019862812381576315,4.44477967430718,4.444780141463535
AgSi_rigid_Ag_z_m020_k6x6x1_sigma0p10_dipoleXY_v19,AgSi_slab_rigid_Ag_minus020,AgSi_rigid_gap_parent_A_v19,V18,new_frozen_CPU_float64_inference,41,19101041,Ti,1.52873471,4.41312995,13.00026725,0.0006200356015314299,-0.0005632691173071037,0.5511779303578455,3.160376808840435e-05,-1.82658229490526e-05,2.9726696819494562,-0.0005884318334430256,0.0005450032943580511,2.421491751591611,2.4214918844189466
AgSi_rigid_Ag_z_m020_k6x6x1_sigma0p10_dipoleXY_v19,AgSi_slab_rigid_Ag_minus020,AgSi_rigid_gap_parent_A_v19,V18,new_frozen_CPU_float64_inference,42,19101042,Si,1.52875,2.64787267,19.7941265,0.000926011509591184,-0.0002912980786110011,0.07276527170284085,0.00021035205096240722,8.883413300997296e-05,0.21837276053310362,-0.0007156594586287769,0.0003801322116209741,0.14560748883026275,0.1456097437413243
AgSi_rigid_Ag_z_m020_k6x6x1_sigma0p10_dipoleXY_v19,AgSi_slab_rigid_Ag_minus020,AgSi_rigid_gap_parent_A_v19,V18,new_frozen_CPU_float64_inference,43,19101043,Si,1.52875,2.64787267,28.6058765,-0.04428000954853328,-0.04083978299755265,0.60336923819123,0.05037495040274163,0.024873901705152884,1.8530233903731554,0.09465495995127492,0.06571368470270553,1.2496541521819253,1.254955517086606
AgSi_rigid_Ag_z_m020_k6x6x1_sigma0p10_dipoleXY_v19,AgSi_slab_rigid_Ag_minus020,AgSi_rigid_gap_parent_A_v19,V18,new_frozen_CPU_float64_inference,44,19101044,C,1.52873471,4.41312995,16.6606682,-0.0013728708923837288,0.0008258344235698072,0.17111435774086545,-1.4810915974084534e-05,6.350556633687296e-06,3.0746866938834474,0.0013580599764096441,-0.0008194838669361199,2.903572336142582,2.9035727693814044
AgSi_rigid_Ag_z_m020_k6x6x1_sigma0p10_dipoleXY_v19,AgSi_slab_rigid_Ag_minus020,AgSi_rigid_gap_parent_A_v19,V18,new_frozen_CPU_float64_inference,45,19101045,C,3.0575,3.53051455,25.4724182,-0.004424770517183389,-0.0038083736998500684,0.09224409525472523,-0.0034705832039264462,-0.0008772676273221814,2.9075176038291315,0.0009541873132569425,0.002931106072527887,2.815273508574406,2.8152751961286278
AgSi_rigid_Ag_z_m020_k6x6x1_sigma0p10_dipoleXY_v19,AgSi_slab_rigid_Ag_minus020,AgSi_rigid_gap_parent_A_v19,V18,new_frozen_CPU_float64_inference,46,19101046,C,1.52875,4.41310347,22.9275848,-0.0005945981908766494,0.002499468451169726,-0.09895633295257301,-0.0016562253417189005,-0.0012034646541286744,-2.907565492566804,-0.001061627150842251,-0.0037029331052984005,-2.8086091596142313,2.808611801270291
AgSi_rigid_Ag_z_m020_k6x6x1_sigma0p10_dipoleXY_v19,AgSi_slab_rigid_Ag_minus020,AgSi_rigid_gap_parent_A_v19,V18,new_frozen_CPU_float64_inference,47,19101047,C,3.05751529,3.53048807,14.1158348,-0.0006958853240046284,0.00048425740990048604,-0.8959089280816956,-8.581579421321145e-05,4.9514936485388044e-05,-3.2361170413076894,0.000610069529791417,-0.000434742473415098,-2.3402081132259935,2.340208233126833
AgSi_rigid_Ag_z_m020_k6x6x1_sigma0p10_dipoleXY_v19,AgSi_slab_rigid_Ag_minus020,AgSi_rigid_gap_parent_A_v19,V18,new_frozen_CPU_float64_inference,48,19101048,Ag,0.8102375,0.55605326,31.0058765,0.03528725955891118,0.035299473742256754,-0.339164144548889,-0.061484456265472415,-0.041294627725051394,-1.0403935599837442,-0.0967717158243836,-0.07659410146730815,-0.7012294154348552,0.7120071027976395
AgSi_rigid_Ag_z_m020_k6x6x1_sigma0p10_dipoleXY_v19,AgSi_slab_rigid_Ag_minus020,AgSi_rigid_gap_parent_A_v19,V18,new_frozen_CPU_float64_inference,49,19101049,Ag,-0.7185125,3.20392593,31.0058765,0.03528570667310354,0.03529823161554219,-0.3391653885645613,-0.061484456336690974,-0.04129462006046625,-1.040393559974981,-0.09677016300979452,-0.07659285167600843,-0.7012281714104196,0.7120055321108159
AgSi_rigid_Ag_z_m020_k6x6x1_sigma0p10_dipoleXY_v19,AgSi_slab_rigid_Ag_minus020,AgSi_rigid_gap_parent_A_v19,V18,new_frozen_CPU_float64_inference,50,19101050,Ag,3.8677375,0.55605326,31.0058765,0.03528781981973602,0.03529984148357198,-0.33915732387048775,-0.061484456265472526,-0.04129462772505253,-1.0403935599837415,-0.09677227608520855,-0.0765944692086245,-0.7012362361132538,0.7120139359382973
AgSi_rigid_Ag_z_m020_k6x6x1_sigma0p10_dipoleXY_v19,AgSi_slab_rigid_Ag_minus020,AgSi_rigid_gap_parent_A_v19,V18,new_frozen_CPU_float64_inference,51,19101051,Ag,2.3389875,3.20392593,31.0058765,0.0352862973127618,0.03529755990212157,-0.33916438859708536,-0.061484456336691556,-0.04129462006046543,-1.0403935599749805,-0.09677075364945335,-0.07659217996258699,-0.7012291713778951,0.7120065249593109
